iteration,theta_const,theta_depot_age1,theta_depot_age2,theta_depot_age3,theta_lab_shortfall,theta_imbalance,theta_exp_risk
1,4.768427673447809,0.10229173067564674,0.10154544819148104,0.0639923881373515,0.033107584299857294,0.08704093785836273,0.5261742371384024
2,4.768427673447808,0.1020550943731705,0.10154544819148104,0.06214682450300042,0.033220281572408715,0.09100851233050752,0.519025400973975
3,4.768427673447808,0.10197051728214424,0.10154544819148104,0.060798260774702885,0.03331670468374612,0.0936135707461662,0.5153911937072629
4,4.768427673447808,0.10192561136821539,0.10154544819148104,0.05895705497739177,0.03340244666297392,0.09331707135457976,0.5122236075161104
5,4.768427673447808,0.10189721881574532,0.10154544819148104,0.05779292028699939,0.03348047114421355,0.09691120976375822,0.509799156522191
6,4.768427673447807,0.1018773915592124,0.10154544819148105,0.05697997480879267,0.03355257584858222,0.10075505844279249,0.5076067056866279
7,4.768427673447807,0.10186262705071651,0.10154544819148104,0.05637460913958144,0.033619949845366225,0.10387179854584457,0.5049696593975289
8,4.768427673447807,0.10185112724433551,0.10154544819148104,0.055903100860956796,0.03368342868516227,0.10695945155932388,0.5027064071362085
9,4.768427673447808,0.10184186805024281,0.10154544819148104,0.055523460845858914,0.03374362641821723,0.10972869687014707,0.5006134708633078
10,4.768427673447808,0.10183422038962414,0.10154544819148104,0.05520989597577818,0.0338010101946698,0.11176745997667192,0.4983336727382881
11,4.768427673447808,0.10182777492469883,0.10154544819148104,0.05494562282445852,0.03385594532671571,0.11385610080706919,0.4965116557264203
12,4.768427673447808,0.10184122753259435,0.10154544819148102,0.05471921352380613,0.03390872397312179,0.11567276666654396,0.4948948739540681
13,4.768427673447808,0.10183553844219903,0.10154544819148102,0.05452259591396626,0.03395958418834399,0.11811297376959692,0.49330937695894445
14,4.768427673447808,0.10183054131006755,0.10154544819148101,0.05434989270352851,0.03400872302304366,0.12050449427975607,0.4917158445968385
15,4.768427673447808,0.10182610912534008,0.10154544819148102,0.054196714338108076,0.034056305802274124,0.12264641025496868,0.490253682341367
16,4.768427673447808,0.1018221449481951,0.10154544819148102,0.054059710532390566,0.034102472863275286,0.1247949546626548,0.48834597278623937
17,4.768427673447808,0.1018185733938958,0.10154544819148102,0.05393627595481449,0.03414734455538696,0.12702509884093185,0.4865093060023025
18,4.768427673447807,0.10181533487735821,0.10154544819148102,0.05382435131716562,0.034191025020957486,0.12966464564877195,0.4846443268804566
19,4.768427673447807,0.10181238162278046,0.10154544819148102,0.05372228546551377,0.03423360510228425,0.13181263457483283,0.48290240120799044
20,4.768427673447807,0.10180967483435344,0.10154544819148102,0.053628737598652484,0.03427731567373092,0.1336329632284609,0.48095222337121324
21,4.768427673447807,0.1018071826500691,0.10154544819148104,0.05354260655076684,0.03431990569861045,0.13575016562987194,0.47893235411546686
22,4.768427673447807,0.1018048786355264,0.10154544819148104,0.053462978736662455,0.03436145895132122,0.13815743531085561,0.4769712064187426
23,4.768427673447807,0.10180274065754122,0.10154544819148104,0.05338908922320328,0.034402049143534986,0.14020481763039885,0.4750705773629482
24,4.768427673447806,0.10180075002968104,0.10154544819148104,0.053320292198591177,0.034441741550122994,0.14236555629990527,0.4731556960095768
25,4.768427673447806,0.10179889085563928,0.10154544819148102,0.053256038279077586,0.034480594310900226,0.14458744363451562,0.47128671435311126
26,4.768427673447807,0.10179714951866348,0.10154544819148104,0.05319585686336444,0.0345186594840053,0.14660873229721003,0.46952039946889196
27,4.768427673447807,0.10179551428025091,0.10154544819148104,0.0531393422633397,0.03455598390661056,0.14833280041280694,0.4678149137350964
28,4.768427673447807,0.10179397496159306,0.10154544819148104,0.05308614269464607,0.03459260990445717,0.15002997024985829,0.46610110043421477
29,4.768427673447806,0.10179252268839176,0.10154544819148104,0.053035951457412515,0.03462857588153172,0.15163753328624616,0.46445592126528973
30,4.768427673447807,0.1017911496847122,0.10154544819148105,0.05298849981171579,0.03466568213866995,0.15320964263112596,0.46270984082626426
31,4.768427673447807,0.10178984910514467,0.10154544819148105,0.05294355117701239,0.03470210219667607,0.15474345364116718,0.4610355494808987
32,4.768427673447807,0.10178861489716104,0.10154544819148104,0.05290089637511529,0.03473787314314617,0.15632072749986997,0.4594005165416563
33,4.768427673447808,0.10178744168746799,0.10154544819148105,0.0528603497025088,0.03477302883521281,0.1579479891268397,0.457817632217507
34,4.768427673447808,0.1017863246875788,0.10154544819148106,0.05282174566686405,0.03480760027964908,0.15934062162042895,0.456192329270004
35,4.768427673447808,0.10178525961488803,0.10154544819148105,0.05278493625934728,0.0348416159574987,0.1606958466765894,0.45462186807188365
36,4.768427673447808,0.10178424262633717,0.10154544819148104,0.052749788662067656,0.034875102102784994,0.16192273082301828,0.45310383949375926
37,4.768427673447808,0.10178327026237045,0.10154544819148104,0.05271618331116825,0.03490808294297266,0.16315587744012608,0.4514875637002609
38,4.768427673447808,0.10178233939935159,0.10154544819148102,0.05268401225232752,0.034940580907389905,0.16431800956683756,0.44988887525308124
39,4.768427673447808,0.1017814472089764,0.10154544819148102,0.052653177738037946,0.03497261680866571,0.16534563444055653,0.4482932374356875
40,4.768427673447808,0.10178059112350056,0.10154544819148101,0.05262359102586042,0.035004210001322936,0.1663731918193639,0.4467444206065973
41,4.768427673447808,0.10177976880582545,0.101545448191481,0.052595171344580506,0.0350353785209398,0.16744002160518517,0.44524896924341073
42,4.768427673447808,0.10177897812366225,0.10154544819148101,0.052567845001304174,0.03506613920670669,0.16851672205344792,0.44381104962351803
43,4.768427673447808,0.10177821712713453,0.10154544819148101,0.05254154460739598,0.03509650780973324,0.16956759847666208,0.44242711573858257
44,4.768427673447808,0.10177748402929301,0.10154544819148101,0.05251620840505739,0.03512649908907627,0.1706328804628421,0.44109391787643815
45,4.768427673447808,0.10177677718910626,0.10159597056006824,0.05249177967947926,0.03515612689714595,0.17170859574479325,0.43980847168839293
46,4.768427673447809,0.10177609509656509,0.10164443331505137,0.052468206244040944,0.035185404255889716,0.17274576439249148,0.4385680311002667
47,4.768427673447809,0.10177543635959767,0.10164326171915095,0.05244543998809369,0.035214343424941175,0.17383074564221315,0.4373700645166287
48,4.768427673447809,0.10177479969254181,0.10164212937566722,0.05242343647855417,0.03524295596274499,0.17497774961460696,0.4362122338565431
49,4.768427673447809,0.10177418390596038,0.101641034169128,0.05240215460792078,0.0352712527815218,0.17612101691901463,0.4350923760320867
50,4.768427673447809,0.1017735878976192,0.10163997413915596,0.05238155628246857,0.0352992441968149,0.17721936982333306,0.43400848654108676
51,4.768427673447809,0.10177301064447442,0.10163894746621764,0.052369608098785214,0.035326939972256756,0.17836642624978488,0.43295870489538263
52,4.768427673447809,0.1017794214039517,0.10163795245893555,0.05235018812762707,0.03535434936010707,0.17948633313029005,0.4319413016473755
53,4.768427673447809,0.10177880616737066,0.10163698754276526,0.05233656892827135,0.03538148113804014,0.18058652454784124,0.4309546668122542
54,4.768427673447809,0.1017782091811672,0.10163605124986766,0.05231824158518706,0.035408343642596936,0.1816776195498918,0.42999729951229393
55,4.768427673447809,0.10177762957168542,0.1016351422100305,0.05230995953213488,0.03543494479966406,0.18278813026054708,0.42906779869402667
56,4.7684276734478095,0.10177706652231719,0.10163425914251337,0.052293308178344426,0.03550337136192186,0.1839073579950464,0.4281648547896711
57,4.7684276734478095,0.10177651926882202,0.10163340084870734,0.05227640956486255,0.0355703708088315,0.18499989125528943,0.42728724221164444
58,4.768427673447809,0.10177598709510616,0.10163256620551532,0.05225997659913681,0.03563600350888246,0.18609439251710427,0.4264338125837846
59,4.768427673447809,0.10177546932940902,0.10163175415937081,0.05224398853790491,0.035700326204658815,0.18722022115691464,0.4256034886255249
60,4.768427673447809,0.10177496534085112,0.10163096372082382,0.05222974051636615,0.035763392290480485,0.18830367574230203,0.4247952586160428
61,4.768427673447809,0.10177447453630405,0.10163019395963192,0.052214573153735865,0.035825252064425,0.1894081532519294,0.424008171374638
62,4.768427673447809,0.10177399635754744,0.1016294440003012,0.052199795966672645,0.0358859529574795,0.19050582510332914,0.42324133170153
63,4.768427673447809,0.10177353027868258,0.10162871301802999,0.05218539270329658,0.03594553974223803,0.19165494709648145,0.4224938962301015
64,4.768427673447809,0.10177307580377568,0.10162800023501256,0.052171348037735786,0.03600405472326949,0.19275415633815643,0.4217650696475143
65,4.768427673447809,0.10177263246470719,0.1016273049170661,0.05215764750366391,0.03606153791103067,0.19387599667435138,0.42105410124573883
66,4.768427673447809,0.10177219981920631,0.1016266263705481,0.05214427743355867,0.03611802718098116,0.19499385795688176,0.4203602817694702
67,4.768427673447809,0.10177177744905197,0.10162596393953484,0.05213122490310982,0.03616804222757258,0.19599961970544644,0.41968294053126254
68,4.768427673447809,0.10177136495842422,0.10162531700323574,0.05211847768026953,0.03621726230088388,0.19699034696607615,0.4190214427675774
69,4.768427673447809,0.10177096197239119,0.10162468497362036,0.05210602417849501,0.036265714802483376,0.19799137065629388,0.4183751872123783
70,4.768427673447808,0.1017705681355187,0.10162406729323782,0.05209679922746042,0.03631342576904706,0.19896733913488995,0.4177436038674767
71,4.768427673447809,0.10177018311059106,0.10162346343321049,0.0520848781525166,0.03636041995977137,0.199941197400153,0.4171261519510898
72,4.768427673447809,0.1017698065774327,0.10162287289138583,0.05207764831788514,0.03640672093700247,0.20090300224535218,0.4165223180080558
73,4.768427673447809,0.10176943823182122,0.1016222951906318,0.052066210623333276,0.03645235114069669,0.20186807719975763,0.4159316141668969
74,4.768427673447809,0.10176907778448399,0.10162172987726299,0.05205501818227508,0.03649733195726373,0.20279580522244822,0.4153535765304619
75,4.768427673447808,0.10176872496017031,0.10162117651958558,0.05204406244775651,0.036541683783287905,0.2037070013602073,0.41478776368824155
76,4.768427673447808,0.10176837949679306,0.101620634706551,0.05203333528157142,0.03658542608457293,0.20459959842982886,0.4142337553396578
77,4.768427673447808,0.10176804114463338,0.10162010404650867,0.05202282892956679,0.03662857745091157,0.20547302604125672,0.413691151018694
78,4.768427673447808,0.10176770966560314,0.10162110915738674,0.05201253599874214,0.036673411631856175,0.20630606145307964,0.4131595689111864
79,4.768427673447807,0.10176738483256031,0.10162058922063696,0.05200244943599142,0.03671764439788718,0.20715475121052354,0.41263864475694106
80,4.768427673447808,0.10176706642867298,0.1016200795745712,0.051992562508350236,0.03676129347757433,0.20801103772660845,0.4121280308295949
81,4.768427673447808,0.1017667542468275,0.10161957988767767,0.05198286878462428,0.03680437584040139,0.2088827461017256,0.4116273949878089
82,4.768427673447808,0.10176644808907784,0.10161908984311846,0.05197853697405744,0.036846907738694444,0.20973120630109907,0.4111364197919879
83,4.768427673447808,0.10176614776613234,0.10161860913790813,0.05196917770778538,0.036888904746736395,0.21059627077405688,0.4106548016812548
84,4.768427673447807,0.10176585309687505,0.10161813748214747,0.05195999463309067,0.036930381797288754,0.21143502521375965,0.4101822502058911
85,4.768427673447807,0.10176556390791905,0.10161767459830857,0.05195098234654103,0.036971353215722015,0.21226306746313553,0.40971848731088917
86,4.768427673447807,0.10176528003318897,0.10161722022056663,0.051942842197854555,0.03701189654847022,0.21310262023997764,0.4092632466666502
87,4.768427673447808,0.1017650013135309,0.10161677409417545,0.05193415178489809,0.03705196004479195,0.2138997907124788,0.40881627304321205
88,4.768427673447807,0.10176472759634718,0.10161633597488304,0.05193057732777176,0.03709155642570308,0.2146896996865579,0.4083773217247077
89,4.768427673447808,0.10177699988958631,0.10161590562838427,0.05192216419143956,0.03718299530140886,0.215466029568403,0.4079628931177855
90,4.768427673447808,0.10177666048756562,0.10161548282980798,0.051913898614576424,0.03727307379727749,0.21622755070561636,0.40753919118699466
91,4.768427673447808,0.10177632697131941,0.10161506736323599,0.051907223518582915,0.03736274750943904,0.216954521212446,0.4071228369261086
92,4.768427673447809,0.1017759991743437,0.10161465902125158,0.051899232075442954,0.03745111875180089,0.21768511042141267,0.4067136224752659
93,4.768427673447808,0.10177567693661871,0.10161425760451556,0.05189137616264471,0.037538222679047925,0.21840496585880367,0.4063113480693427
94,4.768427673447808,0.10177536010428898,0.10161386292136766,0.051883652029307586,0.03762409311242912,0.21916195359606364,0.4059158216385804
95,4.768427673447808,0.10177504852936244,0.10161347478745178,0.05187605606749645,0.03770876260429064,0.2198923702009524,0.4055268584329711
96,4.768427673447808,0.10177929410223868,0.10161309302536321,0.05186858480531824,0.03779765671390007,0.2205941722671942,0.4051487509978071
97,4.768427673447808,0.10177896734751707,0.10161520595157088,0.0518612349004205,0.03788566925227523,0.22128397305530031,0.4047723627054884
98,4.768427673447809,0.1017786458448717,0.10161482275729443,0.05185400313386484,0.03797248063502164,0.22197816532181958,0.4044020242722426
99,4.768427673447809,0.10177832945642805,0.1016144456585598,0.05184688640434984,0.03805812129728763,0.2226706750109469,0.40403757688056685
100,4.768427673447809,0.10177801804929902,0.10161407449698084,0.05183988172276032,0.03814262058991844,0.2233647698736352,0.40367886745800985
101,4.768427673447809,0.1017777114953562,0.10161370911984319,0.05183298620702131,0.03822600682877732,0.22406226185981837,0.4033257484136447
102,4.768427673447808,0.10177740967101376,0.10161334937984667,0.05182619707723691,0.03830830734135066,0.22478321882673424,0.4029780773891302
103,4.768427673447808,0.10177711245702417,0.10161299513486194,0.05181951165109561,0.03838948057143903,0.22546836063189346,0.40263571702341716
104,4.768427673447808,0.10177681973828505,0.10161264624770017,0.05181292733952499,0.03846962096652009,0.2261718695314887,0.40229853473022553
105,4.768427673447808,0.10177679081493747,0.10161230258589514,0.05180644164258,0.03854875311856503,0.2268801641843291,0.401966402487484
106,4.768427673447808,0.10177650544335631,0.10161196402149703,0.051800052145550154,0.03862690079460858,0.22759476309650703,0.40163919663797965
107,4.768427673447808,0.10177622426410879,0.10161163043087698,0.05179375651527203,0.038704086972119384,0.2283193409777894,0.40131679770052103
108,4.768427673447809,0.10177594717647578,0.10161130169454202,0.051787552496634436,0.03878033387253305,0.22906060467078174,0.4009990901909672
109,4.768427673447809,0.10177567408307613,0.10161097769695927,0.05178143790926442,0.03885566299305938,0.229798326356576,0.40068596245251925
110,4.768427673447809,0.1017754048897263,0.10161065832638953,0.05177541064438324,0.03893009513686784,0.23054492707242275,0.40037730649471537
111,4.768427673447809,0.10177513950530705,0.10161034347472905,0.05176946866182215,0.03900365044174816,0.23128582560584326,0.400073017840607
112,4.7684276734478095,0.10177487784163682,0.10161003303735942,0.05176360998718837,0.039071053758124225,0.23200986088934653,0.3997729953816307
113,4.7684276734478095,0.10177461981335156,0.10160972691300486,0.05175783270917253,0.03913769218298028,0.2327206574581285,0.39947714123972206
114,4.768427673447809,0.10177436533779043,0.10160942500359663,0.051752134976989335,0.039203582343390914,0.23341943400917503,0.3991853606362501
115,4.768427673447808,0.10177411433488691,0.101609127214144,0.05174651499794358,0.03926874035465691,0.23409161496120742,0.39889756176737684
116,4.768427673447809,0.10177962019040164,0.10160883345261167,0.05174097103511462,0.03933318184048627,0.2347663319355383,0.3986291006898851
117,4.768427673447809,0.1017793495953404,0.10161467829105897,0.051735501405152214,0.0393969219522096,0.2354233710179499,0.3983668727245806
118,4.768427673447809,0.10177908259696272,0.1016143645160777,0.051730104476177784,0.039459975387083956,0.23608659519653344,0.39810067821199074
119,4.7684276734478095,0.1017788191169834,0.10161405487589822,0.05172477866578504,0.03952235640573594,0.2367537318137071,0.3978277482680684
120,4.7684276734478095,0.1017785590794704,0.10161374928128566,0.05171952243913444,0.03958407884879133,0.23740725420945646,0.3975583842578616
121,4.7684276734478095,0.10177830241075506,0.10161344764566506,0.051714334307136435,0.039645156152735866,0.23804703895934637,0.39729250987051884
122,4.7684276734478095,0.10177804903934637,0.10161314988502054,0.05170921282471862,0.0397056013650488,0.2387081331377218,0.3970300510509189
123,4.7684276734478095,0.10177779889584912,0.10161285591779927,0.051704156589172184,0.03976542715864827,0.23936475846772995,0.39677093591493395
124,4.7684276734478095,0.10177755191288586,0.10161256566481963,0.05170222533738702,0.03982467271895337,0.2400119214070381,0.39651509466854246
125,4.7684276734478095,0.1017773080250223,0.10161227904918364,0.051697904984462806,0.03988332280049101,0.2406439237182942,0.3962624595305865
126,4.7684276734478095,0.10177706716869606,0.10161199599619315,0.05169302092761362,0.03994138903974031,0.24127215421175174,0.39601296465898145
127,4.7684276734478095,0.10177682928214862,0.10161171643326991,0.05168819709159755,0.03999888275002445,0.24190416809016374,0.3957665460801982
128,4.7684276734478095,0.10177659430536032,0.1016114402898791,0.05168531356752209,0.040055814933030454,0.24253610059811126,0.395523141621847
129,4.7684276734478095,0.10177636217998792,0.1016111674974561,0.05168059877916079,0.040112196289829795,0.2431603875872383,0.39528269084820394
130,4.7684276734478095,0.10177613284930524,0.10161089798933665,0.05167594075482495,0.04016803723142551,0.2437703921641905,0.39504513499852956
131,4.7684276734478095,0.10177590625814607,0.10161063170068971,0.05167133837401256,0.04022334788884952,0.24438072152809737,0.39481041692803803
132,4.768427673447809,0.10177568235284969,0.10161036856845347,0.05166679054679932,0.04027813812283279,0.24497355679681485,0.39457848105138343
133,4.768427673447809,0.10177546108120851,0.10161010853127393,0.05166229621277739,0.04033241753306939,0.24557243060876668,0.3943492732885379
134,4.768427673447809,0.10177524239241813,0.10160985152944604,0.051657854340038736,0.040383376917263784,0.24615355659076266,0.3941227410129427
135,4.768427673447809,0.10177502623702933,0.10160959750485733,0.05165346392420083,0.04043387658064126,0.24673471422644083,0.3938988330018203
136,4.768427673447809,0.10177481256690207,0.10160934640093389,0.051652185495046944,0.040483924771154735,0.24730729954076253,0.39367749938854285
137,4.768427673447808,0.10177460133516139,0.10160909816258856,0.05164788319167357,0.0405335295254053,0.24786706384848686,0.39345869161695646
138,4.768427673447808,0.10177439249615516,0.10160885273617122,0.05164362962278256,0.040582698675609645,0.2484133466093082,0.39324236239756766
139,4.768427673447808,0.10177418600541349,0.10160861006942107,0.05163942388262424,0.04063143985628803,0.2489526114209819,0.3930284656655034
140,4.768427673447808,0.10177398181960971,0.10160837011142089,0.05163526508873468,0.04067976051068603,0.24949975290065282,0.39281695654015975
141,4.768427673447808,0.10177377989652303,0.10160813281255301,0.0516311523811738,0.04072766789694226,0.2500285992190102,0.3926077912864601
142,4.768427673447807,0.10177358019500263,0.10160789812445727,0.051627084921793895,0.04077516909401418,0.2505349047539431,0.39240092727764886
143,4.768427673447807,0.10177338267493308,0.10160766599999017,0.051623061893536756,0.04082227100737289,0.25104512172404103,0.39219632295954737
144,4.768427673447807,0.10177318729720126,0.10160775623975614,0.051619082499758356,0.04086898037447763,0.2515466374137186,0.39199393781620606
145,4.768427673447807,0.10177299402366448,0.10160752793382506,0.05161514596357964,0.04091464607373614,0.252033181314669,0.39179373233688847
146,4.768427673447807,0.10177280281711978,0.10160730206954512,0.05161125152726237,0.0409599392523087,0.25251659173840346,0.3915956679843272
147,4.768427673447807,0.10177261364127452,0.10160707860404533,0.05160739845160881,0.041004866050908306,0.252976514001476,0.391399707164193
148,4.768427673447807,0.10177242646071795,0.10160685749549649,0.05160358601538423,0.041049432465124526,0.25343126061664195,0.3912058131957246
149,4.768427673447807,0.10177224124089403,0.10160663870307896,0.0515998135147612,0.0410936443498437,0.25387357109198466,0.3910139502834662
150,4.768427673447807,0.10177205794807506,0.10160642218695164,0.0515960802627847,0.041137507423505124,0.254323051402455,0.3908240834900634
151,4.768427673447807,0.10177187654933648,0.10160620790822211,0.05159238558885716,0.04118102727220043,0.254738091914645,0.3906361787100731
152,4.768427673447807,0.10177169701253247,0.10160599582891791,0.05158872883824248,0.041224209353622816,0.25515596606805807,0.39045020264474034
153,4.768427673447807,0.10177151930627253,0.1016057859119587,0.05158510937158834,0.0412670590008728,0.2555722984905855,0.3902661227777024
154,4.768427673447807,0.10177134339989884,0.10160557812112969,0.05158445074906392,0.041309581426126375,0.255989498640951,0.39008390735157955
155,4.768427673447808,0.10177116926346451,0.10160537242105591,0.051580893988103435,0.04135178172417167,0.25640389627093424,0.3899035253454138
156,4.768427673447807,0.10177099686771257,0.10160516877717733,0.05157737278082402,0.041393664875819476,0.25682874937130346,0.3897249464529207
157,4.768427673447807,0.1017708261840558,0.101604967155725,0.0515762019668287,0.04143523575119296,0.2572508081236863,0.3895481410615196
158,4.768427673447808,0.10177065718455705,0.101604767523698,0.05157274236235277,0.04147649911290173,0.25765646651449214,0.38937308023210854
159,4.768427673447808,0.10177048984191057,0.10160456984884113,0.05156931667545347,0.04151745961910477,0.2580632329919265,0.38919973567955496
160,4.768427673447808,0.10177032412942369,0.10160437409962352,0.051565924359703474,0.04155812182646719,0.2584665324510091,0.3890280797538703
161,4.768427673447808,0.10177016002099941,0.10160418024521785,0.051562564880868286,0.04159849019301475,0.25887520409935605,0.38885808542204225
162,4.768427673447809,0.1017699974911194,0.10160398825548037,0.051559237716559715,0.041638569080890545,0.25927377549765485,0.3886897262504958
163,4.768427673447809,0.10176983651482764,0.10160379810093162,0.05155594235590113,0.04167836275901771,0.25967956657567876,0.3885229763881595
164,4.768427673447809,0.1017696770677147,0.10160360975273773,0.051552678299204346,0.041717875405672004,0.260080215908964,0.38835781055011137
165,4.768427673447808,0.10176951912590239,0.10160342318269243,0.05154944505765739,0.04175711111096769,0.2604878570792422,0.3881942040017809
166,4.768427673447808,0.10176936266602915,0.10160323836319962,0.05154624215302286,0.04179607387926033,0.2608910294660551,0.388032132543686
167,4.768427673447808,0.10176920766523567,0.10160305526725665,0.05154387838865382,0.04183476763146966,0.2612829739073831,0.3878715724966828
168,4.768427673447808,0.1017690541011513,0.10160287386843789,0.051540732215669495,0.041873196207325734,0.26167341326183896,0.38771250068770857
169,4.768427673447807,0.10176890195188051,0.10160269414087916,0.05153761502894426,0.04191136336754121,0.26205270293365607,0.3875548944359979
170,4.768427673447807,0.10176875119599024,0.10160251605926249,0.05153452638936391,0.04194927279591281,0.26243804443375124,0.38739873153975446
171,4.768427673447807,0.10176860181249738,0.10160233959880131,0.05153146586703248,0.04198692810135448,0.262820931582643,0.38724399026326
172,4.768427673447807,0.10176845378085667,0.10160216473522647,0.05152843304102559,0.042024332819865076,0.26320216152786596,0.38709064932440435
173,4.768427673447807,0.10176830708094911,0.10160199144477222,0.05152542749915185,0.042061490416432784,0.26358282224005597,0.3869386878826193
174,4.768427673447807,0.10176816169307074,0.10160181970416306,0.05152244883772187,0.04209840428687901,0.26395759685705383,0.3867880855272026
175,4.768427673447807,0.1017680175979216,0.10160164949060077,0.05151949666132476,0.04213507775964363,0.26433411379391497,0.3866388222660157
176,4.768427673447807,0.1017678747765953,0.10160148078175203,0.051518355711566564,0.04217151409751417,0.26470808443993415,0.38649087851454206
177,4.768427673447807,0.10176773321056867,0.1016013135557362,0.05151545002342744,0.04220771649930063,0.26508447443421035,0.3863442350852925
178,4.768427673447808,0.10176759288169197,0.10160114779111376,0.05151291904637287,0.0422436881014583,0.2654697584076439,0.3861988731775444
179,4.768427673447808,0.1017674537721792,0.10160098346687484,0.051510062748415256,0.04227943197966019,0.26585381276286063,0.3860547743674024
180,4.768427673447807,0.10176731586459888,0.10160082056242835,0.051507231129410934,0.042314951150321106,0.2662231363800068,0.38591192059816887
181,4.768427673447807,0.10176717914186495,0.10160065905759127,0.051504423838537206,0.042350833563390616,0.26660477035129915,0.3857702941710136
182,4.768427673447807,0.10176704358722817,0.10160049893257841,0.05150164053188568,0.04238649213193772,0.2669881200404612,0.3856298777359299
183,4.768427673447807,0.10176690918426753,0.10160034016799234,0.05149888087228855,0.042421929773548556,0.2673823343172181,0.3854906542829687
184,4.768427673447807,0.10176677591688212,0.10160018274481368,0.051496144529150065,0.04245714935082749,0.26776481159490734,0.38535260713373987
185,4.768427673447807,0.10176664376928314,0.10160002664439183,0.05149501115657128,0.04249215367273807,0.26814645403985893,0.3852157199331706
186,4.768427673447807,0.10176651272598622,0.10159987184843572,0.05149231599888912,0.04252694549590395,0.26852455824075805,0.3850799766415133
187,4.768427673447807,0.10176638277180389,0.10159971833900502,0.051489643240945175,0.04256152752587128,0.2688969196585944,0.3849453615265922
188,4.768427673447807,0.10176625389183833,0.10159956609850163,0.051486992576337494,0.0425959024183339,0.2692695501740366,0.3848118591562819
189,4.768427673447807,0.10176612607147438,0.1015994151096612,0.051484363704476614,0.04263007278032268,0.26963973364125593,0.3846794543912087
190,4.768427673447807,0.10176599929637262,0.1015992653555452,0.05148175633044501,0.04266484267682049,0.27000614224803615,0.38454813237766755
191,4.768427673447807,0.10176587355246278,0.10159911681953301,0.05147917016486054,0.042699406596036264,0.27035518972516437,0.384417878540747
192,4.768427673447808,0.10176574882593731,0.10159896948531434,0.05147660492374393,0.042733767093101935,0.27070026249960516,0.38428867857765453
193,4.768427673447808,0.10176562510324505,0.1015988233368818,0.05147406032839012,0.04276792667728734,0.2710499411419462,0.38416051845123644
194,4.768427673447808,0.10176550237108525,0.10159867835852375,0.05147153610524331,0.042801887813066014,0.2713981804033341,0.3840333843836843
195,4.768427673447807,0.10176538061640161,0.10159853453481735,0.051469031985775564,0.04283565292115073,0.27174338078575383,0.3839072628504228
196,4.768427673447807,0.10176525982637658,0.10159839185062171,0.05146744856313308,0.042869262779200404,0.2720914268288761,0.38378214057417237
197,4.768427673447807,0.10176513998842573,0.10159825029107143,0.05146498145627494,0.042902681021027615,0.27243798891430976,0.3836580045191804
198,4.768427673447806,0.10176502109019243,0.10159810984157011,0.0514625336954052,0.042935909945916714,0.27279121560421515,0.38353484188561643
199,4.768427673447806,0.10176490311954255,0.1015979704877842,0.05146037786945131,0.04296895181317976,0.273141412409887,0.3834126401041244
200,4.768427673447806,0.10176478606455928,0.10159783221563691,0.05145796733732998,0.04300180884305682,0.2734856268618217,0.3832913868305282
201,4.768427673447806,0.10176466991353829,0.10159769501130238,0.051455575420649255,0.04303448321759142,0.27382621150898107,0.3831710699406848
202,4.768427673447806,0.10176455465498278,0.10159755886119994,0.051453201882654266,0.04306697708148208,0.274166587922016,0.3830516775254793
203,4.768427673447807,0.10176444027759889,0.10159742375198862,0.051450846490768205,0.04309929254291058,0.2745136747369517,0.3829331978859599
204,4.768427673447806,0.10176432677029104,0.10159728967056166,0.051448509016498244,0.043131431674347846,0.274852169286959,0.3828156195286046
205,4.768427673447807,0.10176421412215753,0.10159732604606131,0.051446189235344025,0.04316339651333797,0.2751875612096829,0.38269893116071857
206,4.768427673447806,0.10176652529081864,0.10159719354903572,0.05144388692670863,0.04319518906326129,0.27552054077915145,0.3825831216859561
207,4.768427673447807,0.10176640817143007,0.10159706204507164,0.05144160187381199,0.04322681129407705,0.27585227684798,0.3824681801999641
208,4.768427673447807,0.10176629192555718,0.10159693152190825,0.05143933386360659,0.04325826514304626,0.2761860089339232,0.38235409598614273
209,4.768427673447807,0.10176617654246743,0.10159680196749483,0.051437082686695466,0.04328955251543552,0.2765221710203445,0.3822408585115196
210,4.768427673447806,0.10176606201161131,0.10159667336998617,0.051434848137252354,0.04332067528520226,0.27686125892999897,0.3821284574227346
211,4.768427673447807,0.1017659483226183,0.10159654571773803,0.051432630012944,0.04335163529566204,0.27720141595895287,0.38201688254213034
212,4.768427673447807,0.10176583546529305,0.10159641899930288,0.05143042811485448,0.04338243436013846,0.27754814077663137,0.3819061238639469
213,4.768427673447807,0.10176572342961158,0.10159629320342563,0.051428242247411576,0.04341307426259616,0.2778844141877303,0.3817961715506161
214,4.768427673447806,0.10176564531397254,0.10159616831903946,0.051426072218314973,0.04344355675825758,0.2782237590031163,0.3816870159291529
215,4.768427673447806,0.10176553481124188,0.10159604433526183,0.05142391783846644,0.04347388357420375,0.2785561402030316,0.3815786474876407
216,4.768427673447806,0.10176542510165598,0.10159592124139057,0.05142177892190173,0.043504056409959774,0.2788833495382555,0.38147105687180793
217,4.768427673447807,0.10176531617583369,0.10159579902690004,0.05141965528572433,0.043534076938065394,0.279211787622582,0.3813642348816931
218,4.768427673447806,0.10176520802454787,0.10159567768143744,0.0514175467500408,0.043563858900285815,0.27952619101497683,0.381258172468395
219,4.768427673447806,0.10176510063872225,0.10159555719481918,0.05141545313789788,0.04359349244334852,0.2798474847670531,0.3811528607309067
220,4.768427673447807,0.10176499400942818,0.10159543755702735,0.051413374275221115,0.043622979154861075,0.2801722367389096,0.3810482909130299
221,4.768427673447807,0.10176488812788156,0.10159531875820625,0.051411309990755064,0.04365232059770512,0.2804954930699899,0.3809444544003669
222,4.768427673447807,0.10176478298543998,0.10159520078865908,0.05140926011600504,0.04368151831053649,0.2808059021898731,0.3808413427173893
223,4.768427673447807,0.10176467857359964,0.1015950836388446,0.05140722448518026,0.043710573808272764,0.2811185864236704,0.3807389475245798
224,4.768427673447806,0.10176457488399267,0.1015949672993741,0.051405202935138464,0.043739488582568986,0.2814159359505185,0.3806372606156457
225,4.768427673447807,0.1017644719083842,0.10159485176100808,0.05140319530533191,0.04376826410228155,0.2817065776570596,0.3805362739148012
226,4.768427673447806,0.10176436963866978,0.10159473701465334,0.05140120143775466,0.04379690181392088,0.2819937367009985,0.38043597947411795
227,4.768427673447806,0.10176449738777071,0.10159462305136005,0.05139922117689122,0.04382540314209306,0.282279245654974,0.3803448268919856
228,4.768427673447805,0.10176439597819625,0.10159450986231877,0.0513972543696664,0.04385376948993075,0.2825606235299848,0.3802556612255358
229,4.768427673447805,0.10176429525452889,0.1015943974388577,0.05139530086539644,0.04388200223951377,0.2828371017410792,0.38016503851287736
230,4.768427673447805,0.1017641952091201,0.10159428577243995,0.05139336051574129,0.04391010275227957,0.28311511154940017,0.38007364815164807
231,4.768427673447805,0.10176409583443985,0.10159417485466078,0.05139143317465806,0.04393807236942388,0.2833967107325975,0.3799820164215735
232,4.768427673447805,0.10176399712307418,0.10159406467724506,0.0513895186983556,0.04396591241229189,0.2836839011521934,0.37988903587326944
233,4.768427673447805,0.101763899067723,0.10159395523204473,0.05138791201199021,0.04399362418276011,0.2839751921260028,0.37979345688977795
234,4.768427673447805,0.10176380166119774,0.1015938465110362,0.05138602218131585,0.04402120896360926,0.28427016838559654,0.37969833748289034
235,4.768427673447806,0.10176370489641927,0.10159373850631806,0.05138414480147833,0.044048686440047884,0.28456505330368637,0.3796038447544832
236,4.768427673447806,0.1017636087664157,0.10159363121010861,0.051382630490281696,0.04407603931574719,0.2848589610172173,0.37950997189639474
237,4.768427673447807,0.1017635132643204,0.1015935246147436,0.05138077683239408,0.04410326881965883,0.2851569341500335,0.3794167122031956
238,4.768427673447807,0.10176341838336987,0.10159341871267386,0.05137893523068083,0.04413037616302547,0.28545145500136215,0.37932405907020905
239,4.768427673447807,0.10176332411690184,0.10159331349646326,0.05137710555582954,0.04415736253971267,0.28574915090752573,0.37923200599157725
240,4.768427673447806,0.10176323045835325,0.10159320895878643,0.05137528768045444,0.044184229126533144,0.28604808397826387,0.3791405465583731
241,4.768427673447806,0.10176313740125849,0.10159310509242668,0.05137348147905972,0.04421072605834402,0.2863415769408831,0.37904967445675547
242,4.768427673447807,0.10176304493924739,0.10159300189027395,0.0513716868280037,0.044237107109277043,0.2866300191810869,0.3789593834661675
243,4.768427673447807,0.10176295306604356,0.10159289934532277,0.05137016832258786,0.04426337338992783,0.2869185470252398,0.37886966745757583
244,4.768427673447807,0.10176286177546255,0.10159279745067035,0.051368810201438984,0.04428952599531205,0.2872073827666927,0.378780520391751
245,4.768427673447807,0.10176277106141017,0.10159269619951458,0.0513670480266517,0.04431556600514987,0.2874944029333257,0.3786919363175861
246,4.768427673447807,0.1017626809178808,0.10159259558515224,0.05136529693461514,0.04434149448414409,0.28778082902420554,0.378607113634242
247,4.768427673447806,0.10176259133895568,0.10159249560097712,0.051363556810354545,0.04436731248225202,0.28806918106643487,0.37851963123919896
248,4.768427673447806,0.10176250231880143,0.10159239624047818,0.05136182754055233,0.04439302103495139,0.2883587532293261,0.3784347450445692
249,4.768427673447806,0.10176241385166834,0.10159229749723789,0.051360109013517584,0.0444186211635003,0.2886475983109822,0.3783483441081438
250,4.768427673447806,0.10176232593188896,0.10159219936493043,0.05135840111915621,0.04444411387519155,0.28894643238139744,0.3782624777416832
251,4.768427673447806,0.10176223855387649,0.10159210183732013,0.0513567037489418,0.044469500163601274,0.28923876060850134,0.37817714048889606
252,4.768427673447806,0.10176215171212341,0.10159200490825966,0.05135501679588707,0.04449478100883223,0.2895293551354861,0.37809232697087336
253,4.768427673447806,0.10176206540119997,0.10159190857168861,0.051353340154516015,0.04451995737775179,0.289817321318327,0.37800803188468646
254,4.768427673447806,0.10176197961575284,0.10159181282163177,0.051351673720836606,0.04454503022422473,0.290091091101094,0.3779242500020159
255,4.768427673447806,0.10176189435050366,0.10159171765219771,0.05135001739231414,0.044570000489341045,0.2903557997517754,0.3778409761678101
256,4.768427673447806,0.1017618096002478,0.10159162305757721,0.0513483710678451,0.04459486910163883,0.29062757509720216,0.37775820529897375
257,4.768427673447806,0.10176172535985295,0.10159152903204184,0.0513467346477317,0.04461963697732243,0.29090250394352246,0.37767593238308433
258,4.768427673447805,0.10176164162425791,0.10159143556994249,0.05134557360056442,0.044644305020475915,0.2911753873629873,0.3775941524771367
259,4.768427673447805,0.10176155838847128,0.10159134266570796,0.051343955755023665,0.044668874123272015,0.2914459656067294,0.3775128607063146
260,4.768427673447805,0.10176147564757028,0.10159125031384365,0.05134234752852433,0.044693345166176665,0.2917182295689916,0.37743205226278903
261,4.768427673447804,0.10176139339669946,0.10159115850893013,0.051340748826692144,0.04471771901814921,0.29198949048060413,0.3773517224045416
262,4.768427673447805,0.10176136511754308,0.10159106724562189,0.05133915955643964,0.044740751916188364,0.2922532386452392,0.37727186645421373
263,4.768427673447805,0.10176128372605639,0.10159097651864604,0.05133773819734317,0.044763696641808674,0.29251732613589,0.37719247979798004
264,4.768427673447805,0.10176120281104901,0.101590886322801,0.051336167201878745,0.04478655395967234,0.2927883186534726,0.3771135578844453
265,4.768427673447805,0.10176112236791751,0.10159079665295534,0.05133460536806284,0.04480932462465104,0.2930587424190386,0.3770350962235652
266,4.768427673447805,0.10176104239212028,0.10159070750404652,0.05133305260771822,0.04483186519339874,0.2933216883150189,0.37695709038558955
267,4.768427673447806,0.10176096287917641,0.10159061887107972,0.05133150883384721,0.04485432142476473,0.29358021885138996,0.3768795360000273
268,4.768427673447805,0.10176088382466479,0.10159053074912669,0.051329973960611605,0.04487669403724749,0.2938368032797233,0.37680242875463393
269,4.768427673447805,0.10176080522422298,0.10159044313332463,0.05132844790331284,0.04489898374029599,0.2940859607197004,0.3767257643944188
270,4.768427673447805,0.10176072707354625,0.10159035601887506,0.05132693057837276,0.044921147742173276,0.29433341602847757,0.37664953872067425
271,4.768427673447805,0.10176064936838654,0.10159026940104271,0.05132542190331455,0.044943230474897046,0.2945792965505032,0.3765737475900237
272,4.768427673447805,0.10176136778050648,0.10159018327515448,0.05132392179674429,0.044965486957174595,0.2948228849037259,0.37649838691348997
273,4.768427673447805,0.10176128943065764,0.10159009763659846,0.05132243017833274,0.04498766208441858,0.2950637737316268,0.37642345265558225
274,4.768427673447805,0.10176121152249962,0.10159001248082275,0.051321021386713704,0.04500975653417547,0.29530070808867925,0.3763489408334022
275,4.768427673447805,0.10176113405192207,0.10158992780333462,0.05131954636639899,0.04503177097564734,0.29553904207817633,0.3762748475157677
276,4.768427673447805,0.1017610570148678,0.10158984359969946,0.05131807960025845,0.045053706069826144,0.29576883518294916,0.37620116882235455
277,4.768427673447806,0.10176098040733193,0.1015897598655398,0.05131662101203987,0.04507556246962546,0.2960005461463482,0.37612790092285564
278,4.768427673447805,0.10176090422536097,0.10158967659653437,0.05131517052647032,0.04509734082000956,0.29623286941836596,0.37605504003615664
279,4.768427673447806,0.10176082846505205,0.10158959378841725,0.05131422036600609,0.04511904175811997,0.2964632833587654,0.3759825824295288
280,4.768427673447807,0.10176075312255209,0.10158951143697689,0.051313706795559584,0.04514066591339958,0.29669003585615095,0.3759105244178372
281,4.768427673447807,0.1017606781940569,0.10158942953805523,0.051312277549131514,0.04516221390771427,0.2969107912226158,0.3758388623627651
282,4.768427673447807,0.1017606036758105,0.10158934808754687,0.05131085612811901,0.04518434813170526,0.2971241190326717,0.3757675926720538
283,4.768427673447807,0.10176052956410427,0.10158926708139816,0.05130944246178087,0.0452064038058346,0.2973398627104215,0.37569671179875713
284,4.768427673447807,0.1017604558552762,0.10158918651560646,0.05130908411336366,0.045228381562465114,0.2975547685564436,0.3756262162405109
285,4.768427673447808,0.10176038254571014,0.10158910638621921,0.05130768382841049,0.04525028202643885,0.29776729975424504,0.3755561025388166
286,4.768427673447807,0.1017603096318351,0.10158902668933319,0.051306291101545526,0.04527210581519401,0.2979826977941498,0.3754863672783389
287,4.768427673447807,0.10176023711012445,0.10158894742109371,0.05130490586540722,0.0452938789714334,0.29820096413100533,0.3754170070862172
288,4.768427673447807,0.10176016497709532,0.10158886857769392,0.051304236100331455,0.04531557652926927,0.2984186373337412,0.3753480186313903
289,4.768427673447808,0.10176009322930783,0.10158879015537392,0.05130286436807206,0.04533719908581391,0.29863193079577305,0.375279398623934
290,4.768427673447807,0.10176002186336441,0.10158871215042006,0.05130149993621682,0.04535708972238085,0.29884104874064377,0.37521114381441184
291,4.768427673447807,0.10175995087590921,0.10158863455916431,0.051300142740605244,0.045376915321641724,0.2990493092655392,0.3751432509932379
292,4.768427673447808,0.10175988026362734,0.10158855737798339,0.05129923580263514,0.045396676383117944,0.299253111478783,0.37507571699005215
293,4.768427673447807,0.10175981002324427,0.10158848060329821,0.05129789210104831,0.045417290500454795,0.29945910804019416,0.37500853867310735
294,4.768427673447807,0.10175974015152534,0.1015884042315731,0.05129655545202146,0.04543783624847475,0.2996704697202772,0.3749417129486681
295,4.768427673447807,0.10175967064527482,0.10158832825931513,0.05129522579442215,0.04545831415151406,0.2998737850099778,0.3748752367604205
296,4.768427673447807,0.10175960150133567,0.10158825268307352,0.0512945494797762,0.0454786815072673,0.3000746635349469,0.37480910708889387
297,4.768427673447807,0.1017595327165887,0.10158817749943892,0.05129323248918561,0.04549898227341167,0.3002681996342214,0.3747433209508925
298,4.768427673447807,0.10175946428795211,0.10158810270504283,0.05129192231687975,0.045519216954708015,0.3004660085214199,0.3746778753989388
299,4.768427673447807,0.10175939621238082,0.10158802829655687,0.051290618904556357,0.04553938605023099,0.3006590249969624,0.37461276752072625
300,4.768427673447807,0.10175937310908509,0.10158795427069235,0.05128932219460653,0.04555949005345295,0.3008510372470438,0.3745479944385828
301,4.768427673447806,0.10175930565334058,0.10158788062419946,0.051288032130104196,0.04557952945232645,0.3010465794293521,0.37448355330894423
302,4.768427673447806,0.10175923854213621,0.10158780735386687,0.05128674865479573,0.04559950472936505,0.30124237788643204,0.3744194413218374
303,4.768427673447806,0.10175917177256516,0.10158773445652097,0.05128547171308982,0.04561941636172283,0.301437651721088,0.3743556557003726
304,4.768427673447806,0.10175910534175475,0.10158766192902545,0.05128522041132703,0.04563928120679321,0.3016305196269999,0.3742921937002455
305,4.768427673447806,0.10175903924686593,0.10158758976828071,0.05128395463048354,0.045659083262866294,0.30182088929209977,0.3742290526092485
306,4.768427673447806,0.10175897348509262,0.10158751797122316,0.051282695229124174,0.04567882299217236,0.3020098997726633,0.37416622974679015
307,4.768427673447806,0.1017589080536615,0.10158744653482493,0.05128144215413586,0.045698500851878016,0.30220003668478435,0.3741037224634244
308,4.768427673447806,0.10175884294983127,0.10158737545609316,0.05128019535302059,0.04571811729415889,0.3023906384716449,0.37404152814038744
309,4.768427673447806,0.10175877817089231,0.10158730473206953,0.05127895477388635,0.04573767276627105,0.3025796310852448,0.37397964418914387
310,4.768427673447806,0.10175871371416619,0.1015872343598298,0.05127816440907931,0.04575716771062124,0.30276646762501763,0.37391806805093963
311,4.768427673447806,0.10175864957700513,0.10158716433648324,0.051277803882178404,0.04577660256483579,0.3029555858251467,0.3738567971963646
312,4.768427673447806,0.10175858575679167,0.10158709465917211,0.0512765794724901,0.045795977761828366,0.3031458621036212,0.3737958291249219
313,4.768427673447805,0.10175852225093815,0.1015870253250713,0.05127536109389058,0.045815293729866535,0.3033304569612263,0.37373516136460505
314,4.768427673447805,0.10175845905688635,0.10158695633138778,0.051275086458981045,0.04583455089263719,0.3035133696011951,0.3736747914714834
315,4.768427673447804,0.10175839617210693,0.10158688767536012,0.05127387844477865,0.04585376599194351,0.3037008293727481,0.3736147170292937
316,4.768427673447804,0.10175833359409915,0.10158681935425805,0.05127267632364772,0.04587292304024307,0.30388775500537113,0.3735549356490399
317,4.768427673447804,0.1017582713203904,0.10158675136538203,0.051271480048089214,0.045892022448503635,0.30407455461328464,0.3734954449685993
318,4.768427673447804,0.10175820934853576,0.10158668370606277,0.05127028957113673,0.04591106462335567,0.30426254397154995,0.3734362426523363
319,4.768427673447803,0.10175814767611766,0.10158661637366084,0.05126910484634882,0.045930049967152255,0.30445235082896466,0.3733773263907222
320,4.768427673447803,0.10175808630074547,0.1015865493655662,0.05126792582780152,0.045948978878028256,0.3046427385060545,0.37331869389996214
321,4.768427673447804,0.10175802522005511,0.10158648267919783,0.05126675247008099,0.04596785174995828,0.30483137462320825,0.3732603429216286
322,4.768427673447804,0.10175796443170872,0.10158641631200323,0.05126558472827618,0.045986668972813734,0.30501983552491047,0.37320227122230026
323,4.768427673447804,0.10175790393339414,0.10158635026145814,0.05126442255797181,0.046005430932418975,0.30521248096253023,0.3731444765932087
324,4.768427673447804,0.10175784372282473,0.10158628452506602,0.051263265915241316,0.04602413801060638,0.3054071963834865,0.3730869568498899
325,4.768427673447805,0.10175778379773893,0.10158621910035776,0.05126211475664,0.046042790585270645,0.30560259147853647,0.37302970983184214
326,4.768427673447804,0.1017577241558999,0.10158615398489122,0.05126129422642655,0.04606138903042201,0.30579796811300813,0.37297273340219
327,4.768427673447805,0.1017576647950952,0.10158608917625092,0.051260153389905014,0.046079933716238794,0.3059920665850576,0.3729160254473539
328,4.768427673447805,0.10175760571313638,0.10158602467204758,0.05125901791243465,0.046098425009118815,0.3061804755240607,0.3728595838767249
329,4.768427673447805,0.10175754690785878,0.10158596046991787,0.051257887752412815,0.04611693814076726,0.3063721750469028,0.37280352713142745
330,4.768427673447806,0.10175748837712108,0.10158589656752393,0.051256762868686245,0.04613539825159974,0.3065624242095855,0.3727476119575921
331,4.768427673447806,0.10175743011880502,0.10158583296255311,0.051255643220544836,0.04615380569967054,0.30675255051038497,0.37269195703168057
332,4.768427673447805,0.10175737213081505,0.10158576965271757,0.051254528767715545,0.046172160839422424,0.306943320580327,0.37263656035182074
333,4.768427673447805,0.1017573144110781,0.10158573047304416,0.051253463211622295,0.04619046402173443,0.30713192116286264,0.3725814199375676
334,4.768427673447805,0.10175726650934398,0.10158566770957267,0.051252358962163666,0.046208715593968955,0.30731965985931037,0.3725265338296101
335,4.768427673447805,0.1017572093051448,0.10158561453660547,0.05125125979007434,0.046226915900018026,0.3075066769287903,0.3724719000894823
336,4.768427673447805,0.10175715236317893,0.10158555233371189,0.051250165656768126,0.046245346730669545,0.30769923448008624,0.37241751679927987
337,4.768427673447805,0.10175709568145949,0.10158549041510914,0.05124907652406693,0.046263725686355124,0.3078902811380888,0.37236338206138103
338,4.768427673447806,0.10175703925802052,0.10158542877864968,0.05124799235419519,0.046282053110543286,0.3080771805850604,0.37230949399817237
339,4.768427673447806,0.10175698309091673,0.10158536742220847,0.051246913109774445,0.04630032934330786,0.30826058228555964,0.3722558507517786
340,4.768427673447805,0.10175692717822322,0.10158530634368279,0.051245838753818024,0.04631855472137206,0.308441796832464,0.37220245048379735
341,4.768427673447805,0.10175687151803522,0.10158524554099187,0.05124476924972576,0.04633672957815176,0.3086229681178096,0.3721492913750379
342,4.768427673447805,0.10175681610846782,0.1015851850120766,0.05124370456127885,0.04635485424379825,0.3087965757507879,0.37209637162526443
343,4.768427673447805,0.10175676094765561,0.10158512475489932,0.051242644652634756,0.04637292904524016,0.30897103169295437,0.37204368945294336
344,4.768427673447805,0.1017567060337526,0.10158506476744342,0.0512415894883222,0.04639095430622478,0.30914564820815515,0.37199124309499476
345,4.768427673447804,0.1017566513649318,0.10158500504771313,0.05124053903323626,0.046408930347358726,0.3093221825985806,0.3719390308065477
346,4.768427673447804,0.10175659693938506,0.10158494559373327,0.051239493252633515,0.046426857486147985,0.30949912304698085,0.37188705086069984
347,4.768427673447805,0.10175654275532282,0.10158488640354887,0.05123845211212729,0.046439564590839956,0.30966644552559763,0.37183530154828054
348,4.768427673447804,0.1017564888109738,0.10158482747522507,0.051237415577682965,0.046452246297811854,0.30983522204736164,0.3717837811776178
349,4.768427673447805,0.10175643510458482,0.1015847688068467,0.051236383615613376,0.046464902748174185,0.3100044460733938,0.3717324880743095
350,4.768427673447805,0.10175638163442054,0.10158471039651808,0.05123609166704094,0.04647753408179394,0.31017234518480963,0.37168142058099707
351,4.768427673447805,0.10175632839876324,0.10158465224236277,0.05123506766066083,0.04649014043730948,0.3103378760383084,0.37163057705714436
352,4.768427673447805,0.1017562753959126,0.10158459434252336,0.05123455677905854,0.04650278582646007,0.31050274476225564,0.3715799558788186
353,4.768427673447805,0.10175622262418542,0.10158453669516115,0.05123354094749282,0.046515406232625914,0.3106674448242364,0.37152955543847566
354,4.768427673447805,0.10175617008191548,0.10158447929845599,0.05123252953287363,0.046528001792854046,0.3108308431432427,0.37147937414474824
355,4.768427673447804,0.10175611776745323,0.1015844221506059,0.05123226352852697,0.04653987953327381,0.31099189281392664,0.37142941042223776
356,4.768427673447805,0.10175606567916569,0.10158436524982704,0.05123219019589973,0.04655173569485753,0.311152897493509,0.3713796627113092
357,4.768427673447804,0.10175601381543611,0.10158430859435329,0.05123175277607621,0.046563570389699056,0.3113139717842844,0.37133012946788924
358,4.768427673447804,0.10175596217466389,0.10158425218243615,0.05123177949688471,0.04657538372895506,0.31147488046873256,0.3712808091632678
359,4.768427673447804,0.10175591075526425,0.10158419601234445,0.05123195954156919,0.04658717582285568,0.3116369233909523,0.3712317002839021
360,4.768427673447804,0.10175585955566813,0.10158414008236415,0.051232155337383296,0.04659894678071504,0.3117976534924664,0.37118280133122455
361,4.768427673447805,0.10175580857432193,0.10158408439079811,0.051231165904675025,0.04661069671094167,0.3119604467649747,0.3711341108214527
362,4.768427673447805,0.10175575780968733,0.10158402893596587,0.051230180677849395,0.04662242572104866,0.31212448185988595,0.37108562728540273
363,4.768427673447805,0.10175570726024113,0.10158397371620352,0.05122919962734427,0.04663413391766384,0.31229149647764204,0.37103734926830595
364,4.768427673447805,0.10175565692447505,0.1015839187298634,0.05122822272388675,0.04664582140653969,0.31245989407724056,0.37098927532962733
365,4.768427673447805,0.10175560680089545,0.1015838639753139,0.051227249938489566,0.046657488292563075,0.31262367904716964,0.37094140404288756
366,4.768427673447804,0.10175555688802326,0.10158380945093931,0.05122628124244749,0.046669134679764995,0.3127916129229641,0.37089373399548753
367,4.768427673447805,0.10175550718439383,0.10158375515513961,0.05122531660733384,0.04668076067133011,0.3129606888230582,0.37084626378853547
368,4.768427673447804,0.10175545768855657,0.10158370108633022,0.05122497035537068,0.04669236636960606,0.3131251595618053,0.3707989920366767
369,4.768427673447804,0.101755408399075,0.10158364724294193,0.05122527492523089,0.04670395187611282,0.31328985024848777,0.3707519173679261
370,4.768427673447805,0.10175535931452635,0.10158359362342055,0.051224319672436146,0.04671551729155176,0.313456219073729,0.3707050384235029
371,4.768427673447804,0.10175531043350161,0.10158354022622684,0.05122336838049615,0.04672706271581468,0.3136214030238857,0.3706583538576679
372,4.768427673447804,0.10175526175460517,0.10158348704983632,0.05122242102225124,0.04673858824799271,0.3137871038452058,0.3706118623375635
373,4.768427673447804,0.10175521327645484,0.10158343409273901,0.05122147757080105,0.04675009398638505,0.3139542422192781,0.37056556254305617
374,4.768427673447804,0.1017551649976815,0.10158338135343935,0.0512208248312689,0.0467615800285076,0.31411939083977924,0.37051945316658014
375,4.768427673447804,0.10175511691692907,0.10158332883045595,0.05121988871657552,0.046773046471101504,0.31428383341348487,0.37047353291298507
376,4.768427673447804,0.1017550690328543,0.10158327652232148,0.051218956431124486,0.04678449341014153,0.31445241884828323,0.37042780049938495
377,4.768427673447804,0.10175502134412664,0.10158327415747381,0.051218027949010286,0.04679552140391645,0.3146180190239854,0.3703822546550093
378,4.768427673447804,0.10175497384942805,0.10158322220639018,0.05121710324457145,0.04680653170939975,0.3147835709039619,0.3703368941210571
379,4.768427673447804,0.10175492654745291,0.10158317046611305,0.05121618229238752,0.04681752440937766,0.3149503446363516,0.3702917176505518
380,4.768427673447805,0.1017548794369078,0.10158311893522766,0.05121526506727624,0.04682849958600504,0.31511363327859826,0.3702467240082002
381,4.768427673447805,0.10175483251651138,0.10158306761233245,0.05121435154429063,0.046839457320811934,0.3152789363647349,0.3702019119702512
382,4.768427673447805,0.10175478578499426,0.1015830164960389,0.051213441698716215,0.046850397694710146,0.3154412352710663,0.3701572803243588
383,4.768427673447805,0.10175473924109887,0.10158296558497149,0.05121253550606824,0.04686132078799969,0.3156023871166562,0.3701128278694454
384,4.768427673447805,0.10175469288357926,0.10158291487776731,0.05121163294208892,0.04687222668037512,0.31576189783977043,0.3700685534155678
385,4.768427673447805,0.10175464671120103,0.10158286437307618,0.05121073398274478,0.046883115450931816,0.31591751075618313,0.3700244557837855
386,4.768427673447805,0.10175460072274119,0.10158281406956031,0.05120983860422398,0.0468939871781722,0.31607069825457684,0.36998053380603024
387,4.768427673447805,0.10175455491698793,0.10158276396589422,0.05120894678293369,0.04690484194001179,0.31622124062234236,0.3699367863249773
388,4.768427673447805,0.10175450929274057,0.10158271406076458,0.05120805849549752,0.046915679813785305,0.3163760404731255,0.36989321219391963
389,4.768427673447804,0.10175446384880948,0.10158266435287013,0.051207173718752996,0.046923542704167584,0.3165232773339518,0.36984981027664293
390,4.768427673447805,0.10175441858401583,0.10158261484092142,0.051206292429749035,0.04693140052038375,0.31666747999575096,0.3698065794473026
391,4.768427673447805,0.10175437349719156,0.10158256552364077,0.05120541460574348,0.04693925326202504,0.3168054567809701,0.3697635185903028
392,4.768427673447805,0.10175432858717916,0.10158252871356456,0.05120478085130013,0.046947100928815606,0.3169413361315773,0.369720626600177
393,4.768427673447805,0.10175428385283164,0.10158247976557848,0.051203909572249705,0.046954943520610144,0.31707852487819577,0.3696779023814701
394,4.768427673447806,0.10175423929301239,0.10158243100855989,0.05120304169243983,0.046962781037391536,0.31721372636105477,0.3696353448486226
395,4.768427673447806,0.10175419490659499,0.1015823824412763,0.05120217718993207,0.04697070055378899,0.31734985445669367,0.3695929529258561
396,4.768427673447807,0.10175416651404194,0.10158233406250633,0.05120131604298514,0.04697861465753541,0.3174861589594759,0.36955072554706025
397,4.768427673447807,0.10175412245041851,0.10158228587103947,0.05120045823005265,0.04698652335115493,0.3176164112205474,0.36950866165568197
398,4.768427673447806,0.10175407855695787,0.10158223786567609,0.05119960372978086,0.04699442663727152,0.31774574009016104,0.3694667602046155
399,4.768427673447806,0.10175403483257289,0.10158219004522727,0.051198752521006495,0.04700233861870355,0.3178737451735112,0.36942502015609424
400,4.768427673447805,0.10175399127618616,0.10158214240851463,0.05119844950204776,0.047010245143997126,0.3180018602766382,0.36938344048158434
401,4.768427673447805,0.10175394788672984,0.10158209495437026,0.05119760410882225,0.047018146216408874,0.31812948967059707,0.3693420201616793
402,4.768427673447805,0.10175390466314545,0.1015820476816366,0.0511967619474195,0.04702264363820162,0.31825393648433065,0.36930075818599634
403,4.768427673447805,0.10175386160438396,0.10158200058916632,0.05119592299739959,0.047027148572126205,0.3183749057918555,0.36925965355307444
404,4.768427673447805,0.10175381870940554,0.10158195367582215,0.05119508723850261,0.04703166093995148,0.3184921053648714,0.3692187052702729
405,4.768427673447806,0.10175377597717948,0.10158190694047683,0.05119481962890255,0.04703618066424876,0.31860853869185807,0.3691779123536725
406,4.768427673447806,0.10175373340668413,0.10158186038201304,0.05119398947069455,0.04704072072626927,0.318721484715944,0.36913727382797706
407,4.768427673447805,0.10175369099690673,0.10158181399932315,0.051193162446613656,0.04704526794297501,0.3188347544698918,0.3690967887264168
408,4.768427673447805,0.10175364874684341,0.10158176779130916,0.05119233853708307,0.047049822239594676,0.31894979997658496,0.3690564560906529
409,4.768427673447805,0.10175360665549901,0.10158172175688278,0.051191770062560496,0.04705438354211864,0.3190634193407427,0.36901627497068346
410,4.768427673447806,0.10175356472188699,0.10158167589496502,0.05119095200503741,0.04705895177728974,0.3191783787589588,0.3689762444247504
411,4.768427673447805,0.10175352294502935,0.10158163020448624,0.051190137005541064,0.047063526872594255,0.31929097370010007,0.3689363635192481
412,4.768427673447805,0.10175348132395653,0.10158158468438612,0.051189672945464025,0.04706810875625301,0.3194026411978055,0.36889663132863304
413,4.768427673447805,0.10175343985770739,0.10158153933361339,0.051188863568831525,0.047072697357212576,0.31951048631901846,0.36885704693533455
414,4.768427673447804,0.10175339854532896,0.10158149415112586,0.05118805719559016,0.04707729260513665,0.3196178915017191,0.3688176094296671
415,4.768427673447804,0.1017533573858765,0.10158144913589028,0.05118725380729918,0.047081894430397474,0.3197235044488231,0.36877831790974336
416,4.768427673447804,0.10175331637841332,0.10158140428688218,0.051186453385675505,0.04708650276406745,0.31982528565717416,0.3687391714813885
417,4.768427673447804,0.1017532755220107,0.10158135960308588,0.05118565591259203,0.047091117537910815,0.3199266514484228,0.36870016925805604
418,4.768427673447805,0.10175323481574788,0.10158131508349438,0.05118486137007597,0.04709573868437552,0.32002597056578275,0.3686613103607444
419,4.768427673447805,0.10175319425871189,0.10158127072710912,0.051184069740307044,0.047100366136585074,0.32012215038372904,0.36862259391791474
420,4.768427673447804,0.10175315384999745,0.10158122653294008,0.0511838175511646,0.04710499982833066,0.32021634504246604,0.3685840190654096
421,4.768427673447805,0.10175311358870702,0.10158118250000558,0.05118368466299547,0.04710963969406327,0.32031008102892006,0.3685455849463734
422,4.768427673447804,0.10175307347395054,0.10158113862733222,0.0511829002056254,0.047114285668885925,0.32040252560221444,0.3685072907111728
423,4.768427673447804,0.10175303350484548,0.10158109491395477,0.051182118596517195,0.04711893768854614,0.32049509868190046,0.3684713434002414
424,4.768427673447803,0.1017529936805167,0.10158105135891615,0.05118133981855724,0.04712359568942832,0.32058315240195634,0.3684349883303197
425,4.768427673447803,0.1017529540000964,0.10158100796126722,0.051180563854775186,0.04712825960854636,0.3206663591190756,0.36839712077701076
426,4.768427673447803,0.10175291446272398,0.10158096472006681,0.05117979068834233,0.04713292938353632,0.320753057386808,0.3683593730021683
427,4.768427673447803,0.1017528750675461,0.10158092163438155,0.05117902030257019,0.047137604952649244,0.3208353836699849,0.36832176098561764
428,4.768427673447803,0.10175283581371641,0.10158087870328589,0.05117825268090893,0.047142275745165406,0.32091554411228235,0.36828428391935825
429,4.768427673447803,0.10175279670039564,0.10158083592586187,0.051177487806945934,0.04714695224774206,0.3209970356576508,0.36824694100208827
430,4.768427673447804,0.1017527577267514,0.10158079330119918,0.05117672566440435,0.047151634400209946,0.32107841373035556,0.3682097314391334
431,4.768427673447804,0.10175271889195824,0.10158075082839503,0.051175966237141615,0.04715426494146692,0.3211618443388181,0.3681726544423769
432,4.768427673447804,0.10175268019519748,0.10158070850655403,0.05117520950914806,0.04715690832604773,0.3212468143001995,0.36813570923019023
433,4.768427673447804,0.10175264163565714,0.10158066633478817,0.0511749857471508,0.04715956445251744,0.32133020663859013,0.3680988950273644
434,4.768427673447805,0.10175260321253192,0.10158062431221666,0.051174233737453785,0.04716223322036246,0.32141527834532235,0.3680622110650429
435,4.768427673447804,0.10175256492502309,0.101580582437966,0.0511734843820137,0.0471636725310883,0.32150245281823664,0.36802565658065456
436,4.768427673447804,0.10175252677233847,0.10158054071116976,0.051173103459213776,0.047165022776987774,0.32159071212182877,0.3679892308178482
437,4.768427673447804,0.10175248875369226,0.10158049913096852,0.0511723589324793,0.047166390088171216,0.3216755585551194,0.36795293302642723
438,4.768427673447804,0.10175245086830513,0.10158045769650995,0.05117161701538326,0.047167785004152245,0.32176145843458004,0.36791676246228616
439,4.768427673447805,0.10175241311540394,0.1015804164069485,0.05117087769278645,0.04716919670047151,0.3218453375894385,0.36788071838734643
440,4.768427673447804,0.1017523754942219,0.10158037526144556,0.05117014094967203,0.04717062505514711,0.3219283037965406,0.3678448000694947
441,4.768427673447805,0.10175233800399838,0.10158033425916922,0.051169590714207284,0.047172069947265895,0.3220120709899278,0.3678090067825206
442,4.768427673447805,0.10175230064397885,0.10158029339929425,0.05116918621955956,0.04717353125697195,0.322095462308111,0.367773337806056
443,4.768427673447805,0.10175226341341483,0.10158025268100208,0.05116845652877783,0.04717500886545522,0.32217972092681896,0.3677377924255146
444,4.768427673447805,0.10175222631156386,0.10158021210348073,0.051167729360674236,0.0471765026549403,0.32226585153554527,0.3677023699320329
445,4.768427673447805,0.10175218933768944,0.10158017166592462,0.05116700470081321,0.04717801250867535,0.322354253855647,0.3676670696224113
446,4.768427673447805,0.10175215249106086,0.10158068662231182,0.05116628253487425,0.047183161937561974,0.3224406317418615,0.3676318907990559
447,4.768427673447804,0.10175211577095326,0.10158064581935983,0.05116556284865074,0.04718831475770349,0.3225276604467719,0.3675968327699217
448,4.768427673447804,0.10175207917664757,0.10158060515619743,0.051164845628048836,0.047193470926072664,0.32261506273665175,0.3675618948484559
449,4.768427673447804,0.10175204270743035,0.10158056463203188,0.05116423561241253,0.04719863040006291,0.3227034254792005,0.367527076353542
450,4.768427673447804,0.10175200636259386,0.10158052424607673,0.051163523160745135,0.047203793137483595,0.32278998852157714,0.36749237660944467
451,4.768427673447804,0.10175197014143589,0.10158048399755172,0.05116302908855681,0.04720895909655539,0.32287621159715524,0.36745779494575564
452,4.768427673447805,0.10175193404325979,0.10158044388568269,0.05116232122482004,0.04721412823590566,0.32295885921673273,0.3674233306973394
453,4.768427673447804,0.10175189806737431,0.10158040390970159,0.05116161575913015,0.04721930051456393,0.32304352823564475,0.36738898320428043
454,4.768427673447805,0.10175186221309372,0.10158036406884641,0.051160912678039225,0.04722447589195748,0.32312783317219945,0.36735475181183086
455,4.768427673447804,0.10175182647973757,0.10158032436236102,0.05116021196820442,0.04722965432790684,0.3232091471595951,0.36732063587035824
456,4.768427673447805,0.10175179086663072,0.10158028478949523,0.051159513616386904,0.047234835782621484,0.3232893449980379,0.36728663473529455
457,4.768427673447805,0.1017517553731033,0.10158024534950473,0.051158817609450825,0.04724002021669553,0.3233653950217404,0.3672527477670859
458,4.768427673447805,0.10175171999849064,0.1015802060416509,0.05115812393436231,0.04724515011198067,0.32344229521188317,0.36721897433114203
459,4.768427673447804,0.1017516847421332,0.10158016686520087,0.05115743257818838,0.04725028310109971,0.32352007962404083,0.36718531379778746
460,4.768427673447804,0.10175164960337656,0.10158012781942748,0.05115674352809605,0.047255419144712055,0.32359952891716914,0.3671517655422126
461,4.768427673447804,0.10175161458157132,0.10158008890360912,0.05115614518326384,0.04726055820385329,0.32367877521110855,0.36711832894442553
462,4.768427673447804,0.10175157967607312,0.10158005011702977,0.05115548369134607,0.04726570023993109,0.32375924556700353,0.36708500338920436
463,4.768427673447804,0.1017515448862425,0.10158001145897885,0.051154801359030916,0.04727084521472111,0.32384107392528283,0.36705178826605034
464,4.768427673447804,0.10175151021144489,0.1015799729287513,0.0511541212828566,0.047275993090363025,0.3239222056547893,0.3670186829691415
465,4.768427673447804,0.10175147565105064,0.1015799345256474,0.05115344345047297,0.047281143829356574,0.3240021269155558,0.36698568689728656
466,4.768427673447804,0.10175144120443484,0.10157989624897278,0.05115287105614822,0.04728629739455762,0.3240796500726287,0.36695279945387993
467,4.768427673447804,0.10175140687097736,0.10157985809803835,0.051152197560370996,0.047291453749174324,0.32415941811676263,0.3669200200468564
468,4.768427673447804,0.10175137265006277,0.10157982007216025,0.05115184128877968,0.04729661285676331,0.3242379634517439,0.36688734808864737
469,4.768427673447804,0.10175133854108032,0.10157978217065983,0.05115140676671246,0.04730177468122593,0.324314665691742,0.36685478299613683
470,4.768427673447804,0.10175130454342386,0.10157974439286356,0.05115073925340004,0.04730693918680454,0.32439225132545,0.36682232419061833
471,4.768427673447804,0.10175127065649181,0.10157970673810296,0.05115007391406171,0.04731210633807884,0.32446735667665505,0.3667899710977521
472,4.768427673447804,0.10175123687968715,0.1015796692057146,0.05114955516887802,0.047317276099962224,0.32454299831445377,0.36675772314752275
473,4.768427673447804,0.10175120321241732,0.10157963179504005,0.0511494305095695,0.04732244843769828,0.32461903871288406,0.3667255797741982
474,4.768427673447804,0.1017511696540942,0.10157959450542581,0.051148831703255605,0.047327623316857165,0.32469414529539126,0.3666935404162875
475,4.768427673447804,0.10175113620413409,0.10157955733622329,0.05114817413699853,0.04733280070333218,0.3247682488983234,0.3666616045165009
476,4.768427673447804,0.10175110286195763,0.10157952028678868,0.05114751868957489,0.04733798056333632,0.32484251067555064,0.36662977152170934
477,4.768427673447804,0.10175106962698979,0.10157948335648302,0.0511468653496805,0.04734316286339885,0.3249158377088234,0.36659804088290443
478,4.768427673447803,0.10175103649865981,0.1015794465446721,0.05114621410609523,0.04734834757036197,0.32498763432433814,0.3665664120551594
479,4.768427673447803,0.10175100347640115,0.1015794098507264,0.05114556494768215,0.04735353465137751,0.32506218026522465,0.3665348844975901
480,4.768427673447803,0.10175097055965149,0.10157937327402104,0.051144917863386825,0.04735872407390361,0.32513124216771483,0.3665034576733167
481,4.768427673447803,0.10175093774785267,0.10157933681393581,0.051144272842236445,0.04736391580570151,0.32519946246744363,0.36647213104942583
482,4.768427673447803,0.10175090504045058,0.10157930046985503,0.05114362987333912,0.04736910981483239,0.32526603740263077,0.3664409040969325
483,4.768427673447803,0.10175087243689525,0.10157926424116755,0.05114298894588308,0.04737430606965413,0.3253323936005104,0.36640977629074356
484,4.768427673447803,0.10175083993664076,0.10157922812726673,0.05114235004913594,0.047379504538818284,0.3253971854601149,0.36637874710962104
485,4.768427673447804,0.10175080753914512,0.10157919212755036,0.051141713172443926,0.04738457914354438,0.325463337894802,0.3663478160361454
486,4.768427673447804,0.10175077524387036,0.1015791562414206,0.051141110148974524,0.04738965629849152,0.3255280172768506,0.36631698255668016
487,4.768427673447804,0.10175074305028242,0.10157927091133566,0.0511404772469477,0.04739473597109597,0.32559263225892215,0.3662862461613364
488,4.768427673447804,0.10175071095785111,0.10157923509127598,0.05114017952067532,0.04739981812909064,0.3256572886528307,0.36625560634393733
489,4.768427673447805,0.10175067896605015,0.10157919938353514,0.05113955023350099,0.04740490274050205,0.3257197513969836,0.36622506260198445
490,4.768427673447804,0.10175064707435699,0.10157931607785681,0.05113892291547381,0.04740998977364727,0.325780267859476,0.3661946144366224
491,4.768427673447805,0.10175061528225293,0.10157928043272636,0.0511383126089524,0.04741507919713095,0.3258390814754187,0.3661642613526059
492,4.768427673447805,0.10175058358922297,0.10157924489867726,0.05113768918287316,0.047420122594264334,0.3258976047053496,0.36613400285826586
493,4.768427673447805,0.10175055199475587,0.10157920947513627,0.05113737857334469,0.04742516847027165,0.3259591303825301,0.36610383846547645
494,4.768427673447805,0.101750520498344,0.10157917416153428,0.051136758689721756,0.047430216793827626,0.3260166597811247,0.3660737676896223
495,4.768427673447806,0.10175048909948345,0.10157913895730629,0.05113614072601457,0.04743526753388847,0.32607311195354005,0.36604379004956616
496,4.768427673447806,0.10175045779767387,0.1015791038618913,0.05113552467237594,0.04744032065968901,0.3261313616388271,0.3660139050676172
497,4.768427673447807,0.10175042659241851,0.10157906887473235,0.05113491051902905,0.047445393613405225,0.3261903473617821,0.36598411226949895
498,4.768427673447806,0.10175039548322411,0.10157903399527643,0.05113429825626683,0.047450468838368086,0.32624988221525664,0.36595441118431826
499,4.768427673447807,0.10175036446960099,0.10157899922297449,0.05113368787445133,0.04745554630490552,0.3263065767451071,0.36592480134453437
500,4.768427673447806,0.10175033355106293,0.10157896455728141,0.05113307936401306,0.047460111127183985,0.3263632794027959,0.36589528228592855
501,4.768427673447806,0.10175030272712716,0.10157892999765587,0.05113247271545042,0.04746467970780657,0.32641772917653483,0.3658658535475734
502,4.768427673447806,0.10175027199731429,0.10157889554356042,0.051131867919329,0.04746925200990727,0.3264724593018835,0.3658365146718034
503,4.768427673447806,0.10175024136114835,0.10157886119446138,0.05113126496628104,0.04747382799693393,0.326526404236231,0.36580726520418494
504,4.768427673447806,0.10175021081815674,0.10157882694982888,0.05113066384700479,0.047478407632645214,0.3265799207564091,0.36577810469348754
505,4.768427673447806,0.10175018036787013,0.10157879280913669,0.051130064552263974,0.047482990881107474,0.3266299366403599,0.36574903269165443
506,4.768427673447806,0.10175015000982253,0.1015787587718624,0.05112946707288709,0.04748757770669176,0.32668128069940783,0.3657200487537745
507,4.768427673447806,0.10175011974355119,0.10157872483748712,0.05112887139976695,0.04749216807407075,0.32673271731410186,0.3656911524380534
508,4.768427673447806,0.10175008956859663,0.1015786910054957,0.05112827752386,0.0474967619482159,0.32678213574961795,0.3656623433057861
509,4.768427673447806,0.10175005948450253,0.10157865727537653,0.05112795538348836,0.04750135929439439,0.3268322557504999,0.3656336209213289
510,4.768427673447806,0.10175002949081578,0.1015786236466216,0.05112736480177039,0.047505960078166314,0.32688308921275727,0.36560498485207227
511,4.768427673447806,0.1017499995870864,0.10157859011872634,0.051126775991331266,0.047510564265381756,0.32692960212138883,0.36557643466841355
512,4.768427673447806,0.10174996977286756,0.10157855669118983,0.05112618894337246,0.047514490840266044,0.3269728463954976,0.36554796994373034
513,4.768427673447805,0.10174994004771547,0.10157852336351447,0.05112560364915636,0.04751842278551312,0.32701352504932596,0.365519590254354
514,4.768427673447805,0.1017499104111895,0.10157849013520621,0.05112502010000573,0.047522353898786666,0.3270528133327637,0.36549129517954343
515,4.768427673447805,0.10174988086285194,0.10157845700577432,0.051124438287303176,0.04752629031437356,0.3270881641508578,0.36546308430145913
516,4.768427673447805,0.1017498514022682,0.10157842397473149,0.05112386124318012,0.04753024773776282,0.3271204715711113,0.36543495720513747
517,4.768427673447805,0.1017498220290066,0.101578395200323,0.05112328287472148,0.04753421033161056,0.32715383983744006,0.36540691347846566
518,4.768427673447805,0.10174979274263847,0.10157836236046455,0.051122706217221515,0.047538221300462515,0.32718694551452715,0.36537895271215626
519,4.768427673447805,0.10174976354273804,0.10157832961756545,0.051122131262296894,0.04754223722872497,0.327217117850974,0.36535107449972265
520,4.768427673447805,0.10174973442888247,0.10157829697115153,0.05112155800162158,0.0475462580758389,0.32724517712867035,0.36532327843745427
521,4.768427673447805,0.10174970540065177,0.10157832133316134,0.05112098642692628,0.04755028380156903,0.32727215789074743,0.3652955641243925
522,4.768427673447804,0.10174967645762885,0.10157828882202255,0.05112041652999795,0.047554314366000786,0.32729804967012227,0.36526793116230666
523,4.768427673447804,0.10174964759939942,0.10157825640613066,0.05111984830267934,0.04755834972953726,0.3273226202712776,0.36524037915567
524,4.768427673447804,0.10174961882555202,0.10157822408502347,0.05111928173686845,0.047562389852896236,0.3273480690469231,0.3652129077116362
525,4.768427673447805,0.10174959013567796,0.10157819185824192,0.05111871682451811,0.047566041577337584,0.3273694779185975,0.36518551644001657
526,4.768427673447805,0.1017495615293713,0.10157819577865412,0.05111815355763545,0.047569699129042284,0.3273910424937722,0.36515820495325624
527,4.768427673447805,0.10174953300622887,0.10157816370384633,0.05111759192828148,0.04757336246412987,0.32741185850046284,0.365130972866412
528,4.768427673447805,0.10174950456585015,0.1015781317221079,0.05111703192857061,0.047577031539060136,0.3274336738406666,0.3651038197971295
529,4.768427673447804,0.10174947620783738,0.10157809983299151,0.05111647355067016,0.0475807063106299,0.32745673195756264,0.3650767453656213
530,4.768427673447804,0.10174944793179543,0.10157806803605285,0.051115916786799935,0.047584323389946864,0.32747556650927173,0.36504974919464395
531,4.768427673447804,0.1017494197373318,0.10157803633085055,0.05111536162923179,0.047587946263253474,0.3274956678087137,0.36502283090947707
532,4.768427673447805,0.10174939162405662,0.10157800471694618,0.05111480807028912,0.04759157488746586,0.3275110366138635,0.3649959901379012
533,4.768427673447805,0.10174936359158264,0.10157797319390428,0.05111468786772392,0.04759520921983081,0.3275268276182784,0.3649692265101765
534,4.768427673447805,0.10174933563952515,0.10157794176129223,0.05111445715779478,0.04759884921792271,0.3275411958604954,0.3649425396590218
535,4.768427673447805,0.10174930776750203,0.10157791041868033,0.05111390762435517,0.04760249483964061,0.32755657114578496,0.36491592921959354
536,4.768427673447804,0.10174927997513365,0.10157787916564166,0.05111335966141322,0.047605662062352526,0.32757072832007206,0.3648893948294648
537,4.768427673447804,0.1017492522620429,0.1015778480017522,0.051113180608283744,0.0476088362060045,0.32758430257348337,0.3648629361286052
538,4.768427673447804,0.10174922462785521,0.10157781692659067,0.05111273221959784,0.047612017222928286,0.3275996707328021,0.36483655275936017
539,4.768427673447805,0.10174919707219843,0.10157778593973861,0.051112188479733076,0.047615205065811565,0.32761196958262606,0.36481024436643145
540,4.768427673447805,0.10174916959470283,0.10157775504078029,0.0511116462821781,0.04761839968769473,0.3276236408531271,0.36478401059685633
541,4.768427673447805,0.10174914219500115,0.1015777242293027,0.05111110561968579,0.04762160104196781,0.32763655339114073,0.36475785109998893
542,4.768427673447805,0.10174911487272853,0.10157769350489552,0.05111056648505652,0.04762480908236722,0.3276467045478177,0.3647317655274801
543,4.768427673447805,0.10174908762752252,0.10157766286715117,0.05111028747957773,0.04762802376297277,0.32765722421766397,0.3647057535332582
544,4.768427673447805,0.10174906045902297,0.10157763231566469,0.05110975113400651,0.047631245038204505,0.32766594549355393,0.36467981477351025
545,4.768427673447805,0.10174903336687212,0.10157760185003374,0.05110921629566944,0.0476350538744273,0.3276760065598831,0.364653948906663
546,4.768427673447805,0.10174900635071453,0.10157757146985866,0.05110868295754959,0.047638867585392285,0.3276868532623101,0.3646281555933639
547,4.768427673447805,0.10174897941019709,0.10157754117474231,0.0511081511126756,0.04764268613409553,0.32769937866975835,0.3646024344964633
548,4.768427673447805,0.10174895254496893,0.10157751096429019,0.05110762075412125,0.047646509483812376,0.3277098182294315,0.36457678528099524
549,4.768427673447805,0.10174892575468147,0.10157748083811029,0.05110709187500512,0.04765033759809496,0.32771977359243726,0.36455120761416004
550,4.768427673447805,0.1017488990389884,0.10157745079581318,0.051106564468490184,0.04765417044076971,0.3277283007451624,0.364525701165306
551,4.768427673447804,0.10174887239754561,0.10157742083701189,0.05110603852778349,0.047658007975934905,0.327738223341899,0.36450026560591164
552,4.768427673447804,0.10174884583001122,0.10157739096132197,0.05110551404613575,0.0476618501679583,0.3277486711808684,0.3644749006095684
553,4.768427673447804,0.10174881933604554,0.10157736116836145,0.05110499101684104,0.047665696981474666,0.32775933384632044,0.3644496058519629
554,4.768427673447804,0.10174879291531105,0.1015773314577508,0.05110463077563462,0.04766954838138345,0.32776890999937125,0.36442438101085983
555,4.768427673447804,0.1017487665674724,0.10157730182911287,0.051104579375647545,0.04767340433284644,0.3277789713829236,0.36439922576608486
556,4.768427673447804,0.10174874029219641,0.101577272282073,0.051104060079143254,0.04767726480128542,0.3277885862783163,0.3643741397995079
557,4.768427673447804,0.10174871408915195,0.10157724281625884,0.051103542210201046,0.047681129752379876,0.3277976172406751,0.36434912279502607
558,4.768427673447803,0.10174868795801005,0.10157721343130044,0.05110302576231901,0.04768499915206474,0.327804835407564,0.36432417443854753
559,4.768427673447803,0.10174866189844381,0.10157718412683024,0.05110279821315303,0.04768895182274745,0.3278127564610947,0.3642992944179747
560,4.768427673447803,0.10174863591012842,0.10157715490248295,0.05110228432331785,0.0476929086590428,0.32782243572543357,0.3642744824231885
561,4.768427673447803,0.10174860999274112,0.10157712575789561,0.05110195970508072,0.04769686962861533,0.327832158998539,0.3642497381460318
562,4.768427673447803,0.10174858414596116,0.10157716338815262,0.05110144844157423,0.04770143877328035,0.3278402626085013,0.3642250612802935
563,4.768427673447803,0.10174855836946983,0.1015771343409206,0.05110093856841572,0.047706010344530876,0.3278484592949762,0.36420045152169345
564,4.768427673447803,0.10174853266295046,0.10157710537253918,0.05110043007934071,0.047710584318148085,0.32785168547510996,0.36417590856786614
565,4.768427673447803,0.10174850702608831,0.10157707648265368,0.05109992296812402,0.04771516067010083,0.32785164821620877,0.3641514321183455
566,4.768427673447803,0.10174848145857068,0.10157704767091172,0.051099417228579545,0.0477195014684413,0.3278489186998263,0.36412702187454965
567,4.768427673447803,0.10174845596008676,0.10157701893696305,0.05109891285455989,0.047723845239976366,0.32784830605307325,0.36410267753976594
568,4.768427673447803,0.1017484305303277,0.10157699028045965,0.05109840983995607,0.04772819195835415,0.3278483972452037,0.36407839881913545
569,4.768427673447803,0.10174840516898662,0.10157696170105568,0.051097908178697214,0.047732541597421775,0.3278464473020638,0.36405425356968696
570,4.768427673447803,0.10174837987575852,0.10157693319840742,0.05109740786475024,0.047736848451628434,0.32784663061865515,0.3640301051384898
571,4.768427673447803,0.10174835465034025,0.10157690477217332,0.051097208884132654,0.04774115829727391,0.3278460390928715,0.3640060214480112
572,4.768427673447803,0.10174832949243064,0.10157687642201392,0.0510967109764929,0.04774547110824799,0.32784660821355255,0.36398200221066074
573,4.768427673447804,0.1017483044017303,0.1015768481475919,0.05109621439901188,0.04774978685863594,0.3278472489841318,0.36395804714062935
574,4.768427673447804,0.10174827937794173,0.10157681994857196,0.051095719145801535,0.047754476394379866,0.3278445215817084,0.36393415595387496
575,4.768427673447804,0.10174825442076926,0.10157679182462095,0.051095225211010155,0.04775916783098647,0.32783980877702185,0.3639103283681086
576,4.768427673447804,0.10174822952991905,0.10157676377540771,0.05109473258882206,0.047763954782390934,0.32783376601784164,0.3638865641027805
577,4.768427673447804,0.10174820470509903,0.10157673580060318,0.05109424127345736,0.04776663753783625,0.3278255231573038,0.3638628628790665
578,4.768427673447804,0.10174817994601898,0.10157670789988024,0.05109400234887243,0.047769327460878516,0.32781659428647325,0.36383922441985433
579,4.768427673447804,0.10174815525239042,0.10157668007291382,0.051093883703729255,0.04777202450763154,0.32780910368266264,0.3638156484497301
580,4.768427673447804,0.10174813062392664,0.10157665231938084,0.051094040348755705,0.04777472863451003,0.3278012592735594,0.36379213469496496
581,4.768427673447804,0.1017481060603427,0.10157662463896022,0.051093553081229676,0.04777709910379929,0.3277948740732213,0.3637686828835021
582,4.768427673447804,0.10174808156135536,0.10157659703133277,0.05109306709510587,0.047779477462884606,0.32778502907405066,0.36374529274494344
583,4.768427673447804,0.10174805712668314,0.1015765694961813,0.05109258238480031,0.04778186366516418,0.32777602234223546,0.3637219640105367
584,4.768427673447804,0.10174803275604624,0.1015765420331905,0.051092098944762965,0.047784257664350994,0.327767620990552,0.3636986964131626
585,4.768427673447804,0.10174800844916661,0.101576514642047,0.05109161676947746,0.04778665941447018,0.3277596330312706,0.3636754896873222
586,4.768427673447804,0.10174798420576782,0.10157648732243936,0.05109113585346082,0.047789068869856524,0.32774933964044817,0.36365234356912424
587,4.768427673447803,0.10174796002557515,0.10157646007405795,0.05109065619126321,0.04779148598515185,0.32774016363929886,0.36362925779627253
588,4.768427673447803,0.10174793590831553,0.10157655842713588,0.051090177777467695,0.0477939107153026,0.32772973799454147,0.36360623210805393
589,4.768427673447803,0.10174791185371752,0.10157653121046574,0.05108970060668997,0.04779634301555725,0.3277161027227634,0.3635832662453258
590,4.768427673447804,0.10174788786151134,0.1015765040643891,0.051089224673578106,0.047798782841463924,0.32770228983079724,0.36356035995050406
591,4.768427673447804,0.1017478639314288,0.1015764769886025,0.0510887499728123,0.04780151001469541,0.32768623505763406,0.363537512967551
592,4.768427673447804,0.10174784006320335,0.10157644998280435,0.05108827649910465,0.04780424390213667,0.32767035028681274,0.3635147250419635
593,4.768427673447804,0.10174781625657,0.10157642304669483,0.05108797025858594,0.04780698446331901,0.32765379567172204,0.3634919959207614
594,4.768427673447804,0.10174779251126538,0.1015763961799759,0.05108749907926357,0.047809731658045286,0.3276356558542493,0.36346932535247545
595,4.768427673447804,0.10174776882702764,0.10157636938235134,0.05108702911169479,0.047812367320236616,0.327617665276123,0.36344671308713605
596,4.768427673447804,0.10174774520359654,0.10157634265352672,0.051086560350715245,0.04781500983965892,0.32759878667253023,0.36342415887626156
597,4.768427673447804,0.10174772164071337,0.10157631599320927,0.05108609279119124,0.047817659175626005,0.3275765299657977,0.3634016624728472
598,4.768427673447804,0.10174769813812092,0.10157628940110801,0.05108596425985116,0.04782031528772216,0.3275537634440678,0.36337922363135366
599,4.768427673447804,0.10174769686529112,0.1015762628769337,0.05108549879741537,0.04782297813579996,0.3275312968834534,0.36335684210769587
600,4.768427673447804,0.10174767346348045,0.10157623642039876,0.051085034521956806,0.04782564767997806,0.3275090360180159,0.36333451765923214
601,4.768427673447804,0.10174765012124654,0.10157621003121736,0.0510845714284591,0.047828323880639165,0.3274855206153366,0.3633122500447532
602,4.768427673447804,0.10174762683833803,0.1015761837091053,0.051084109511935455,0.04783077452397089,0.3274583290509182,0.3632900390244712
603,4.768427673447804,0.10174760361450502,0.10157615745378011,0.05108371126646305,0.047833232334428606,0.32743291070097497,0.36326788436000906
604,4.768427673447804,0.10174758044949912,0.10157613126496094,0.05108325163574516,0.04783569727069718,0.3274063510255166,0.36324578581438993
605,4.768427673447805,0.10174755734307336,0.10157610514236859,0.051082793167350864,0.04783816929173166,0.32737820125525613,0.36322374315202655
606,4.768427673447804,0.10174753429498223,0.1015760790857255,0.05108251505211513,0.047840648356755076,0.32734990219461896,0.36320175613871075
607,4.768427673447804,0.10174751130498166,0.10157605309475573,0.05108205874173111,0.047843134425256395,0.3273230828998707,0.3631798245416033
608,4.768427673447804,0.10174748837282899,0.10157602716918497,0.051081603579524494,0.04784562745698835,0.3272977876048361,0.3631579481292235
609,4.768427673447804,0.10174746549828298,0.10157600130874048,0.05108126372204609,0.04784809747637715,0.3272707330402686,0.3631361266714389
610,4.768427673447803,0.10174744268110379,0.1015759755131511,0.051080810745472785,0.04785059604895754,0.32724334350712714,0.3631143599394556
611,4.768427673447803,0.101747419921053,0.10157594978214732,0.051080358903037096,0.04785310148628451,0.3272155617221921,0.3630926477058081
612,4.768427673447803,0.10174739721789354,0.1015759241154611,0.051079908190032774,0.0478556137490594,0.32718649097389957,0.36307098974434915
613,4.768427673447804,0.1017473745713897,0.10157589851282597,0.05107945860178083,0.04785813279823763,0.32715839984815853,0.36304938583024027
614,4.768427673447804,0.10174735198130719,0.10157587297397705,0.051079010133629296,0.04786065859502666,0.3271278403092745,0.3630278357399421
615,4.768427673447804,0.101747329447413,0.10157584749865092,0.05107867465068612,0.04786319110088402,0.3270960439100195,0.3630063392512043
616,4.768427673447804,0.10174730696947552,0.10157582208658572,0.05107822831536997,0.0478657482779419,0.32706377608317155,0.3629848961430568
617,4.768427673447804,0.10174728454726444,0.10157595953018969,0.05107778308659037,0.04786831204309973,0.3270299267965693,0.3629635061957995
618,4.768427673447803,0.10174726218055077,0.10157593410822836,0.05107733895980053,0.047870882358737,0.3269949824496336,0.36294216919099365
619,4.768427673447803,0.10174723986910685,0.10157590874908652,0.051076895930479746,0.04787345918747455,0.326957753888912,0.362920884911452
620,4.768427673447803,0.1017472176127063,0.10157588345250688,0.05107645399413315,0.04787604249217262,0.3269217700811119,0.36289965314123007
621,4.768427673447803,0.10174719541112408,0.10157585821823363,0.05107601314629157,0.04787863223592906,0.32688266121557613,0.3628784736656166
622,4.768427673447803,0.10174717326413636,0.10157583304601238,0.05107557338251129,0.04788122838207744,0.3268453494764027,0.36285734627112476
623,4.768427673447804,0.10174715117152065,0.10157580793559025,0.05107513469837393,0.04788383089418524,0.3268105546697285,0.3628362707454834
624,4.768427673447803,0.10174712913305571,0.10157578288671576,0.0510746970894862,0.04788643973605207,0.32677541658663545,0.36281524687762773
625,4.768427673447803,0.10174710714852153,0.10157575789913886,0.05107426055147975,0.047889054871707824,0.32673887400209217,0.36279427445769086
626,4.768427673447803,0.10174708521769933,0.10157573297261092,0.05107382508001097,0.04789167626541095,0.3267031962545355,0.36277335327699484
627,4.768427673447803,0.10174706334037167,0.10157570810688474,0.05107339067076085,0.04789430388164667,0.3266671437342684,0.3627524831280425
628,4.768427673447804,0.10174704151632222,0.10157568330171445,0.05107313904140905,0.04789693768512525,0.326632792007752,0.3627316638045081
629,4.768427673447804,0.1017470197453359,0.10157565855685563,0.051072706595012604,0.04789957764078025,0.3265972787072765,0.3627108951012297
630,4.768427673447803,0.10174699802719889,0.10157563387206522,0.05107227519838439,0.04790222371376684,0.32656199312737605,0.36269017681420024
631,4.768427673447803,0.10174697636169852,0.10157560924710153,0.05107184484730047,0.047903578689618934,0.3265254793740903,0.36266950874055925
632,4.768427673447803,0.10174695474862336,0.10157558468172422,0.05107141553756056,0.047904942852627884,0.3264873717756319,0.3626488906785847
633,4.768427673447804,0.10174693318776312,0.10157556017569427,0.05107125483756959,0.047906316156013894,0.32644856263589667,0.36262832242768483
634,4.768427673447804,0.1017469116789087,0.10157553572877404,0.05107082738077761,0.047907698553282516,0.32641052305897017,0.36260780378838986
635,4.768427673447804,0.10174689022185218,0.10157551134072719,0.05107040095339254,0.047909089998222486,0.32637309379945384,0.36258733456234415
636,4.768427673447804,0.1017468688163868,0.10157548701131873,0.05106997555130515,0.04791049044490363,0.3263367353622902,0.3625669145522982
637,4.768427673447804,0.10174684746230693,0.10157596796633368,0.0510695511704291,0.047911899847674716,0.3263014085409182,0.36254654356210053
638,4.768427673447804,0.10174682615940808,0.1015759433459347,0.05106912780670075,0.047913318161161435,0.3262673522373935,0.3625262213966901
639,4.768427673447803,0.10174680490748696,0.10157591878445218,0.051068705456079035,0.04791474534026429,0.32623458349909173,0.3625059478620884
640,4.768427673447803,0.1017467837063413,0.10157589428165242,0.05106828411454525,0.047914843396721654,0.32619756701191754,0.3624857227653917
641,4.768427673447802,0.10174676255577003,0.10157586983730299,0.05106786377810296,0.047914881356767525,0.32615689123492825,0.36246554591476376
642,4.768427673447803,0.10174674145557316,0.10157584545117278,0.05106744444277779,0.0479149209910748,0.3261169021366119,0.3624454171194277
643,4.768427673447802,0.10174672040555184,0.10157582112303191,0.05106702610461727,0.04791497267544995,0.3260780445603286,0.362425336189659
644,4.768427673447803,0.10174704028556093,0.10157579685265182,0.05106660875969072,0.047915874468291084,0.3260383547559401,0.36240530293677775
645,4.768427673447803,0.1017470190633366,0.10157577263980519,0.05106619240408904,0.04791678621074807,0.3259996772831063,0.36238531717314143
646,4.768427673447803,0.10174699789134137,0.10157574848426593,0.05106577703392461,0.04791789286051095,0.3259605548481532,0.3623656354788024
647,4.768427673447803,0.10174697676937816,0.10157572438580915,0.05106536264533111,0.047919008925919736,0.3259210711923705,0.36234619178012195
648,4.768427673447803,0.10174695569725101,0.1015757003442113,0.05106494923446339,0.04792013436072826,0.3258774297379329,0.36232634680927284
649,4.768427673447803,0.10174693467476496,0.10157567635924995,0.051064653478198906,0.04792126911896481,0.3258315504355318,0.36230654858864436
650,4.768427673447802,0.10174691370172619,0.10157565243070396,0.051064351835807105,0.04792241315493014,0.32578413419721025,0.36228679693566723
651,4.768427673447802,0.10174689277794186,0.10157562855835332,0.05106397210403484,0.047923566423195466,0.32573807579980907,0.3622670916687665
652,4.7684276734478015,0.10174691324876979,0.10157560474197927,0.05106356236301279,0.047924728878600484,0.3256918015261718,0.3622474326073549
653,4.7684276734478015,0.10174689239034364,0.10157558098136424,0.051063153581278255,0.04792590047625144,0.32564250489704444,0.3622278195718255
654,4.7684276734478015,0.10174687158067594,0.10157555727629176,0.051062745755108094,0.04792708117151919,0.3255942901896073,0.36220825238354526
655,4.768427673447802,0.10174685081957778,0.10157553362654669,0.051062338880799335,0.04792827092003726,0.32554715643786614,0.36218873086484826
656,4.7684276734478015,0.1017468301068612,0.10157551003191488,0.051061932954669,0.04792945661854677,0.32549977723942364,0.36216925483902873
657,4.768427673447802,0.1017468094423393,0.10157548649218344,0.051061527973054036,0.04793065131274035,0.3254499696502707,0.36214982413033464
658,4.768427673447802,0.10174678882582616,0.10157546300714058,0.05106112393231106,0.047931854958910974,0.32539857678858963,0.3621304385639611
659,4.7684276734478015,0.1017467682571369,0.10157543957657568,0.05106072082881635,0.047933067513607444,0.3253474072267781,0.36211109796604346
660,4.7684276734478015,0.10174674773608759,0.10157541620027923,0.05106039544436728,0.04793428893363252,0.3252964851743146,0.3620918021636515
661,4.7684276734478015,0.10174672726249531,0.10157539287804287,0.051059994144818294,0.047935519176041066,0.32524311097052905,0.36207255098478225
662,4.7684276734478015,0.1017467068361781,0.10157536960965935,0.05105959377190059,0.04793675819813827,0.32518931060231515,0.3620533442583541
663,4.7684276734478015,0.10174668645695505,0.1015753463949225,0.05105919432206697,0.04793682998404057,0.32513219109306335,0.3620341818142004
664,4.768427673447802,0.10174666612464607,0.10157532323362725,0.05105879579178917,0.04793691317214219,0.32507448300739705,0.3620150634830629
665,4.7684276734478015,0.10174664583907217,0.10157530012556967,0.05105839817755774,0.04793700771015678,0.3250143071969116,0.3619959890965859
666,4.7684276734478015,0.10174662560005523,0.10157527707054688,0.0510580014758819,0.04793711354609623,0.3249526418506921,0.36197695848731004
667,4.7684276734478015,0.10174660540741813,0.10157525406835709,0.05105760568328945,0.047937230628268525,0.3248896917228602,0.36195797148866593
668,4.7684276734478015,0.10174658526098465,0.10157523111879957,0.05105721079632661,0.047937358905275694,0.32482629189018986,0.36193902793496824
669,4.768427673447802,0.10174656516057952,0.10157520822167466,0.05105681681155787,0.0479374983260117,0.3247633853596001,0.3619201276614097
670,4.7684276734478015,0.10174654510602837,0.10157518537678378,0.051056423725565944,0.047937648839660396,0.3247000010419177,0.36190127050405513
671,4.7684276734478015,0.10174652509715781,0.10157516258392935,0.05105603153495159,0.0479378103956935,0.32463480950568624,0.36188245629983545
672,4.768427673447802,0.10174650513379532,0.10157513984291487,0.05105564023633348,0.04793798294386854,0.3245699086959777,0.361863684886542
673,4.7684276734478015,0.1017464852157693,0.10157511715354485,0.05105524982634812,0.04793816643422689,0.32450643286906433,0.3618449561028204
674,4.7684276734478015,0.10174646534290904,0.10157509451562485,0.0510548603016497,0.04793836081709174,0.3244432462722993,0.3618262697881652
675,4.7684276734478015,0.10174644551504476,0.10157507192896145,0.05105447165890998,0.047938566043066164,0.32437948971110886,0.36180762578291364
676,4.768427673447802,0.10174642573200754,0.10157504939336226,0.05105414191328601,0.04793878206303114,0.32431512960525,0.3617890239282405
677,4.768427673447802,0.10174642495737662,0.10157502690863582,0.051053923098249375,0.04793900882814362,0.3242510723695608,0.36177046406615226
678,4.768427673447802,0.10174640524910723,0.10157500447459177,0.05105353691011015,0.047939246289834585,0.32418480178172043,0.3617519460394813
679,4.7684276734478015,0.10174638558519582,0.10157498209104067,0.051053151591175995,0.047939494399807187,0.3241178068102667,0.36173346969188064
680,4.7684276734478015,0.10174636596547686,0.10157495975779413,0.05105276713820333,0.04793975311003483,0.32404823360565843,0.36171503486781836
681,4.7684276734478015,0.10174634638978568,0.10157493747466469,0.05105238354796547,0.047940022372759294,0.3239804166330775,0.36169664141257224
682,4.7684276734478015,0.10174632822913086,0.10157500878577792,0.051052000817252495,0.04794030214048886,0.32391251096872686,0.3616790518466367
683,4.7684276734478015,0.10174630873997242,0.101574986531902,0.051051618942871156,0.047940592365996515,0.3238420397644001,0.361661056720378
684,4.7684276734478015,0.1017462892943552,0.10157496432774402,0.05105152748959592,0.04794089403454697,0.32377165296963417,0.36164284816108166
685,4.7684276734478015,0.10174626989211791,0.1015749421731198,0.05105114710101628,0.04794120606490545,0.32369929923162116,0.3616246177938768
686,4.7684276734478015,0.10174625053310009,0.10157492006784612,0.05105076755977151,0.047941528410636605,0.32362449697165663,0.36160642803574
687,4.7684276734478015,0.1017462695467152,0.10157489801174072,0.05105038886273211,0.04794186102556244,0.32354730576876073,0.3615882797711457
688,4.7684276734478015,0.10174625024501552,0.10157487600462227,0.05105025802842149,0.04794220554992383,0.32346994048865724,0.361570170781194
689,4.7684276734478015,0.10174623098612241,0.10157485404631038,0.05104988082614718,0.04794252704485966,0.3233898744742899,0.3615521019526745
690,4.768427673447801,0.10174621176987848,0.10157483213662558,0.05104967505890958,0.047942858741786686,0.3233101776232018,0.36153407313790653
691,4.7684276734478015,0.10174619259612713,0.10157481027538931,0.05104929939728706,0.047943200595282724,0.32323071696696765,0.36151608418996706
692,4.7684276734478015,0.10174617346471256,0.10157478846242395,0.05104909521495928,0.047943552560175656,0.32315020096669417,0.3614981349626855
693,4.7684276734478015,0.10174615437547974,0.10157476669755275,0.051048721082676406,0.04794391459154167,0.3230683243646871,0.3614802253106389
694,4.768427673447802,0.10174613532827449,0.1015747490777114,0.05104834777409705,0.047944286644703585,0.32298528567328405,0.3614623550891472
695,4.7684276734478015,0.10174611632294339,0.10157472740547156,0.05104797528621427,0.04794466867522921,0.3229033392514813,0.361444524154268
696,4.7684276734478015,0.1017461253165009,0.10157470578080777,0.05104760361603642,0.04794506063892961,0.32281996327150686,0.361426732362792
697,4.7684276734478015,0.10174610637384272,0.10157468420354683,0.051047232760587084,0.04794546249185753,0.32273741271036055,0.3614089795722383
698,4.7684276734478015,0.10174608747264821,0.10157466267351646,0.05104686271690493,0.047945874190305694,0.32265593929639275,0.3613912656408492
699,4.7684276734478015,0.10174606861276689,0.10157464119054524,0.05104649348204369,0.04794629569080523,0.3225740923823966,0.36137359042758616
700,4.7684276734478015,0.101746049794049,0.1015746197544626,0.05104612505307196,0.04794672695012402,0.3224918431031684,0.3613559537921244
701,4.7684276734478015,0.10174603101634559,0.10157459836509886,0.051045832046006406,0.04794716792526514,0.322410743569438,0.36133835559484884
702,4.7684276734478015,0.10174601227950845,0.10157457702228517,0.051045465165445204,0.04794761857346525,0.322330579627462,0.3613207956968494
703,4.7684276734478015,0.10174599358339008,0.10157455572585355,0.051045099082186664,0.04794807885219306,0.32225044271835734,0.3613032739599159
704,4.7684276734478015,0.10174597492784375,0.10157453447563687,0.05104473379335767,0.04794854871914769,0.3221694117675599,0.3612857902465344
705,4.7684276734478015,0.10174595631272351,0.10157451327146884,0.051044568322192445,0.04794902813225725,0.32208883001595356,0.36126834441988204
706,4.768427673447801,0.10174593773788405,0.10157449211318399,0.051044204468777464,0.047949517527859364,0.32200879099534235,0.3612509363438227
707,4.768427673447801,0.10174591920318088,0.10157447100061767,0.051043841401572115,0.04795001638511993,0.32192896245098085,0.36123356588290306
708,4.768427673447801,0.10174590070847014,0.10157444993360609,0.051043479117759395,0.04795052466264832,0.3218488856102329,0.3612162329023475
709,4.768427673447801,0.10174588225360878,0.10157442891198624,0.05104311761453639,0.04795104231927677,0.3217707926288832,0.3611989372680543
710,4.768427673447801,0.10174586383845441,0.10157440793559595,0.05104275688911417,0.04795156931405884,0.32169338618469584,0.3611816788465909
711,4.768427673447801,0.10174584546286537,0.10157438700427388,0.05104239693871771,0.04795210560626801,0.3216155756211461,0.36116445750519
712,4.7684276734478,0.10174582712670069,0.10157436611785939,0.0510420377605858,0.04795265115539615,0.3215373582572936,0.36114727311174516
713,4.768427673447801,0.10174580882982012,0.10157434527619279,0.051041679351970945,0.04795320592115214,0.32145885598909363,0.36113012553480633
714,4.768427673447801,0.10174579057208408,0.10157432447911507,0.05104132171013929,0.04795377798708505,0.3213803120819873,0.3611130146435763
715,4.768427673447801,0.1017457723533537,0.10157430372646806,0.05104096483237055,0.047954359172353446,0.32130181981608275,0.36109594030790576
716,4.768427673447801,0.10174575417349083,0.10157428301809433,0.05104060871595787,0.04795494943737001,0.32122395652868074,0.36107890239828966
717,4.768427673447801,0.10174573603235793,0.10157426235383726,0.05104025335820781,0.047955548742758425,0.3211472207169199,0.36106190078586325
718,4.768427673447801,0.10174571792981818,0.101574241733541,0.05103989875644019,0.0479561557955049,0.32107130303618003,0.36104493534239746
719,4.768427673447801,0.10174569986573545,0.10157422115705048,0.051039544907988045,0.04795677181316163,0.3209933973353059,0.3610280059402955
720,4.7684276734478,0.10174571168935617,0.10157420062421135,0.051039191810197566,0.047957396756967564,0.32091557389975006,0.36101111245258843
721,4.768427673447801,0.10174569368051065,0.10157418013487007,0.051038839460427955,0.04795803058836719,0.32083625548767025,0.36099425475293145
722,4.7684276734478,0.10174567570976269,0.10157415968887383,0.0510384878560514,0.047958673269009156,0.32075601316403934,0.3609774327155998
723,4.7684276734478,0.10174565777697865,0.10157413928607055,0.051038136994452935,0.04795932476074499,0.3206743597264467,0.3609606462154849
724,4.7684276734478,0.10174563988202552,0.10157411892630892,0.05103778687303043,0.04795998502562775,0.3205908271348719,0.3609438951280906
725,4.7684276734478,0.10174562202477096,0.10157409860943839,0.051037437489194454,0.047960654025910675,0.32050914660744184,0.36092717932952917
726,4.7684276734478,0.10174560420508326,0.10157407833530908,0.051037088840368214,0.04796133172404592,0.3204250807569355,0.36091049869651753
727,4.7684276734478,0.10174558642283137,0.1015740581037719,0.051036740923987474,0.04796201808268327,0.32033979597407486,0.36089385310637356
728,4.768427673447799,0.10174556867788485,0.10157403791467848,0.051036393737500484,0.04796259892538373,0.3202532370690613,0.36087724243701225
729,4.768427673447799,0.10174555097011395,0.10157401776788112,0.05103604727836791,0.04796316863909378,0.3201660741108435,0.36086066656694205
730,4.768427673447799,0.10174553329938948,0.1015739976632329,0.051035701544062735,0.04796374718246549,0.32007669426368474,0.36084412537526095
731,4.768427673447799,0.10174551566558294,0.10157397760058756,0.05103535653207018,0.04796433451795473,0.3199883157859021,0.36082761874165337
732,4.768427673447799,0.10174549806856639,0.10157395757979959,0.05103501223988763,0.047964930608213364,0.3198995206574236,0.3608111465463856
733,4.7684276734478,0.10174548050821254,0.10157393760072417,0.05103466866502461,0.04796553541608793,0.31981092373415115,0.36079470867030305
734,4.7684276734478,0.10174555480986854,0.10157391766321716,0.05103432580500263,0.04796614890461847,0.319721279258994,0.36077908685901305
735,4.7684276734478,0.10174553725828785,0.10157389776713514,0.05103411953490236,0.04796677103703722,0.3196327250809783,0.3607627167197234
736,4.768427673447799,0.10174551974312479,0.10157387791233535,0.05103377800234657,0.04796740177676741,0.3195433218376124,0.3607463805467257
737,4.7684276734478,0.10174550226425408,0.10157388240677118,0.05103343717746426,0.04796804108742202,0.3194543376252274,0.3607300782231411
738,4.7684276734478,0.101745484821551,0.10157386261719252,0.05103309705782364,0.04796868893280256,0.31936496970562167,0.36071380963265165
739,4.7684276734478,0.10174546741489145,0.10157384286850696,0.05103275764100457,0.0479693452768979,0.31927487187669695,0.36069757465949714
740,4.768427673447801,0.10174545004415188,0.10157382316057435,0.051032418924598484,0.047970010083883,0.3191835887694017,0.36068137318847177
741,4.768427673447801,0.1017454327092094,0.10157380349325522,0.05103208090620835,0.04797068331811779,0.31909230801140315,0.3606652051049203
742,4.768427673447801,0.10174541540994161,0.10157378386641076,0.05103174358344858,0.047971307291965165,0.3189991853854565,0.36064907029473514
743,4.768427673447801,0.1017453981462268,0.10157376427990283,0.05103140695394493,0.04797193974081732,0.318903130274202,0.36063296864435285
744,4.7684276734478,0.10174538091794376,0.10157377842564708,0.05103107101533452,0.0479725806291781,0.31880633879156245,0.36061690004075075
745,4.7684276734478,0.10174536372497192,0.10157378288474087,0.051030735765265664,0.047973229921733564,0.3187094928595611,0.3606008643714436
746,4.7684276734478,0.10174534656719121,0.10157376337872805,0.05103040120139785,0.04797388758335081,0.31861071112381434,0.36058486152448044
747,4.768427673447799,0.10174532944448221,0.10157374391258686,0.05103006732140169,0.047974553579076824,0.31851175110754193,0.3605688913884412
748,4.768427673447799,0.101745312356726,0.10157372448618218,0.051029734122958796,0.04797522787413735,0.31841125399723097,0.36055295385243374
749,4.7684276734478,0.10174529530380425,0.10157370509937942,0.051029401603761765,0.04797577598409059,0.31830930263396107,0.36053704880609017
750,4.7684276734478,0.10174527828559916,0.10157370927015717,0.05102906976151409,0.04797574130040958,0.31820698907270567,0.3605211761395641
751,4.768427673447799,0.10174526130199354,0.10157368994607627,0.0510287385939301,0.047975716287751886,0.3181041636418836,0.3605053357435273
752,4.768427673447799,0.10174524435287073,0.10157367066123016,0.051028408098734886,0.04797570090707366,0.31800038307481554,0.3604895275091666
753,4.768427673447799,0.10174522743811461,0.10157365141548673,0.05102807827366426,0.04797569511952766,0.317897282184508,0.36047375132818077
754,4.768427673447799,0.1017452105576096,0.1015736322087145,0.051027749116464655,0.04797569888646196,0.3177938840105902,0.36045800709277753
755,4.768427673447798,0.10174519371124066,0.10157361304078256,0.05102742062489307,0.04797572678006212,0.317689849170682,0.36044229469567024
756,4.768427673447798,0.10174517689889333,0.10157359391156069,0.051027092796717036,0.04797576412191352,0.3175849486515506,0.3604266140300751
757,4.768427673447799,0.10174516012045363,0.10157357482091917,0.05102676562971451,0.04797581087404186,0.3174798247860549,0.36041118171904046
758,4.768427673447799,0.10174514337580814,0.10157355576872898,0.05102643912167386,0.04797586699866294,0.31737415390962515,0.3603955640513075
759,4.768427673447799,0.10174512666484398,0.10157353675486167,0.051026113270393754,0.04797593245818148,0.3172677756207039,0.36037997779801695
760,4.7684276734478,0.10174510998744878,0.10157351777918937,0.05102578807368313,0.04797600721518986,0.3171601371622351,0.3603644228543648
761,4.7684276734478,0.10174509334351067,0.10157349884158486,0.05102546352936113,0.04797609123246709,0.3170503378492798,0.3603488991160352
762,4.7684276734478,0.10174507673291837,0.10157347994192142,0.05102513963525703,0.04797618447297752,0.31693939843640084,0.3603334064791971
763,4.7684276734478,0.10174506015556105,0.10157346108007304,0.05102481638921018,0.047976286899869804,0.31682782394882353,0.3603179448405016
764,4.7684276734478,0.1017450436113284,0.10157344225591416,0.051024493789069945,0.04797639847647568,0.3167160854037866,0.3603025140970789
765,4.7684276734478,0.10174502710011066,0.10157342346931993,0.05102417183269566,0.04797630707492224,0.316603389348506,0.3602871141465357
766,4.7684276734478,0.10174501062179857,0.10157340472016597,0.05102385051795656,0.04797622517297317,0.3164900333389026,0.36027174488695196
767,4.7684276734478,0.10174499417628334,0.10157338600832855,0.051023529842731716,0.04797615873678758,0.3163763965911891,0.3602564062168786
768,4.7684276734478,0.10174497776345671,0.10157336733368447,0.05102320980490997,0.047976101713412385,0.3162611982813688,0.3602413836958368
769,4.7684276734478,0.10174498141551053,0.10157334869611111,0.051022890402389914,0.04797605406573318,0.31614596369953935,0.36022626583253387
770,4.7684276734478,0.1017449650543832,0.10157333009548643,0.051022571633079786,0.0479755495906109,0.3160298386549049,0.36021101802989686
771,4.7684276734478,0.10174494872564907,0.10157331153168889,0.05102225349489743,0.047975055340459906,0.3159129374500145,0.3601958004162132
772,4.7684276734478,0.10174493242920178,0.10157329300459758,0.05102193598577027,0.047974878488683204,0.31579685915648276,0.36018061289234404
773,4.768427673447799,0.10174491616493543,0.10157327451409214,0.0510216191036352,0.04797471117620946,0.3156792976236223,0.3601654553596046
774,4.768427673447799,0.10174489993274463,0.10157325606005269,0.051021302846438576,0.04797455336581028,0.3155615666183985,0.36015032771976185
775,4.768427673447799,0.10174488373252444,0.10157323764235997,0.05102098721213613,0.047974405020439106,0.3154450656627698,0.36013522987503166
776,4.768427673447798,0.10174486756417041,0.10157321926089523,0.051020675898214594,0.04797426610323002,0.3153279184037257,0.3601206902933843
777,4.768427673447798,0.10174485142757858,0.10157320091554028,0.0510203615011611,0.04797413657749676,0.3152108640038867,0.3601060783351907
778,4.768427673447799,0.10174483532264547,0.10157318260617747,0.05102004772092955,0.047974016406731546,0.3150937260945011,0.36009130629684194
779,4.768427673447799,0.10174481924926805,0.10157316433268966,0.051019734555512654,0.04797390555460405,0.31497774001474715,0.36007632587812755
780,4.768427673447798,0.10174480320734375,0.10157314609496022,0.05101960085010333,0.04797382505119227,0.3148620272443309,0.3600613747737853
781,4.768427673447799,0.10174478719677048,0.10157312789287314,0.05101928879079823,0.047973797053873286,0.31474571401739826,0.36004645288866527
782,4.768427673447798,0.1017447712174466,0.10157310972631282,0.0510189773405698,0.04797377814170398,0.3146286003065543,0.36003156012804866
783,4.768427673447798,0.10174475526927097,0.10157309159516431,0.05101866649744617,0.047973768279459574,0.3145119921807717,0.3600166963976449
784,4.768427673447798,0.10174473935214284,0.10157307349931308,0.05101835625946437,0.047972921628596725,0.31439510593327874,0.3600018616035896
785,4.768427673447799,0.101744723465962,0.10157305543864513,0.05101804662467027,0.04797208560219314,0.3142791692827517,0.35998705565244166
786,4.768427673447798,0.1017447076106286,0.10157303741304702,0.051017737591118564,0.04797126016022843,0.31416139218887096,0.3599722784511812
787,4.768427673447798,0.10174469178604331,0.10157301942240579,0.051017429156872685,0.04797044526287337,0.31404261635778485,0.35995752990720686
788,4.768427673447798,0.10174467599210718,0.10157300146660896,0.05101712132000479,0.047969640870488744,0.31392382446240963,0.35994280992833355
789,4.768427673447798,0.10174466022872179,0.10157298354554462,0.05101681407859567,0.04796884694362421,0.3138041442310484,0.35992811842279004
790,4.768427673447799,0.10174464449578909,0.1015729656591013,0.05101650743073475,0.04796806344301718,0.313683450310521,0.3599134552992164
791,4.768427673447799,0.1017446287932115,0.10157294780716808,0.05101620137451996,0.047967290329591655,0.3135623671388129,0.35989882046666183
792,4.768427673447799,0.10174461312089186,0.1015729299896345,0.05101589590805777,0.047966527564457254,0.31344122264498675,0.35988421383458225
793,4.768427673447799,0.10174459747873345,0.1015729122063906,0.05101559102946311,0.04796577510890796,0.31331929247300966,0.35986963531283783
794,4.768427673447799,0.10174458186664001,0.10157289445732694,0.05101528673685931,0.047965032924421135,0.31319748901859373,0.3598550848116911
795,4.768427673447799,0.10174456628451568,0.10157288657425523,0.05101498302837805,0.04796430097265639,0.313075267428016,0.35984056224180405
796,4.768427673447799,0.10174455073226502,0.10157286888688769,0.05101467990215934,0.047963579215454515,0.312952964275337,0.3598260675142362
797,4.768427673447799,0.101744535209793,0.10157285123338702,0.05101437735635143,0.04796252734064526,0.312831718016977,0.3598116005404424
798,4.768427673447799,0.10174451971700507,0.10157283361364568,0.05101428441096256,0.04796148623533617,0.3127105816647637,0.3597971612322705
799,4.7684276734478,0.10174450425380709,0.10157281602755655,0.0510139828862264,0.047960455859841024,0.31258803494449267,0.3597827495019589
800,4.768427673447799,0.10174448882010524,0.10157279847501303,0.051013681936651005,0.04795937279093972,0.31246466660267624,0.3597683652621345
801,4.768427673447799,0.10174447341580624,0.10157278095590896,0.05101338156041643,0.04795830049378978,0.3123424245355743,0.35975400842581073
802,4.768427673447799,0.10174445804081718,0.10157276347013869,0.05101308175571077,0.047957169630213084,0.3122205769691542,0.3597396789063849
803,4.768427673447799,0.10174444269504551,0.10157274601759696,0.051012782520730084,0.04795541757933267,0.3120975956284684,0.35972537661763626
804,4.768427673447799,0.10174442737839914,0.10157272859817905,0.051012561327376804,0.04795367751301079,0.31197502010447015,0.359711101473724
805,4.768427673447799,0.10174441209078637,0.10157271121178066,0.05101226317709036,0.04795192076404842,0.3118517957708001,0.3596968533891847
806,4.768427673447799,0.1017443968321159,0.10157269385829798,0.0510119655912581,0.04795017596773038,0.31172888415393707,0.3596826322789307
807,4.768427673447798,0.10174438160229685,0.10157267653762762,0.051011668568107314,0.04794844380504007,0.3116050358864936,0.35966843805824755
808,4.768427673447799,0.10174436640123871,0.10157265924966666,0.05101137210587307,0.047946723507976886,0.3114804984858465,0.35965427064279204
809,4.768427673447799,0.10174435122885138,0.10157264199431265,0.051011076202798177,0.047945015034016165,0.31135676103087473,0.3596401299485903
810,4.768427673447799,0.10174433608504516,0.10157262477146355,0.05101078085713308,0.04794331834082912,0.31123394880801325,0.3596260158920354
811,4.768427673447799,0.10174432096973073,0.10157260758101777,0.051010486067135895,0.04794164040106597,0.311111009205828,0.3596119283898857
812,4.768427673447799,0.10174430588281917,0.10157259042287421,0.05101019183107234,0.04793997414482076,0.31098911260585976,0.35959786735926247
813,4.768427673447798,0.10174429082422194,0.10157257329693214,0.05100989814721568,0.04793831953038671,0.3108678577745919,0.3595838327176479
814,4.768427673447799,0.1017442757938509,0.10157255620309134,0.05100960501384669,0.04793667651624826,0.3107474022146235,0.3595701999330893
815,4.768427673447799,0.10174426079161823,0.10157253914125197,0.051009312429253606,0.047935045061079984,0.31062592710344283,0.35955640456873783
816,4.768427673447799,0.1017442458174366,0.10157252211131465,0.0510090275647635,0.04793359343291293,0.3105044489678521,0.3595424482491515
817,4.768427673447799,0.10174423087121898,0.10157250511318042,0.051008880770589037,0.047932152967317045,0.310383012837184,0.3595285179927326
818,4.768427673447799,0.10174421595287872,0.10157248814675075,0.05100858972689435,0.04793072362450458,0.31026203515041145,0.3595146137187363
819,4.7684276734478,0.10174420106232958,0.10157247121192756,0.05100829922537983,0.0479293053648694,0.31013998346724014,0.35950073534676685
820,4.7684276734478,0.10174418619948568,0.10157245430861314,0.05100800926436991,0.04792789814898592,0.3100170307101354,0.35948688279677565
821,4.7684276734478,0.10174417136426149,0.10157243743671025,0.05100771984219622,0.04792650193760814,0.3098924211766217,0.3594730559890594
822,4.768427673447799,0.10174415655657185,0.10157242059612205,0.051007430957197626,0.04792511669166855,0.309768718229921,0.35945925484425806
823,4.768427673447799,0.101744141776332,0.10157240378675213,0.0510071426077201,0.0479237423722772,0.30964495364132955,0.3594454792833531
824,4.768427673447799,0.10174412702345748,0.10157238700850445,0.0510070543647256,0.047922378940720586,0.30951973933094484,0.35943172922766536
825,4.7684276734478,0.10174411229786429,0.10157237026128345,0.051006945354899885,0.04792102635846073,0.3093942803272675,0.35941800459885365
826,4.7684276734478,0.1017440975994687,0.10157235354499394,0.05100665836752241,0.04791968458713418,0.3092665733092753,0.3594043053189123
827,4.7684276734478,0.1017440829281874,0.10157233685954115,0.051006371909553434,0.04791835358855096,0.3091396303109892,0.35939063131017
828,4.768427673447801,0.10174406828393741,0.10157232020483067,0.051006085979372756,0.04791703332469366,0.30901216643094753,0.35937698249528716
829,4.768427673447801,0.10174405366663608,0.10157230358076856,0.05100580057536711,0.04791572375771643,0.3088842857044871,0.3593633587972548
830,4.768427673447801,0.10174403907620115,0.10157228698726124,0.05100551569593011,0.04791442484994402,0.3087567751439063,0.3593497601393923
831,4.7684276734478,0.10174402451255068,0.10157227042421556,0.051005231339462206,0.04791313656387079,0.3086276938872643,0.3593361864453459
832,4.768427673447801,0.10174400997560314,0.10157225389153873,0.05100494750437066,0.04791185886215982,0.3084980172111948,0.35932263763908645
833,4.7684276734478,0.10174399546527725,0.10157223738913837,0.05100466418906951,0.04791059170764189,0.3083694514405457,0.3593091136449084
834,4.7684276734478,0.10174398098149218,0.10157222091692253,0.051004522005417254,0.04790933506331458,0.3082410409886309,0.35929561438742735
835,4.7684276734478,0.10174396652416734,0.10157220447479956,0.05100423963860996,0.047908088892341334,0.30811269871400293,0.35928213979157847
836,4.7684276734478,0.10174395209322257,0.1015721880626783,0.051003957787033004,0.047906853158050516,0.30798430516071235,0.35926868978261506
837,4.7684276734478,0.10174393768857799,0.1015721716804679,0.05100367644912663,0.047905627823934496,0.30785548697282933,0.3592552642861063
838,4.7684276734478,0.10174392331015408,0.1015721553280779,0.05100356694246478,0.04790441285364872,0.3077251688347551,0.3592418632279361
839,4.7684276734478,0.10174390895787168,0.10157213900541828,0.05100340537787788,0.047903208211010836,0.3075946705159595,0.35922848653430106
840,4.768427673447801,0.1017441315234627,0.10157212271239935,0.051003304381836374,0.047902013859999745,0.30746463676715124,0.3592151341317088
841,4.768427673447801,0.1017442137333356,0.1015721064489318,0.05100302479727002,0.04790082976475474,0.3073353290461096,0.3592019312754823
842,4.7684276734478,0.10174419925597503,0.10157209021492672,0.05100274571919162,0.04789965588957457,0.30720743174631054,0.3591886271594134
843,4.7684276734478,0.10174418480480987,0.10157207401029554,0.05100246714607888,0.047898502837901986,0.30708007417594135,0.35917534711589794
844,4.7684276734478,0.10174417037976152,0.10157205783495012,0.05100218907641594,0.04789735991613944,0.30695407623546855,0.3591620910726707
845,4.7684276734478,0.10174415598075165,0.10157204168880263,0.05100191150869323,0.04789622708911653,0.3068262253004626,0.3591488589577693
846,4.768427673447801,0.10174414160770229,0.1015720255717656,0.051001634441407526,0.047895104321818545,0.306697076255936,0.3591356506995324
847,4.768427673447801,0.10174412726053576,0.10157200948375199,0.0510013578730619,0.04789399157938569,0.3065671172010335,0.35912246622659816
848,4.768427673447801,0.10174411293917475,0.10157199342467504,0.0510011913745622,0.047892888827112144,0.30643777844647174,0.35910930546790276
849,4.768427673447801,0.10174409864354227,0.10157197739444845,0.051001157603860696,0.04789108560636301,0.3063069377572465,0.35909616835267877
850,4.7684276734478015,0.1017440843735616,0.1015719613929862,0.05100088231147818,0.0478892935815922,0.3061765972901025,0.3590830548104533
851,4.768427673447801,0.10174407012915637,0.10157194542020265,0.05100060751248997,0.04788748340092922,0.3060461835601703,0.35906996477104675
852,4.7684276734478015,0.10174405591025056,0.10157192947601254,0.051000333205428905,0.047885684392798736,0.3059140002998076,0.3590568981645712
853,4.7684276734478015,0.1017440417167684,0.10157191356033093,0.0510000593888339,0.04788389651933285,0.3057802489112076,0.3590438549214286
854,4.768427673447802,0.10174402754863449,0.10157189767307326,0.05099978606124998,0.047882119742828924,0.3056469631919676,0.3590308349723096
855,4.768427673447802,0.1017440134057737,0.10157188181415529,0.05099951322122813,0.04788035402574864,0.30551240796882484,0.35901783824819167
856,4.768427673447802,0.10174401110188523,0.1015718933156719,0.05099924086732536,0.04787870615650472,0.3053782000305886,0.35900486468033777
857,4.768427673447802,0.10174399700227992,0.10157187749683262,0.050999075168509246,0.04787706908198972,0.3052442111331318,0.3589919142002947
858,4.7684276734478015,0.10174398292773681,0.10157186170611153,0.05099880371910581,0.04787544276571438,0.3051100247086075,0.3589789867398919
859,4.768427673447802,0.10174396887818205,0.1015718459434257,0.050998601459274116,0.04787382717134787,0.3049766895952695,0.3589660822312397
860,4.768427673447802,0.10174395485354197,0.10157183020869254,0.050998330931373605,0.04787222226271701,0.3048442198279594,0.35895320060672775
861,4.768427673447802,0.10174394085374328,0.10157181450182981,0.05099809956060088,0.047870628003805364,0.3047119546766963,0.35894034179902373
862,4.7684276734478015,0.10174392687871298,0.1015717988227556,0.05099782996664655,0.04786904435875244,0.3045804806690009,0.35892750574107174
863,4.768427673447802,0.10174391292837837,0.10157178317138833,0.05099756084909954,0.047867471291852794,0.30444846050692237,0.3589146923660912
864,4.768427673447802,0.10174389900266703,0.10157176754764678,0.05099729220656301,0.04786590876755521,0.30431571137663455,0.3589019016075749
865,4.768427673447802,0.10174388510150686,0.10157175195145003,0.050997024037645826,0.04786435675046189,0.30418307278205997,0.3588891333992878
866,4.768427673447802,0.10174387122482603,0.1015717363827175,0.05099675634096256,0.04786281520532758,0.3040505578259573,0.3588763876752657
867,4.768427673447802,0.10174385737255301,0.10157172084136896,0.050996489115133437,0.0478610707059075,0.30391760571072013,0.3588636643698137
868,4.768427673447802,0.1017438435446166,0.10157170532732451,0.05099622235878429,0.04785933698331004,0.30378526426464014,0.3588509634175048
869,4.768427673447802,0.10174382974094583,0.10157171647763623,0.050995956070546564,0.04785718302603679,0.3036511151679407,0.35883828475317847
870,4.768427673447802,0.10174381596147004,0.10157170100226878,0.05099569024905728,0.047855040529380805,0.30351611778369997,0.35882562831193937
871,4.768427673447802,0.10174380220611888,0.10157168555399507,0.05099542489295897,0.04785290945556649,0.3033804295020657,0.35881299402915584
872,4.768427673447802,0.10174378847482225,0.10157167013273637,0.05099516000089971,0.047850789766979304,0.30324443404491336,0.35880038184045854
873,4.768427673447802,0.1017437747675104,0.10157170997462442,0.050994895571533035,0.04784868142616487,0.30310911076755637,0.35878779168173913
874,4.768427673447802,0.10174376108411376,0.10157169457477055,0.05099463160351795,0.04784658439582811,0.30297491255472286,0.358775223489149
875,4.768427673447803,0.10174374742456313,0.10157167920175394,0.05099436809551886,0.04784449863883243,0.302840267463566,0.35876267719909777
876,4.768427673447803,0.10174373378878955,0.101571663855497,0.0509941050462056,0.047842424118198855,0.3027056108457262,0.358750152748252
877,4.768427673447803,0.10174372017672434,0.10157164853592242,0.050993842454253334,0.047840360797105186,0.30257069743218823,0.3587376500735338
878,4.768427673447802,0.10174370658829908,0.10157163324295324,0.05099358031834259,0.047838308638885184,0.30243549306620743,0.3587251691121196
879,4.768427673447803,0.1017436930234457,0.10157161797651278,0.05099331863715923,0.04783626760702772,0.30230090314343566,0.35871270980143893
880,4.768427673447802,0.10174367948209632,0.10157160273652469,0.050993205130941875,0.04783423766517598,0.3021657062840002,0.35870027207917293
881,4.768427673447802,0.10174366596418336,0.10157158752291291,0.05099294553549021,0.04783221877712661,0.3020313070159169,0.358687855883253
882,4.768427673447802,0.10174365246963953,0.1015715723356017,0.05099268512414274,0.04783021090682894,0.3018964214383632,0.3586754611518597
883,4.768427673447802,0.10174363899839778,0.10157155717451559,0.050992425162467984,0.04782821401838419,0.3017618648053684,0.35866308782342143
884,4.768427673447802,0.10174362555039135,0.10157154203957948,0.05099216564917748,0.047826228076044586,0.30162553055584895,0.35865073583661305
885,4.768427673447803,0.10174361212555375,0.10157152693071851,0.05099190658298798,0.04782425304421267,0.3014883079618881,0.35863840513035466
886,4.768427673447803,0.10174359872381872,0.10157151184785813,0.050991647962621324,0.04782228888744043,0.30135050821817944,0.3586260956438104
887,4.768427673447804,0.10174358534512032,0.1015714967909241,0.05099142599082084,0.04782033557042855,0.30121296268509984,0.35861380731638726
888,4.768427673447803,0.10174357198939282,0.10157148175984247,0.050991168237394614,0.047818393058025606,0.3010769056953614,0.3586015400877335
889,4.768427673447803,0.10174355865657081,0.10157146675453961,0.050990910926023106,0.04781646131522733,0.3009411535081036,0.35858929389773786
890,4.768427673447803,0.10174354534658907,0.10157145177494212,0.05099065405544829,0.04781454030717578,0.30080579447848066,0.35857706868652806
891,4.768427673447803,0.10174353205938269,0.10157143682097694,0.050990397624417164,0.04781262999915863,0.30066980451109276,0.35856486439446955
892,4.768427673447802,0.101743518794887,0.1015714218925713,0.05099014163168169,0.04781073176890317,0.30053373228329905,0.35855268096216464
893,4.768427673447803,0.10174350555303757,0.10157140698965271,0.050989886075998775,0.0478088550029109,0.30039665759530715,0.35854051833045075
894,4.768427673447803,0.10174358510023476,0.10157139211214895,0.05098970308486528,0.047807184732097684,0.30025890686242757,0.3585285725394187
895,4.768427673447803,0.1017435718503795,0.1015713772599881,0.050989448358286185,0.047805524669349814,0.3001226647253099,0.3585164512200742
896,4.768427673447803,0.10174355862306915,0.10157136243309856,0.05098919406513005,0.0478038747816738,0.29998418807467514,0.3585043505254251
897,4.768427673447803,0.10174354541824007,0.10157134763140893,0.05098894020417311,0.047802235036213274,0.2998443722818102,0.358492270397238
898,4.768427673447804,0.10174353223582885,0.10157133285484816,0.05098868677419644,0.0478006054002483,0.29970508081013003,0.35848021077750936
899,4.768427673447803,0.10174351907577235,0.10157131810334545,0.0509884337739859,0.04779898584119467,0.2995654984447646,0.3584681716084636
900,4.768427673447803,0.10174350593800766,0.1015713033768303,0.05098818120233213,0.04779737632660317,0.29942552142287127,0.35845615283255267
901,4.768427673447803,0.1017434928224721,0.10157128867523248,0.050987939928798465,0.0477957768241589,0.2992863654401154,0.3584441543924544
902,4.768427673447803,0.10174347972910329,0.101571273998482,0.05098768820447481,0.047794187301680564,0.29914626933848604,0.3584321762310716
903,4.768427673447803,0.10174346665783902,0.10157125934650918,0.050987588143082525,0.04779260772711981,0.29900640248429833,0.3584202182915307
904,4.768427673447803,0.1017434536086174,0.10157124471924463,0.05098733718179632,0.0477910380685605,0.29886640092894745,0.3584082805171808
905,4.768427673447803,0.10174344058137674,0.10157123011661918,0.050987262734663516,0.047789478294218056,0.2987270598381954,0.3583963628515928
906,4.768427673447803,0.10174342757605559,0.10157121553856399,0.050987012518098014,0.04778792837243878,0.29858679554283735,0.3583844652385578
907,4.768427673447803,0.10174341459259274,0.10157120098501043,0.05098676272207664,0.047786388271699176,0.29844537096660984,0.3583725876220861
908,4.768427673447804,0.10174340163092725,0.10157118645589017,0.05098657087929675,0.04778478527077247,0.29830479669885074,0.35836072994640655
909,4.768427673447804,0.10174338869099839,0.10157117195113514,0.050986321888426354,0.04778319215012668,0.2981637057583924,0.35834889215596477
910,4.768427673447803,0.10174337577274564,0.10157115747067753,0.050986073314649334,0.04778160887828566,0.29802288002728744,0.3583370741954226
911,4.768427673447803,0.10174336287610877,0.10157114301444982,0.050985825156806254,0.04778003542390214,0.2978807947010528,0.3583252760096569
912,4.768427673447803,0.10174335000102776,0.1015711285823847,0.05098557741374217,0.04777847175575705,0.2977377905914269,0.35831349754375824
913,4.768427673447803,0.10174333714744281,0.10157111417441518,0.050985330084306626,0.0477765243264889,0.29759406429689267,0.3583017387430303
914,4.768427673447803,0.10174332431529438,0.10157109979047448,0.05098508316735362,0.04777458727768795,0.2974495631000247,0.3582899995529882
915,4.768427673447803,0.10174331150452312,0.10157108760396422,0.050984836661741556,0.047772660576699495,0.29730494779640637,0.35827827991935796
916,4.768427673447803,0.10174329871506996,0.10157107326666653,0.050984590566333296,0.04777074419100145,0.2971605360977655,0.35826657978807536
917,4.768427673447803,0.101743285946876,0.10157105895320097,0.050984344879996035,0.04776883808820365,0.2970166043174754,0.3582552986376269
918,4.768427673447803,0.10174327319988259,0.10157104466350175,0.05098420584651977,0.047766942236047216,0.296871739046819,0.35824401841592335
919,4.768427673447802,0.10174326047403136,0.10157103039750345,0.05098400658300126,0.04776505660240389,0.2967275082011523,0.35823248969975086
920,4.768427673447802,0.10174324776926408,0.10157101615514079,0.05098376203258294,0.04776318115527534,0.29658155073045656,0.3582208665437516
921,4.768427673447802,0.10174323508552278,0.10157100193634878,0.05098351788688788,0.047761315862792524,0.2964364219029911,0.3582092626237108
922,4.768427673447802,0.10174322242274973,0.1015709877410627,0.05098327414480455,0.047759460693215024,0.2962910204329824,0.3581976778867982
923,4.768427673447803,0.10174321537047465,0.10157098398581435,0.05098303080522567,0.04775761561493042,0.2961454930432941,0.3581861122803862
924,4.768427673447802,0.10174320274636749,0.1015709698315731,0.050982787867048185,0.0477557805964536,0.29599976263530914,0.3581745657520487
925,4.768427673447802,0.10174319014306175,0.10157095570065457,0.05098254532917328,0.04775395560642615,0.29585348512302506,0.35816303824956025
926,4.768427673447803,0.1017431775605006,0.10157094159299497,0.05098230319050634,0.047752140613615726,0.29570772953800445,0.35815152972089487
927,4.768427673447802,0.1017431649986273,0.10157092750853079,0.05098206144995691,0.04775033558691538,0.29556116314533093,0.3581400401142252
928,4.768427673447803,0.10174315245738545,0.10157091344719875,0.0509818201064387,0.04774854049534296,0.2954146921541195,0.3581285693779214
929,4.768427673447803,0.10174313993671882,0.10157089940893577,0.050981579158869576,0.04774675530804048,0.29526708047043665,0.3581171174605505
930,4.768427673447803,0.10174312743657139,0.10157088539367906,0.050981338606171496,0.04774425813270661,0.29511838504882437,0.3581056843108751
931,4.768427673447803,0.10174311495688733,0.10157087140136604,0.05098109844727052,0.0477417719820211,0.2949686480229504,0.35809426987785237
932,4.768427673447802,0.10174310249761105,0.10157085743193439,0.05098085868109681,0.04773929682228424,0.29481920647679233,0.3580828741106335
933,4.768427673447802,0.10174309005868719,0.10157084348532198,0.0509806837058726,0.047736832619930177,0.2946696343542916,0.3580714969585625
934,4.768427673447802,0.10174307764006055,0.101570829561467,0.050980444686650875,0.04773437934152625,0.29452010403451667,0.3580601383711752
935,4.768427673447802,0.10174306524167617,0.10157081566030778,0.05098020605702865,0.04773193695377235,0.2943702470375991,0.35804879829819836
936,4.768427673447802,0.10174305286347932,0.10157080178178296,0.05097996781595203,0.047729505423500226,0.2942200946747354,0.358037476689549
937,4.768427673447802,0.10174304050541541,0.10157078792583135,0.050979729962371094,0.04772708471767284,0.2940694924638353,0.358026173495333
938,4.768427673447802,0.10174302816743012,0.10157077409239204,0.050979616503230664,0.047724674803383736,0.29391953768982965,0.3580148886658445
939,4.768427673447803,0.1017430158494693,0.10157076028140431,0.05097937935388179,0.047722275647856374,0.2937693384503894,0.3580036221515652
940,4.768427673447802,0.10174300355147903,0.10157074649280769,0.05097914258901216,0.04771988721844348,0.29361893644579357,0.3579923739031629
941,4.768427673447803,0.10174299127340555,0.10157073272654195,0.05097890620758728,0.04771750948262644,0.2934700693113901,0.357981143871491
942,4.768427673447802,0.10174297901519536,0.10157071898254705,0.05097867020857654,0.04771514932289508,0.29332144180330116,0.35796993200758737
943,4.768427673447803,0.1017429667767951,0.1015707052607632,0.05097843459095321,0.047712799780930834,0.293173940866988,0.3579587382626738
944,4.768427673447803,0.10174295455815166,0.10157069156113084,0.0509781993536944,0.047710460824627154,0.293025656228774,0.3579475625881548
945,4.768427673447803,0.10174296533726868,0.10157067788359062,0.050977964495781056,0.047708132422003474,0.29287762530453976,0.3579364049356168
946,4.768427673447803,0.10174295314554344,0.10157066422808339,0.050977730016197924,0.04770581454120463,0.2927290700065222,0.3579252652568273
947,4.768427673447803,0.10174294097343682,0.10157065059455027,0.05097749591393355,0.0477035071505002,0.2925802125451999,0.35791414350373396
948,4.768427673447803,0.10174292882089646,0.10157063698293257,0.050977262187980266,0.04770121021828393,0.292430485434329,0.357903039628464
949,4.768427673447803,0.1017429166878701,0.10157062339317183,0.050977028837334126,0.04769892371307311,0.2922817610523436,0.35789195358332276
950,4.768427673447804,0.10174290457430579,0.10157060982520981,0.05097679586099496,0.04769664760350796,0.29213430880450025,0.35788088532079365
951,4.768427673447804,0.1017428924801517,0.10157059627898844,0.05097656325796631,0.047694381858351016,0.2919869611105246,0.3578698347935364
952,4.768427673447804,0.10174288040535619,0.10157058275444993,0.05097647573582319,0.047692126446486564,0.2918395733498406,0.35785880195438696
953,4.768427673447805,0.10174286834986786,0.1015705692515367,0.050976243798699916,0.04768988133692004,0.29169157154879805,0.3578477867563563
954,4.768427673447804,0.10174285631363544,0.10157055577019132,0.050976012232044086,0.04768762699920059,0.2915426588044552,0.35783678915262956
955,4.768427673447804,0.10174284429660793,0.10157054231035664,0.05097578103487361,0.047685382933264284,0.29139321704439447,0.3578258090965655
956,4.768427673447805,0.10174283229873445,0.1015705288719757,0.050975550206210044,0.04768314910839404,0.2912445397104262,0.3578148465416953
957,4.768427673447805,0.10174282031996432,0.10157051545499172,0.05097531974507856,0.04768092549399186,0.29109645373217863,0.3578039014417221
958,4.768427673447805,0.10174280836024706,0.1015705020593482,0.050975089650507906,0.04767871205957827,0.29094907663250597,0.3577929737505199
959,4.768427673447806,0.1017427964195324,0.10157048868498876,0.05097485992153045,0.04767650877479176,0.29080175962224114,0.3577820634221328
960,4.768427673447805,0.10174278449777022,0.10157047533185731,0.0509746305571821,0.047674315609388146,0.2906557869741693,0.35777117041077444
961,4.768427673447805,0.10174277259491057,0.10157046199989792,0.05097452906856336,0.04767213253324008,0.29050919187364393,0.3577602946708269
962,4.768427673447805,0.10174276071090374,0.10157044868905485,0.05097430036274091,0.04766995951633644,0.29036388624108456,0.35774943615683996
963,4.768427673447806,0.10174274884570014,0.10157043539927262,0.0509740720187839,0.04766779652878176,0.29021843822047805,0.35773859482353054
964,4.768427673447805,0.1017427369992504,0.1015704221304959,0.050973844035742066,0.04766564354079571,0.2900734375784471,0.3577277706257816
965,4.768427673447806,0.10174272517150536,0.10157040888266962,0.05097361641266862,0.0476635005227125,0.28992726196895013,0.3577169635186416
966,4.768427673447807,0.10174271336241594,0.10157039565573885,0.05097338914862024,0.04766136744498037,0.289780779835031,0.35770630790007435
967,4.768427673447807,0.10174270157193335,0.10157038244964887,0.05097329783395394,0.04765924427816097,0.2896343968375373,0.357695534768787
968,4.768427673447806,0.10174268980000892,0.10157036926434522,0.050973071213438484,0.0476571309929289,0.2894885054111188,0.35768477859435055
969,4.768427673447806,0.10174267804659416,0.10157035609977359,0.050972844949251514,0.0476550275600711,0.28934285667431886,0.35767403933246683
970,4.768427673447805,0.10174266631164076,0.10157035399723234,0.05097261904046313,0.04765293395048636,0.2891976342209617,0.3576633169389995
971,4.768427673447805,0.10174265459510061,0.10157034086814218,0.05097239348614683,0.047650850135184726,0.28905158641574824,0.35765261136997284
972,4.768427673447804,0.10174264289692574,0.10157032775963142,0.05097216828537944,0.047648798708831916,0.28890492533127593,0.3576419225815712
973,4.768427673447804,0.1017426312170684,0.10157031467164654,0.0509719434372412,0.04764675698368915,0.28875662232570104,0.3576312505301384
974,4.768427673447805,0.10174261955548096,0.10157030160413417,0.05097171894081564,0.047644724931189236,0.2886090530727978,0.35762059517217665
975,4.768427673447805,0.10174260791211598,0.1015702885570412,0.05097149479518964,0.04764270252287381,0.28846167341064904,0.3576099564643459
976,4.768427673447805,0.10174259628692621,0.10157027553031464,0.050971270999453394,0.04764068973039283,0.28831335330437474,0.3575993343634635
977,4.768427673447805,0.10174258467986456,0.10157039875629906,0.05097104755270038,0.04763874981291039,0.2881652759812091,0.35758885078274616
978,4.768427673447805,0.10174257309088411,0.10157062178963977,0.05097082445402735,0.047636819356297606,0.28801768192572774,0.35757826170301266
979,4.768427673447805,0.10174256151993813,0.10157060862908637,0.0509706212221079,0.04763489833278121,0.28786914675356157,0.35756768910171344
980,4.768427673447805,0.10174254996698001,0.101570595488992,0.05097039880670402,0.047632986714693265,0.28772090382544346,0.3575571329362865
981,4.768427673447806,0.10174253843196336,0.10157058236930387,0.050970176736705765,0.04763108447447069,0.2875744561158491,0.3575465931643232
982,4.768427673447805,0.10174252691484191,0.10157056926996938,0.05097006076145193,0.047629191584654756,0.2874268609016458,0.3575360697435678
983,4.768427673447805,0.10174251541556961,0.10157055619093612,0.05096983932453937,0.0476273080178906,0.28727914545812644,0.35752556263191665
984,4.768427673447806,0.10174250393410052,0.10157054313215189,0.05096961823045633,0.04762543374692669,0.2871321875324787,0.3575150717874173
985,4.768427673447806,0.10174249247038888,0.1015705300935646,0.05096939747832182,0.047623568744614396,0.28698514026657995,0.35750459716826805
986,4.768427673447807,0.10174248102438915,0.10157051707512248,0.050969177067258044,0.04762171298390746,0.286837642644422,0.35749413873281727
987,4.768427673447807,0.10174246959605589,0.1015705040767738,0.05096906721170812,0.047619866437861515,0.28669032096068153,0.3574836964395623
988,4.768427673447807,0.10174245818534382,0.10157049109846712,0.050968847423076225,0.047618029079633625,0.28654244974692994,0.3574732702471494
989,4.768427673447807,0.10174244679220784,0.10157047814015113,0.05096862797298838,0.04761620088248181,0.28639444149758786,0.3574628601143726
990,4.768427673447808,0.10174243541660306,0.10157046520177475,0.05096840886057905,0.047614381819764524,0.2862475418697886,0.35745246600017316
991,4.768427673447808,0.10174242405848467,0.10157045228328702,0.05096826000755463,0.04761255090272756,0.2861005360450275,0.3574420878636388
992,4.768427673447808,0.10174241271780805,0.10157043938463721,0.0509680415318477,0.04761072909933164,0.28595294777618696,0.3574317256640032
993,4.768427673447808,0.10174240139452877,0.10157042650577477,0.05096782339129651,0.04760891638315174,0.285805585917201,0.35742137936064544
994,4.768427673447808,0.10174239008860252,0.1015704136466493,0.05096760558504763,0.047607165354845375,0.2856584498915642,0.35741104891308884
995,4.768427673447808,0.10174237879998513,0.1015704008072106,0.05096744899218918,0.04760542328063157,0.28551153912482075,0.35740073428100083
996,4.768427673447808,0.10174236752863265,0.10157038798740863,0.050967231820718814,0.047603690134585326,0.2853648530445548,0.35739043542419185
997,4.768427673447808,0.10174235627450125,0.10157037518719353,0.05096701498105649,0.047601965890878395,0.2852190512791023,0.3573801523026152
998,4.768427673447808,0.10174234503754723,0.10157036240651565,0.05096679847236075,0.04760025052377887,0.28507318423397837,0.3573698848763659
999,4.768427673447808,0.10174233381772711,0.1015703496453255,0.050966582293793077,0.04759854400765071,0.28492716827053655,0.3573596331056804
1000,4.768427673447809,0.1017423226149975,0.10157033690357375,0.050966366444517956,0.0475968463169533,0.28478137472492965,0.3573493969509357
1001,4.768427673447809,0.10174231142931518,0.10157032418121124,0.05096615092370281,0.04759515742624098,0.28463580303480185,0.3573391763726488
1002,4.768427673447809,0.10174230026063713,0.101570311478189,0.050965935730518004,0.04759347731016265,0.28449084629269306,0.3573289713314762
1003,4.768427673447809,0.1017422891089204,0.10157029879445825,0.05096572086413682,0.04759180594346129,0.28434571643356976,0.3573187817882129
1004,4.768427673447809,0.10174227797412226,0.10157028612997034,0.050965627399592546,0.04759014330097356,0.2842008067550375,0.3573086077037923
1005,4.768427673447809,0.1017422668562001,0.1015702734846768,0.05096541312270895,0.04758848935762931,0.28405626073477686,0.35729844903928515
1006,4.768427673447809,0.10174225575511146,0.10157026085852938,0.05096520936143306,0.047586847979191084,0.28391178968271136,0.357288305755899
1007,4.768427673447809,0.10174224768951531,0.10157024825147994,0.05096499572742456,0.04758521524414899,0.28376753715377734,0.3572781778149777
1008,4.768427673447809,0.10174223662043472,0.10157023566348052,0.050964782416230245,0.04758359112772477,0.28362350259932656,0.35726806517800097
1009,4.768427673447809,0.10174222556806348,0.10157022309448335,0.05096456942704043,0.04758197560523159,0.2834796854726338,0.3572579678065832
1010,4.768427673447809,0.10174221453235974,0.10157021054444083,0.05096435675904827,0.047580368652073685,0.28333609116987024,0.3572478856624734
1011,4.768427673447808,0.10174220351328177,0.10157019801330548,0.05096414441144973,0.047578770243745884,0.2831927072631616,0.3572378187075543
1012,4.768427673447808,0.10174221000697467,0.10157018550103006,0.05096393238344361,0.04757718035583319,0.28304953915549325,0.3572277669038419
1013,4.768427673447808,0.10174219901218728,0.1015701730075674,0.050963720674231466,0.047575598964010424,0.28290658630774684,0.3572177302134848
1014,4.768427673447808,0.10174218803391465,0.10157016053287059,0.05096350928301768,0.04757402604404175,0.28276400419122494,0.35720770859876366
1015,4.768427673447808,0.10174217707211557,0.10157014807689281,0.05096329820900938,0.04757246157178029,0.2826225929065963,0.3571977020220906
1016,4.768427673447808,0.10174216612674904,0.10157013563958747,0.05096308745141648,0.047570905523167714,0.28248028198385017,0.35718771044600844
1017,4.768427673447808,0.10174221894372348,0.10157048702879523,0.05096287700945161,0.04757003285508844,0.28233890613696344,0.35717773383319046
1018,4.768427673447808,0.10174220799906485,0.10157047444586881,0.05096266688233016,0.04756916755296272,0.282197020567859,0.35716777214643947
1019,4.768427673447808,0.10174219707076437,0.1015704906338086,0.050962457069270224,0.04756833200664557,0.2820553470646568,0.35715782534868745
1020,4.768427673447808,0.10174218615878151,0.10157047807402876,0.05096224756949263,0.04756750375032254,0.2819138851012227,0.35714789340299485
1021,4.768427673447808,0.10174217526307579,0.10157046553298404,0.05096203838222088,0.04756668276294543,0.2817731298549113,0.3571379762725501
1022,4.768427673447808,0.1017421643836069,0.10157045301062807,0.05096182950668119,0.04756586902354331,0.2816320891517708,0.3571280739206691
1023,4.768427673447809,0.10174215352033471,0.10157044050691462,0.05096162094210243,0.04756506251122211,0.2814912584212678,0.35711818631079445
1024,4.768427673447809,0.10174214267321917,0.1015704280217976,0.05096141268771613,0.047564263205164284,0.28135063714450886,0.357108313406495
1025,4.768427673447809,0.10174213184222039,0.10157041555523108,0.05096120474275649,0.047563471084628474,0.28121022480439073,0.3570984551714655
1026,4.7684276734478095,0.10174212102729861,0.10157040310716935,0.05096099710646035,0.04756268612894915,0.28107002088559263,0.3570886115695256
1027,4.768427673447809,0.10174211022841423,0.10157039067756678,0.050960789778067145,0.04756190831753626,0.28093002487456836,0.35707878256461967
1028,4.768427673447809,0.10174209944552778,0.10157037826637795,0.05096058275681897,0.04756113762987492,0.2807902362595385,0.35706896812081607
1029,4.768427673447809,0.1017420886785999,0.10157036587355758,0.050960376041960506,0.04756037404552502,0.2806506545304823,0.3570591682023067
1030,4.7684276734478095,0.10174207792759142,0.10157035349906054,0.050960169632739014,0.04755961754412091,0.2805112791791305,0.3570493827734064
1031,4.768427673447809,0.10174206719246322,0.10157034114284186,0.05095998510110364,0.04755886810537108,0.28037212914653714,0.3570396117985524
1032,4.768427673447809,0.1017420564731764,0.10157032880485671,0.05095989570039053,0.04755812570905777,0.28023316502311274,0.35702985524230374
1033,4.768427673447809,0.10174204576969213,0.10157031648506043,0.05095969013527156,0.047557390335036705,0.2800944057630285,0.3570201130693409
1034,4.768427673447808,0.10174203508197174,0.10157030418340851,0.050959484872904984,0.04755666196323669,0.27995585086494296,0.357010385244465
1035,4.768427673447808,0.10174202440997669,0.1015702918998566,0.05095931427145034,0.047555940573659354,0.27981749982922743,0.35700067173259764
1036,4.768427673447808,0.10174201375366859,0.10157027963436048,0.05095910959540736,0.04755521210339398,0.27967983569954363,0.35699097249878003
1037,4.768427673447808,0.10174200311300917,0.10157026738687609,0.05095890521992872,0.0475544905961935,0.27954189065800233,0.3569812875081726
1038,4.768427673447809,0.10174208835833884,0.10157025515735954,0.05095870114428175,0.04755382864265695,0.27940414799049845,0.35697161672605454
1039,4.768427673447808,0.1017420777016688,0.10157024294576705,0.050958497367736236,0.047553173535484425,0.2792666072041797,0.35696196011782305
1040,4.768427673447808,0.1017420670606025,0.10157023075205503,0.05095829388956448,0.04755252525517424,0.27912926780786984,0.3569523176489932
1041,4.768427673447809,0.101742056435102,0.10157021857618001,0.05095809070904123,0.04755188378229508,0.27899212931206124,0.3569426892851972
1042,4.768427673447809,0.10174204582512947,0.10157020641809868,0.050957887825443714,0.04755124909748566,0.27885534812032114,0.3569330749921837
1043,4.768427673447808,0.10174203523064725,0.10157019427776785,0.050957685238051595,0.04755062118145444,0.27871909620130764,0.3569234747358175
1044,4.768427673447808,0.10174202465161779,0.10157018215514453,0.05095748294614699,0.04754981513417635,0.2785825571714764,0.3569138884820793
1045,4.768427673447807,0.10174201408800371,0.10157017005018583,0.05095728094901443,0.04754901608670262,0.27844722935908117,0.3569043161970646
1046,4.768427673447807,0.1017420035397677,0.10157015796284902,0.050957079245940895,0.04754801262809291,0.27831174519143725,0.3568947578469837
1047,4.768427673447807,0.10174199300687259,0.10157014589309153,0.05095687783621573,0.04754701643732491,0.27817604245748634,0.35688521339816104
1048,4.768427673447806,0.10174198248928136,0.10157013384087091,0.05095667671913072,0.047546027494061574,0.2780406541773461,0.3568756828170345
1049,4.768427673447806,0.10174197198695706,0.10157012445672922,0.050956475893979995,0.047545045778038406,0.27790569248366886,0.3568661660701554
1050,4.768427673447806,0.10174196149986295,0.10157011243816462,0.05095627536006011,0.0475440712690632,0.27777094929494706,0.35685666312418746
1051,4.768427673447805,0.10174195102796234,0.10157010043701228,0.050956075116669934,0.04754315249730036,0.2776357912453135,0.35684717394590654
1052,4.768427673447806,0.10174194057121869,0.10157036011426887,0.050955875163110745,0.04754224082214508,0.27750082882255905,0.3568376985022004
1053,4.768427673447805,0.10174193012959556,0.10157034801588437,0.05095567549868612,0.04754133622378877,0.2773664270525859,0.3568282367600677
1054,4.768427673447805,0.10174191970305668,0.10157033593497751,0.05095551171452636,0.04754036193286494,0.27723203358849524,0.35681878868661815
1055,4.768427673447806,0.10174190929156589,0.10157032387150641,0.0509554563825497,0.047539355686647834,0.2770976549684073,0.3568093542490715
1056,4.768427673447806,0.10174189889508711,0.10157031182542926,0.05095525749452421,0.047538356625110495,0.27696347010481975,0.35679993341475724
1057,4.768427673447806,0.10174188851358441,0.10157029979670444,0.050955058892996064,0.047537364728324615,0.2768294785339504,0.3567905261511143
1058,4.768427673447806,0.10174187814702197,0.10157028778529043,0.05095486057728013,0.047536379976432376,0.27669572571868173,0.3567811324256902
1059,4.768427673447806,0.10174186779536412,0.10157027579114589,0.050954754143623895,0.047535402349646164,0.276562432178387,0.3567717522061411
1060,4.768427673447806,0.10174185745857528,0.10157026381422961,0.050954599935054655,0.047534431828248215,0.2764293818538873,0.3567623854602309
1061,4.768427673447807,0.10174184713661998,0.1015702518545005,0.050954402407560336,0.04753248007601925,0.27629615849857836,0.35675303215583093
1062,4.768427673447807,0.10174183682946288,0.10157023991191762,0.05095420516325391,0.04753053680686457,0.27616347177061057,0.3567436922609195
1063,4.768427673447807,0.10174182653706877,0.10157022798644014,0.050954008201461405,0.04752860199790188,0.27603066564860496,0.3567343657435815
1064,4.768427673447807,0.10174181625940254,0.10157021607802738,0.05095381152151103,0.047526675626328764,0.2758982120046951,0.35672505257200776
1065,4.768427673447806,0.10174180599642921,0.10157020418663884,0.050953615122733276,0.04752416361376236,0.2757657496394515,0.35671575271449485
1066,4.768427673447806,0.1017417957481139,0.10157019231223412,0.05095341900446083,0.04752166084167508,0.2756334764627406,0.35670646613944434
1067,4.768427673447806,0.10174178551442188,0.10157018045477291,0.0509532231660286,0.047519167285490244,0.27550139202598356,0.35669719281536283
1068,4.768427673447806,0.10174177529531848,0.10157016861421511,0.050953027606773685,0.04751668292071628,0.27536949588208665,0.35668793271086074
1069,4.768427673447806,0.1017417650907692,0.1015701567905207,0.05095286101695633,0.04751420772294641,0.275237787585435,0.3566786857946527
1070,4.768427673447807,0.10174175490073961,0.10157014498364982,0.05095266600036632,0.04751174166785822,0.2751062666918863,0.35666945203555656
1071,4.768427673447808,0.10174174472519541,0.1015701331935627,0.05095247126099754,0.047509284731213346,0.2749749327587645,0.356660231402493
1072,4.768427673447808,0.10174173456410243,0.10157012142021976,0.05095233218289508,0.04750683688885708,0.2748437853448536,0.3566510238644854
1073,4.768427673447808,0.10174172691300173,0.10157010966358151,0.0509521379696178,0.047504398116717986,0.27471282401039143,0.3566418293906591
1074,4.768427673447808,0.10174171677952105,0.10157009792360859,0.05095194403164293,0.04750196839080761,0.2745820483170638,0.35663264795024113
1075,4.768427673447809,0.1017417066603914,0.10157008620026181,0.05095175036832263,0.04749954768722004,0.2744520731576977,0.35662347951255985
1076,4.768427673447809,0.101741696555579,0.10157007449350205,0.05095155697901113,0.047497135982131615,0.27432177847388234,0.3566143240470442
1077,4.768427673447809,0.10174168646505026,0.10157006280329037,0.050951363863064814,0.047494768414461735,0.27419155674364915,0.3566051815232235
1078,4.768427673447809,0.10174167638877164,0.10157005112958795,0.05095117101984217,0.04749240200974844,0.2740624594880772,0.35659605191072724
1079,4.7684276734478095,0.10174166632670974,0.10157003947235606,0.05095097844870378,0.04749004449393009,0.273933699747871,0.3565869351792842
1080,4.7684276734478095,0.10174165627883122,0.1015700278315561,0.05095078614901232,0.047487695843598826,0.27380402747030663,0.35657783129872217
1081,4.7684276734478095,0.10174164624510294,0.10157001620714963,0.050950594120132565,0.04748535603542699,0.27367453780754425,0.35656874023896806
1082,4.7684276734478095,0.10174163622549182,0.10157000459909836,0.050950451316369876,0.0474830250461667,0.27354526425470277,0.3565596619700466
1083,4.7684276734478095,0.10174162621996484,0.10156999300736404,0.05095025980410717,0.04748070285264959,0.2734161385260629,0.35655059646208054
1084,4.7684276734478095,0.10174161622848915,0.10156998143190861,0.05095006856079533,0.04747838943178643,0.2732871941355607,0.3565415436852901
1085,4.7684276734478095,0.101741606251032,0.10156998857343941,0.050949877585807296,0.04747608476056676,0.2731584306604062,0.3565325036099926
1086,4.7684276734478095,0.10174159628756073,0.10156997702162508,0.050949686878518065,0.047473788816058626,0.2730298476791856,0.35652347620660196
1087,4.7684276734478095,0.1017415863380428,0.10156996548598848,0.05094949643830464,0.04747150157540817,0.2729014447718559,0.35651446144562815
1088,4.7684276734478095,0.10174157640244576,0.101569953966492,0.050949306264546065,0.04746922301583935,0.2727735677734596,0.3565054592976772
1089,4.7684276734478095,0.10174156648073726,0.10156994246309813,0.050949116356623386,0.04746695311465354,0.2726455235966999,0.35649646973345034
1090,4.7684276734478095,0.1017415565728851,0.10156993097576951,0.05094892671391967,0.047464691849229294,0.2725183305469682,0.3564874927237442
1091,4.7684276734478095,0.10174154667885711,0.10156991950446888,0.05094873733581999,0.047462439197021936,0.2723909670710653,0.35647852823944964
1092,4.7684276734478095,0.1017415367986213,0.10156990804915914,0.050948548221711396,0.0474603980095018,0.27226345765212784,0.356469576251552
1093,4.768427673447809,0.10174152693214575,0.10156989660980326,0.0509483593709829,0.04745820403110106,0.2721361258161636,0.3564606367311305
1094,4.768427673447809,0.10174151707939863,0.10156988518636437,0.05094817078302555,0.04745601854097627,0.2720089711525638,0.3564517096493576
1095,4.768427673447809,0.10174150724034822,0.10156987377880566,0.05094798245723229,0.047453841517020125,0.27188199325204526,0.356442794977499
1096,4.7684276734478095,0.10174149741496294,0.10156986238709054,0.05094779439299808,0.0474516729372001,0.2717551917066451,0.35643389268691306
1097,4.7684276734478095,0.10174148760321125,0.1015698510111824,0.05094764561916616,0.04744952258069866,0.2716289966317651,0.3564250027490505
1098,4.768427673447809,0.10174147780506174,0.10156983965104488,0.050947458058073415,0.04744738061090376,0.27150276660094896,0.3564161251354538
1099,4.768427673447809,0.10174146802048313,0.10156982830664169,0.050947270756761344,0.0474452457313705,0.2713764913836801,0.3564072598177572
1100,4.7684276734478095,0.10174145824944421,0.10156981697793661,0.05094708371463258,0.04744311919682322,0.27125039090319003,0.3563984067676861
1101,4.768427673447809,0.10174144849191384,0.1015698056648936,0.050946896931091654,0.047441000985625405,0.2711250688641871,0.3563895659570563
1102,4.768427673447809,0.10174143874786103,0.10156979436747669,0.050946710405545034,0.04743889107621337,0.27099970350213154,0.3563807373577745
1103,4.768427673447808,0.10174142901725489,0.10156978308565005,0.050946524137401084,0.04743678944709586,0.2708741864312461,0.3563719209418371
1104,4.768427673447808,0.1017414193000646,0.101569771819378,0.050946434547819414,0.04743469607685382,0.27074878040898215,0.35636311668133047
1105,4.768427673447809,0.10174140959625945,0.10156976056862489,0.05094624874811413,0.047432610944140065,0.2706235471297734,0.35635432454843013
1106,4.768427673447809,0.10174139990580883,0.10156974933335525,0.0509460632041093,0.04743053402767894,0.2704984861985605,0.35634554451540046
1107,4.768427673447809,0.10174139022868223,0.10156973811353369,0.05094587791522068,0.04742846530626609,0.2703735972215462,0.35633677655459456
1108,4.768427673447809,0.10174138056484922,0.10156972690912494,0.05094569288086588,0.047426404758768095,0.27024887980618933,0.3563280206384536
1109,4.7684276734478095,0.10174137091427948,0.10156971572009386,0.05094550810046438,0.04742435236412223,0.2701243335612002,0.35631927673950675
1110,4.76842767344781,0.10174136127694283,0.10156970454640542,0.0509453235734375,0.04742230810133611,0.2700003347405547,0.3563105448303706
1111,4.76842767344781,0.10174135165280908,0.10156969338802466,0.05094513929920839,0.047420271949487426,0.26987621947104656,0.35630182488374873
1112,4.76842767344781,0.10174134204184823,0.10156968224491679,0.05094495527720205,0.04741824388772368,0.2697521841874791,0.35629311687243187
1113,4.768427673447811,0.10174133244403036,0.10156967111704708,0.05094481637212485,0.04741622389526182,0.2696283639272454,0.35628442076929673
1114,4.76842767344781,0.10174132285932559,0.10156966000438095,0.05094463283226365,0.04741421195138802,0.26950466747356344,0.3562757365473064
1115,4.76842767344781,0.1017413132877042,0.10156964890688387,0.050944449542939224,0.04741220803545735,0.2693815823584877,0.35626706417950954
1116,4.76842767344781,0.10174130372913653,0.10156963782452151,0.05094426650358378,0.047410186286620165,0.2692582230173855,0.35625840363904027
1117,4.76842767344781,0.10174129418359304,0.1015696267572596,0.0509440837136313,0.047408172559850886,0.2691352455864944,0.3562497548991177
1118,4.76842767344781,0.10174128465104425,0.10156961570506397,0.05094390117251757,0.047406166834629934,0.2690124076212281,0.35624111793304564
1119,4.768427673447811,0.10174127513146079,0.10156960466790055,0.05094371887968014,0.047404169090505766,0.268889551213398,0.35623249271421226
1120,4.768427673447812,0.10174126562481339,0.10156959364573541,0.050943628421089404,0.04740193878598932,0.26876686175372816,0.3562238792160895
1121,4.768427673447812,0.10174125613107285,0.10156958263853469,0.05094358754857901,0.047398974127530205,0.26864433886555056,0.35621528021628934
1122,4.768427673447812,0.10174124665021007,0.10156957164626469,0.05094350476481855,0.047396018722357214,0.26852200296273687,0.3562066900790615
1123,4.768427673447813,0.10174123718219608,0.10156956066889178,0.050943323308748636,0.047393072547285614,0.26840010060198266,0.3561981115834631
1124,4.768427673447812,0.10174122772700193,0.10156954970638239,0.05094314209837344,0.04739013557920673,0.2682780750394977,0.3561895447032986
1125,4.768427673447813,0.10174121828459882,0.10156953875870316,0.0509429611331406,0.04738720779508765,0.268156214553843,0.35618098941245524
1126,4.768427673447812,0.101741208854958,0.10156952782582074,0.05094278041249949,0.04738428917197087,0.2680346620991114,0.3561724456849019
1127,4.768427673447813,0.10174119943805088,0.10156951690770198,0.05094259993590125,0.04738137968697404,0.26791313059094696,0.35616391349468934
1128,4.768427673447813,0.10174119003384886,0.10156950600431372,0.050942419702798676,0.04737863889367034,0.2677925686248391,0.3561553928159494
1129,4.768427673447813,0.10174118064232349,0.10156949511562299,0.05094223971264632,0.04737590697784057,0.2676713643208696,0.356146883622895
1130,4.768427673447813,0.10174117126344642,0.1015694842415969,0.050942059964900435,0.04737318391730731,0.267550535358989,0.3561383858898199
1131,4.768427673447813,0.10174116189718933,0.10156947338220264,0.05094188045901896,0.04737046968996555,0.26743030847845073,0.3561298995910979
1132,4.768427673447813,0.10174115254352405,0.10156946253740752,0.05094170119446153,0.04736776427378235,0.26731015356117804,0.3561214247011831
1133,4.768427673447812,0.10174114320242247,0.10156945170717897,0.05094152217068947,0.0473650676467966,0.26718999380324887,0.3561129611946091
1134,4.768427673447812,0.10174113387385657,0.1015694408914845,0.050941464646608994,0.04736237978711865,0.26707014351229036,0.356104509045989
1135,4.768427673447813,0.10174112455779842,0.1015694300902917,0.05094128604820901,0.047359700672930105,0.2669507633966183,0.35609606823001494
1136,4.768427673447813,0.10174111525422017,0.10156941930356832,0.050941107689061536,0.04735703028248346,0.2668315110561355,0.35608763872145777
1137,4.768427673447814,0.10174110596309408,0.10156940853128216,0.05094092956863444,0.04735436859410186,0.2667131119851539,0.35607922049516677
1138,4.768427673447814,0.10174109668439243,0.10156939777340114,0.05094075168639721,0.04735171558617877,0.2665952873165663,0.35607081352606934
1139,4.768427673447814,0.10174108741808768,0.10156938702989328,0.050940574041820966,0.04734907123717772,0.26647651063459316,0.3560624177891708
1140,4.768427673447815,0.10174107816415232,0.10156937630072668,0.0509403966343785,0.04734643552563202,0.2663572146293487,0.35605403325955387
1141,4.768427673447814,0.10174106892255892,0.10156936558586957,0.05094021946354422,0.047343808430144456,0.26623838710584463,0.35604565991237835
1142,4.768427673447814,0.10174105969328016,0.10156935488529023,0.050940042528794166,0.04734118992938701,0.26611927275191943,0.3560372977228812
1143,4.768427673447814,0.10174105047628879,0.10156934419895712,0.050939865829605996,0.047338580002100596,0.26600031698075677,0.3560289466663757
1144,4.768427673447815,0.10174104127155764,0.10156933352683871,0.05093968936545897,0.04733597862709475,0.2658815194417972,0.35602060671825153
1145,4.768427673447814,0.10174103207905964,0.10156932286890363,0.050939513135833996,0.047333385783247396,0.26576287978556357,0.3560122778539744
1146,4.768427673447815,0.1017410228987678,0.10156931222512056,0.05093933714021353,0.04733080144950453,0.2656444671764073,0.35600396004908547
1147,4.768427673447815,0.1017410137306552,0.1015693015954583,0.05093916137808165,0.04732822560487994,0.26552621532093745,0.3559956532792015
1148,4.768427673447815,0.10174100457469502,0.10156929097988576,0.05093909193217292,0.04732552410115242,0.26540840905568747,0.3559873575200143
1149,4.768427673447815,0.10174099543086049,0.10156928037837192,0.050938974128104664,0.0473228312224042,0.26529039723279085,0.3559790727472903
1150,4.768427673447814,0.10174098629912495,0.10156926979088585,0.050938798990690023,0.04732014694746027,0.26517254156161363,0.35597079893687045
1151,4.768427673447814,0.10174097717946186,0.10156925921739675,0.05093862408481217,0.047317471255213545,0.26505484169908167,0.35596253606467004
1152,4.768427673447815,0.1017409680718447,0.10156924865787391,0.05093844940996285,0.047314804124624556,0.26493729730317334,0.35595428410667823
1153,4.768427673447815,0.10174095897624702,0.10156923811228667,0.05093827496563537,0.04731214553472122,0.26481990803291544,0.3559460430389576
1154,4.768427673447815,0.10174094989264253,0.10156922758060451,0.05093810075132457,0.04730949546459856,0.264702771872797,0.3559378128376442
1155,4.768427673447815,0.10174094082100493,0.10156921706279697,0.050937926766526864,0.047306853893418425,0.26458569179160435,0.3559295934789471
1156,4.768427673447814,0.10174093176130805,0.10156920655883371,0.050937753010740175,0.04730422087712297,0.2644687658194497,0.355921384939148
1157,4.768427673447815,0.1017409227135258,0.10156919606868448,0.050937579483464,0.04730159631819227,0.2643519936195126,0.3559131871946012
1158,4.768427673447815,0.10174091367763217,0.10156918559231909,0.05093740618419933,0.04729898019598727,0.2642361824264093,0.3559050002217331
1159,4.768427673447814,0.1017409046536012,0.10156917512970748,0.05093723311244867,0.04729637248993469,0.2641197164086054,0.355896823997042
1160,4.768427673447814,0.10174089564140704,0.10156916468081967,0.050937060267716085,0.04729377317952676,0.2640034031591767,0.35588865849709767
1161,4.768427673447814,0.10174088664102392,0.10156915424562576,0.050936887649507115,0.047291182244320905,0.2638878878916604,0.3558805036985415
1162,4.768427673447814,0.10174087765242612,0.10156914382409597,0.05093671525732881,0.047288433634349473,0.26377238944244025,0.3558723595780857
1163,4.768427673447814,0.10174086867558806,0.1015691334162006,0.050936550461322935,0.04728569357610481,0.2636569983344942,0.35586422611251345
1164,4.768427673447814,0.10174085971048413,0.10156912302190998,0.05093637851649851,0.04728296204886665,0.26354145218255076,0.3558561032786781
1165,4.768427673447814,0.10174085075708891,0.10156911264119463,0.05093620679623909,0.04728023903198036,0.26342606152168335,0.3558479910535035
1166,4.768427673447814,0.10174084181537697,0.10156910227402506,0.05093603530005769,0.04727752450485667,0.2633106570784362,0.35583988941398337
1167,4.768427673447813,0.10174083288532303,0.10156909192037197,0.05093586402746878,0.04727481844697144,0.2631954030966567,0.3558317983371811
1168,4.768427673447813,0.10174082396690183,0.10156908158020607,0.05093569297798831,0.04727212083786537,0.2630802992506109,0.3558237178002294
1169,4.768427673447813,0.10174081506008821,0.1015690712534982,0.050935522151133686,0.04726943165714374,0.26296534521555,0.35581564778033026
1170,4.768427673447813,0.10174080616485709,0.10156906094021928,0.050935351546423785,0.04726675088447622,0.2628505672026778,0.35580758825475456
1171,4.768427673447813,0.10174079728118346,0.10156905064034029,0.050935181163378904,0.04726407849959648,0.26273696884751946,0.35579953920084156
1172,4.768427673447813,0.10174078840904237,0.10156904035383234,0.05093501100152082,0.047261414482302096,0.2626231738212525,0.355791500595999
1173,4.768427673447813,0.10174077954840897,0.10156903008066659,0.05093493378905893,0.04725875881245417,0.2625090524623211,0.3557834724177028
1174,4.768427673447813,0.1017407706992585,0.10156901982081432,0.05093476402780171,0.04725611146997717,0.26239484176119626,0.3557754546434964
1175,4.768427673447813,0.10174076186156622,0.10156900957424687,0.05093459448635745,0.04725347243485861,0.2622807789441751,0.355767447250991
1176,4.768427673447813,0.1017407530353075,0.10156900203927162,0.05093442516425351,0.047250841687148826,0.26216686369329384,0.3557594502178651
1177,4.768427673447812,0.10174074422045776,0.10156899181801726,0.05093425606101871,0.047248219206960734,0.26205309569154334,0.35575146352186404
1178,4.768427673447812,0.10174073541699254,0.10156898160996382,0.050934087176183265,0.0472456049744696,0.2619394746228656,0.3557434871408001
1179,4.768427673447812,0.10174072662488741,0.10156897141508295,0.050933918509278794,0.04724299896991276,0.2618260001721501,0.3557355210525521
1180,4.768427673447812,0.10174071784411805,0.10156896123334647,0.05093377481544492,0.04724040117358939,0.26171267202522985,0.3557275652350649
1181,4.768427673447812,0.10174070907466015,0.1015689510647262,0.05093360657229689,0.04723781156586025,0.2615994898688782,0.35571961966634946
1182,4.768427673447812,0.10174070031648956,0.10156894090919409,0.05093343854569688,0.047235230127147476,0.261486622566938,0.3557116843244826
1183,4.768427673447812,0.10174069156958214,0.1015689307667222,0.05093330853998737,0.047232583921367526,0.2613737313827477,0.35570375918760655
1184,4.768427673447812,0.10174068283391383,0.10156892063728262,0.05093314092878884,0.04722994593932354,0.26126098525514446,0.35569584423392875
1185,4.768427673447812,0.10174067410946064,0.10156891052084752,0.05093297353277492,0.047227316161420355,0.261148805929553,0.3556879394417216
1186,4.768427673447813,0.10174066539619868,0.1015689004173892,0.05093280635148689,0.047224694568123816,0.26103671819740065,0.3556800447893223
1187,4.768427673447813,0.10174065669410408,0.10156889032688,0.05093263938446734,0.04722208113996051,0.26092440504578185,0.3556721602551326
1188,4.768427673447813,0.1017406480031531,0.1015688802492924,0.05093247263126029,0.04721947585751754,0.26081223571869605,0.35566428581761844
1189,4.768427673447813,0.10174063932332206,0.10156887018459888,0.05093230609141104,0.04721684653679249,0.2607002099103079,0.35565642145530973
1190,4.768427673447813,0.1017406306545873,0.10156886013277207,0.05093221135953178,0.047214210461887125,0.26058832731569026,0.35564856714680015
1191,4.768427673447812,0.10174062199692527,0.10156885009378462,0.05093221671183844,0.04721158465520841,0.26047658763082077,0.35564072287074694
1192,4.768427673447813,0.10174061335031251,0.10156884006760936,0.05093227426550814,0.04720896697443255,0.2603649905525785,0.35563288860587067
1193,4.768427673447812,0.10174060471472558,0.10156883005421909,0.05093210837486752,0.0472063574003244,0.26025353577874033,0.3556250643309548
1194,4.768427673447813,0.10174059609014115,0.10156882005358675,0.05093194269558603,0.04720375591370833,0.2601422230079776,0.3556172500248457
1195,4.768427673447813,0.10174058747653593,0.10156881006568536,0.05093187342774091,0.047201162495467915,0.2600312180030066,0.35560944566645225
1196,4.768427673447813,0.1017405788738867,0.10156880009048798,0.05093170812876111,0.04719857712654574,0.2599201882670633,0.3556016512347456
1197,4.768427673447813,0.10174057028217032,0.1015687901279678,0.05093154303985505,0.0471959997879432,0.2598098478341491,0.355593866708759
1198,4.768427673447813,0.10174056170136374,0.10156878017809805,0.0509313781605794,0.04719343046072022,0.25969917173048856,0.3555860920675877
1199,4.768427673447813,0.10174055313144394,0.10156877024085208,0.05093135271204382,0.04719086912599509,0.2595889302902169,0.3555783272903884
1200,4.768427673447813,0.10174054457238799,0.10156876031620325,0.050931188191458754,0.04718831576494416,0.25947846276962183,0.3555705723563792
1201,4.768427673447814,0.10174053602417303,0.1015687504041251,0.05093102387925695,0.04718577035880167,0.25936813516818513,0.3555628272448394
1202,4.768427673447814,0.10174052748677624,0.10156874050459114,0.05093085977500011,0.04718323288885953,0.2592579471916119,0.3555550919351092
1203,4.768427673447815,0.10174051896017489,0.10156873061757503,0.050930789781807276,0.047180703336467074,0.2591478985464716,0.3555473664065895
1204,4.768427673447815,0.1017405104443463,0.1015687207430505,0.05093070459173737,0.04717818168303082,0.25903834434818485,0.3555396506387416
1205,4.768427673447815,0.10174050193926788,0.10156871088099131,0.05093054103564029,0.0471756631383294,0.25892899775657474,0.355531944611087
1206,4.768427673447815,0.1017404934449171,0.10156870103137133,0.05093037768583997,0.04717315246158665,0.2588193650236252,0.35552424830320734
1207,4.768427673447814,0.10174048496127149,0.10156869119416455,0.050930214541904294,0.0471706496343668,0.2587104150017082,0.35551656169474394
1208,4.768427673447815,0.10174047648830864,0.10156868136934494,0.05093005160340243,0.04716815463829047,0.25860223226828877,0.35550888476539777
1209,4.768427673447816,0.10174046802600621,0.10156867155688662,0.05092988886990481,0.04716566745503443,0.2584933927027635,0.355501217494929
1210,4.768427673447815,0.10174045957434193,0.10156866175676375,0.050929726340983084,0.04716299239696293,0.2583843100197165,0.35549355986315706
1211,4.768427673447814,0.10174045113329358,0.1015686519689506,0.0509295640162102,0.04716032536100862,0.25827536435291676,0.35548591184996003
1212,4.768427673447815,0.10174044270283904,0.10156864219342147,0.050929401895160334,0.04715766632850281,0.25816655541656613,0.355478273435275
1213,4.768427673447815,0.1017404342829562,0.10156863243015078,0.050929239977408884,0.047155015280833545,0.2580579016084155,0.35547064459909716
1214,4.768427673447815,0.10174042587362307,0.10156862267911299,0.0509290782625325,0.047152372199445465,0.25794936527103796,0.3554630253214801
1215,4.768427673447815,0.10174041747481771,0.10156861294028265,0.05092891675010907,0.04714973706583958,0.2578410225552413,0.3554554155825355
1216,4.768427673447815,0.1017404090865182,0.10156860321363438,0.05092875543971769,0.047147109861573014,0.257732757667226,0.35544781536243264
1217,4.768427673447815,0.10174040070870276,0.10156859349914289,0.05092859433093871,0.047144490568258854,0.2576246280931355,0.3554402246413985
1218,4.768427673447815,0.10174039234134959,0.10156858379678292,0.05092843342335365,0.04714187916756586,0.2575166335521206,0.3554326433997174
1219,4.768427673447815,0.10174038398443701,0.10156857410652934,0.05092827271654528,0.04713927564121832,0.2574089988144008,0.35542507161773085
1220,4.768427673447815,0.10174037563794337,0.10156856442835704,0.05092818515374969,0.047136679970995805,0.25730127340605935,0.3554175092758372
1221,4.768427673447815,0.10174036730184711,0.10156855476224101,0.050928024816746215,0.047134092138732965,0.25719368219323563,0.3554099563544916
1222,4.768427673447815,0.10174035897612674,0.10156854510815634,0.0509278646793129,0.04713151212631932,0.25708622489831834,0.3554024128342057
1223,4.768427673447815,0.10174035066076077,0.10156853546607812,0.05092770474103724,0.04712893991569907,0.25697890124449846,0.3553948786955474
1224,4.768427673447815,0.10174034235572785,0.10156852583598155,0.05092754500150791,0.04712637548887082,0.2568723514053265,0.3553873539191409
1225,4.768427673447815,0.10174033406100663,0.10156851621784195,0.050927385460314764,0.04712381882788747,0.2567663120835706,0.3553798384856659
1226,4.768427673447815,0.10174032577657588,0.10156850661163463,0.05092722611704886,0.04712126991485597,0.25666112338052827,0.35537233237585825
1227,4.768427673447816,0.10174031750241437,0.10156849701733502,0.05092706697130243,0.04711872873193706,0.25655563542223253,0.3553648355705089
1228,4.768427673447815,0.10174030923850098,0.1015684874349186,0.05092697452879479,0.04711609335014497,0.2564497825616189,0.3553573480504643
1229,4.768427673447816,0.10174030098481462,0.10156847786436096,0.05092681574924184,0.04711423592222399,0.25634371017426943,0.3553498697966259
1230,4.768427673447816,0.1017402927413343,0.10156846830563769,0.050926657166026214,0.04711238534477955,0.2562382052204863,0.35534240078995005
1231,4.768427673447816,0.10174028450803901,0.10156845875872449,0.05092649877874472,0.04711054160188282,0.25613339504427496,0.3553349410114475
1232,4.768427673447816,0.1017402762849079,0.10156844922359713,0.050926340586995356,0.047108704677652956,0.2560276870235092,0.3553274904421838
1233,4.768427673447816,0.10174026807192009,0.10156843970023145,0.050926182590377234,0.047106874556256874,0.25592168111589414,0.3553200490632787
1234,4.768427673447816,0.10174025986905483,0.10156843018860337,0.050926024788490634,0.04710505122190909,0.25581586871160944,0.3553126168559058
1235,4.768427673447816,0.10174025167629139,0.10156842068868885,0.05092586718093699,0.04710323465887157,0.2557101238160891,0.35530519380129283
1236,4.768427673447815,0.10174024349360912,0.10156841120046393,0.050925709767318854,0.047100659461804396,0.25560450903927034,0.3552977798807211
1237,4.768427673447815,0.10174023532098742,0.10156840172390474,0.05092555254723992,0.047098091945755406,0.25549902411525777,0.35529037507552513
1238,4.768427673447815,0.10174022715840574,0.10156839225898746,0.05092549117815084,0.0470955320932063,0.25539366877891484,0.3552829793670932
1239,4.768427673447815,0.1017402190058436,0.10156838280568835,0.05092533430455347,0.04709297988669094,0.25528844276586116,0.3552755927368662
1240,4.768427673447814,0.10174021086328057,0.10156837336398367,0.050925177623361496,0.047090435308795225,0.25518334581246943,0.35526821516633816
1241,4.768427673447814,0.10174020273069628,0.10156836393384984,0.05092502113418302,0.04708789834215682,0.25507878341448026,0.3552608466370557
1242,4.768427673447813,0.10174019460807045,0.10156835451526335,0.05092486483662727,0.04708536896946501,0.2549739436257602,0.35525348713061805
1243,4.768427673447813,0.10174018649538279,0.10156834510820065,0.05092470873030454,0.047082847173460486,0.2548692321105173,0.35524613662867655
1244,4.768427673447813,0.10174017839261312,0.10156833571263836,0.05092464315408186,0.04708025366508311,0.25476464860811,0.3552387951129349
1245,4.768427673447813,0.10174017029974132,0.10156832632855313,0.050924510977606564,0.04707766779586163,0.2546601928586362,0.3552314625651485
1246,4.768427673447813,0.1017401622167473,0.10156831695592167,0.05092435539599879,0.04707508954849339,0.254555864602931,0.3552241389671246
1247,4.768427673447814,0.10174015414361103,0.10156830759472077,0.05092420000413327,0.04707251890572693,0.2544516635825637,0.35521682430072204
1248,4.768427673447813,0.10174014608031255,0.10156829824492726,0.050924075203723614,0.04706963907254636,0.25434758953983516,0.3552095185478509
1249,4.768427673447812,0.10174013802683195,0.10156828890651808,0.050923920177766,0.04706676719532655,0.25424411369816,0.3552022216904724
1250,4.768427673447812,0.1017401299831494,0.1015682795794702,0.05092376534041612,0.0470639032561886,0.2541402926479953,0.35519493371059896
1251,4.768427673447813,0.10174012241178215,0.10156827026376067,0.0509236106912929,0.04706104723730624,0.2540365978069695,0.35518765459029367
1252,4.768427673447813,0.10174011438744772,0.10156826095936658,0.05092345623001631,0.04705819912090565,0.25393316544663613,0.35518038431167015
1253,4.768427673447813,0.101740115271963,0.10156825166626512,0.05092330604530454,0.0470553588892653,0.2538297244250872,0.35517312285689256
1254,4.768427673447813,0.10174011826343611,0.10156824238443353,0.050923151956921105,0.04705252652471571,0.25372659351295845,0.35516587020817536
1255,4.768427673447813,0.10174011026016831,0.1015682331138491,0.05092302231472987,0.04704970200963929,0.2536237079113578,0.35515862634778295
1256,4.768427673447813,0.10174010226659061,0.1015682238544892,0.050922868589542224,0.04704688532647012,0.25352138751129877,0.3551513912580297
1257,4.768427673447812,0.10174009428268353,0.10156821460633127,0.050922715050331135,0.04704407645769378,0.2534191680315067,0.3551441649212797
1258,4.768427673447813,0.10174008630842767,0.1015682053693528,0.05092256169672294,0.04704127538584718,0.2533174654275886,0.35513694731994655
1259,4.768427673447812,0.10174007834380358,0.10156819614353131,0.05092240852834502,0.0470384820935183,0.2532161381483201,0.3551297384364931
1260,4.768427673447812,0.10174007038879201,0.10156818692884448,0.05092225554482582,0.04703552832856316,0.2531152643334019,0.3551225382534316
1261,4.768427673447813,0.10174006244337369,0.10156817772526998,0.05092210274579481,0.04703258251133457,0.2530146440300523,0.3551153467533232
1262,4.768427673447813,0.10174005450752936,0.10156816853278552,0.05092195013088249,0.047029644624166415,0.25291467703090975,0.35510816391877764
1263,4.768427673447813,0.10174004658123989,0.10156815935136893,0.05092185453998408,0.04702671464944411,0.2528149634233576,0.3551009897324536
1264,4.768427673447813,0.10174003866448617,0.10156815018099806,0.05092170957221261,0.04702379256960436,0.25271485320808146,0.3550938241770581
1265,4.768427673447813,0.10174003075724915,0.10156814102165088,0.050921634669676336,0.04702087836713502,0.25261469623430094,0.3550866672353465
1266,4.768427673447814,0.10174002285950982,0.10156813187330534,0.050921482730608154,0.047017972024574854,0.252513622925617,0.35507951889012235
1267,4.768427673447814,0.10174001497124924,0.10156812273593951,0.050921330973895,0.047015071292688414,0.2524119062216186,0.3550723791242369
1268,4.768427673447814,0.1017400070924485,0.1015681136095315,0.0509211793991734,0.047012178388617265,0.25231043100830974,0.35506524792058947
1269,4.768427673447814,0.1017399992230888,0.10156810449405951,0.0509210280060809,0.04700929329504657,0.25220895797721693,0.3550581252621268
1270,4.768427673447814,0.10173999136315132,0.10156809538950172,0.05092087679425602,0.047006214358926476,0.25210760644291935,0.35505101113184323
1271,4.768427673447815,0.10173998351261733,0.1015680862958365,0.050920725763338316,0.04700314344006112,0.2520063761638179,0.35504390551278026
1272,4.768427673447815,0.10173997567146814,0.10156807721304216,0.05092057491296833,0.046999955716764484,0.2519052668989842,0.3550368083880264
1273,4.768427673447815,0.10173996783968514,0.10156806814109712,0.0509204242427876,0.0469967761245626,0.2518044801883709,0.35502971974071734
1274,4.768427673447815,0.10173996001724973,0.10156805907997987,0.05092037544448087,0.04699360464561746,0.251703612151131,0.35502263955403524
1275,4.768427673447815,0.10173995220414338,0.10156805002966893,0.05092022509290367,0.04699044126214247,0.2516028664854937,0.355015567811209
1276,4.768427673447815,0.1017399444003476,0.10156804099014291,0.050920074920494815,0.046987285956402336,0.2515027494874381,0.3550085044955142
1277,4.768427673447815,0.101739936605844,0.10156803196138045,0.050919924926899715,0.046983521550753894,0.2514022414178828,0.3550014495902722
1278,4.768427673447815,0.10173992882061417,0.10156802294336029,0.050919775111764744,0.04697976592181039,0.2513018529313236,0.35499440307885083
1279,4.768427673447814,0.1017399210446398,0.10156801393606117,0.05091962547473726,0.046976019050538206,0.25120189163375456,0.35498736494466376
1280,4.768427673447813,0.10173991327790262,0.10156801877155978,0.05091956307067478,0.04697228091795825,0.25110184676404745,0.35498033517117034
1281,4.768427673447813,0.1017399055203844,0.10156800978012906,0.05091941375412812,0.046968551505145756,0.2510018154467668,0.3549733137418757
1282,4.768427673447814,0.10173989777206698,0.10156800079936261,0.05091926461467799,0.04696483079323009,0.25090190277138846,0.35496630064033036
1283,4.768427673447814,0.1017398900329322,0.10156799182923942,0.05091911565197554,0.046961118763394545,0.25080210850420875,0.3549592958501301
1284,4.768427673447815,0.10173988230296202,0.10156798286973855,0.05091896686567288,0.046957415396876145,0.2507024324121669,0.35495229935491573
1285,4.768427673447815,0.10173987458213841,0.10156797392083909,0.05091883598637964,0.046953720674965484,0.25060309528079755,0.35494531113837335
1286,4.768427673447815,0.10173986687044337,0.1015679649825202,0.050918687544800986,0.04695003457900648,0.2505039704939174,0.35493833118423357
1287,4.768427673447815,0.10173985916785899,0.10156795605476113,0.050918539278592495,0.04694635709039626,0.25040480604878557,0.3549313594762717
1288,4.768427673447815,0.10173985147436741,0.10156794713754114,0.05091839480026939,0.04694268819058487,0.2503057694698457,0.3549243959983078
1289,4.768427673447815,0.10173984378995078,0.10156793823083957,0.05091829864400984,0.04693902786107516,0.25020720980092714,0.3549174407342059
1290,4.768427673447815,0.10173983611459134,0.10156792933463582,0.0509181508799475,0.04693539871382156,0.2501089890702672,0.35491049366787447
1291,4.768427673447814,0.10173982844827133,0.10156792044890933,0.05091800328991036,0.04693177807338057,0.25001116285656766,0.35490355478326596
1292,4.768427673447814,0.1017398207909731,0.10156791157363962,0.05091785587355803,0.0469280227688599,0.24991301905408633,0.35489662406437666
1293,4.768427673447814,0.10173981314267903,0.10156790270880627,0.050917788929926315,0.04692427610295975,0.24981506683367416,0.35488970149524673
1294,4.768427673447813,0.10173980550337149,0.10156789385438886,0.05091764182826192,0.04692053805716713,0.2497165580639024,0.3548827870599597
1295,4.768427673447813,0.10173979787303296,0.10156788501036706,0.05091749489930387,0.046916808613021464,0.24961816494945105,0.3548758807426425
1296,4.768427673447813,0.10173979025164596,0.10156787617672064,0.05091740706630268,0.04691308775211443,0.24951988726479704,0.3548689825274655
1297,4.768427673447813,0.10173978263919305,0.10156786735342935,0.050917260458567086,0.046909375456089725,0.24942230884686395,0.35486209239864214
1298,4.768427673447813,0.10173977503565682,0.10156786261733314,0.05091711402255743,0.04690544172250699,0.24932426111809566,0.3548552103404287
1299,4.768427673447812,0.10173976744101992,0.10156785381309033,0.0509169840092734,0.046901516786427726,0.24922652236828668,0.3548483363371245
1300,4.768427673447813,0.10173975985526508,0.10156784501914423,0.0509169141652307,0.04689760062912737,0.24912928400135123,0.35484147037307123
1301,4.768427673447812,0.10173975227837503,0.10156783623547481,0.050916768206120684,0.04689275099261106,0.24903215337762818,0.35483461243265335
1302,4.768427673447812,0.10173974471033256,0.10156782746206217,0.05091662241744809,0.04688791119784157,0.24893471156864735,0.35482776250029757
1303,4.768427673447813,0.1017397508435544,0.10156781869888637,0.05091647679888235,0.04688308122411804,0.24883748136892211,0.3548209205604729
1304,4.768427673447812,0.1017397432877982,0.10156781907013417,0.05091633135009381,0.046878169023435654,0.24874011816749136,0.35481408659769015
1305,4.768427673447812,0.1017397357408445,0.10156781032380534,0.05091618607075372,0.04687326670978345,0.24864286839459424,0.3548072605965024
1306,4.768427673447812,0.10173972820267624,0.10156780158765814,0.05091604096053419,0.04686837426242635,0.2485461507655227,0.3548004425415044
1307,4.768427673447811,0.10173972067327645,0.10156779286167293,0.050915896019108245,0.046863491660687186,0.2484496843826397,0.3547936324173325
1308,4.768427673447812,0.1017397131526282,0.10156778414583006,0.05091575124614978,0.04685861888394644,0.24835428194945727,0.3547868302086646
1309,4.768427673447812,0.10173970564071458,0.10156777544010993,0.05091560664133356,0.04685375591164212,0.24825922364038633,0.35478003590021967
1310,4.768427673447812,0.10173969813751874,0.10156776674449305,0.050915462204335245,0.046848902723269484,0.24816326995621785,0.3547732494767584
1311,4.768427673447813,0.10173969064302388,0.10156775805895991,0.05091531793483136,0.04684405929838087,0.2480668323734807,0.3547664709230821
1312,4.768427673447812,0.10173968315721323,0.1015677493834911,0.05091517383249929,0.046839225616585496,0.24797037809723252,0.3547597002240332
1313,4.768427673447812,0.1017396756800701,0.10156774071806726,0.05091502989701732,0.04683440165754926,0.24787402591909533,0.35475293736449476
1314,4.768427673447812,0.10173966821157782,0.10156773206266907,0.05091488612806457,0.046829587400994556,0.24777778521766228,0.35474618232939076
1315,4.768427673447812,0.10173966075171974,0.10156772341727728,0.050914742525321036,0.046824782826700016,0.24768165577871593,0.3547394351036854
1316,4.768427673447812,0.10173965330047931,0.10156771478187263,0.05091459908846756,0.0468199879145004,0.24758565992148265,0.35473269567238325
1317,4.768427673447812,0.10173964585783998,0.101567706156436,0.05091445581718586,0.04681520264428631,0.24748978799616717,0.3547259640205294
1318,4.768427673447812,0.10173963842378526,0.10156769754094826,0.05091431271115848,0.04681042699600407,0.24739399104260282,0.3547192401332086
1319,4.768427673447812,0.10173963099829872,0.10156768893539035,0.050914169770068844,0.046805660949655485,0.2472983045004112,0.35471252399554587
1320,4.768427673447811,0.10173962358136392,0.10156768033974325,0.0509140269936012,0.046800904485297654,0.2472027281582299,0.3547058155927058
1321,4.768427673447811,0.10173961617296454,0.10156767175398805,0.05091388438144066,0.046796157583042806,0.24710726180526185,0.35469911490989287
1322,4.768427673447811,0.10173960877308424,0.1015676631781058,0.05091374193327316,0.046791420223058065,0.2470122477062275,0.3546924219323509
1323,4.768427673447811,0.10173960329478124,0.10156765461207765,0.05091366313818241,0.04678669238556528,0.24691731637249378,0.3546857366453631
1324,4.768427673447811,0.10173959591115324,0.10156764605588477,0.050913660380613596,0.046781974050840835,0.24682217847441934,0.35467905903425223
1325,4.76842767344781,0.1017395885359965,0.10156763750950845,0.05091351834444904,0.04677724055504023,0.2467271497282733,0.35467238908437987
1326,4.76842767344781,0.10173958116929487,0.10156762897292997,0.050913376471119175,0.046772516550976424,0.246632377955083,0.3546657267811467
1327,4.76842767344781,0.10173957381103224,0.10156762044613064,0.05091331908817993,0.04676780201903448,0.2465376916710445,0.35465907210999226
1328,4.76842767344781,0.10173956646119256,0.1015676119290919,0.050913177507197205,0.046763096939653345,0.2464429890300961,0.35465242505639477
1329,4.7684276734478095,0.10173955911975982,0.10156760342179516,0.05091303608815852,0.04675840129332573,0.2463483947125068,0.3546457856058712
1330,4.7684276734478095,0.10173955178671805,0.10156759492422193,0.05091289483075619,0.046753715060597875,0.2462539085124788,0.3546391537439768
1331,4.7684276734478095,0.10173954446205134,0.10156758643635375,0.05091275373468338,0.046749038222069404,0.24616000831826063,0.35463252945630525
1332,4.7684276734478095,0.10173953714574376,0.10156758800016283,0.05091261279963404,0.046744370758393064,0.24606602128758193,0.35462591272848837
1333,4.76842767344781,0.10173952983777951,0.10156757952780675,0.050912472025302954,0.04673940548004132,0.24597222118898696,0.3546193035461962
1334,4.76842767344781,0.10173952253814274,0.10156757106510499,0.05091233141138569,0.046734449888029765,0.24587816498208206,0.35461270189513644
1335,4.76842767344781,0.10173951524681771,0.1015675626120393,0.050912190957578624,0.04672950396250712,0.24578449878009506,0.3546061077610549
1336,4.76842767344781,0.10173950796378871,0.10156755416859145,0.05091205066357898,0.046724567683676305,0.2456906564570578,0.35459952112973486
1337,4.76842767344781,0.10173950068904006,0.10156754573474328,0.05091191052908471,0.04671964103179423,0.2455969208267958,0.3545929419869973
1338,4.76842767344781,0.10173949342255609,0.10156753731047662,0.050911817358257394,0.04671472398717163,0.24550329168782747,0.3545863703187006
1339,4.768427673447811,0.10173948616432126,0.10156752889577343,0.050911677524041216,0.046709816530172886,0.2454099147094785,0.35457980611074036
1340,4.768427673447812,0.10173947891431998,0.10156752049061567,0.05091153784844938,0.04670484571403176,0.24531773480752098,0.35457324934904944
1341,4.768427673447812,0.10173947167253673,0.10156751209498535,0.05091148494890056,0.04669988452906803,0.24522540773592053,0.3545667000195977
1342,4.768427673447812,0.10173946443895605,0.10156750370886453,0.05091134555673964,0.04669493295565022,0.24513311587457448,0.35456015810839203
1343,4.768427673447811,0.1017394572135625,0.1015674953322353,0.05091120632234605,0.046689990974200186,0.24504088606900964,0.3545536236014759
1344,4.768427673447811,0.1017394499963407,0.10156748696507983,0.05091106724542321,0.04668503783217223,0.24494789010145784,0.3545470964849297
1345,4.768427673447811,0.1017394427872753,0.10156747860738036,0.0509109283256753,0.04668009426654594,0.24485557799684746,0.3545405767448703
1346,4.768427673447811,0.10173943558635098,0.1015674702591191,0.05091086437963512,0.046675160257858006,0.2447634990793533,0.35453406436745083
1347,4.768427673447811,0.10173942839355248,0.10156746192027834,0.050910763277715584,0.04667023578669783,0.2446714363209749,0.35452755933886104
1348,4.76842767344781,0.10173942120886455,0.10156745359084045,0.050910624785225816,0.046665320833707315,0.2445794345055888,0.35452106164532654
1349,4.76842767344781,0.10173941403227202,0.1015674452707878,0.050910486448783335,0.046660415379580725,0.24448696112039578,0.35451457127310926
1350,4.76842767344781,0.10173940686375973,0.10156743696010283,0.05091034826809609,0.04665551940506446,0.24439459185248127,0.35450808820850693
1351,4.76842767344781,0.10173939970331258,0.10156742865876803,0.050910210242872796,0.04665063551754553,0.2443023265071293,0.35450161243785316
1352,4.76842767344781,0.10173939255091549,0.10156742036676591,0.05091007237282292,0.04664576106833259,0.2442101648901325,0.3544951439475172
1353,4.76842767344781,0.1017393854065534,0.10156741208407907,0.05090994252543583,0.04664089603833297,0.2441181347724783,0.35448868272390394
1354,4.76842767344781,0.10173937827021136,0.10156740381069009,0.050909804961900604,0.04663604040850544,0.24402618002106208,0.35448222875345364
1355,4.76842767344781,0.1017393711418744,0.10156739554658167,0.05090966755267509,0.04663119415986004,0.24393468153321035,0.3544757820226421
1356,4.768427673447811,0.10173936402152761,0.10156738729173649,0.05090953029747177,0.046626357273457875,0.2438430097819026,0.35446934251798023
1357,4.76842767344781,0.1017393569091561,0.10156737904613733,0.05090939319600388,0.04662152973041096,0.24375167137782905,0.3544629102260139
1358,4.76842767344781,0.10173934980474504,0.10156737080976697,0.05090925624798539,0.04661671151188209,0.24366091611995255,0.3544564851333242
1359,4.76842767344781,0.10173934270827963,0.10156756635987955,0.05090911945313103,0.04661228628805898,0.24357010194999687,0.35445006722652694
1360,4.7684276734478095,0.10173933561974509,0.10156755806549825,0.05090898281115626,0.04660786992242672,0.24347926110529622,0.3544436564922728
1361,4.7684276734478095,0.10173932853912673,0.10156754978037974,0.05090889422139508,0.04660346239709526,0.24338842219021617,0.354437252917247
1362,4.768427673447809,0.10173932146640985,0.10156754150450686,0.05090875786639298,0.04659906369422256,0.24329776684515786,0.3544308564881694
1363,4.768427673447809,0.10173931440157981,0.10156753323786247,0.05090862166344129,0.04659467379601439,0.24320673223583222,0.35442446719179427
1364,4.768427673447809,0.10173930734462198,0.10156752498042945,0.05090852280401586,0.04659029268472421,0.2431160188629969,0.35441808501490996
1365,4.7684276734478095,0.10173930029552183,0.10156751673219079,0.050908530219858444,0.046585920342652964,0.24302564933545195,0.3544117099443392
1366,4.7684276734478095,0.10173929325426478,0.10156750849312947,0.050908394403980546,0.04658156210682957,0.24293569828417302,0.3544053419669388
1367,4.768427673447809,0.10173928622083638,0.1015675002632285,0.05090825873910581,0.04657721259901543,0.24284535905367044,0.3543989810695994
1368,4.768427673447809,0.10173927919522215,0.10156749204247101,0.050908123224955366,0.04657287180166403,0.24275513150939101,0.35439262723924553
1369,4.768427673447809,0.10173927217740765,0.10156748383084009,0.05090798786125105,0.0465685396972757,0.24266470195863615,0.3543862804628356
1370,4.768427673447809,0.10173926516737852,0.10156747562831893,0.05090785264771544,0.046564242941731,0.24257437272788912,0.35437994072736145
1371,4.768427673447809,0.10173925816512043,0.10156746743489073,0.0509077175840718,0.04655995481472098,0.24248414363228657,0.35437360801984846
1372,4.768427673447808,0.10173925117061902,0.101567470924133,0.05090765634719403,0.04655567529894001,0.24239409646110155,0.3543672823273555
1373,4.768427673447808,0.10173924418386007,0.10156746274450476,0.05090762840556736,0.04655140437712849,0.24230432135353364,0.35436096363697456
1374,4.768427673447808,0.10173923720482932,0.10156745457392419,0.05090757342807739,0.04654714203207276,0.2422144825189123,0.35435465193583104
1375,4.768427673447808,0.10173923023351258,0.10156744641237467,0.05090751436700387,0.04654288824660491,0.24212465196631003,0.3543483472110832
1376,4.768427673447809,0.10173922326989568,0.10156743825983959,0.0509073799243416,0.04653864300360263,0.24203492063181703,0.3543420494499225
1377,4.768427673447809,0.10173921631396447,0.10156743011630243,0.05090724563006309,0.04653440628598906,0.24194536920851376,0.3543357586395728
1378,4.768427673447808,0.10173920936570491,0.10156742198174669,0.05090712420217145,0.04653017807673265,0.24185618119817112,0.35432947476729115
1379,4.768427673447808,0.1017392024251029,0.1015674238199097,0.050907076315191375,0.04652595835884701,0.24176678666367132,0.35432319782036714
1380,4.768427673447808,0.10173919549214444,0.10156742826457482,0.05090694242791573,0.04652174711539071,0.24167778385816205,0.3543169277861228
1381,4.768427673447808,0.10173918856681555,0.10156742014854753,0.05090680868798006,0.046517544329467225,0.24158854559764092,0.3543106646519125
1382,4.768427673447808,0.1017391816491023,0.10156741204144526,0.05090667509511505,0.04651334998422467,0.24149940547032914,0.3543044084051232
1383,4.768427673447808,0.10173917473899075,0.10156740394325167,0.05090654164905205,0.04650916406285573,0.24141036329697022,0.3542981590331737
1384,4.768427673447808,0.10173916783646704,0.10156739585395053,0.05090640834952308,0.04650487727097012,0.2413214188987652,0.35429191652351527
1385,4.768427673447808,0.1017391609415173,0.1015673877735256,0.05090627519626087,0.0465002061067288,0.24123257209737103,0.3542856808636309
1386,4.768427673447808,0.10173915405412778,0.10156737970196071,0.050906226657874684,0.04649554386668321,0.24114382271489893,0.35427945204103556
1387,4.768427673447808,0.10173914717428466,0.10156737163923973,0.050906093765293425,0.04649089053320013,0.2410552669212295,0.3542732300432761
1388,4.768427673447808,0.10173914030197422,0.10156736358534656,0.050905961018215165,0.046486246088692694,0.24096709797085342,0.3542670148579309
1389,4.768427673447807,0.10173913343718276,0.10156735554026512,0.050905828416375275,0.046481610515620234,0.24087954429984654,0.3542608064726101
1390,4.768427673447808,0.10173912657989664,0.10156734750397944,0.05090569595950979,0.046476983796488146,0.2407928539337765,0.35425460487495525
1391,4.768427673447808,0.1017391197301022,0.10156733947647352,0.05090556364735542,0.046472365913847714,0.24070639882308006,0.354248410052639
1392,4.768427673447808,0.10173911288778585,0.10156733145773142,0.05090543147964956,0.04646775685029599,0.24061933953830902,0.3542422219933658
1393,4.768427673447808,0.10173910605293404,0.10156732344773726,0.05090529945613023,0.04646315658847561,0.24053154960440104,0.3542360406848709
1394,4.768427673447808,0.10173909922553323,0.1015673154464752,0.05090516757653617,0.04645856511107466,0.24044387615422166,0.3542298661149207
1395,4.768427673447808,0.10173909240556994,0.10156730745392939,0.05090503584060672,0.046453982400826495,0.24035599321264892,0.3542236982713125
1396,4.768427673447809,0.10173908559303069,0.1015672994700841,0.050904904248081924,0.04644940844050967,0.240268205938391,0.3542175371418746
1397,4.768427673447808,0.10173907878790206,0.10156729149492355,0.05090477279870246,0.04644484321294767,0.24018051415845618,0.35421138271446595
1398,4.768427673447808,0.10173907199017067,0.10156728352843207,0.050904641492209676,0.0464402867010089,0.2400931158770685,0.35420523497697637
1399,4.768427673447808,0.10173906519982316,0.10156727557059403,0.05090451032834557,0.046435738887606395,0.2400056144963263,0.354199093917326
1400,4.768427673447807,0.10173905841684622,0.10156726762139379,0.050904379306852786,0.04643119975569779,0.2399182080936267,0.3541929595234656
1401,4.768427673447807,0.10173905164122654,0.10156725968081577,0.050904248427474624,0.04642666928828511,0.23983089649771736,0.35418683178337623
1402,4.768427673447807,0.10173904487295087,0.10156725174884447,0.050904200315357216,0.04642214746841462,0.23974378018683123,0.35418071068506934
1403,4.768427673447807,0.10173903811200599,0.10156724382546435,0.05090406968941479,0.04641763427917672,0.23965671155254298,0.3541745962165864
1404,4.768427673447807,0.1017390313583787,0.10156723591065997,0.05090393920485323,0.04641312970370579,0.23956971494243703,0.35416848836599896
1405,4.768427673447806,0.10173902461205585,0.10156722800441591,0.05090380886141834,0.04640842386200607,0.2394827808022398,0.3541623871214087
1406,4.768427673447806,0.10173901787302433,0.10156722010671682,0.050903689657363374,0.04640372682729016,0.23939612497861154,0.3541562924709471
1407,4.768427673447806,0.10173901114127104,0.1015672122175473,0.05090355959143644,0.046399038582416244,0.23930937851701212,0.35415020440277534
1408,4.768427673447806,0.1017390044167829,0.10156720433689209,0.050903429665881746,0.04639417282432126,0.23922272567558062,0.3541441229050844
1409,4.768427673447805,0.10173899769954692,0.10156719646473591,0.05090329988044762,0.04638931602282124,0.23913667491073248,0.3541380479660948
1410,4.768427673447805,0.1017389909895501,0.10156718860106353,0.05090317023488303,0.04638446816054724,0.23905020862262835,0.35413197957405673
1411,4.768427673447805,0.10173898428677947,0.1015671807458598,0.050903115522508716,0.04637953195664682,0.23896383545262787,0.35412591771724966
1412,4.768427673447805,0.1017389775912221,0.10156717289910953,0.0509029861289277,0.04637460476204038,0.23887755523414683,0.3541198623839822
1413,4.768427673447805,0.1017389709028651,0.10156716506079762,0.05090285687449595,0.04636968655930609,0.23879170205289438,0.35411381356259236
1414,4.768427673447805,0.10173896422169562,0.10156715723090899,0.050902727758964886,0.046364777331067024,0.23870560711885147,0.35410777124144727
1415,4.768427673447805,0.10173895754770083,0.10156714940942863,0.050902598782086556,0.04635987705999102,0.23861960463919774,0.3541017354089432
1416,4.768427673447805,0.1017389508808679,0.10156715123079611,0.0509024699436136,0.04635498572879051,0.23853369444900605,0.354095706053505
1417,4.768427673447805,0.10173894422118408,0.10156714342262106,0.05090240632359407,0.04635010332022244,0.23844806283543576,0.3540896831635867
1418,4.768427673447805,0.10173893756863664,0.10156713562281307,0.05090227773779487,0.04634522981708806,0.23836233666399703,0.354083666727671
1419,4.768427673447805,0.10173893092321289,0.10156712783135727,0.05090214928968778,0.04634036520223279,0.23827670228977157,0.35407765673426916
1420,4.768427673447804,0.10173892428490013,0.10156712004823878,0.05090202097902788,0.046335509458546115,0.23819115954946826,0.35407165317192113
1421,4.768427673447805,0.10173891765368573,0.10156711227344282,0.05090189280557084,0.04633066256896141,0.23810570828020178,0.3540656560291953
1422,4.768427673447805,0.10173891102955708,0.10156710450695457,0.05090185357177578,0.04632582451645578,0.2380203483194912,0.35405966529468846
1423,4.768427673447804,0.10173890441250162,0.1015670967487593,0.050901725640181104,0.046320995284049996,0.23793507950525888,0.35405368095702555
1424,4.768427673447805,0.10173889780250679,0.10156708899884229,0.05090159784509391,0.04631617485480824,0.23784990167582898,0.3540477030048599
1425,4.768427673447805,0.10173889119956006,0.10156708125718887,0.05090147018627223,0.04631136321183806,0.2377648146699263,0.3540417314268729
1426,4.768427673447805,0.10173888460364897,0.10156707352378441,0.050901342663474694,0.04630656251729266,0.2376800362869748,0.35403576621177396
1427,4.768427673447804,0.10173887801476104,0.10156706579861428,0.05090121527646053,0.046301770573043195,0.23759513036803565,0.35402980734830036
1428,4.768427673447804,0.10173887143288388,0.10156705808166397,0.05090108802498956,0.046296987362330455,0.23751031479127208,0.3540238548252174
1429,4.768427673447804,0.10173886485800508,0.1015670503729189,0.05090096090882223,0.046292212868438015,0.2374255893969985,0.35401790863131805
1430,4.768427673447803,0.10173885829011228,0.1015670426723646,0.05090083392771951,0.04628744707469204,0.23734095402592364,0.3540119687554228
1431,4.768427673447804,0.10173885172919316,0.10156703497998663,0.05090070708144303,0.046282689964461214,0.23725640851914934,0.35400603518637996
1432,4.768427673447804,0.10173884517523542,0.10156702729577054,0.05090058036975497,0.046277941521156545,0.2371719615553774,0.35400010791306524
1433,4.768427673447805,0.10173883862822675,0.10156701961970195,0.0509004537924181,0.04627325938797379,0.23708759529893197,0.3539941869243818
1434,4.768427673447804,0.10173883208815494,0.1015670119517665,0.05090039806074615,0.04626858582757257,0.23700331843244163,0.35398827220925994
1435,4.768427673447805,0.1017388255550078,0.10156722076730253,0.05090027172628436,0.046264158640621104,0.236919130798568,0.3539823637566575
1436,4.768427673447804,0.1017388190287731,0.10156728136026186,0.05090018038847111,0.046259739742157344,0.23683512377071356,0.3539764615555592
1437,4.768427673447804,0.10173881250943873,0.1015672736156448,0.05090005430874702,0.0462553291163513,0.23675111409913682,0.35397056559497697
1438,4.768427673447804,0.10173880599699255,0.10156726587921054,0.050899928362236266,0.046250926747413185,0.23666719319051216,0.35396467586394975
1439,4.768427673447804,0.10173879949142248,0.10156726035476617,0.05089980254870503,0.046246532619593266,0.2365833608890413,0.3539587923515432
1440,4.768427673447803,0.10173879299271646,0.1015672526338744,0.05089967686792006,0.04624214671718174,0.23649961703930794,0.35395291504685006
1441,4.768427673447803,0.10173878650086246,0.10156724492112328,0.05089955131964869,0.04623776902450862,0.2364159614862766,0.35394704393898946
1442,4.768427673447803,0.10173878001584849,0.10156723721649853,0.05089948351486682,0.04623339952594359,0.2363325097216049,0.35394117901710753
1443,4.768427673447802,0.10173877353766254,0.10156725271067507,0.050899358210576964,0.04622911118344691,0.23624903025753888,0.35393532027037666
1444,4.768427673447803,0.10173876706629272,0.10156724501407459,0.050899306700065386,0.046224830927132025,0.23616563862738435,0.35392946768799594
1445,4.768427673447803,0.10173876060172707,0.10156723732556654,0.05089918163324272,0.0462205587416211,0.2360823346776171,0.35392362125919063
1446,4.768427673447803,0.10173875414395371,0.10156722964513677,0.05089905669782743,0.04621629461157516,0.2359991182550878,0.3539177809732125
1447,4.768427673447802,0.1017387476929608,0.1015672219727712,0.050898931893590155,0.04621203852169393,0.23591631916275435,0.3539119468193394
1448,4.768427673447802,0.10173874124873651,0.10156728383896405,0.05089880722030208,0.046207790456715754,0.23583331869676896,0.35390611878687545
1449,4.768427673447802,0.10173873481126906,0.10156727615822721,0.05089868267773496,0.04620338267743218,0.23575036381017728,0.35390029686515084
1450,4.768427673447802,0.10173872838054665,0.10156726848553807,0.050898558265661094,0.04619898306838153,0.23566749584208826,0.35389448104352156
1451,4.7684276734478015,0.10173872195655755,0.10156726082088267,0.050898433983853346,0.04619459161411132,0.2355847819296916,0.3538887114611272
1452,4.7684276734478015,0.10173871553929005,0.10156725316424701,0.050898345338492045,0.04619020829920789,0.23550221467300236,0.3538829077937672
1453,4.7684276734478015,0.10173870912873248,0.10156724551561716,0.05089822130408258,0.04618583310829634,0.23542008181424354,0.35387711019474066
1454,4.7684276734478015,0.10173870272487316,0.10156723787497919,0.05089809739927413,0.04618141087127375,0.23533757518019696,0.35387131865350674
1455,4.7684276734478015,0.10173869632770048,0.10156723024231926,0.05089797362384174,0.04617699678519912,0.23525513930260694,0.3538655331595503
1456,4.7684276734478015,0.10173868993720284,0.1015672226176235,0.050897849977560986,0.046172590834713076,0.23517278944150868,0.35385975370238154
1457,4.7684276734478015,0.10173868355336864,0.10156721500087813,0.050897732452324984,0.04616819300449475,0.23509052544779926,0.35385398027153625
1458,4.7684276734478015,0.10173867717618638,0.10156720739206938,0.05089765147479464,0.04616349303524893,0.23500834717273672,0.3538482128565754
1459,4.768427673447801,0.10173867080564451,0.10156719979118348,0.050897528197719574,0.04615880147879365,0.234926254467939,0.35384245144708526
1460,4.768427673447801,0.10173866444173159,0.10156719219820676,0.05089740504892149,0.04615411831936394,0.23484424718538296,0.3538366960326773
1461,4.768427673447801,0.1017386580844361,0.10156718461312551,0.050897282028178635,0.04614944354123414,0.23476232517740314,0.35383094660298814
1462,4.768427673447801,0.10173865173374665,0.10156717703592613,0.0508971591352698,0.04614477712871783,0.23468048829669066,0.3538252031476794
1463,4.7684276734478,0.10173864538965183,0.10156716946659498,0.05089703636997431,0.04614011906616771,0.23459873639629214,0.35381946565643757
1464,4.768427673447801,0.10173863905214024,0.10156716190511851,0.05089691373207202,0.046135469337975424,0.23451706932960867,0.3538137341189741
1465,4.768427673447801,0.10173863272120057,0.10156715435148318,0.050896791221343315,0.04613082792857149,0.2344354869503945,0.35380800852502525
1466,4.768427673447801,0.10173862639682148,0.10156714680567548,0.05089674707427309,0.04612619482242515,0.23435399077017469,0.353802288864352
1467,4.768427673447801,0.10173862007899166,0.10156713926768192,0.05089671646583464,0.04612157000404425,0.23427257732799417,0.3537965751267399
1468,4.768427673447801,0.1017386203359082,0.10156713173748907,0.05089659427633754,0.04611695345797513,0.2341912481366554,0.35379086730199893
1469,4.768427673447801,0.10173861402886455,0.10156712421508352,0.05089647221320182,0.04611234516880252,0.2341100030513151,0.35378516537996396
1470,4.7684276734478,0.10173861370593949,0.10156711670045186,0.05089635027621041,0.046107745121149346,0.23402917518009367,0.353779469350494
1471,4.7684276734478,0.1017386074098496,0.10156710919358079,0.050896228465146715,0.046103166091961724,0.23394853061207177,0.3537737792034723
1472,4.7684276734478,0.10173860112025741,0.10156710169445697,0.050896106779794704,0.0460985952604518,0.23386860195555062,0.3537680949288067
1473,4.7684276734478,0.10173859483715178,0.10156709420306713,0.05089598521993884,0.04609396768546396,0.23378823761994433,0.35376241651642887
1474,4.7684276734478,0.10173858856052162,0.10156708671939801,0.050895863785364114,0.046089348344624255,0.2337078035631238,0.353756743956295
1475,4.7684276734478,0.1017385822903558,0.1015670792434364,0.05089574247585601,0.046084737222653015,0.23362706486791754,0.3537510772383849
1476,4.768427673447801,0.1017385760266433,0.10156707177516909,0.050895621291200545,0.046080134304308365,0.23354674289150354,0.35374541635270257
1477,4.768427673447801,0.10173856976937305,0.10156706431458296,0.05089550023118425,0.04607553957438605,0.23346624347346018,0.353739761289276
1478,4.768427673447801,0.10173856351853407,0.10156705686166485,0.050895379295594144,0.04607093575220152,0.23338574778114515,0.3537341120381567
1479,4.768427673447801,0.10173855727411535,0.10156704941640168,0.05089525848421776,0.046066340105876784,0.2333053347664822,0.35372846858942014
1480,4.7684276734478,0.10173855103610596,0.10156704197878039,0.050895137796843175,0.04606175262028953,0.23322500428839432,0.3537228309331655
1481,4.7684276734478,0.10173854480449497,0.10156703454878793,0.05089501723325892,0.04605717328035472,0.2331447562061409,0.35371719905951543
1482,4.768427673447801,0.10173853857927148,0.10156702712641134,0.05089489679325406,0.04605260207102439,0.23306459037931643,0.3537115729586162
1483,4.768427673447801,0.1017385323604246,0.10156701971163763,0.05089477647661816,0.04604803897728762,0.23298461961453787,0.35370595262063753
1484,4.768427673447801,0.10173852614794346,0.10156701230445386,0.05089465628314126,0.046043483984170366,0.23290461783990765,0.35370033803577244
1485,4.768427673447801,0.10173851994181728,0.10156700490484712,0.05089453621261393,0.04603893707673537,0.23282481371196778,0.35369472919423733
1486,4.768427673447801,0.10173851374203521,0.10156699751280454,0.05089441626482724,0.04603439824008205,0.23274497543105785,0.35368912608627184
1487,4.768427673447801,0.10173850754858653,0.10156699012831327,0.05089438174208328,0.04602986928253208,0.23266527089424935,0.3536835287021388
1488,4.768427673447801,0.10173850136146045,0.10156698275136049,0.050894411909024585,0.04602534836421092,0.23258588771966848,0.35367793703212413
1489,4.768427673447801,0.10173849518064625,0.10156697538193342,0.050894292247731794,0.04602083547033046,0.2325067467356006,0.35367235106653677
1490,4.7684276734478,0.10173848900613325,0.10156696802001931,0.050894172708430836,0.046016330586138764,0.2324273368018514,0.35366683915783187
1491,4.768427673447801,0.10173848557423794,0.10156696066560544,0.05089405329091512,0.04601183369692004,0.23234794240141063,0.3536612819414428
1492,4.768427673447801,0.10173847941136083,0.1015669533186791,0.0508939339949785,0.04600734478799441,0.23226871256808881,0.35365571300194126
1493,4.768427673447801,0.10173847325475392,0.10156694597922764,0.050893814820415335,0.046002863844717926,0.23218944193983587,0.3536501497283616
1494,4.768427673447801,0.10173846710440662,0.1015669386472384,0.05089369576702048,0.045998390852482356,0.23211030873354038,0.3536445921111267
1495,4.7684276734478,0.10173846096030835,0.1015669313226988,0.05089357683458924,0.04599392579671515,0.2320311991433651,0.35363904014068226
1496,4.7684276734478,0.10173845482244855,0.10156692400559625,0.050893458022917455,0.045989468662879285,0.23195216987804398,0.35363349380749637
1497,4.7684276734478,0.10173844869081672,0.10156691669591823,0.05089336837142466,0.045985020219976774,0.23187322080207912,0.35362795310205974
1498,4.7684276734478,0.10173844256540236,0.1015669093936522,0.050893249790783635,0.04598057966924325,0.23179435178029173,0.3536224180148854
1499,4.7684276734478,0.10173843644619499,0.10156690209878567,0.050893131330302384,0.045976146996248995,0.23171556267782145,0.3536168885365088
1500,4.768427673447801,0.10173844092919848,0.10156689481130622,0.05089301298977862,0.04597172218659938,0.23163685336012535,0.3536113646574875
1501,4.7684276734478,0.1017384348187769,0.10156688753120137,0.05089289476901053,0.04596730522593477,0.23155822369297688,0.3536058463684015
1502,4.7684276734478,0.10173842871453467,0.10156688025845877,0.050892776667796784,0.04596289609993042,0.23147967354246501,0.35360033365985266
1503,4.768427673447801,0.10173842261646142,0.101566872993066,0.05089265868593651,0.04595840775948591,0.23140120277499318,0.35359482652246527
1504,4.768427673447801,0.10173841652454677,0.10156686573501077,0.05089254082322932,0.045953927313055205,0.23132281125727852,0.35358932494688533
1505,4.768427673447801,0.10173841043878042,0.10156685848428074,0.05089242307947529,0.04594944802966082,0.23124449885635065,0.35358382892378093
1506,4.768427673447801,0.101738404359152,0.10156685124086362,0.050892305454474956,0.045944976618352805,0.2311666436616931,0.3535783384438419
1507,4.768427673447801,0.10173839828565127,0.10156684400474718,0.050892187948029334,0.04594051306482111,0.23108937072292984,0.35357285349778
1508,4.768427673447801,0.10173840301904115,0.10156683677591917,0.05089207055993992,0.045936057354790276,0.2310122363755579,0.35356737407632877
1509,4.768427673447801,0.10173839695411831,0.10156682955436744,0.050891953290008646,0.04593160947401937,0.23093512101773567,0.35356190017024336
1510,4.768427673447801,0.10173839089529609,0.10156682234007976,0.05089183613803792,0.045927152692329776,0.23085830434569923,0.35355643177030044
1511,4.7684276734478015,0.10173838484256433,0.10156681513304402,0.050891719103830606,0.04592270039068289,0.23078076929048377,0.3535509688672984
1512,4.768427673447801,0.10173837879591284,0.10156680793324811,0.050891602187190035,0.04591825589590712,0.23070301472406238,0.353545511452057
1513,4.768427673447801,0.10173837275533147,0.10156680074067996,0.05089148538792,0.045913819193864905,0.23062535057543126,0.3535400595154174
1514,4.768427673447801,0.10173836672081013,0.10156679355532751,0.050891368705824745,0.04590938028416053,0.23054774277249476,0.3535346130482423
1515,4.7684276734478015,0.10173836069233867,0.10156678637717872,0.05089125214070896,0.04590494914902849,0.23047021277515592,0.35352917204141543
1516,4.7684276734478015,0.10173835466990704,0.10156677920622158,0.050891173147341894,0.04590051913124032,0.23039276045381937,0.35352373648584196
1517,4.7684276734478015,0.10173834865350517,0.10156677204244415,0.05089105680302216,0.045896096866604896,0.23031538567919152,0.3535183063724481
1518,4.768427673447801,0.10173834264312304,0.10156676488583445,0.050890940575111315,0.04589167571115813,0.23023808832227932,0.35351288169218115
1519,4.7684276734478015,0.10173833663875066,0.10156675773638062,0.05089082446341585,0.045887262287535195,0.23016086825438958,0.3535074624360096
1520,4.7684276734478015,0.10173833064037803,0.10156675059407073,0.0508907084677427,0.0458828565817963,0.23008372534712787,0.3535020485949228
1521,4.768427673447802,0.10173832464799518,0.10156674345889294,0.05089059258789926,0.04587845858003509,0.23000665947239785,0.353496640159931
1522,4.7684276734478015,0.10173831866159218,0.10156673633083539,0.05089047682369336,0.045874068268378566,0.22992967050240018,0.35349123712206526
1523,4.7684276734478015,0.10173831268115914,0.1015667292098863,0.050890361174933285,0.045869685632986955,0.22985334163904714,0.3534858394723776
1524,4.7684276734478015,0.10173830670668613,0.1015667220960339,0.05089024564142776,0.04586531066005362,0.2297765059013041,0.3534804472019406
1525,4.7684276734478015,0.1017383007381633,0.10156671498926641,0.05089013022298594,0.04586094333580494,0.22969974668686355,0.35347506030184755
1526,4.7684276734478015,0.1017382947755808,0.10156670788957212,0.05089001491941745,0.04585658364650026,0.22962370428788553,0.3534696787632124
1527,4.7684276734478015,0.10173828881892881,0.10156670079693934,0.050889899730532324,0.04585223157843174,0.22954795357151395,0.3534643025771696
1528,4.7684276734478015,0.10173828286819753,0.10156669371135639,0.050889784656141065,0.04584788711792427,0.22947209637439706,0.3534589317348741
1529,4.768427673447801,0.10173827692337718,0.10156668663281164,0.05088966969605459,0.0458435502513354,0.22939638045683225,0.3534535662275012
1530,4.768427673447801,0.10173827098445802,0.10156667956129348,0.05088955485008426,0.04583922096505519,0.2293210570266451,0.3534482060462466
1531,4.768427673447801,0.10173826505143031,0.1015666724967903,0.050889451206728296,0.045834909328051184,0.22924562816383426,0.35344285118232643
1532,4.768427673447801,0.10173825912428433,0.10156666543929056,0.05088933658473888,0.04583061112840487,0.22917001570659318,0.3534375016269768
1533,4.768427673447801,0.1017382532030104,0.10156665838878272,0.050889275011028454,0.045826320452613395,0.22909440903612288,0.3534321573714542
1534,4.768427673447801,0.10173824728759885,0.10156665134525525,0.05088916059838642,0.045822037287222055,0.22901838415624187,0.35342681840703516
1535,4.768427673447801,0.10173824949659192,0.10156664430869668,0.050889046298944876,0.045817761618808114,0.22894238125174146,0.35342148472501633
1536,4.768427673447801,0.10173824359018374,0.10156663727909557,0.05088897622814464,0.04581349343398076,0.22886654050043057,0.3534161563167143
1537,4.7684276734478,0.10173823768961175,0.10156663025644046,0.05088898646795413,0.045809232719380935,0.2287906877404901,0.35341083317346556
1538,4.768427673447801,0.10173823179486638,0.10156662324071998,0.050888872451213804,0.045804979461681355,0.22871490988238322,0.35340551528662667
1539,4.768427673447801,0.10173822590593802,0.10156661623192276,0.05088875854698723,0.04580073364758628,0.2286394032287791,0.3534002026475738
1540,4.768427673447801,0.10173822002281717,0.10156660923003742,0.05088864475508995,0.04579649526383151,0.2285639606565759,0.35339489524770307
1541,4.768427673447801,0.10173821414549433,0.10156660223505264,0.05088853107533792,0.04579226674047538,0.22848840664142053,0.35338959307843015
1542,4.7684276734478015,0.10173820827395998,0.1015665952469571,0.05088841750754751,0.045788045618618954,0.22841292703836996,0.3533842961311904
1543,4.7684276734478015,0.10173820240820464,0.10156658826573957,0.05088830405153551,0.04578378286634192,0.2283375355391927,0.35337900439743886
1544,4.7684276734478015,0.10173819654821886,0.10156658129138876,0.050888277771565585,0.0457795275374781,0.22826220439078232,0.3533737178686499
1545,4.7684276734478015,0.10173819069399326,0.10156657432389349,0.0508882686945874,0.0457752796188446,0.2281869472900251,0.3533684365363177
1546,4.768427673447802,0.10173818484551836,0.10156656736324254,0.05088815550981212,0.045771039097289634,0.22811176411599007,0.3533631603919556
1547,4.7684276734478015,0.10173817900278481,0.10156656040942474,0.050888042436148445,0.04576703907638562,0.2280367409822809,0.35335788942709634
1548,4.7684276734478015,0.10173817316578326,0.10156655346242897,0.050887929473415146,0.04576304619765153,0.22796170527162538,0.35335262363329206
1549,4.7684276734478015,0.10173816733450435,0.10156654652224407,0.05088781662143141,0.045759060448401154,0.22788674312657975,0.35334736300211406
1550,4.7684276734478015,0.10173816150893873,0.10156653958885899,0.050887703880016844,0.045755084243274353,0.22781241370863314,0.3533421075251529
1551,4.7684276734478015,0.10173815568907717,0.1015665326622626,0.05088759124899144,0.045751115139971835,0.2277380299775684,0.35333685719401825
1552,4.7684276734478015,0.10173814987491034,0.10156652574244394,0.050887478728175645,0.045747153125900705,0.22766328748623446,0.3533316120003388
1553,4.7684276734478015,0.101738144066429,0.10156651882939191,0.05088736631739026,0.04574319818849771,0.22758861808313352,0.3533263719357624
1554,4.7684276734478015,0.10173813826362389,0.10156651192309558,0.05088725401645654,0.04573925031522914,0.2275140807572528,0.3533211369919558
1555,4.7684276734478015,0.10173813246648583,0.10156650502354393,0.050887141825196096,0.04573530949359071,0.22743955715528694,0.35331590716060457
1556,4.7684276734478015,0.10173812667500559,0.10156649813072606,0.050887029743431,0.045731375711107546,0.2273651062861415,0.3533106824334133
1557,4.7684276734478015,0.10173812088917403,0.101566491244631,0.05088691777098368,0.0457275540741385,0.22729072803187625,0.3533054628021053
1558,4.768427673447801,0.10173811510898195,0.10156648436524789,0.05088680590767699,0.045723302571085145,0.22721642227481817,0.3533002482584226
1559,4.7684276734478015,0.10173810933442028,0.10156647749256585,0.05088669415333418,0.04571905839310023,0.22714218889756072,0.35329503879412616
1560,4.7684276734478015,0.10173810356547984,0.10156647062657402,0.05088658250777891,0.045714821527302434,0.22706802778296287,0.35328983440099515
1561,4.768427673447801,0.10173809780215157,0.10156646376726162,0.05088647097083523,0.04571059196084057,0.22699393881414862,0.35328463507082775
1562,4.768427673447801,0.10173809204442638,0.10156645691461784,0.050886359542327564,0.04570636968089347,0.22691992187450594,0.3532794407954404
1563,4.768427673447801,0.10173808629229528,0.1015664500686319,0.05088624822208078,0.04570215467466992,0.2268459768476863,0.3532742515666682
1564,4.7684276734478015,0.10173808054574918,0.10156644322929305,0.050886137009920104,0.0456979279037128,0.22677210361760355,0.3532690673763646
1565,4.7684276734478015,0.10173807480477906,0.10156643639659056,0.05088602590567117,0.0456937083994473,0.22669847197798787,0.35326388821640137
1566,4.768427673447801,0.10173806906937598,0.10156642957051375,0.05088600178069858,0.045689496149141744,0.22662482751492705,0.35325871407866866
1567,4.7684276734478015,0.10173806333953096,0.10156642275105193,0.05088589086351624,0.045685291140094085,0.22655146935754197,0.3532535449550749
1568,4.768427673447801,0.10173805761523504,0.10156641593819446,0.050885780053752244,0.04568109335963183,0.22647845162196134,0.3532483808375466
1569,4.7684276734478015,0.10173805810725225,0.1015664091319307,0.050885676266839173,0.045676902795111995,0.2264055875955723,0.35324322171802874
1570,4.7684276734478015,0.10173805239201299,0.10156640233225006,0.05088564915786584,0.04567271526382459,0.22633276422159562,0.35323806758848403
1571,4.7684276734478015,0.10173804668229805,0.10156639553914196,0.05088553864001395,0.04566853492731251,0.2262593895625191,0.35323291844089355
1572,4.7684276734478015,0.10173804097809855,0.10156638875259583,0.05088542822891967,0.04566436177301419,0.22618608578160412,0.35322777426725616
1573,4.7684276734478015,0.10173803527940566,0.10156638197260115,0.050885404731718674,0.04566019578839724,0.2261128527650927,0.35322263505958884
1574,4.7684276734478015,0.1017380295862105,0.1015663751991474,0.05088529450553805,0.04565603696095833,0.22603969039948185,0.3532175008099263
1575,4.7684276734478015,0.10173802389850432,0.1015663684322241,0.05088518438562924,0.04565188527822311,0.2259665985715231,0.3532123715103212
1576,4.7684276734478015,0.1017380182162783,0.1015663616718208,0.05088507437182197,0.04564774072774611,0.22589362277717287,0.35320724715284413
1577,4.7684276734478015,0.10173801253952365,0.10156635491792707,0.050884964463946414,0.045643603297110695,0.22582078854841472,0.3532021277295832
1578,4.7684276734478015,0.10173800686823165,0.10156634817053246,0.05088490977521248,0.04563947297392893,0.22574810774403906,0.35319701323264435
1579,4.768427673447802,0.10173800120239353,0.10156634142962662,0.05088480006091645,0.045635349745841554,0.2256753626622732,0.3531919036541511
1580,4.768427673447802,0.10173799554200061,0.10156633469519917,0.05088469045206192,0.04563123360051782,0.22560262169465126,0.35318679898624455
1581,4.768427673447802,0.10173798988704418,0.10156632796723976,0.050884580948480515,0.045627124525655496,0.22553008775333258,0.35318169922108344
1582,4.768427673447802,0.10173798423751555,0.10156632124573806,0.05088447155000422,0.04562302250898071,0.22545794963055305,0.3531766043508439
1583,4.768427673447802,0.10173797859340608,0.10156631453068377,0.05088436225646543,0.04561892753824793,0.2253854177263439,0.35317151436771954
1584,4.768427673447802,0.10173797295470713,0.1015663078220666,0.050884253067696894,0.045614841598649467,0.22531295535219292,0.35316642926392144
1585,4.768427673447802,0.10173796732141008,0.10156630111987636,0.05088414398353175,0.045610762678672985,0.22524078942771816,0.35316134903167795
1586,4.7684276734478015,0.10173796169350632,0.10156629442410275,0.05088403500380347,0.045606670469145745,0.22516846570879565,0.3531562736632347
1587,4.768427673447802,0.10173795607098729,0.1015662877347356,0.05088392612834594,0.0456025852743723,0.22509621118850365,0.3531512031508546
1588,4.768427673447802,0.10173795045384443,0.1015662810517647,0.05088381735699339,0.045598507082219554,0.22502417860163604,0.3531461374868177
1589,4.768427673447802,0.10173794484206918,0.10156627437517993,0.05088370868958043,0.045594435880582325,0.22495206209984056,0.3531410766634213
1590,4.768427673447802,0.10173793923565302,0.10156626770497112,0.050883600125942015,0.0455903716573832,0.22488014520986943,0.3531360206729797
1591,4.768427673447802,0.10173793363458747,0.10156626104112815,0.05088353125350997,0.0455862530501602,0.22480816629571893,0.35313096950782435
1592,4.768427673447802,0.10173792803886404,0.10156625438364093,0.05088342288426401,0.04558214145581759,0.22473625603268088,0.3531259231603036
1593,4.768427673447802,0.10173792244847425,0.1015662477324994,0.05088331461831177,0.04557803686226814,0.2246645775704705,0.3531208816227827
1594,4.768427673447802,0.10173792754148146,0.1015662410876935,0.05088327297906802,0.04557393925745234,0.22459300206481317,0.353115844887644
1595,4.768427673447802,0.10173792195832448,0.10156623444921321,0.050883190518613584,0.04556984862933824,0.22452129698804577,0.35311081294728663
1596,4.768427673447802,0.10173791638047912,0.10156623096943641,0.05088319929746619,0.04556574959113622,0.22444966012876869,0.3531057857941265
1597,4.7684276734478015,0.10173791080793694,0.10156622434257215,0.050883091376459175,0.04556165752027231,0.2243783397019728,0.35310076342059615
1598,4.7684276734478015,0.10173790524068961,0.1015662177220045,0.05088298355799484,0.04555757240477382,0.2243068388752805,0.3530957458191451
1599,4.7684276734478015,0.10173789967872875,0.1015662111077235,0.05088287584191128,0.0455534942326954,0.224235459760169,0.35309073298223936
1600,4.7684276734478015,0.10173789412204602,0.10156620449971926,0.05088276822804697,0.04554942299211895,0.22416416725713995,0.35308572490236156
1601,4.7684276734478015,0.1017378885706331,0.10156619789798188,0.050882660716240743,0.04554535867115355,0.22409302471520676,0.35308072157201104
1602,4.768427673447802,0.10173788302448168,0.10156619130250148,0.050882553306331756,0.04554130125793538,0.22402179473639255,0.3530757229837035
1603,4.768427673447802,0.10173787748358347,0.10156618471326821,0.05088247316963312,0.045537250740627644,0.22395063222536557,0.3530707291299711
1604,4.768427673447803,0.10173787194793021,0.10156617813027222,0.05088236595441175,0.045533207107420495,0.22387953707594427,0.35306574000336266
1605,4.768427673447803,0.10173786641751366,0.1015661715535037,0.050882258840615445,0.04552917034653094,0.22380850918218054,0.3530607555964431
1606,4.768427673447803,0.10173786089232559,0.1015661649829529,0.050882151828084796,0.045525140446202796,0.22373754843835916,0.35305577590179393
1607,4.768427673447803,0.10173785537235776,0.10156615841861,0.0508820449166607,0.045521117394706566,0.22366671030358726,0.3530508009120128
1608,4.768427673447803,0.101737849857602,0.10156615186046528,0.05088193810618446,0.045517101180339414,0.22359588352583762,0.3530458306197136
1609,4.768427673447803,0.10173784434805012,0.10156614530850902,0.050881831396497684,0.045513091791425056,0.2235252106143696,0.3530408650175265
1610,4.768427673447803,0.10173783884369396,0.1015661387627315,0.050881724787442344,0.04550908921631367,0.22345453749425723,0.3530359040980978
1611,4.768427673447802,0.10173783334452537,0.10156613222312307,0.05088165753120247,0.04550509344338189,0.22338405963590013,0.35303094785408984
1612,4.768427673447802,0.10173782785053624,0.10156612568967402,0.05088156828940155,0.04550110446103263,0.22331349948632184,0.35302599627818115
1613,4.768427673447802,0.1017378223617185,0.10156611916237476,0.05088147224744383,0.045497122257695095,0.22324300575323588,0.3530210493630662
1614,4.7684276734478015,0.10173781687806399,0.10156611264121566,0.05088136601830346,0.04549314682182465,0.22317257833276596,0.3530161071014555
1615,4.7684276734478015,0.10173781139956467,0.1015661061261871,0.05088125988902933,0.04548917814190278,0.22310221712126282,0.3530111694860753
1616,4.7684276734478015,0.10173780592621252,0.10156609961727954,0.050881153859465435,0.045485216206436994,0.22303192201530359,0.353006236509668
1617,4.7684276734478015,0.10173780045799946,0.10156609311448339,0.05088104792945613,0.04548126100396078,0.22296169291169102,0.3530013081649917
1618,4.7684276734478015,0.1017377949949175,0.10156608661778915,0.05088094209884609,0.04547731252303347,0.22289179760980868,0.35299638444482023
1619,4.7684276734478015,0.10173778953695864,0.10156608012718728,0.05088083636748034,0.04547337075224025,0.2228217001179447,0.3529914653419433
1620,4.768427673447801,0.10173778408411485,0.10156607364266827,0.050880731146394444,0.045469438458790194,0.22275172819437006,0.35298655084916625
1621,4.768427673447801,0.10173777863637821,0.10156606716422267,0.050880625612924515,0.045465512850119245,0.2226820703270043,0.3529816409593101
1622,4.768427673447801,0.10173777319374078,0.10156606069184104,0.050880520178236084,0.0454615939148936,0.22261247231911507,0.3529767356652116
1623,4.7684276734478,0.10173776775619461,0.10156605422551393,0.050880435228357834,0.04545768164180497,0.2225429810530492,0.35297183495972284
1624,4.7684276734478,0.1017377623237318,0.10156604776523194,0.05088032998438047,0.0454537760195705,0.2224735793723304,0.3529669388357117
1625,4.7684276734478,0.10173775689634443,0.10156604131098568,0.050880224838730656,0.04544978716137543,0.22240395377620736,0.35296204728606134
1626,4.7684276734478,0.10173775147402463,0.10156603486276577,0.05088011979125576,0.045445805015462,0.2223343542504679,0.35295716030367047
1627,4.7684276734478,0.10173774605676456,0.10156602842056286,0.05088009916840587,0.045441829570493024,0.22226477898977248,0.3529522778814532
1628,4.7684276734478,0.10173774064455635,0.10156602198436765,0.05087999429045215,0.045437860815156765,0.22219526861148944,0.352947400012339
1629,4.7684276734478,0.10173773523739216,0.10156601555417077,0.050879931698070466,0.04543389873816685,0.222126100793014,0.35294252668927256
1630,4.768427673447799,0.1017377298352642,0.10156600912996298,0.050879827002275106,0.045429943328262154,0.2220567197913954,0.35293765790521403
1631,4.7684276734478,0.10173772443816469,0.10156600271173502,0.05087972240393316,0.04542599457420682,0.22198740337130823,0.3529327936531387
1632,4.768427673447799,0.1017377190460858,0.1015659962994776,0.05087961790289389,0.045422052464790086,0.2219183986672339,0.35292793392603694
1633,4.768427673447799,0.10173771365901983,0.10156598989318152,0.050879513499006886,0.04541811698882629,0.22184921103368396,0.3529230787169144
1634,4.768427673447799,0.10173770827695902,0.10156598349283757,0.05087941131351064,0.04541418813515477,0.22178008768272306,0.35291822801879186
1635,4.768427673447798,0.1017377028998956,0.10156597709843655,0.0508793071028177,0.04541026589263979,0.2217110285151099,0.3529133818247051
1636,4.768427673447799,0.1017377043498435,0.10156597761888914,0.050879202988828386,0.04540635025017045,0.22164203343181724,0.3529085401277049
1637,4.768427673447799,0.10173769898063018,0.10156597123419782,0.050879098971393574,0.045402441196660696,0.2215735314819676,0.35290370292085704
1638,4.768427673447798,0.10173769361639316,0.10156596485542398,0.050879023867646214,0.04539853872104914,0.22150513580505649,0.3528988701972423
1639,4.768427673447798,0.10173768825712479,0.10156595848255848,0.05087892003392318,0.04539465105679983,0.22143657990086052,0.3528940419499562
1640,4.768427673447797,0.1017376829028174,0.10156595211559225,0.05087881629631752,0.04539076994076806,0.22136872062594343,0.35288921817210933
1641,4.768427673447797,0.1017376775534634,0.10156594575451622,0.05087871265468141,0.04538689536197794,0.22130087361888046,0.352884398856827
1642,4.768427673447797,0.10173767220905516,0.10156593939932135,0.05087860910886732,0.04538302730947801,0.22123295074245344,0.3528795839972493
1643,4.768427673447797,0.10173766686958506,0.10156593304999857,0.050878505658728035,0.045379165772341155,0.2211651467132609,0.3528747735865309
1644,4.768427673447796,0.10173766153504553,0.1015659267065389,0.05087840230411666,0.04537531073966454,0.22109678998098994,0.3528699676178414
1645,4.768427673447796,0.101737656205429,0.10156592036893332,0.05087829904488663,0.04537146220056955,0.2210287589049861,0.35286516608436497
1646,4.768427673447796,0.10173765088072793,0.10156591403717286,0.05087819588089167,0.04536762014420168,0.22096039777627502,0.35286036897930034
1647,4.768427673447796,0.1017376455609348,0.10156590771124854,0.05087809281198583,0.04536378455973056,0.22089240481589187,0.35285557629586084
1648,4.768427673447796,0.10173764978620348,0.10156590139115146,0.05087798983802349,0.04535995543634978,0.22082450783593485,0.35285078802727443
1649,4.768427673447796,0.10173764447325845,0.10156589507687269,0.0508778869588593,0.04535613276327691,0.2207568737146238,0.3528460041667834
1650,4.768427673447797,0.10173763916520155,0.10156588876840332,0.05087778417434825,0.04535223500978814,0.22068930739251585,0.3528412247076446
1651,4.768427673447797,0.1017376338620253,0.10156588246573447,0.050877681484345655,0.04534834376007002,0.22062201367697698,0.3528364496431292
1652,4.768427673447797,0.10173762856372227,0.10156588612438777,0.05087760245526763,0.045344459003297,0.220554682496015,0.3528316789665229
1653,4.768427673447797,0.10173762327028496,0.10156587983022743,0.05087749994659135,0.04534058072866745,0.2204876328277839,0.3528269126711255
1654,4.768427673447797,0.10173761798170601,0.1015658735418439,0.050877397531997916,0.04533670892540361,0.2204205360671338,0.35282215075025136
1655,4.768427673447798,0.10173761269797797,0.10156586725922837,0.05087729694260047,0.04533284358275149,0.22035352799657643,0.3528173931972289
1656,4.768427673447798,0.10173760741909349,0.10156586098237202,0.050877194715210364,0.04532898468998082,0.22028599078248734,0.3528126400054008
1657,4.768427673447797,0.10173760214504514,0.10156585471126611,0.050877092581474034,0.04532513223638499,0.2202183882526903,0.352807891168124
1658,4.768427673447798,0.10173759687582559,0.10156584844590187,0.05087699054124894,0.04532128621128099,0.22015130339513608,0.35280314667876955
1659,4.768427673447798,0.1017375916114275,0.10156584218627057,0.05087688859439278,0.045317446604009305,0.22008375198320726,0.3527984065307225
1660,4.768427673447799,0.10173758635184352,0.1015658359323635,0.0508767867407636,0.0453136134039339,0.2200162623447818,0.35279367071738205
1661,4.768427673447798,0.1017375810970663,0.10156582968417194,0.05087668498021975,0.045309786600442124,0.21994903333281976,0.35278893923216137
1662,4.768427673447798,0.10173757584708863,0.10156582344168721,0.05087658331261985,0.045305966182944656,0.21988174344921183,0.3527842120684877
1663,4.768427673447798,0.10173757060190318,0.1015658172049007,0.05087648173782286,0.04530215214087544,0.2198144384845763,0.3527794892198022
1664,4.768427673447798,0.10173756536150265,0.10156581097380372,0.050876380255688004,0.04529834446369161,0.21974744020676232,0.35277477067955987
1665,4.768427673447798,0.10173756012587983,0.10156580474838765,0.05087627886607482,0.04529454314087344,0.21968025787266748,0.35277005644122966
1666,4.768427673447798,0.10173755489502745,0.1015657985286439,0.050876177568843134,0.04529074816192427,0.21961313675199276,0.3527653464982943
1667,4.768427673447799,0.10173754966893833,0.10156579231456389,0.050876076363853086,0.04528695951637044,0.2195464759028872,0.3527606408442503
1668,4.768427673447798,0.1017375444476052,0.10156578610613899,0.050875975250965086,0.045283177193761244,0.21947947680939864,0.35275593947260797
1669,4.768427673447799,0.10173753923102094,0.10156582077034775,0.05087587423003988,0.045279486541194965,0.21941253865198757,0.3527512423768913
1670,4.768427673447798,0.10173753401917833,0.10156581456075119,0.050875773300938454,0.045275802113154046,0.21934587593712618,0.35274654955063817
1671,4.768427673447798,0.10173752881207018,0.1015658083567955,0.050875722805947675,0.0452721238993734,0.2192793607334087,0.3527418609873997
1672,4.768427673447798,0.1017375236096894,0.10156580215847216,0.05087562204475211,0.0452684518896104,0.21921260467536938,0.352737176680741
1673,4.768427673447798,0.10173751841202884,0.10156579596577268,0.050875521374979055,0.04526478607364479,0.21914590918633914,0.35273249662424067
1674,4.768427673447798,0.1017375132190814,0.10156578977868859,0.05087542079649066,0.04526112644127863,0.21907927417499853,0.3527278208114906
1675,4.768427673447798,0.10173750803083993,0.1015657835972114,0.05087532030914939,0.04525747298233622,0.21901269955022057,0.3527231492360965
1676,4.768427673447798,0.10173750284729738,0.10156577742133267,0.050875219912817966,0.045253825686664084,0.21894618522107004,0.3527184818916773
1677,4.768427673447798,0.10173749766844667,0.10156577125104399,0.05087511960735944,0.04525018454413086,0.21887973109680314,0.35271381877186553
1678,4.768427673447798,0.10173749249428075,0.10156576508633697,0.05087501939263713,0.045246549544627285,0.21881333708686693,0.35270915987030704
1679,4.768427673447799,0.10173748732479257,0.10156575892720317,0.05087491926851464,0.04524292067806607,0.21874700310089862,0.352704505180661
1680,4.768427673447798,0.1017374821599751,0.10156575277363425,0.05087481923485585,0.045239297934381896,0.21868116722695688,0.3526998546965999
1681,4.768427673447798,0.10173747699982133,0.10156574662562184,0.05087471929152497,0.04523568130353135,0.21861536440106116,0.35269520841180957
1682,4.768427673447799,0.10173747184432427,0.10156574048315765,0.05087464777136561,0.045232070775492836,0.21854920968963215,0.35269056631998913
1683,4.768427673447799,0.10173746669347694,0.1015657403003831,0.050874547999715546,0.045228466340266525,0.21848311464284495,0.35268592841485075
1684,4.768427673447799,0.10173746154727235,0.1015657341671907,0.050874448317995334,0.045224867987874305,0.21841707917128036,0.35268129469011994
1685,4.768427673447799,0.10173745640570354,0.10156572803952317,0.05087434872607029,0.045221275708359716,0.21835110318570647,0.3526766651395352
1686,4.7684276734478,0.1017374512687636,0.10156572191737229,0.05087426029575782,0.04521768949178789,0.21828543713857357,0.3526720397568483
1687,4.7684276734478,0.1017374461364456,0.10156571580072978,0.05087416087967969,0.04521410518964188,0.21821996486555734,0.3526674185358239
1688,4.7684276734478,0.10173744100874263,0.10156570968958739,0.050874070043149505,0.04521052693435493,0.218154680497593,0.35266280147023976
1689,4.7684276734478,0.10173743588564776,0.10156570358393692,0.050873970803170875,0.045206832747223064,0.2180889412210744,0.3526581885538867
1690,4.7684276734478,0.10173743076715415,0.10156569748377015,0.05087387165232343,0.04520314469676443,0.21802326098748906,0.3526535797805685
1691,4.7684276734478,0.10173742565325493,0.10156569138907894,0.05087377259047416,0.04519946277298221,0.2179576397087176,0.3526489751441018
1692,4.7684276734478,0.10173742054394322,0.10156568529985507,0.05087367361749028,0.04519578696590117,0.21789207729682433,0.35264437463831616
1693,4.7684276734478,0.10173741543921222,0.10156567921609044,0.0508735960375416,0.045192117265567634,0.2178265736640569,0.35263977825705406
1694,4.7684276734478,0.10173741033905506,0.10156567313777688,0.05087349723549063,0.04518845366204938,0.21776131630937326,0.3526351859941706
1695,4.7684276734478,0.10173740524346495,0.10156566706490629,0.05087339852191422,0.04518479614543561,0.2176964871027841,0.35263059784353407
1696,4.7684276734478,0.10173740015243511,0.10156566099747055,0.05087329989668071,0.045181144705836895,0.21763178949431627,0.3526260137990251
1697,4.7684276734478,0.10173739506595873,0.10156565493546162,0.050873201359658726,0.0451774993333851,0.21756720102107224,0.3526214338545372
1698,4.7684276734478,0.10173738998402906,0.1015656488788714,0.05087310291071715,0.045173838403198996,0.21750198935782766,0.3526168580039767
1699,4.768427673447799,0.10173738490663935,0.10156564282769183,0.05087300454972516,0.04517018353979705,0.21743724985804216,0.3526122862412623
1700,4.768427673447799,0.10173737983378285,0.1015656367819149,0.05087290627655218,0.04516653473334602,0.21737229391672347,0.3526077185603257
1701,4.7684276734478,0.10173737476545285,0.10156563074153262,0.05087280809106793,0.04516289197403378,0.21730725659964018,0.3526031549551109
1702,4.768427673447799,0.1017373697016426,0.10156562470653693,0.05087277233739948,0.045159255252069284,0.21724232671471272,0.35259859541957445
1703,4.768427673447799,0.10173736978807386,0.10156561867691988,0.05087268981115954,0.045155624557682524,0.21717740529334278,0.35259403994768557
1704,4.768427673447799,0.10173736473174624,0.10156561265267351,0.05087259186471764,0.04515199988112441,0.21711254169848607,0.35258948853342587
1705,4.768427673447799,0.1017373596799197,0.10156560663378986,0.05087249400546667,0.04514838121266676,0.2170477358445506,0.3525849411707895
1706,4.768427673447799,0.1017373546325876,0.10156560786406,0.050872396233277654,0.04514467450163171,0.2169829876461214,0.35258039785378287
1707,4.768427673447798,0.10173734958974329,0.10156560185371837,0.050872298548021895,0.045140973862918946,0.21691829701796012,0.352575858576425
1708,4.768427673447798,0.10173734455138013,0.10156559584871763,0.050872200949570935,0.04513727928673912,0.21685366387500443,0.35257132333274716
1709,4.768427673447798,0.10173733951749152,0.10156558984904993,0.0508721034377966,0.04513359076332381,0.21678908813236766,0.35256679211679287
1710,4.768427673447799,0.10173733448807087,0.10156558385470735,0.050872006012570956,0.045129908282925464,0.21672456970533824,0.352562264922618
1711,4.768427673447799,0.10173732946311155,0.10156557786568203,0.050871908673766356,0.04512623183581736,0.2166601085093793,0.3525577417442907
1712,4.768427673447798,0.10173732444260701,0.10156557188196616,0.05087182531321997,0.04512256141229353,0.2165957532371066,0.3525532225758914
1713,4.768427673447798,0.10173731942655066,0.10156556590355191,0.05087172814274849,0.045118897002668724,0.21653140623588366,0.3525487074115125
1714,4.768427673447799,0.10173731441493598,0.1015655599304315,0.05087163105832033,0.04511523859727834,0.21646711621317702,0.3525441962452589
1715,4.768427673447798,0.10173730940775642,0.10156555396259707,0.050871534059808855,0.045111586186478335,0.21640288308514388,0.3525396890712473
1716,4.768427673447798,0.10173730440500545,0.10156554800004093,0.05087143714708774,0.04510793976064526,0.21633870676811393,0.35253518588360666
1717,4.768427673447798,0.10173729940667658,0.10156554254928578,0.05087134032003089,0.04510429931017613,0.21627458717858872,0.352530686676478
1718,4.768427673447799,0.10173729441276332,0.10156553659711284,0.05087124357851248,0.04510066482548836,0.21621059783848565,0.35252619144401437
1719,4.768427673447799,0.10173728942325917,0.10156553065019505,0.050871146922406914,0.04509703629701976,0.21614659143237022,0.35252170018038076
1720,4.768427673447799,0.10173728443815767,0.10156552470852473,0.05087107125682013,0.04509341371522847,0.21608269686296,0.3525172128797542
1721,4.768427673447799,0.10173727945745235,0.10156551877209415,0.05087097476498311,0.045089797070592894,0.21601880331377193,0.3525127295363236
1722,4.768427673447799,0.10173727448113677,0.10156551284089566,0.05087087835818922,0.04508614811379441,0.21595496607719328,0.3525082501442898
1723,4.768427673447798,0.10173726950920452,0.10156550691492156,0.05087078203631389,0.045082505108852006,0.21589118507074773,0.35250377469786565
1724,4.768427673447798,0.10173726454164915,0.10156553664516886,0.05087068579923284,0.04507890729765194,0.2158274602121277,0.35249930319127554
1725,4.768427673447798,0.10173725957846429,0.10156553071910367,0.05087065273634461,0.04507526226708663,0.21576379141919405,0.3524948356187559
1726,4.768427673447798,0.10173725461964354,0.10156552479824925,0.05087055664987977,0.045071623172129406,0.21570017860997545,0.35249037197455496
1727,4.768427673447799,0.10173724966518052,0.10156551888259799,0.05087046064785417,0.04506799000331227,0.21563662170266806,0.3524859122529326
1728,4.768427673447799,0.10173724471506888,0.10156551297214227,0.050870364730144495,0.04506436275118723,0.2155733891971044,0.35248145644816037
1729,4.768427673447798,0.10173723976930224,0.1015655070668745,0.05087026889662768,0.045060741406326245,0.21550994376982932,0.35247700455452163
1730,4.768427673447799,0.10173723482787428,0.10156550116678716,0.050870173147180925,0.04505712595932125,0.21544687482320862,0.3524725565663115
1731,4.768427673447799,0.10173722989077869,0.10156549527187267,0.05087012447618085,0.04505351640078399,0.21538379688132975,0.35246811247783644
1732,4.768427673447799,0.10173722495800912,0.10156548938212348,0.05087013731066904,0.045049912721346036,0.21532070888265561,0.3524636722834147
1733,4.768427673447799,0.1017372200295593,0.10156548349753208,0.05087004176706566,0.04504629317829888,0.2152574853740509,0.35245923597737594
1734,4.768427673447799,0.10173721510542294,0.10156547761809098,0.05086994630708354,0.0450427104957224,0.21519431719964904,0.3524548035540616
1735,4.768427673447799,0.10173721487198076,0.10156547174379267,0.050869850930601056,0.045039133656152655,0.2151312042789699,0.3524503750078245
1736,4.768427673447799,0.10173720995507887,0.10156546587462968,0.05086975563749683,0.045035562650311715,0.21506821772543297,0.3524459503330289
1737,4.7684276734478,0.10173720504247286,0.10156546001059455,0.05086966042764973,0.04503199747906862,0.21500521505055664,0.3524415295240505
1738,4.7684276734478,0.10173720013415648,0.10156545415167985,0.05086962835251989,0.04502843812304816,0.21494244428429923,0.3524371125752765
1739,4.7684276734478,0.10173719523012349,0.10156544829787813,0.05086953329037557,0.045024884573030846,0.21487955150439408,0.35243269948110534
1740,4.7684276734478,0.10173719033036772,0.10156544244918196,0.05086943831114256,0.045021336819816564,0.21481671357831877,0.3524282902359471
1741,4.768427673447801,0.10173718543488294,0.1015654401255623,0.050869343414700695,0.045017794854224503,0.21475393042656798,0.3524238848342229
1742,4.7684276734478,0.10173718054366299,0.10156543428602692,0.05086924860093003,0.04501436107841372,0.2146912019697974,0.3524194832703652
1743,4.7684276734478,0.10173717565670166,0.10156542845157586,0.0508691785909121,0.04501093298275484,0.2146285281288234,0.352415085538818
1744,4.7684276734478,0.10173717077399283,0.10156542262220175,0.05086909011167565,0.0450075105582537,0.21456590882462245,0.35241069163403616
1745,4.7684276734478,0.10173716589553031,0.10156541679789725,0.05086900210043111,0.04500409379593503,0.21450352782911206,0.35240630155048597
1746,4.7684276734478,0.10173716102130798,0.10156541097865503,0.05086890760523835,0.04500068268684235,0.21444125233905123,0.3524019152826449
1747,4.7684276734478,0.10173715615131973,0.10156540516446778,0.05086881319213027,0.044997277222037925,0.21437941453570905,0.3523975328250015
1748,4.7684276734478,0.10173715128555942,0.10156539935532823,0.05086876336873837,0.04499387739260274,0.21431721225539271,0.3523931541720556
1749,4.7684276734478,0.10173714642402097,0.10156539355122905,0.05086866910649641,0.04499048318963641,0.2142552555293484,0.35238877931831775
1750,4.7684276734478,0.10173714156669829,0.101565387752163,0.05086857492599557,0.0449870946042572,0.21419334997055353,0.35238440825830997
1751,4.7684276734478,0.10173713671358531,0.10156538195812283,0.05086848082711807,0.04498371162760189,0.2141316120803431,0.35238004098656517
1752,4.768427673447801,0.10173713186467595,0.10156537616910129,0.05086838680974635,0.04498033425082579,0.21406976617106735,0.35237567749762727
1753,4.768427673447801,0.10173712701996418,0.10156537038509117,0.050868292873763085,0.04497696246510266,0.21400796074281953,0.3523713177860511
1754,4.768427673447801,0.10173712217944395,0.10156536460608524,0.05086819901905119,0.044973596261624685,0.21394616232612365,0.35236696184640254
1755,4.768427673447801,0.10173711734310922,0.10156535883207632,0.05086810524549381,0.04497023563160238,0.21388448442030572,0.3523626096732584
1756,4.768427673447801,0.101737112510954,0.10156535306305722,0.05086801155297434,0.044966880566264605,0.21382251272778643,0.3523582612612063
1757,4.768427673447801,0.10173710967916741,0.10156534729902077,0.05086791794137638,0.04496353105685847,0.21376075845008385,0.3523539166048447
1758,4.768427673447801,0.10173710485477544,0.10156534153995983,0.05086782441058379,0.04496018709464931,0.21369889330200617,0.35234957569878306
1759,4.768427673447801,0.10173710003454552,0.10156533578586727,0.05086773096048065,0.044956848670920625,0.21363708152528363,0.35234523853764155
1760,4.768427673447801,0.10173709521847164,0.10156533003673594,0.05086767400373407,0.04495351577697404,0.21357532996732914,0.3523409051160512
1761,4.768427673447801,0.1017370904065479,0.10156532429255875,0.05086758070414281,0.04495018840412925,0.2135136247019167,0.3523365754286537
1762,4.7684276734478015,0.1017370855987683,0.10156532116277782,0.05086748748490371,0.044946878315464234,0.2134519725787676,0.3523322494701015
1763,4.7684276734478015,0.10173708079512692,0.10156531542773459,0.050867394345901755,0.044943573720462066,0.21339037352182288,0.3523279272350577
1764,4.7684276734478015,0.10173707599561785,0.1015653096976249,0.05086730128702221,0.04494025560811302,0.2133288274551757,0.3523236087181961
1765,4.7684276734478015,0.10173707120023519,0.1015653089608251,0.050867208308150495,0.044936942988558354,0.21326734114945992,0.3523192939142013
1766,4.7684276734478015,0.10173706640897302,0.10156530323912424,0.05086711540917231,0.04493363585319853,0.2132059008343214,0.35231498281776835
1767,4.7684276734478015,0.10173706162182548,0.10156529752233705,0.05086702258997356,0.044930334193451806,0.21314451328267037,0.35231067542360284
1768,4.7684276734478015,0.1017370568387867,0.10156529181045651,0.050866929850440404,0.04492703800075421,0.21308321696693563,0.35230637172642115
1769,4.7684276734478015,0.1017370520598508,0.10156528610347562,0.0508668371904592,0.04492374726655948,0.2130219670637789,0.35230207172095
1770,4.7684276734478015,0.10173704728501194,0.10156528040138739,0.05086674460991654,0.04492046198233904,0.21296073733099924,0.3522977754019267
1771,4.7684276734478015,0.1017370425142643,0.10156527470418486,0.05086665210869925,0.044917182139581915,0.2128996543864193,0.352293482764099
1772,4.768427673447801,0.10173703774760201,0.10156526901186104,0.05086655968669437,0.04491390772979472,0.21283852947824491,0.35228919380222506
1773,4.768427673447801,0.1017370329850193,0.10156526332440904,0.050866467343789176,0.04491063874450162,0.21277767729621908,0.35228490851107375
1774,4.7684276734478015,0.10173702822651035,0.10156525764182191,0.05086637507987117,0.04490737517524425,0.21271683996918514,0.352280626885424
1775,4.768427673447801,0.10173702347206937,0.10156525196409273,0.05086628289482805,0.04490411701358167,0.21265587166418234,0.35227634892006526
1776,4.768427673447801,0.10173701872169058,0.1015652462912146,0.050866190788547774,0.04490086425109037,0.21259495545045964,0.3522720746097973
1777,4.768427673447801,0.1017370139753682,0.10156524062318062,0.050866098760918514,0.044897616879364166,0.21253425384942787,0.35226780394943036
1778,4.768427673447801,0.1017370092330965,0.10156523495998394,0.05086600681182864,0.0448943748900142,0.21247344154999484,0.3522635369337847
1779,4.768427673447801,0.10173700449486975,0.10156522930161768,0.050865983497756,0.044891138274668854,0.21241268112042747,0.35225927355769115
1780,4.768427673447801,0.10173699976068216,0.10156522364807499,0.05086589168581712,0.04488790702497373,0.2123519724872001,0.3522550138159905
1781,4.768427673447801,0.10173699503052805,0.10156521799934905,0.05086579995210082,0.04488468113259162,0.21229144407687525,0.352250757703534
1782,4.768427673447801,0.10173699030440168,0.10156521235543303,0.05086570829649634,0.044881460589202414,0.21223083877964904,0.35224650521518297
1783,4.768427673447801,0.10173699694681437,0.10156520671632013,0.05086561671889312,0.04487824538650311,0.2121702850590897,0.35224225634580886
1784,4.768427673447801,0.10173699222548573,0.10156520108200355,0.05086552521918086,0.04487503551620773,0.21210986837931012,0.3522380110902934
1785,4.7684276734478015,0.10173699458653314,0.10156519545247654,0.050865433797249476,0.044871830970047294,0.21204941756901483,0.3522337694435283
1786,4.7684276734478015,0.10173698987120955,0.10156518982773229,0.05086534245298905,0.044868632781205765,0.2119893063148386,0.35222953140041546
1787,4.7684276734478015,0.10173698515988978,0.10156518420776406,0.050865251186289935,0.04486517515857211,0.21192896845262196,0.3522252969558668
1788,4.7684276734478015,0.10173698045256821,0.10156517859256513,0.05086515999704269,0.04486172305915229,0.21186883196814182,0.35222106610480425
1789,4.7684276734478015,0.10173697574923916,0.10156517298212873,0.05086506888513807,0.044858276474429276,0.21180871440970353,0.3522168388421598
1790,4.7684276734478015,0.10173697104989703,0.10156516737644819,0.05086497785046706,0.04485484042635078,0.21174869905835603,0.35221261516287544
1791,4.7684276734478015,0.10173696635453618,0.10156516177551679,0.05086488689292086,0.0448514098717253,0.21168855509516485,0.352208395061903
1792,4.7684276734478015,0.10173696166315102,0.10156515617932786,0.050864796012390884,0.044847984802093836,0.21162846205749694,0.3522041785342044
1793,4.7684276734478015,0.10173695697573595,0.10156515058787473,0.05086470520876874,0.04484456520901465,0.2115684198736911,0.3521999655747514
1794,4.768427673447801,0.10173695229228541,0.1015651450011507,0.05086461448194629,0.0448411510840632,0.2115087470207954,0.35219575617852567
1795,4.7684276734478015,0.1017369476127938,0.10156513941914917,0.05086453363670937,0.04483774241883211,0.21144926288496566,0.3521915503405188
1796,4.7684276734478015,0.10173694293725558,0.10156513384186348,0.05086450493611474,0.044834339204931115,0.21138942092734275,0.35218734805573204
1797,4.7684276734478015,0.10173693826566517,0.10156512826928701,0.050864414418754056,0.04483094143398704,0.21132991439684173,0.35218314931917666
1798,4.7684276734478015,0.10173693359801705,0.10156512270141316,0.050864364525378535,0.044827549097643735,0.21127025578508388,0.3521789541258735
1799,4.7684276734478015,0.1017369289343057,0.10156511713823534,0.05086427414921799,0.04482416218756202,0.21121081884090706,0.3521747624708534
1800,4.768427673447802,0.10173692427452559,0.10156511157974696,0.05086418384923936,0.04482078069541968,0.21115122611069512,0.3521705743491567
1801,4.7684276734478015,0.10173691961867119,0.10156510602594143,0.05086410695624341,0.04481740461291138,0.21109167365727788,0.3521663897558337
1802,4.7684276734478015,0.10173691496673704,0.1015651004768122,0.05086401680454546,0.044814020527928725,0.21103208545722682,0.35216220868594417
1803,4.768427673447802,0.10173691031871765,0.10156509493235277,0.05086392672871303,0.044810641847299736,0.21097274326322069,0.3521580311345578
1804,4.768427673447802,0.10173690567460753,0.10156509066174063,0.05086383672864002,0.04480726856275376,0.2109135356627852,0.35215385709675356
1805,4.768427673447802,0.10173690103440121,0.10156508512624347,0.05086380611958193,0.044803900666036886,0.2108545805119473,0.3521496865676203
1806,4.7684276734478015,0.10173689639809323,0.10156507959539683,0.05086371625400378,0.044800538148911925,0.21079519220298018,0.3521455195422564
1807,4.7684276734478015,0.1017368917656782,0.10156507406919421,0.050863626463882,0.04479718100315838,0.21073600268987064,0.35214135601576996
1808,4.7684276734478015,0.10173688713715062,0.10156506854762912,0.0508635367491113,0.04479382922057236,0.21067710835095968,0.35213719598327825
1809,4.7684276734478015,0.10173688251250512,0.10156506303069511,0.050863447109586596,0.04479048279296657,0.2106184132024237,0.3521330394399084
1810,4.7684276734478015,0.10173687789173626,0.10156505751838572,0.05086335754520299,0.04478714171217025,0.21055979685649634,0.352128886380797
1811,4.768427673447801,0.10173687327483866,0.1015650520106945,0.050863268055855816,0.044783805970029164,0.21050129758344677,0.35212473680108985
1812,4.7684276734478015,0.10173686866180692,0.10156504650761504,0.05086317864144059,0.044780475558405516,0.21044301869837023,0.35212059069594254
1813,4.7684276734478015,0.10173686405263564,0.10156509661986582,0.05086308930185303,0.04477715046917794,0.21038447465723176,0.3521164480605199
1814,4.7684276734478015,0.10173685944731947,0.10156512552239236,0.05086300003698908,0.04477383069424144,0.21032610809655214,0.3521123088899961
1815,4.768427673447801,0.10173685484585307,0.10156512000788545,0.05086291084674485,0.04477051622550736,0.21026807188175167,0.35210817317955495
1816,4.768427673447801,0.10173685024823106,0.10156511449798579,0.050862821731016694,0.04476720705490334,0.21020984492040368,0.3521040409243893
1817,4.768427673447801,0.10173684813633194,0.101565326122811,0.05086273268970114,0.04476415548038771,0.21015181510288372,0.3520999121197016
1818,4.7684276734478,0.10173684354568835,0.10156532056135785,0.05086264372269491,0.0447611089773444,0.21009333428871657,0.35209578676070336
1819,4.7684276734478,0.10173683895887375,0.10156531500454347,0.050862554829894956,0.04475806753804174,0.21003503949658964,0.3520916648426156
1820,4.7684276734478,0.10173683437588284,0.10156530945236136,0.050862466011198405,0.0447550311547636,0.20997716157344687,0.35208754636066847
1821,4.768427673447799,0.10173682979671034,0.10156530390480517,0.05086238715578807,0.04475199957024093,0.2099194155364381,0.35208343131010145
1822,4.768427673447799,0.10173682522135094,0.10156529836186846,0.05086229848222984,0.04474897302656489,0.20986186091779108,0.35207931968616313
1823,4.768427673447799,0.10173682064979936,0.10156529282354484,0.0508622098824699,0.044745951516065495,0.20980417571193966,0.3520752114841113
1824,4.768427673447799,0.10173681608205035,0.10156528728982793,0.050862121356406186,0.044742935031088206,0.20974687807312228,0.3520711066992131
1825,4.7684276734478,0.10173681151809864,0.10156528176071139,0.05086203290393682,0.044739931761269155,0.20968962879926106,0.3520670053267446
1826,4.7684276734478,0.10173680695793902,0.10156527623618881,0.05086194452496013,0.044736933494898275,0.20963277274467143,0.3520629073619912
1827,4.768427673447799,0.1017368024015662,0.10156527071625389,0.05086185621937461,0.044733940224376385,0.20957649269917947,0.3520588128002471
1828,4.768427673447799,0.10173679784897498,0.10156526520090026,0.050861767987079004,0.04473095194211956,0.20951994534311438,0.35205472163681584
1829,4.768427673447799,0.10173679330016012,0.10156525969012165,0.05086167982797219,0.04472796864055908,0.2094632044615532,0.35205063386700997
1830,4.768427673447799,0.10173678875511645,0.1015652541839117,0.05086159174195328,0.044724990312141326,0.2094062377395666,0.352046549486151
1831,4.768427673447799,0.10173678421383876,0.10156524868226417,0.050861503728921585,0.044722016949327856,0.20934933999173452,0.3520424684895696
1832,4.768427673447799,0.10173677967632186,0.10156524318517274,0.05086141578877657,0.04471904854459527,0.20929251217066208,0.35203839087260524
1833,4.7684276734478,0.10173679414098837,0.10156523769263114,0.05086132792141794,0.04471618955810578,0.209236070476669,0.35203431663060647
1834,4.768427673447799,0.10173681187939997,0.10156523220463312,0.050861240126745554,0.044713335428277,0.20917946997938586,0.35203024575893077
1835,4.7684276734478,0.10173680734169664,0.10156522672117244,0.0508611524046595,0.04471048138523996,0.20912293550274186,0.3520261782529446
1836,4.7684276734478,0.10173680280774293,0.10156522124224285,0.05086106475506004,0.04470763218809456,0.20906685017884782,0.35202211410802314
1837,4.768427673447801,0.10173679827753368,0.10156522286066334,0.050860977177847606,0.04470478782950517,0.20901065141839714,0.3520180533195507
1838,4.768427673447801,0.10173680237710277,0.10156521738881465,0.05086092871257707,0.044701948302150823,0.20895455026666382,0.35201399588292026
1839,4.768427673447801,0.10173679785198139,0.10156521192148,0.050860880930353944,0.04469911359872513,0.208898172291089,0.3520099417935336
1840,4.768427673447801,0.10173679333059103,0.10156520645865329,0.05086079354795675,0.04469628371193629,0.208842379399513,0.3520058910468016
1841,4.768427673447801,0.10173678881292658,0.10156520100032826,0.05086070623756824,0.044693458634507,0.20878684021706642,0.3520018436381436
1842,4.768427673447801,0.10173678429898296,0.101565203063478,0.050860618999089786,0.04469073899673751,0.20873143628603721,0.3519977995629879
1843,4.768427673447801,0.10173677978875503,0.1015651976120636,0.05086053183242295,0.04468802407097514,0.20867631746418797,0.3519937588167715
1844,4.768427673447801,0.10173677528223778,0.1015651921651342,0.05086048788946353,0.04468531385009931,0.20862109279908267,0.35198972139494017
1845,4.768427673447801,0.10173677077942606,0.1015651867226836,0.05086040085423049,0.044682608327003555,0.2085663819011267,0.35198568729294827
1846,4.7684276734478,0.10173676628031485,0.10156518128470572,0.05086035178224755,0.04467953046720133,0.2085115006465522,0.35198165650625907
1847,4.7684276734478,0.10173676178489907,0.10156517585119444,0.050860264879537785,0.04467645760068833,0.20845651918212532,0.35197762903034424
1848,4.7684276734478,0.1017367572931737,0.10156517042214366,0.05086017804816861,0.04467338971997765,0.20840088962951156,0.35197360486068424
1849,4.7684276734478,0.1017367528051337,0.1015651649975473,0.05086009128804268,0.044670180322448,0.20834465128880345,0.3519695839927682
1850,4.7684276734478,0.10173674832077402,0.10156515957739927,0.05086000459906286,0.04466697601592207,0.20828828323212653,0.3519655664220936
1851,4.768427673447801,0.10173674384008966,0.10156515416169354,0.05085996003113185,0.0446637767927936,0.20823186367188884,0.35196155214416686
1852,4.7684276734478,0.10173673936307562,0.10156514875042404,0.05085987347260658,0.04466058264547136,0.20817511006809028,0.3519575411545027
1853,4.768427673447801,0.10173673488972688,0.10156514334358473,0.05085978698494653,0.04465739356637912,0.20811861088343553,0.3519535334486244
1854,4.7684276734478,0.10173673042003849,0.10156513794116956,0.050859700568055284,0.04465420954795561,0.20806184528225002,0.3519495290220639
1855,4.7684276734478,0.10173672595400546,0.10156513254317256,0.05085961422183659,0.04465103058265446,0.20800523915436703,0.35194552787036143
1856,4.768427673447801,0.10173672149162281,0.10156512714958771,0.050859527946194395,0.04464785666294419,0.20794848507925923,0.35194152998906597
1857,4.768427673447801,0.1017367170328856,0.10156512176040901,0.050859441741032824,0.044644687781308166,0.2078915373718002,0.3519375353737347
1858,4.768427673447801,0.10173671257778887,0.10156511637563045,0.05085935560625617,0.04464152393024455,0.2078346361610962,0.3519335440199333
1859,4.768427673447801,0.10173670812632767,0.10156511099524608,0.05085926954176894,0.04463836510226628,0.20777818298072806,0.35192955592323594
1860,4.768427673447801,0.10173670367849706,0.10156510561924996,0.050859190435411615,0.044635211289901035,0.20772137598204513,0.3519255710792251
1861,4.7684276734478015,0.10173669923429216,0.10156510024763614,0.05085910450933521,0.04463206248569118,0.20766461377338408,0.35192158948349167
1862,4.7684276734478015,0.1017367031745819,0.10156509488039865,0.050859062037426246,0.0446288736629725,0.20760789780990113,0.35191761113163494
1863,4.768427673447801,0.1017367111066246,0.10156508951753158,0.05085897623942365,0.04462568987019605,0.2075512280289772,0.3519136360192624
1864,4.768427673447801,0.10173670666760637,0.10156508415902903,0.05085889051124679,0.044622511099898454,0.20749460436811165,0.35190966414199
1865,4.768427673447801,0.10173670223219883,0.10156507880488508,0.05085880485280122,0.044619275318962155,0.20743834572455216,0.3519056954954419
1866,4.768427673447801,0.10173669780039711,0.10156507345509384,0.05085871926399266,0.04461604459604634,0.2073818140298502,0.3519017300752505
1867,4.7684276734478015,0.10173669337219633,0.10156506810964944,0.05085863374472702,0.04461288078552815,0.2073253282684834,0.3518977678770565
1868,4.768427673447801,0.10173668894759162,0.10156506276854599,0.0508585482949104,0.04460972196783258,0.2072688883784221,0.35189380889650884
1869,4.768427673447801,0.10173668452657816,0.10156505743177766,0.050858462914449065,0.044606487756565595,0.2072124942977538,0.35188985312926474
1870,4.768427673447801,0.10173668050945964,0.10156505209933857,0.05085837760324943,0.044603258588559,0.20715631760864944,0.3518859005709894
1871,4.768427673447801,0.1017366760955053,0.1015650467712229,0.050858292361218145,0.04460003445636321,0.2071000149148453,0.3518819512173564
1872,4.768427673447801,0.10173667168512777,0.10156504144742484,0.050858207188261985,0.04459681535254318,0.20704384311028454,0.3518780050640473
1873,4.7684276734478015,0.10173666727832224,0.10156503612793855,0.05085812208428793,0.044593601269678394,0.20698790520974836,0.3518740621067521
1874,4.7684276734478015,0.1017366628750839,0.10156503081275821,0.05085803704920311,0.044590392200362816,0.20693189786367813,0.3518701223411685
1875,4.7684276734478015,0.10173665847540792,0.10156511746217681,0.050857952082914853,0.04458733689444227,0.2068757771588673,0.3518661857630025
1876,4.7684276734478015,0.10173665407928954,0.10156516370628388,0.05085786718533066,0.04458428646701654,0.20681979313185705,0.35186225236796825
1877,4.768427673447802,0.10173664968672398,0.10156515836510785,0.05085778235635818,0.044581240910884494,0.20676415193378553,0.35185832215178775
1878,4.768427673447802,0.10173664529770646,0.1015651530282461,0.05085769759590527,0.044578200218859054,0.20670870323343812,0.35185439511019123
1879,4.7684276734478015,0.10173664212584844,0.10156514769569282,0.05085761290387993,0.04457516438376713,0.20665344611017689,0.35185047123891683
1880,4.7684276734478015,0.10173663774358448,0.10156514236744223,0.050857528280190356,0.04457212194653554,0.2065975996504404,0.3518465505337107
1881,4.7684276734478015,0.10173663336485453,0.10156513704348859,0.0508574437247449,0.04456908436116851,0.20654174983743392,0.351842632990327
1882,4.768427673447801,0.1017366289896539,0.10156513172382609,0.0508573592374521,0.04456605162052238,0.20648594504001183,0.3518387186045278
1883,4.7684276734478015,0.10173662461797785,0.1015653695006753,0.050857274818220645,0.04456302371746741,0.2064301851978703,0.35183493398363924
1884,4.7684276734478015,0.10173662024982166,0.10156547575234262,0.05085719046695942,0.044560000644887715,0.2063744702508183,0.3518310610873612
1885,4.7684276734478015,0.10173661588518063,0.10156547034984999,0.050857106183577465,0.04455698239568122,0.20631880013877746,0.3518271676235352
1886,4.7684276734478015,0.10173661152405003,0.10156546495170252,0.05085707698611732,0.04455396896275964,0.20626317480178183,0.35182326577913753
1887,4.7684276734478015,0.10173660716642519,0.10156545955789445,0.050856992823396265,0.04455096033904847,0.20620763670162753,0.35181936707129113
1888,4.768427673447802,0.10173660281230143,0.10156545416841994,0.05085690872829454,0.04454777477420514,0.20615210072382043,0.35181547149580533
1889,4.768427673447802,0.10173659846167404,0.10156544878327324,0.050856824700721844,0.0445445941504056,0.2060967970021571,0.3518115790484973
1890,4.7684276734478015,0.10173659411453839,0.10156544340244854,0.05085675002272997,0.04454141846042161,0.2060416112497446,0.35180768972519216
1891,4.768427673447802,0.10173658977088981,0.10156543802594009,0.050856666127449233,0.044538247697038943,0.20598620876030882,0.3518038035217226
1892,4.7684276734478015,0.10173658543072366,0.10156543265374213,0.05085658229942966,0.044535081853057296,0.20593085068857248,0.3517999204339292
1893,4.7684276734478015,0.10173658109403529,0.10156542728584891,0.05085656490883206,0.04453192092129031,0.20587553697534838,0.3517960404576604
1894,4.7684276734478015,0.10173657676082008,0.10156542192225473,0.050856481197248296,0.04452876489456548,0.20582026756155958,0.35179216358877213
1895,4.768427673447802,0.1017365724310734,0.10156541656295384,0.05085639755267158,0.04452561376572419,0.20576504238823906,0.3517882898231282
1896,4.768427673447802,0.10173656810479062,0.10156541120794052,0.05085631397501276,0.0445224675276216,0.20571002846468958,0.3517844191566
1897,4.768427673447802,0.10173656378196715,0.10156540585720909,0.05085623046418284,0.04451933046678808,0.20565501562500324,0.3517805515850668
1898,4.768427673447802,0.10173655946259838,0.10156540051075386,0.050856147020093015,0.044516198279013534,0.20560025400818277,0.3517766871044153
1899,4.768427673447802,0.10173655514667974,0.10156539516856913,0.05085606364265464,0.044513074222890844,0.20554520504263957,0.3517728257105399
1900,4.7684276734478015,0.10173655083420663,0.10156538983064926,0.05085600755671025,0.044509955023035654,0.20549020002450263,0.3517689673993427
1901,4.7684276734478015,0.1017365465251745,0.10156538885099634,0.05085592430502779,0.04450684067237973,0.20543523889545898,0.35176511216673334
1902,4.7684276734478015,0.10173654221957877,0.10156538352042527,0.05085584111973764,0.04450373116386842,0.20538063121630765,0.3517612600086291
1903,4.7684276734478015,0.10173653791741488,0.101565378194103,0.05085575800075176,0.04450062649046065,0.2053258601861956,0.3517574109209547
1904,4.7684276734478015,0.10173653361867832,0.10156537287202393,0.050855674947982335,0.04449752664512889,0.20527103026558355,0.35175356489964255
1905,4.768427673447801,0.10173652932336451,0.10156536755418244,0.05085559196134169,0.0444944316208591,0.20521624400197921,0.35174972194063253
1906,4.7684276734478015,0.10173652503146893,0.10156536224057292,0.0508555090407423,0.04449134141065071,0.20516150133760758,0.351745882039872
1907,4.768427673447801,0.10173652074298707,0.10156535693118976,0.05085542618609681,0.04448825600751659,0.20510721229839446,0.35174204519331587
1908,4.768427673447801,0.10173651645791441,0.1015653516260274,0.050855343397318044,0.044485175404483025,0.20505255655031362,0.3517382113969265
1909,4.768427673447801,0.10173651217624648,0.10156534632508026,0.05085526067431897,0.04448209959458966,0.20499810436611957,0.35173438064667384
1910,4.7684276734478015,0.10173650789797871,0.10156534102834273,0.05085519626832255,0.04447902857088947,0.20494382713318443,0.35173055293853495
1911,4.7684276734478015,0.10173650550113437,0.10156533573580931,0.05085511367176661,0.04447596475411142,0.20488937143843952,0.3517267282684947
1912,4.7684276734478015,0.10173650122915419,0.10156533044747443,0.05085503114073407,0.044472905707746556,0.2048351142664763,0.3517229066325451
1913,4.7684276734478015,0.10173649696056114,0.10156532516333254,0.050854948675138546,0.04446985142489023,0.20478067488059723,0.35171908802668556
1914,4.7684276734478015,0.1017364926953508,0.10156531988337814,0.050854866274893815,0.04446680189865101,0.20472649024354608,0.3517152724469231
1915,4.7684276734478015,0.1017364884335187,0.10156531460760569,0.0508547839399138,0.044463757122150616,0.20467213702686712,0.3517114598892718
1916,4.7684276734478015,0.10173648417506038,0.10156530933600973,0.05085470167011258,0.04446071708852392,0.20461782683779317,0.3517076503497534
1917,4.768427673447802,0.10173647991997142,0.1015653040685847,0.050854619465404385,0.044457681790918926,0.20456355961971032,0.35170384382439657
1918,4.7684276734478015,0.1017364756682474,0.10156529880532515,0.050854537325703615,0.04445465122249668,0.2045093353161088,0.35170004030923757
1919,4.7684276734478015,0.10173647141988384,0.10156529354622561,0.050854455250924836,0.04445162537643129,0.20445515387058266,0.3516962398003198
1920,4.768427673447802,0.10173646717487639,0.1015652882912806,0.05085437324098276,0.044448604245909906,0.2044010152268296,0.35169244229369406
1921,4.768427673447802,0.10173646293322061,0.10156528304048466,0.05085429129579225,0.04444558782413263,0.20434691932865065,0.3516886477854183
1922,4.768427673447802,0.10173645869491212,0.10156527779383238,0.05085420941526833,0.04444257610431253,0.20429286611994996,0.35168485627155766
1923,4.768427673447803,0.10173645445994652,0.1015652725513183,0.05085412759932619,0.0444395690796756,0.20423885554473456,0.3516810677481847
1924,4.768427673447803,0.1017364502283194,0.101565267312937,0.050854045847881155,0.04443647304816703,0.2041848875471141,0.3516772822113789
1925,4.768427673447804,0.10173644600002643,0.10156526207868305,0.05085396416084872,0.04443338177215552,0.20413096207130071,0.35167349965722716
1926,4.768427673447804,0.10173644177506323,0.10156525684855107,0.05085388253814454,0.044430295244808946,0.204077232994362,0.35166972008182346
1927,4.768427673447804,0.10173643755342543,0.10156525162253563,0.050853800979684394,0.04442721345930818,0.20402341054004156,0.35166594348126884
1928,4.768427673447804,0.10173643333510868,0.10156524640063137,0.05085371948538426,0.044424127162544666,0.2039696122505673,0.35166216985167154
1929,4.768427673447804,0.10173642912010863,0.10156524118283292,0.050853638055160244,0.04442104329242816,0.20391589254023526,0.351658399189147
1930,4.768427673447804,0.101736424908421,0.10156523596913489,0.050853556688928596,0.0444179641528526,0.2038624891661255,0.3516546314898177
1931,4.768427673447804,0.1017364207000414,0.10156523075953194,0.05085347538660574,0.044414889737038624,0.2038088175187796,0.3516508667498131
1932,4.768427673447805,0.10173641649496555,0.10156522555401873,0.050853394148108244,0.04441182003821967,0.20375518800567918,0.35164710496526985
1933,4.768427673447804,0.10173641229318911,0.1015652203525899,0.050853363698028134,0.044408755049642,0.20370188051343283,0.35164334613233167
1934,4.768427673447804,0.1017364080947078,0.10156521515524015,0.05085328257359807,0.04440569476456468,0.203648735779822,0.35163959024714914
1935,4.768427673447804,0.10173640389951731,0.10156520996196416,0.05085320151275443,0.044402639176259494,0.20359551608374454,0.3516358373058801
1936,4.768427673447804,0.10173639970761336,0.10156520477275661,0.05085312051541437,0.04439958827801097,0.2035423392110804,0.35163208730468914
1937,4.768427673447803,0.10173639551899168,0.1015651995876122,0.05085306886535462,0.04439654206311633,0.20348891921874052,0.351628340239748
1938,4.768427673447803,0.10173639133364797,0.10156519440652564,0.050853000733617336,0.04439350052488542,0.20343556874171548,0.3516245961072353
1939,4.768427673447803,0.101736387151578,0.10156518922949168,0.05085291991527504,0.044390463656640775,0.20338223230000274,0.35162085490333667
1940,4.768427673447803,0.10173638297277747,0.10156518405650503,0.05085283916011508,0.044387431451717474,0.20332893755577067,0.35161711662424466
1941,4.768427673447804,0.10173637879724218,0.10156517888756043,0.05085275846805538,0.04438440420274621,0.2032757409183503,0.3516133812661587
1942,4.768427673447804,0.10173637462496789,0.10156517372265267,0.05085267783901395,0.04438135154563437,0.20322252939185026,0.3516096488252852
1943,4.768427673447805,0.10173637045595033,0.10156516856177644,0.050852597272909014,0.044378303555153334,0.2031694423419249,0.3516059192978374
1944,4.768427673447805,0.10173636629018529,0.10156516340492656,0.05085251676965892,0.04437526022465817,0.20311631381032771,0.35160219268003534
1945,4.768427673447805,0.10173636212766853,0.10156515825209776,0.05085243632918215,0.04437222154751643,0.20306328600712223,0.351598468968106
1946,4.768427673447805,0.10173635796839588,0.10156515310328489,0.05085235595139734,0.044369189624854276,0.2030102572186504,0.35159474815828323
1947,4.768427673447806,0.10173635381236311,0.10156514795848272,0.0508522756362233,0.044366162340676266,0.2029572527889018,0.35159103024680766
1948,4.768427673447806,0.10173634965956604,0.10156514281768605,0.05085219538357894,0.044363139688389425,0.20290428962596058,0.35158731522992664
1949,4.768427673447806,0.10173634551000048,0.10156513768088969,0.050852166987381604,0.04436012166141317,0.2028515061006768,0.3515836031038945
1950,4.768427673447806,0.10173634136366226,0.10156513530903247,0.050852093399686896,0.04435710825317927,0.2027988036361669,0.35157989386497224
1951,4.768427673447806,0.10173633722054719,0.10156513017950189,0.0508520133189476,0.044354099457131826,0.202746225852908,0.3515761875094275
1952,4.768427673447806,0.10173633308065111,0.10156512505395669,0.05085193330042701,0.04435109526672723,0.20269375592517871,0.3515724840335348
1953,4.768427673447807,0.10173632894396988,0.10156511993239174,0.05085185334404479,0.04434809567543414,0.20264135522062937,0.35156878343357545
1954,4.768427673447807,0.10173632481049932,0.10156511481480189,0.05085177344972072,0.044345083078441275,0.20258896227546333,0.35156508570583733
1955,4.768427673447807,0.1017363206802353,0.10156510970118202,0.050851716275265565,0.044342075081185796,0.20253668313123643,0.3515613908466151
1956,4.768427673447807,0.10173631655317371,0.10156510459152698,0.050851636498929424,0.044339071677155395,0.20248404767260383,0.35155769885221
1957,4.768427673447807,0.10173631242931039,0.10156509948583171,0.05085155678441626,0.04433607285984993,0.20243145300402082,0.3515540097189301
1958,4.768427673447807,0.10173630830864122,0.10156509438409109,0.05085147713164644,0.04433307862278143,0.20237889907294637,0.35155032344309
1959,4.768427673447807,0.10173630419116211,0.10156508928630001,0.05085139754054047,0.04433008284479696,0.20232659062460895,0.35154664002101094
1960,4.768427673447808,0.10173630007686896,0.1015650841924534,0.05085131801101901,0.04432709163884113,0.20227429668766406,0.35154295944902075
1961,4.768427673447808,0.10173629596575762,0.1015650791025462,0.05085123854300285,0.044324104998456154,0.20222201893202885,0.351539281723454
1962,4.768427673447807,0.10173629185782407,0.10156507401657332,0.050851159136412936,0.044321122917196296,0.20217008904813896,0.3515356068406517
1963,4.768427673447807,0.10173628775306419,0.10156506893452974,0.05085107979117033,0.044318145388627855,0.2021183891824491,0.3515319347969616
1964,4.768427673447807,0.1017362836514739,0.10156506385641038,0.05085100050719627,0.04431517240632911,0.20206629409838772,0.35152826558873773
1965,4.768427673447807,0.10173627955304915,0.10156505878221023,0.05085092128441212,0.044312202406171466,0.2020140233839273,0.3515246409835114
1966,4.768427673447807,0.10173627545778587,0.10156505371192423,0.05085084212273938,0.04430923694067758,0.20196179299040581,0.3515209774245091
1967,4.768427673447806,0.10173627136567999,0.1015650486455474,0.050850767516694144,0.04430627600345999,0.20190960286612508,0.3515173166900832
1968,4.768427673447806,0.1017362672767275,0.10156504358307471,0.05085070836879996,0.044303319588143146,0.20185745295947966,0.35151365877661406
1969,4.768427673447806,0.10173626319092434,0.10156503852450116,0.050850629383696506,0.04430033006632928,0.20180534321895643,0.3515100036804884
1970,4.768427673447807,0.10173625910826647,0.10156503346982176,0.05085055045939673,0.04429734508266249,0.20175327359313455,0.3515063513980995
1971,4.768427673447807,0.10173625502874989,0.10156502841903153,0.05085047159582283,0.04429436463076563,0.20170124403068512,0.3515027019258469
1972,4.768427673447807,0.10173625095237056,0.10156502337212552,0.050850392792897145,0.04429138870427342,0.20164925448037105,0.35149905526013686
1973,4.768427673447807,0.10173624687912448,0.10156501832909873,0.05085031405054214,0.04428841729683237,0.20159730489104685,0.35149541139738183
1974,4.768427673447807,0.10173624280900766,0.10156501328994619,0.05085023536868045,0.04428545040210079,0.20154539521165837,0.35149177033400075
1975,4.768427673447807,0.10173623874201608,0.10156500825466298,0.0508501567472348,0.04428248960319439,0.2014936548580733,0.35148813206641905
1976,4.768427673447807,0.10173623467814577,0.10156500322324417,0.05085007818612812,0.044279533303129476,0.20144190597673578,0.35148449659106834
1977,4.768427673447808,0.10173623061739273,0.10156499819568482,0.050849999685283406,0.04427658149560109,0.20139011566759585,0.3514808639043867
1978,4.768427673447808,0.10173622655975299,0.10156499317198,0.05084992124462384,0.044273634174315936,0.2013384079191775,0.35147723400281866
1979,4.768427673447809,0.10173622250522257,0.10156498815212481,0.050849842864072715,0.0442706913329924,0.20128678959171067,0.3514736068828149
1980,4.768427673447808,0.10173621845379754,0.10156498313611434,0.05084977747460407,0.04426775296536044,0.20123540935554526,0.3514699825408326
1981,4.768427673447808,0.10173621440547392,0.10156497812394369,0.05084969921072251,0.04426481906516163,0.20118377746039415,0.35146636097333506
1982,4.768427673447808,0.1017362103602478,0.10156497311560797,0.05084962100672266,0.04426188962614911,0.20113218507013483,0.351462742176792
1983,4.768427673447808,0.10173620631811521,0.10156496811110233,0.05084958292596022,0.044258964642087534,0.20108063213452593,0.35145912614767943
1984,4.768427673447808,0.10173620227907222,0.10156496311042189,0.05084950483123188,0.044256044106753094,0.20102914114610793,0.35145551288247956
1985,4.768427673447808,0.10173619824311492,0.10156495811356175,0.05084947924381946,0.044253128013933433,0.20097766696366057,0.35145190237768087
1986,4.768427673447808,0.10173619421023938,0.10156495312051714,0.05084947966649693,0.04425021635742767,0.2009262359357986,0.3514482946297781
1987,4.768427673447807,0.10173619018044168,0.10156494813128314,0.05084942050186278,0.044247309131046346,0.20087501676081132,0.35144468963527215
1988,4.768427673447808,0.10173618615371792,0.10156494314585496,0.050849342607079795,0.0442444063286114,0.2008241228521044,0.35144108739067015
1989,4.768427673447807,0.10173618213006422,0.10156493816422774,0.0508492647716852,0.044241507943956156,0.2007733170475258,0.3514374878924854
1990,4.768427673447807,0.10173617810947667,0.10156493318639669,0.05084924972929195,0.04423861397092528,0.20072229119027818,0.3514338911372375
1991,4.768427673447808,0.1017361740919514,0.10156492821235702,0.05084917199643416,0.04423572440337477,0.2006713038964328,0.35143029712145213
1992,4.768427673447808,0.10173617007748452,0.1015649232421039,0.0508490943227516,0.044232839235171906,0.2006201033776133,0.3514267058416611
1993,4.768427673447809,0.10173616606607218,0.10156491827563253,0.05084901670816937,0.04422995846019525,0.20056894181623477,0.3514231172944023
1994,4.768427673447809,0.1017361620577105,0.10156491331293815,0.050848939152612724,0.0442270820723346,0.20051782473269003,0.35141953147621985
1995,4.768427673447808,0.10173615805239562,0.10156490835401598,0.05084886165600706,0.04422421006549097,0.20046674093704972,0.3514159483836639
1996,4.768427673447808,0.1017361540501237,0.10156490986938203,0.05084878421827789,0.04422134243357658,0.20041569595130065,0.3514123680132909
1997,4.768427673447808,0.1017361500508909,0.10156490491634322,0.05084870683935086,0.044218479170514816,0.20036490516614086,0.35140879036166306
1998,4.768427673447808,0.10173614605469339,0.10156489996706361,0.05084862951915176,0.04421562027024018,0.20031393759842867,0.3514052154253489
1999,4.768427673447808,0.1017361420615273,0.10156489502153843,0.0508485522576065,0.04421276572669832,0.2002630086938787,0.35140164320092293
2000,4.768427673447808,0.10173613807138884,0.10156489007976295,0.0508485018162814,0.044209915533845956,0.2002121184037398,0.35139807368496556
2001,4.768427673447808,0.1017361340842742,0.10156488514173247,0.05084845545409228,0.044207069685650864,0.2001612666793469,0.35139450687406343
2002,4.768427673447808,0.10173613010017957,0.10156488020744224,0.05084837835345714,0.044204228176091875,0.20011045347212036,0.35139094276480914
2003,4.768427673447808,0.10173612611910114,0.10156487527688758,0.05084830131119183,0.044201390366317365,0.2000596787335663,0.3513873813538012
2004,4.768427673447808,0.10173612214103513,0.10156487035006377,0.05084822432722292,0.04419855688364847,0.20000905495086846,0.35138382263764417
2005,4.768427673447808,0.1017361181659777,0.1015648654269661,0.05084815828476094,0.044195727722096366,0.19995843516872377,0.3513802666129486
2006,4.768427673447808,0.10173611419392513,0.10156486050758994,0.050848081414407685,0.04419290287568318,0.19990777549776162,0.35137671327633085
2007,4.768427673447808,0.10173611022487362,0.10156485559193057,0.050848004602133325,0.04419008233844195,0.19985715410238392,0.35137316262441354
2008,4.768427673447808,0.10173610625881938,0.10156485067998333,0.05084792784786492,0.044187266104416575,0.19980657093452137,0.3513696146538248
2009,4.768427673447808,0.10173610229575868,0.10156484577174359,0.050847851151529656,0.04418445416766186,0.19975602594618905,0.3513660693611992
2010,4.768427673447808,0.10173609833568774,0.10156484086720664,0.05084777451305484,0.04418155617482908,0.1997055190894862,0.3513625267431766
2011,4.768427673447808,0.10173609437860283,0.10156483596636788,0.050847697932367944,0.044178662535533875,0.1996550503165961,0.35135898679640326
2012,4.768427673447808,0.1017360904245002,0.10156483106922268,0.05084762140939651,0.04417577324377808,0.19960461957978579,0.3513554495175311
2013,4.768427673447807,0.10173608647337612,0.10156482617576638,0.05084754494406825,0.04417288829357444,0.19955422683140586,0.3513519149032179
2014,4.768427673447807,0.10173608252522684,0.10156482128599438,0.05084746853631099,0.04417000767894659,0.1995038720238905,0.3513483829501273
2015,4.768427673447807,0.10173607858004866,0.10156481639990209,0.050847392186052665,0.04416713139392901,0.19945365136402354,0.3513448536549289
2016,4.768427673447807,0.10173607463783783,0.10156481151748487,0.05084732294384015,0.044164259432567035,0.19940337227160804,0.35134132701429793
2017,4.768427673447807,0.1017360706985907,0.10156480663873814,0.05084724670658762,0.04416139178891681,0.19935315945339846,0.35133780302491563
2018,4.768427673447808,0.10173606676230353,0.10156480176365733,0.05084717052661998,0.04415852845704525,0.19930295590394512,0.3513342816834688
2019,4.768427673447808,0.1017360628289726,0.10156479689223782,0.05084712149207015,0.04415566943103006,0.19925279005879507,0.3513307629866503
2020,4.768427673447808,0.10173605889859424,0.10156479862726418,0.050847045419642876,0.04415281470495965,0.199202661870879,0.3513272469311585
2021,4.768427673447808,0.1017360549711648,0.10156479376149333,0.05084699782090004,0.04414996427293319,0.19915257129320973,0.3513237335136978
2022,4.768427673447808,0.10173605104668056,0.10156478889937134,0.05084698706291245,0.04414711812906048,0.19910251827888198,0.35132022273097807
2023,4.768427673447808,0.10173604712513785,0.10156478404089371,0.05084691113798191,0.044144276267462035,0.19905250278107223,0.3513167145797151
2024,4.768427673447808,0.10173604320653303,0.10156477918605586,0.05084683526993155,0.04414143868226898,0.19900252475303853,0.3513132090566303
2025,4.768427673447808,0.10173603929086242,0.10156477433485327,0.05084675945869052,0.04413860536762309,0.19895258414812036,0.351309706158451
2026,4.768427673447808,0.10173603537812237,0.10156476948728142,0.050846683704188135,0.04413577631767668,0.19890269487316273,0.3513062058819099
2027,4.768427673447808,0.10173603146830924,0.10156476464333579,0.05084660800635379,0.04413291503029417,0.1988528289713204,0.3513027082237456
2028,4.768427673447808,0.10173602756141942,0.10156475980301187,0.05084653236511703,0.04413005802323498,0.19880300035310106,0.3512992131807024
2029,4.768427673447808,0.10173602365744923,0.10156475496630517,0.050846502774723794,0.044127205290649195,0.19875324085723006,0.3512957207495301
2030,4.768427673447808,0.10173601975639505,0.10156475013321117,0.05084642723495747,0.04412435682669741,0.1987034866593449,0.35129223092698414
2031,4.768427673447808,0.10173601585825327,0.1015647453037254,0.05084635175158668,0.04412151262555076,0.19865376960631959,0.3512887437098258
2032,4.768427673447809,0.1017360119630203,0.10156474047784339,0.050846276324541424,0.044118672681390914,0.19860413421121512,0.3512852590948219
2033,4.768427673447809,0.10173600807069251,0.10156473565556066,0.050846200953751836,0.04411583698841,0.19855449129856362,0.35128177707874464
2034,4.768427673447808,0.10173601078697114,0.10156473083687274,0.05084612563914818,0.04411300554081061,0.19850488539273214,0.3512782976583721
2035,4.768427673447809,0.10173600689879338,0.10156472602177521,0.050846050380660826,0.04411017833280577,0.19845567420852733,0.35127482083048783
2036,4.768427673447809,0.10173600301351121,0.1015647212102636,0.05084600408715307,0.04410735535861893,0.1984064291708149,0.35127134659188103
2037,4.7684276734478095,0.1017359991311211,0.10156471640233347,0.0508459289334782,0.044104536612483904,0.19835693384977868,0.35126787493934625
2038,4.7684276734478095,0.10173599525161943,0.10156471159798038,0.05084585383571687,0.044101722088644886,0.1983074753527315,0.3512644058696838
2039,4.7684276734478095,0.10173599137500265,0.10156470679719991,0.05084582682012309,0.04409891178135641,0.19825805363413318,0.3512609393796995
2040,4.7684276734478095,0.1017359875012672,0.10156470199998766,0.0508457518220184,0.04409610568488331,0.19820866864852235,0.3512574754662045
2041,4.7684276734478095,0.1017359836304095,0.10156469720633919,0.050845676879629036,0.04409330379350075,0.1981593407703189,0.35125401412601576
2042,4.7684276734478095,0.101735979762426,0.10156469241625013,0.05084563976940424,0.044090506101494134,0.19811002910953118,0.35125055535595545
2043,4.768427673447809,0.10173597589731315,0.10156468762971606,0.05084556492884326,0.04408771260315912,0.19806076767944658,0.35124709915285135
2044,4.7684276734478095,0.10173597203506743,0.10156468284673263,0.05084549014379854,0.0440849232928016,0.19801152916427603,0.3512436455135368
2045,4.7684276734478095,0.10173596817568528,0.10156467806729542,0.050845415414201615,0.04408213816473764,0.19796232715596654,0.3512401944348504
2046,4.7684276734478095,0.10173596431916318,0.10156467329140009,0.05084534073998415,0.04407935721329351,0.1979131616095253,0.3512367459136364
2047,4.7684276734478095,0.10173596046549763,0.10156466851904228,0.050845266121077926,0.04407658043280562,0.19786410102961777,0.3512332999467443
2048,4.76842767344781,0.10173595661468508,0.10156466375021762,0.05084519155741485,0.04407380781762055,0.19781519430631203,0.3512298565310292
2049,4.76842767344781,0.10173595276672202,0.10156465898492176,0.05084514738371743,0.044071039362094916,0.19776629633365317,0.35122641566335155
2050,4.76842767344781,0.10173594892160497,0.10156465422315036,0.05084507292281772,0.044068275060595484,0.19771727608392367,0.35122297734057706
2051,4.76842767344781,0.1017359450793304,0.10156464946489911,0.05084499851696312,0.044065514907499055,0.19766829207233302,0.3512195415595771
2052,4.76842767344781,0.10173594123989485,0.10156464471016366,0.05084492416608597,0.044062771871810034,0.19761934425435065,0.3512161083172281
2053,4.76842767344781,0.10173593740329483,0.1015646399589397,0.05084484987011875,0.0440600097812998,0.1975704325855226,0.35121267761041214
2054,4.76842767344781,0.10173593356952682,0.10156463521122291,0.050844775628994046,0.04405725182992524,0.19752160849110054,0.35120924943601645
2055,4.7684276734478095,0.10173592973858736,0.10156463046700899,0.05084470144264457,0.044054498012093934,0.19747276897479757,0.3512058237909337
2056,4.7684276734478095,0.10173592591047301,0.10156462572629364,0.05084462731100315,0.04405174832222344,0.19742412202623438,0.3512024006720619
2057,4.76842767344781,0.10173592208518029,0.10156462532061743,0.0508445711895674,0.044049005555813515,0.19737548024172227,0.35119898007630423
2058,4.76842767344781,0.10173591826270573,0.10156462058581693,0.05084449716270781,0.04404620913786941,0.1973271525465978,0.3511955620005695
2059,4.7684276734478095,0.10173591444304589,0.10156461585450297,0.05084444181153383,0.044043416871674096,0.19727885497833228,0.3511921464417714
2060,4.76842767344781,0.10173591062619734,0.10156461112667126,0.05084436788903543,0.044040628751635204,0.19723023142982593,0.3511887333968292
2061,4.76842767344781,0.10173590681215662,0.10156460640231753,0.050844294020917544,0.04403784477217033,0.1971817253906884,0.35118532286266735
2062,4.7684276734478095,0.1017359030009203,0.10156460168143755,0.050844225593396596,0.04403506492770696,0.19713313675845393,0.3511819148362156
2063,4.7684276734478095,0.10173589919248495,0.10156459696402705,0.05084415183251375,0.0440322892126825,0.19708492369002112,0.35117850931440875
2064,4.7684276734478095,0.10173589538684717,0.10156459225008183,0.05084407812581324,0.04402951762154423,0.197036832013736,0.35117510629418713
2065,4.7684276734478095,0.10173589158400351,0.1015645875395976,0.05084400447322892,0.04402675014874927,0.19698863593518115,0.3511717057724962
2066,4.7684276734478095,0.10173588778395058,0.1015645828325702,0.050843930874694715,0.044023986788764576,0.19694045122065776,0.35116830774628643
2067,4.7684276734478095,0.10173588398668497,0.10156457812899536,0.050843857330144716,0.0440212275360669,0.19689204037542002,0.35116491221251367
2068,4.7684276734478095,0.10173588019220328,0.10156457396945474,0.050843795916769685,0.044018472385142796,0.19684366502205855,0.35116151916813904
2069,4.7684276734478095,0.10173587640050213,0.1015645692726397,0.05084372247702485,0.04401569845203543,0.19679532511731979,0.35115812861012863
2070,4.7684276734478095,0.10173587261157814,0.10156456457926473,0.05084364909106925,0.04401292862646078,0.19674702061802382,0.3511547405354539
2071,4.7684276734478095,0.10173586882542789,0.10156455988932567,0.0508435757588374,0.044010162902914214,0.1966987514810642,0.3511513549410913
2072,4.76842767344781,0.10173586504204801,0.10156455520281829,0.05084350248026392,0.04400740127590084,0.19665054907336368,0.35114797182402246
2073,4.76842767344781,0.10173586126143518,0.10156455051973845,0.05084342925528355,0.04400464373993546,0.19660235052435232,0.3511445911812343
2074,4.76842767344781,0.10173585748358598,0.10156454584008197,0.05084335608383113,0.04400189028954258,0.19655426315046365,0.3511412130097186
2075,4.76842767344781,0.10173585370849708,0.1015645411638447,0.05084328296584162,0.04399914091925637,0.1965062146804514,0.3511378373064725
2076,4.76842767344781,0.10173584993616515,0.10156453649102247,0.05084320990125008,0.04399639562362064,0.19645812166537674,0.3511344640684981
2077,4.76842767344781,0.10173584616658678,0.10156453182161114,0.05084313688999169,0.04399365439718885,0.1964100637555681,0.3511310932928026
2078,4.76842767344781,0.10173584239975868,0.10156452715560657,0.050843063932001734,0.043990917234524016,0.19636232956552768,0.35112772497639827
2079,4.76842767344781,0.1017358386356775,0.10156452249300466,0.05084299102721561,0.04398818413019878,0.19631434166799108,0.35112435911630246
2080,4.768427673447811,0.10173583487433992,0.10156451783380124,0.050842918175568824,0.04398545507879532,0.1962663887481995,0.35112099570953775
2081,4.76842767344781,0.1017358311157426,0.10156451317799221,0.05084290721261331,0.043982730074905364,0.19621850170546978,0.3511176347531314
2082,4.768427673447811,0.10173582735988222,0.10156450852557347,0.05084283445196243,0.04398000993558956,0.19617079538303966,0.35111427624411606
2083,4.768427673447811,0.10173582360675547,0.1015645038765409,0.05084276174426904,0.04397729383240062,0.19612296353211486,0.35111092017952916
2084,4.76842767344781,0.10173581985635904,0.1015644992308904,0.05084268908946907,0.0439745500638073,0.19607515004558415,0.3511075665564133
2085,4.768427673447811,0.10173581610868965,0.10156449458861791,0.050842616487498556,0.043971810343639395,0.1960273713256534,0.3511042153718159
2086,4.768427673447811,0.10173581236374399,0.10156448994971932,0.050842543938293634,0.043969074666508894,0.19597962733029964,0.35110086662278966
2087,4.768427673447811,0.10173580862151876,0.10156448531419056,0.05084247144179057,0.04396634302703721,0.19593191801757096,0.35109752030639196
2088,4.768427673447811,0.10173580488201069,0.10156448068202757,0.05084239899792571,0.043963615419855225,0.19588424334558616,0.3510941764196852
2089,4.768427673447811,0.10173580114521648,0.10156447605322629,0.050842326606635534,0.04396089183960322,0.19583660327253488,0.3510908349597371
2090,4.768427673447811,0.10173579741113287,0.10156447142778263,0.050842290416607074,0.04395817228093087,0.19578901849580566,0.3510874959236197
2091,4.768427673447811,0.10173579367975659,0.10156446680569256,0.05084230621826428,0.043955456738497246,0.19574174570483757,0.3510841593084105
2092,4.768427673447812,0.10173578995108438,0.10156446218695207,0.050842354558449446,0.04395274587513726,0.1956946260613606,0.3510808251111917
2093,4.768427673447811,0.10173578622511298,0.10156445757155708,0.050842282317400185,0.04395003901687817,0.1956476040375729,0.35107749332905036
2094,4.768427673447811,0.10173578581676967,0.10156445295950357,0.050842210128652573,0.04394733615840761,0.19560051570633447,0.3510741639590787
2095,4.768427673447811,0.10173578209538627,0.10156444835078755,0.05084213799214365,0.04394463729442254,0.19555309599063148,0.35107083699837355
2096,4.768427673447811,0.10173577837669451,0.10156444374540498,0.0508421173462313,0.04394194241962914,0.19550569655534933,0.35106751244403683
2097,4.768427673447812,0.10173577466069117,0.10156443914335185,0.05084204530154937,0.043939251528742895,0.1954586070658149,0.3510641902931752
2098,4.768427673447811,0.101735770947373,0.10156443454462415,0.050841973308926924,0.04393656461648847,0.19541127605711117,0.3510608705429002
2099,4.768427673447811,0.10173576723673679,0.1015644299492179,0.05084190136830145,0.04393388167759976,0.1953639792334201,0.3510575531903283
2100,4.768427673447811,0.10173576352877933,0.10156442535712912,0.05084187184332865,0.04393120270681987,0.19531671655369842,0.35105423823258064
2101,4.768427673447811,0.1017357598234974,0.10156442076835383,0.050841896290885424,0.04392849246080542,0.1952695178774157,0.35105092566678353
2102,4.768427673447811,0.10173575612088777,0.10156441618288806,0.050841824472366945,0.04392578619782778,0.19522241396114842,0.3510476154900677
2103,4.768427673447811,0.10173575242094725,0.1015644116007278,0.05084175270562049,0.04392308391262704,0.19517557209492076,0.3510443076995689
2104,4.76842767344781,0.10173574872367264,0.10156440702186911,0.05084168099058403,0.043920385599952406,0.1951288916923488,0.35104100229242774
2105,4.768427673447811,0.10173574502906077,0.10156440244630807,0.050841609327195635,0.04391769125456226,0.19508179890558433,0.3510376992657895
2106,4.76842767344781,0.10173574133710842,0.1015643978740407,0.05084153771539345,0.0439150008712241,0.1950347400181241,0.35103439861680413
2107,4.768427673447811,0.10173573764781242,0.10156439330506305,0.05084146615511577,0.0439123144447145,0.19498771498940354,0.3510311003426267
2108,4.768427673447811,0.1017357339611696,0.10156438873937121,0.050841394646300955,0.04390963196981914,0.19494072377892602,0.3510278044404167
2109,4.76842767344781,0.10173573027717676,0.10156438417696123,0.05084132318888748,0.04390695344133274,0.1948937663462625,0.35102451090733844
2110,4.76842767344781,0.10173572659583077,0.1015643796178292,0.050841251782813936,0.043904278854059085,0.19484684265105157,0.35102121974056116
2111,4.76842767344781,0.10173588446474144,0.10156437506197122,0.05084118132811182,0.043901652107666056,0.19479995265299918,0.35101793775785567
2112,4.76842767344781,0.1017359416986324,0.10156437050938336,0.05084111002431778,0.04389902926060611,0.19475309631187862,0.3510146513135659
2113,4.76842767344781,0.10173593797172449,0.1015643659600617,0.05084103877168016,0.04389641030774762,0.1947065880146589,0.35101136722711374
2114,4.76842767344781,0.10173593424748918,0.1015643614140024,0.05084096757013797,0.0438938021587223,0.1946599428826561,0.3510080854956873
2115,4.7684276734478095,0.10173593052592324,0.10156435687120151,0.05084093996597116,0.043891197888705644,0.19461323457665564,0.35100480611647916
2116,4.76842767344781,0.10173592680702352,0.1015643523316552,0.0508408688559827,0.04388859749259857,0.19456651234091615,0.3510015290866867
2117,4.76842767344781,0.10173592309078683,0.10156434779535958,0.05084079779691473,0.04388600096531084,0.19451982356206546,0.35099825440351184
2118,4.76842767344781,0.10173591937721,0.10156434326231076,0.050840760878362964,0.04388340830176101,0.1944731682002772,0.3509949820641612
2119,4.76842767344781,0.10173591566628987,0.10156433873250488,0.050840689912781754,0.04388081949687645,0.1944265462157914,0.3509917120658461
2120,4.76842767344781,0.10173591195802327,0.1015643342059381,0.05084061899794533,0.04387814580599835,0.19437995756891405,0.3509884444057826
2121,4.768427673447811,0.10173591200284267,0.10156432968260658,0.05084054813379337,0.043875476027090764,0.19433340222001722,0.35098517908119103
2122,4.76842767344781,0.10173590829897584,0.10156432516250644,0.05084047732026566,0.04387281015503195,0.19428688012953876,0.3509819160892966
2123,4.768427673447811,0.10173590459775378,0.10156432064563384,0.050840406557302084,0.04387014818470901,0.19424039125798223,0.3509786554273292
2124,4.768427673447811,0.1017359008991733,0.101564316131985,0.05084033584484262,0.04386748212114875,0.19419393556591683,0.35097539709252307
2125,4.768427673447811,0.1017358991407351,0.10156431831349816,0.05084026518282734,0.04386481795947989,0.19414751301397698,0.3509721410821173
2126,4.76842767344781,0.10173589544696544,0.10156431380468632,0.050840196598010104,0.0438621576913768,0.1941011235628626,0.35096888739335536
2127,4.76842767344781,0.10173589175582834,0.1015643092990879,0.05084012603621979,0.04385950131175333,0.1940547671733386,0.3509656360234853
2128,4.76842767344781,0.10173588806732066,0.10156430479669909,0.05084008969413398,0.043856848815532076,0.19400853140735178,0.35096238696975995
2129,4.76842767344781,0.10173588438143927,0.10156430029751609,0.05084001922466205,0.04385420019764438,0.19396224100266168,0.3509591402294365
2130,4.76842767344781,0.10173588069818108,0.1015642958015351,0.05083994880534236,0.043851555453030315,0.1939160486468145,0.3509558957997766
2131,4.76842767344781,0.10173587701754298,0.10156429130875234,0.05083987843611555,0.04384891457663864,0.1938699797448072,0.3509526536780466
2132,4.76842767344781,0.10173587333952187,0.101564286819164,0.050839808116922396,0.0438462775634268,0.1938237880035246,0.3509494138615173
2133,4.76842767344781,0.10173586966411469,0.10156428233276633,0.05083973784770375,0.043843628522749145,0.19377762908983448,0.35094617634746395
2134,4.76842767344781,0.10173586599131827,0.10156427784955557,0.05083966762840058,0.04384098334647649,0.19373150296495387,0.3509429411331665
2135,4.768427673447811,0.10173586232112963,0.10156427336952793,0.050839624018069844,0.043838342029578904,0.19368540959016378,0.3509397082159092
2136,4.768427673447811,0.10173585865354562,0.10156426889267967,0.050839553892104816,0.04383570456703507,0.19363934892680915,0.35093647759298086
2137,4.768427673447811,0.10173585498856318,0.10156426441900704,0.050839483815883206,0.0438330709538323,0.1935933209362987,0.3509332492616748
2138,4.768427673447811,0.10173585822398684,0.10156425994850629,0.05083941378934636,0.04383044118496648,0.1935473255801048,0.3509300232192886
2139,4.768427673447811,0.10173585456256029,0.10156425548117366,0.0508393438124357,0.04382781525544209,0.19350136281976318,0.3509267994631246
2140,4.76842767344781,0.1017358509037273,0.10156425101700546,0.050839273885092774,0.04382519316027216,0.1934554914160929,0.3509235779904893
2141,4.768427673447811,0.1017358472474848,0.10156424655599794,0.050839204007259234,0.04382257489447826,0.19340976451947617,0.3509203587986938
2142,4.76842767344781,0.10173584359382977,0.10156424209814738,0.050839134178876776,0.04381996045309047,0.1933638992620955,0.3509171418850537
2143,4.76842767344781,0.10173583994275912,0.10156423764345007,0.05083906439988724,0.043817349831147386,0.1933180664473813,0.3509139272468887
2144,4.76842767344781,0.10173583629426983,0.1015642331919023,0.050838994670232535,0.043814721342229135,0.19327226603718492,0.3509107148815233
2145,4.76842767344781,0.10173583264835889,0.10156422874350038,0.05083892498985469,0.04381209667818013,0.19322649799342032,0.35090750478628613
2146,4.76842767344781,0.10173582900502325,0.1015642242982406,0.05083885535869581,0.04380947583404637,0.19318084187249437,0.3509042969585103
2147,4.768427673447811,0.10173582536425987,0.10156421985611926,0.0508387857766981,0.04380685290972523,0.1931351384287546,0.35090109139553327
2148,4.768427673447811,0.10173582172606577,0.1015642154171327,0.05083871624380386,0.04380423379959681,0.19308946723757664,0.35089788809469696
2149,4.768427673447811,0.1017358180904379,0.10156421098127723,0.05083864675995548,0.04380161849872751,0.19304398996084762,0.3508946870533474
2150,4.768427673447812,0.10173581445737329,0.10156420654854918,0.05083857732509546,0.04379900700219217,0.19299881469906993,0.35089148826883537
2151,4.768427673447811,0.10173581082686887,0.10156420211894489,0.05083856329940022,0.043796399305074,0.19295374405879745,0.3508882917385156
2152,4.768427673447811,0.10173580719892171,0.10156419769246068,0.05083849394927809,0.04379378560933234,0.19290831042572779,0.3508850974597474
2153,4.768427673447811,0.10173580357352878,0.10156419326909293,0.05083842464798156,0.04379117571009422,0.1928630394525175,0.3508819054298943
2154,4.768427673447811,0.10173579995068709,0.10156418884883797,0.050838355395453456,0.043788565692054894,0.1928175606433993,0.3508787156463241
2155,4.768427673447811,0.10173579633039366,0.10156418443169216,0.050838286191636745,0.04378595946347841,0.19277211382352494,0.3508755281064091
2156,4.768427673447811,0.1017357927126455,0.10156418001765187,0.050838249184263405,0.04378335701947841,0.19272669895548908,0.35087234280752566
2157,4.76842767344781,0.10173578909743967,0.10156417560671346,0.05083818007012859,0.04378075835517685,0.19268131600194754,0.3508691597470547
2158,4.76842767344781,0.10173578548477318,0.10156417119887332,0.050838111004539874,0.043778155664935516,0.1926359649256172,0.3508659789223811
2159,4.76842767344781,0.10173578187464305,0.10156416679412784,0.050838054722445916,0.04377555675013814,0.1925907970449512,0.3508628003308943
2160,4.768427673447811,0.10173577826704636,0.10156416239247339,0.05083798575078484,0.04377296160592508,0.19254550957584587,0.3508596239699878
2161,4.768427673447811,0.10173577466198011,0.10156415799390636,0.0508379168275022,0.043770370227444955,0.1925002538724919,0.3508564498370594
2162,4.76842767344781,0.10173577105944138,0.10156415359842316,0.05083784795254158,0.04376777483084315,0.19245502989784877,0.3508532779295112
2163,4.76842767344781,0.1017357674594272,0.10156414920602021,0.05083777912584665,0.04376518319574748,0.19240986845910243,0.35085010824474955
2164,4.768427673447811,0.10173576386193464,0.1015641448166939,0.0508377103473612,0.043762595317324834,0.19236470782376147,0.35084694078018486
2165,4.768427673447811,0.10173576026696077,0.10156414043044065,0.05083768041091519,0.043760005369353275,0.1923195788063767,0.3508437755332319
2166,4.76842767344781,0.10173575667450264,0.1015641360472569,0.050837611719583495,0.043757419172486836,0.19227464023777543,0.3508406125013097
2167,4.76842767344781,0.10173575308455735,0.10156413166713907,0.050837543076299486,0.04375485478992736,0.1922296572978883,0.3508374516818414
2168,4.76842767344781,0.10173574949712194,0.10156412729008357,0.05083747448100731,0.043752294136222225,0.19218462285716076,0.35083429307225417
2169,4.76842767344781,0.10173574591219353,0.10156412291608687,0.05083740593365118,0.043749737206589014,0.1921397134453814,0.35083113666997967
2170,4.76842767344781,0.10173574232976919,0.10156411854514541,0.05083733743417541,0.04374718399625338,0.1920951489306773,0.35082798247245356
2171,4.76842767344781,0.10173573874984602,0.10156411417725564,0.05083726898252441,0.04374493641512582,0.19205061443464275,0.3508248304771157
2172,4.76842767344781,0.10173573517242111,0.10156410981241401,0.05083720057864265,0.04374269233307903,0.1920062440540645,0.3508216806814101
2173,4.768427673447811,0.10173573159749158,0.101564105450617,0.050837132222474726,0.04374045174560722,0.19196176861001168,0.350818533082785
2174,4.768427673447811,0.10173572802505451,0.10156410109186106,0.05083706391396531,0.043738214648212266,0.19191692201757352,0.3508153876786925
2175,4.768427673447811,0.10173572445510703,0.10156409673614271,0.050836995653059165,0.043735981036403596,0.19187210667811277,0.3508122444665892
2176,4.768427673447811,0.10173572088764625,0.10156409238345837,0.05083696752061477,0.04373375090569824,0.1918273225554223,0.35080910344393557
2177,4.768427673447811,0.10173571732266927,0.10156408803380455,0.050836983312623936,0.0437315242516208,0.19178256961335366,0.35080596460819624
2178,4.76842767344781,0.10173571376017325,0.10156408368717776,0.050836915165272424,0.04372930106970344,0.19173784781581688,0.35080282795684
2179,4.76842767344781,0.1017357102001553,0.10156407934357449,0.05083689756906086,0.043727079481435345,0.19169315712678034,0.35079969348733964
2180,4.76842767344781,0.10173571334101816,0.10156407500299125,0.05083682950469511,0.043724861357717186,0.19164851982774792,0.3507965611971722
2181,4.76842767344781,0.10173570978438794,0.10156407066542453,0.05083680453541092,0.04372261575880193,0.19160392144510863,0.35079343108381866
2182,4.76842767344781,0.10173570623022826,0.10156406633087084,0.05083679890006087,0.04372037363703936,0.191559323853742,0.35079030314476406
2183,4.76842767344781,0.10173570267853634,0.10156406199932673,0.050836730952919754,0.04371813498797283,0.19151489638713812,0.35078717737749765
2184,4.76842767344781,0.10173569912930927,0.1015640576707887,0.05083666305293394,0.04371589980715318,0.19147036065759673,0.3507840537795126
2185,4.76842767344781,0.10173569558254422,0.1015640533452533,0.050836595200049,0.04371366809013873,0.19142585582161625,0.35078093234830615
2186,4.76842767344781,0.10173569203823837,0.10156404902271705,0.05083652739421064,0.04371143983249528,0.1913814621427124,0.35077781308137945
2187,4.76842767344781,0.10173568849638888,0.10156404470317651,0.05083645963536462,0.04370921502979606,0.19133701896838493,0.35077469597623795
2188,4.76842767344781,0.10173568495699292,0.10156404038662822,0.0508363919234568,0.04370699343372551,0.19129260658092445,0.3507715810303909
2189,4.76842767344781,0.10173568142004766,0.10156403607306873,0.050836324258433124,0.04370477590353924,0.19124845798766643,0.3507684682413517
2190,4.76842767344781,0.10173567788555027,0.10156403176249461,0.05083625664023962,0.04370256181480131,0.19120486304600098,0.35076535760663774
2191,4.76842767344781,0.10173567435349794,0.10156402745490241,0.05083618906882242,0.04370035116311492,0.19116151413611412,0.3507622491237702
2192,4.76842767344781,0.10173567082388787,0.1015640231502887,0.0508361322678632,0.04369814394409062,0.19111840267336136,0.35075914279027454
2193,4.768427673447811,0.10173567393534101,0.10156401884865009,0.05083606478735387,0.04369594015334632,0.19107515602565006,0.35075603860368004
2194,4.768427673447811,0.10173567040907035,0.10156401454998314,0.05083599735346143,0.043693739786507264,0.19103197458672477,0.3507529365615199
2195,4.768427673447811,0.10173566688523458,0.10156401025428444,0.050835929966132336,0.04369155394110933,0.19098869199940158,0.35074983666133136
2196,4.768427673447811,0.10173566336383091,0.10156400596155055,0.05083589593426407,0.04368937164717601,0.19094537909667406,0.3507467389006556
2197,4.76842767344781,0.10173565984485655,0.10156400167177809,0.05083582863220179,0.04368719275631464,0.1909020510738728,0.35074364327703783
2198,4.76842767344781,0.10173565632830872,0.1015639973849637,0.050835761376548085,0.04368501726418859,0.1908583236096088,0.350740549788027
2199,4.76842767344781,0.10173565281418466,0.10156399310110394,0.05083572803890071,0.04368281342886206,0.19081458353792116,0.3507374584311761
2200,4.76842767344781,0.10173564930248157,0.10156398882019545,0.05083567534290462,0.04368061300548413,0.19077096619796127,0.3507343692040422
2201,4.768427673447811,0.10173564579319669,0.10156398454223484,0.05083560821500435,0.04367841598971479,0.1907273064298158,0.350731282104186
2202,4.76842767344781,0.10173564228632723,0.10156398026721873,0.050835541133308036,0.04367622237722129,0.19068334373345414,0.3507281978206634
2203,4.76842767344781,0.10173563878187042,0.10156397599514377,0.0508354740977628,0.04367403216367811,0.1906398434422216,0.3507251149679013
2204,4.76842767344781,0.10173563527982352,0.10156397172600659,0.05083540710831587,0.043671845344766924,0.190596497735435,0.350722034235123
2205,4.76842767344781,0.1017356317801838,0.10156396745980383,0.05083534016491453,0.043669661916176626,0.190553199952079,0.3507189556199048
2206,4.7684276734478095,0.10173562828294848,0.10156396319653212,0.05083527326750619,0.04366748187360329,0.19051014227557003,0.350715879119827
2207,4.7684276734478095,0.10173562478811478,0.10156395893618814,0.050835256515306876,0.04366530648853313,0.1904667738154031,0.3507128047324737
2208,4.768427673447809,0.10173562129568002,0.10156395467876851,0.05083518969820428,0.04366313448001782,0.19042366067403851,0.35070973245543285
2209,4.768427673447809,0.10173561780564144,0.10156395042426994,0.05083512292694523,0.04366096584377589,0.19038011143107852,0.35070666228629643
2210,4.7684276734478095,0.1017356143179963,0.10156394617268907,0.050835056201477435,0.04365880057553297,0.19033636447097715,0.35070359422266006
2211,4.7684276734478095,0.10173561083274187,0.10156394192402257,0.050834989521748676,0.04365659435784633,0.19029264749858876,0.35070052826212317
2212,4.7684276734478095,0.10173560734987541,0.10156393767826713,0.050834953869991865,0.04365439152999333,0.19024938453233944,0.3506974644022892
2213,4.7684276734478095,0.10173560386939426,0.10156393343541945,0.0508348872744753,0.0436521920876863,0.19020581169990594,0.35069440264076535
2214,4.7684276734478095,0.10173560039129564,0.10156392919547619,0.05083482072454652,0.0436499960266447,0.1901622379634546,0.3506913429751624
2215,4.7684276734478095,0.10173559691557688,0.10156392495843404,0.050834754220153655,0.043647803342595055,0.1901186404719264,0.35068828540309527
2216,4.768427673447809,0.10173559344223523,0.10156392072428971,0.05083468776124489,0.04364561403127101,0.19007507279787475,0.35068523717192496
2217,4.768427673447809,0.10173558997126803,0.10156391649303993,0.05083462134776853,0.04364342808841329,0.19003165682830134,0.35068218377812826
2218,4.7684276734478095,0.10173558650267257,0.10156391226468138,0.05083455497967293,0.04364122744431164,0.1899883797088175,0.3506791324707355
2219,4.7684276734478095,0.10173558303644616,0.10156390803921081,0.05083448865690655,0.04363901223902707,0.1899449012032253,0.3506760832473766
2220,4.768427673447809,0.10173557957258607,0.10156390381662489,0.0508344223794179,0.04363680041404082,0.18990145237987724,0.3506730361056852
2221,4.768427673447809,0.10173557611108966,0.10156389959692039,0.05083436134226962,0.043634591965093866,0.18985806338307448,0.3506699910432986
2222,4.768427673447809,0.10173557265195422,0.10156389538009401,0.0508342951539951,0.04363238688793423,0.18981467381630804,0.3506669480578582
2223,4.768427673447809,0.10173556919517711,0.1015638911661425,0.050834229010845215,0.04363018517831693,0.18977131383088724,0.3506639071470088
2224,4.768427673447809,0.10173556574075561,0.10156388695506262,0.050834162912768814,0.04362798683200402,0.18972798339328428,0.3506608730721634
2225,4.768427673447809,0.1017355622886871,0.10156388274685109,0.05083412352164996,0.04362579184476454,0.1896846824700245,0.3506578363023584
2226,4.768427673447809,0.10173555883896888,0.10156387854150467,0.05083412040566494,0.043623600212374526,0.18964141102768617,0.35065480160010215
2227,4.768427673447809,0.1017355553915983,0.10156387433902013,0.05083408383291192,0.043621411930616985,0.18959816903290047,0.3506517689630545
2228,4.768427673447808,0.1017355519465727,0.10156387013939422,0.05083401788751022,0.043619225563690654,0.18955497133994656,0.35064873838887894
2229,4.768427673447809,0.10173554850388944,0.10156387124140515,0.05083395198694593,0.04361704253995701,0.18951178813697925,0.35064570987524263
2230,4.768427673447809,0.10173554506354587,0.1015638670462802,0.05083388613116836,0.04361486285521878,0.1894686342817768,0.35064268341981647
2231,4.768427673447809,0.10173554162553934,0.10156386285400504,0.05083382032012692,0.04361268650528558,0.18942560003553377,0.35063965902027505
2232,4.7684276734478095,0.1017355381898672,0.10156385866457641,0.05083375455377108,0.04361045162841272,0.18938250475589616,0.3506366366742965
2233,4.7684276734478095,0.10173553475652683,0.10156385447799113,0.0508336888320504,0.043608220119967143,0.18933952849112123,0.35063361637956275
2234,4.768427673447809,0.1017355313255156,0.10156385029424596,0.05083362315491452,0.04360599197573176,0.1892967833336536,0.35063059813375935
2235,4.768427673447809,0.10173552789683087,0.10156384611333771,0.05083355752231316,0.04360376719149645,0.18925401722920154,0.35062758193457555
2236,4.768427673447809,0.10173552447047003,0.1015638419352632,0.050833511939421004,0.04360132172370783,0.18921103860413718,0.350624567779704
2237,4.768427673447809,0.10173552104643045,0.10156383776001922,0.05083349937183135,0.04359887975930035,0.18916822448722168,0.35062155566684144
2238,4.768427673447809,0.10173551762470952,0.10156383358760258,0.05083347744151819,0.043596441293913615,0.1891256473137839,0.35061854559368777
2239,4.768427673447809,0.10173551420530465,0.10156382941801012,0.05083341196012138,0.043594006323194386,0.18908275583242623,0.35061553755794683
2240,4.768427673447809,0.1017355107882132,0.10156382525123862,0.05083334652302674,0.04359157484279654,0.18903989336977717,0.35061253155732597
2241,4.768427673447809,0.1017355073734326,0.10156382108728494,0.05083328113018444,0.04358914684838108,0.188997059893197,0.35060952758953595
2242,4.768427673447809,0.10173550396096023,0.10156381692614591,0.05083321578154472,0.0435867223356161,0.18895425537009755,0.3506065256522915
2243,4.768427673447809,0.1017355005507935,0.10156381276781837,0.050833150477057915,0.043584262955612005,0.18891147976794168,0.3506035257433107
2244,4.768427673447809,0.10173549714292983,0.10156380861229915,0.05083309948222655,0.04358180707451178,0.18886873305424343,0.3506005278603153
2245,4.768427673447809,0.1017354937373666,0.10156380445958509,0.05083303426267031,0.04357935468797565,0.18882601519656786,0.35059753200103044
2246,4.768427673447809,0.10173549033410127,0.10156380030967306,0.05083300859793665,0.04357690579167094,0.1887833261625309,0.35059453816318514
2247,4.768427673447809,0.10173548693313125,0.1015637961625599,0.05083294345741567,0.04357446038127204,0.18874094648086168,0.3505915463445118
2248,4.768427673447809,0.10173548353445395,0.10156379201824246,0.05083287836080861,0.04357201845246037,0.18869876447538647,0.3505885565427463
2249,4.768427673447809,0.10173548013806684,0.10156378787671765,0.050832813308066216,0.043569580000924445,0.18865655938307382,0.3505855687556283
2250,4.768427673447809,0.10173547674396731,0.10156378373798229,0.05083274829913938,0.04356714502235977,0.1886142595843135,0.3505825829809007
2251,4.768427673447809,0.10173547335215283,0.1015637796020333,0.050832683333979015,0.04356471351246887,0.18857189766014884,0.3505795992163104
2252,4.768427673447808,0.10173546996262081,0.10156377546886755,0.050832618412536154,0.043562285466961274,0.18852949337102007,0.3505766174596073
2253,4.768427673447808,0.10173546657536871,0.10156377133848192,0.050832553534761876,0.0435598608815535,0.1884871637790865,0.35057363770854505
2254,4.768427673447807,0.101735463190394,0.10156376721087332,0.05083248870060736,0.043557419647120184,0.18844470375619704,0.35057065996088094
2255,4.768427673447807,0.10173545980769413,0.10156376308603861,0.050832423910023836,0.043554981877751815,0.1884022722680444,0.35056768421437556
2256,4.768427673447807,0.10173545642726654,0.10156375896397471,0.05083235916296262,0.043552547569170694,0.18835986928274762,0.3505647104667931
2257,4.768427673447807,0.1017354530491087,0.10156375484467853,0.05083229445937513,0.04355011671710607,0.18831753077325455,0.3505617387159012
2258,4.768427673447806,0.10173544967321808,0.10156375072814695,0.05083222979921282,0.043547689317294094,0.18827539659057188,0.35055876895947097
2259,4.768427673447806,0.10173544629959216,0.10156374661437693,0.05083216518242724,0.04354525626347224,0.18823307886733565,0.3505558011952771
2260,4.768427673447807,0.10173544292822839,0.10156374250336538,0.05083210060897001,0.04354282665949945,0.1881908295467532,0.35055283542109766
2261,4.768427673447807,0.10173543955912429,0.10156373839510921,0.05083203607879284,0.0435404005011258,0.18814856853462775,0.3505498716347142
2262,4.768427673447807,0.10173543619227728,0.10156373428960536,0.05083198823578841,0.0435379777841083,0.1881063358351577,0.3505469098339117
2263,4.768427673447807,0.10173543282768488,0.10156373018685075,0.050831923788292425,0.04353555850421079,0.18806413141680847,0.3505439500164787
2264,4.768427673447807,0.10173542946534458,0.10156372608684233,0.05083185938393453,0.04353314265720402,0.18802195524809456,0.35054099218020707
2265,4.768427673447807,0.10173542751799432,0.10156372198957705,0.05083179502266673,0.04353073023886556,0.18797985183791874,0.3505380363228921
2266,4.768427673447807,0.10173542415983418,0.10156371789505186,0.05083173070444109,0.04352830855868778,0.1879377496608402,0.35053508244233267
2267,4.768427673447806,0.10173542080391881,0.10156371380326369,0.050831708427876446,0.04352589030723424,0.18789565803869435,0.35053213053633087
2268,4.768427673447807,0.10173541745024575,0.10156370971420953,0.050831644186189545,0.04352347548029359,0.18785359454074008,0.3505291806026924
2269,4.768427673447806,0.10173541409881252,0.10156370562788632,0.050831579987407755,0.04352106407366124,0.1878115792618178,0.35052623263922617
2270,4.768427673447807,0.10173541074961663,0.10156370154429105,0.05083153571310318,0.04351865608313941,0.18776957191406915,0.3505232866437447
2271,4.768427673447807,0.10173540740265559,0.10156369746342064,0.05083147159554383,0.04351624247496724,0.18772759259693594,0.35052034261406373
2272,4.768427673447807,0.10173540405792693,0.10156369338527214,0.05083146200020804,0.04351383279437952,0.18768564127932194,0.35051740054800257
2273,4.768427673447807,0.10173540071542814,0.10156368930984248,0.050831492551500254,0.04351142652302293,0.18764371793017906,0.35051446044338364
2274,4.768427673447808,0.10173539737515676,0.10156368739960416,0.0508314285288134,0.043509023656720436,0.1876020688547824,0.350511522298033
2275,4.768427673447808,0.10173539403711036,0.10156368332912057,0.05083136454877204,0.043506634194037816,0.187560518903873,0.3505086487700209
2276,4.768427673447808,0.10173539070128644,0.10156367926134713,0.05083130061132894,0.04350424812141554,0.18751880318528477,0.3505057294120344
2277,4.768427673447808,0.10173538736768255,0.10156367519628084,0.05083123671643695,0.043501865434704114,0.1874770623327141,0.3505027971141895
2278,4.768427673447809,0.10173538403629624,0.10156367113391872,0.05083117286404899,0.043499486129760734,0.18743527819278336,0.35049986676696193
2279,4.768427673447809,0.10173538070712504,0.10156366707425775,0.05083110905411806,0.043497110202449236,0.18739352183615499,0.3504969383681943
2280,4.768427673447809,0.1017353773801665,0.10156366301729496,0.05083104528659721,0.04349473764864013,0.18735179323211573,0.35049401191573265
2281,4.768427673447809,0.1017353740554182,0.10156365896302737,0.05083098156143958,0.04349236846421058,0.18731030650246,0.35049108740742635
2282,4.768427673447809,0.10173537073287767,0.10156365491145197,0.05083095139450426,0.04349000264504436,0.18726890825810252,0.35048816484112816
2283,4.768427673447809,0.10173536741254251,0.10156365086256586,0.0508308877464794,0.04348764018703187,0.1872272626192568,0.35048524421469407
2284,4.768427673447809,0.10173536409441024,0.101563646816366,0.05083082414068254,0.043485247315843724,0.18718564461069254,0.3504823255259834
2285,4.768427673447808,0.10173536077847847,0.10156364277284947,0.050830797006843564,0.04348285782000528,0.1871441590033726,0.3504794087728588
2286,4.768427673447808,0.10173535746474476,0.1015636387320133,0.050830736506713346,0.043480471695402,0.18710263822663276,0.35047649395318625
2287,4.768427673447809,0.10173535415320668,0.10156363469385454,0.050830673018563526,0.04347808893792595,0.18706111151729315,0.3504735810648349
2288,4.768427673447809,0.10173535084386183,0.10156363065837022,0.05083060957246163,0.043475709543475786,0.18701963322533927,0.3504706701056773
2289,4.768427673447809,0.10173534753670778,0.10156362662555742,0.050830591582662614,0.043473333507956735,0.18697815287094272,0.35046776107358907
2290,4.768427673447809,0.10173534423174212,0.10156362259541318,0.05083052821044946,0.04347096082728058,0.18693669996469542,0.35046485396644944
2291,4.768427673447809,0.10173534092896244,0.10156361856793458,0.050830464880152214,0.04346857901929882,0.1868952744764008,0.3504619487821406
2292,4.768427673447809,0.10173533762836634,0.10156361454311871,0.050830401591724785,0.043466200566252826,0.1868538763759088,0.35045904551854823
2293,4.768427673447809,0.10173533432995144,0.10156361052096259,0.05083033834512116,0.04346384673309428,0.1868126521261693,0.3504561441735611
2294,4.7684276734478095,0.10173533103371529,0.10156360650146334,0.05083029101478367,0.0434614962326733,0.18677162716241935,0.3504532447450711
2295,4.7684276734478095,0.10173532773965556,0.10156360248461802,0.050830227848178214,0.043459149060940665,0.18673064833884612,0.35045034723097374
2296,4.7684276734478095,0.10173532444776981,0.10156359847042372,0.050830164723261226,0.04345680521385362,0.18668948708532693,0.3504474516291674
2297,4.7684276734478095,0.10173532318129833,0.10156359445887753,0.050830129335950276,0.04345446468737588,0.1866482478814476,0.35044455793755386
2298,4.7684276734478095,0.10173531989330648,0.10156359044997655,0.05083006628815444,0.04345212747747757,0.18660701326683624,0.3504416661540381
2299,4.7684276734478095,0.10173531660748177,0.10156358644371788,0.0508300032819141,0.04344979358013531,0.18656580583040774,0.35043877627652836
2300,4.76842767344781,0.10173531332382182,0.10156358244009864,0.050829940317183714,0.043447462991332064,0.18652462554238003,0.3504358883029359
2301,4.76842767344781,0.10173531021032017,0.1015635784391159,0.050829877393917804,0.04344513570705726,0.18648347237301657,0.3504330022311754
2302,4.7684276734478095,0.10173530693094562,0.1015635744407668,0.050829814512070984,0.04344281172330668,0.18644234629262646,0.3504301180591645
2303,4.7684276734478095,0.10173530365372879,0.10156357044504846,0.050829751671597916,0.04344049103608253,0.18640124727156418,0.3504272357848244
2304,4.76842767344781,0.10173530037866728,0.10156356645195802,0.050829693432240565,0.043438173641393324,0.1863601752802296,0.350424355406079
2305,4.76842767344781,0.10173529710575875,0.10156356246149256,0.050829630673375044,0.043435859535253994,0.18631913028906782,0.35042147692085573
2306,4.7684276734478095,0.10173529383500085,0.10156355847364924,0.05082956795574836,0.04343354871368575,0.18627811226856908,0.35041860032708505
2307,4.7684276734478095,0.10173529056639123,0.10156355448842519,0.05082950527931548,0.0434312411727162,0.18623712118926875,0.35041572562270057
2308,4.7684276734478095,0.10173528729992753,0.10156355050581756,0.05082944264403141,0.04342893690837921,0.18619615702174716,0.35041285280563916
2309,4.7684276734478095,0.10173528403560743,0.10156354652582347,0.05082938004985124,0.043426635916714994,0.18615554948826468,0.35040998187384076
2310,4.7684276734478095,0.10173528192694377,0.10156354254844009,0.050829317496730135,0.04342433819377002,0.18611479854042787,0.35040711282524845
2311,4.7684276734478095,0.10173527866665044,0.10156353857366456,0.05082925498462329,0.04342204373559706,0.18607422875417198,0.3504042456578084
2312,4.76842767344781,0.10173527540849388,0.10156353460149406,0.05082919251348602,0.043419752538255155,0.18603338760658975,0.3504013803694701
2313,4.7684276734478095,0.10173527215247173,0.1015635306319257,0.05082913008327366,0.04341746459780956,0.18599271693947805,0.3503985169581859
2314,4.7684276734478095,0.10173526889858167,0.10156352666495672,0.05082906769394166,0.043415179910331815,0.1859520325667166,0.3503956554219115
2315,4.7684276734478095,0.1017352656468214,0.10156352270058422,0.0508290053454455,0.04341288981152827,0.1859112557210895,0.35039279575860555
2316,4.7684276734478095,0.10173526239718857,0.10156351873880541,0.050828943037740756,0.043410602963520326,0.1858705055536505,0.35038993796622986
2317,4.7684276734478095,0.1017352591496809,0.10156351477961748,0.05082888077078304,0.043408319362392006,0.18582994030974856,0.3503870820427494
2318,4.7684276734478095,0.10173525590429607,0.10156351082301758,0.050828818544528066,0.04340603900423351,0.18578924337701125,0.35038422798613217
2319,4.7684276734478095,0.10173525266103176,0.10156350686900292,0.050828784564393804,0.043403761885141244,0.1857485730355605,0.3503813757943493
2320,4.7684276734478095,0.10173524941988568,0.10156350291757069,0.050828773368856,0.04340148800121777,0.18570792925650956,0.3503785254653749
2321,4.7684276734478095,0.10173524618085553,0.10156349896871807,0.05082872306585897,0.043399204945248834,0.18566731201101555,0.3503756769971863
2322,4.7684276734478095,0.10173524294393899,0.10156349502244227,0.050828660982088304,0.04339687086337003,0.18562672127027935,0.35037283038776385
2323,4.7684276734478095,0.1017352397091338,0.10156349107874052,0.050828598938812836,0.04339454004848261,0.18558622784878157,0.3503699856350908
2324,4.76842767344781,0.10173523647643765,0.10156348713760999,0.05082853693598865,0.04339221249666657,0.18554600304575952,0.35036714273715386
2325,4.7684276734478095,0.10173523324584824,0.1015634831990479,0.05082847497357189,0.043389888204008104,0.1855055617858644,0.35036430169194227
2326,4.7684276734478095,0.10173523001736333,0.10156347926305148,0.050828413051518785,0.04338756716659958,0.18546545563022163,0.3503614624974487
2327,4.7684276734478095,0.1017352267909806,0.10156347532961793,0.05082835116978561,0.04338524938053954,0.18542548930512406,0.3503586251516687
2328,4.7684276734478095,0.10173522356669779,0.1015634713987445,0.050828289328328724,0.04338293484193263,0.18538554282519878,0.35035578965260106
2329,4.7684276734478095,0.10173522034451264,0.10156346747042841,0.05082822752710456,0.0433806235468897,0.18534574647928084,0.35035295599824734
2330,4.7684276734478095,0.10173521712442286,0.1015634635446669,0.05082816576606957,0.04337830158786542,0.18530592816807953,0.35035012418661216
2331,4.7684276734478095,0.1017352139064262,0.10156345962145721,0.05082810404518032,0.04337598287368271,0.18526576714633508,0.3503472942157032
2332,4.7684276734478095,0.10173521069052038,0.10156345570079657,0.05082804236439341,0.04337366740046097,0.18522543918777,0.35034446608353126
2333,4.7684276734478095,0.10173520747670316,0.10156345178268222,0.050827980723665525,0.04337135516432567,0.18518513742048634,0.35034163978810995
2334,4.7684276734478095,0.10173520426497228,0.10156344786711144,0.050827919122953424,0.04336904616140842,0.18514502347359302,0.35033881532745603
2335,4.7684276734478095,0.10173520105532548,0.1015634631907093,0.05082785756221391,0.04336674038784687,0.18510489228634264,0.35033599269958926
2336,4.7684276734478095,0.10173519784776053,0.10156345927603724,0.0508278026771726,0.04336443783978472,0.1850646688625576,0.35033317190253227
2337,4.7684276734478095,0.10173519464227516,0.10156349049968229,0.0508277411948076,0.043362138580833216,0.1850244715172257,0.3503303605840831
2338,4.7684276734478095,0.10173519143886717,0.10156348658245515,0.05082767975228695,0.043359842539643034,0.18498430022223633,0.35032754344106487
2339,4.7684276734478095,0.10173518823753426,0.10156348266776548,0.05082761834956769,0.043357549712376056,0.1849441549495211,0.3503247281229434
2340,4.7684276734478095,0.10173518503827424,0.10156347875561061,0.050827556986606987,0.043355260095200215,0.18490420284156966,0.3503219146277533
2341,4.7684276734478095,0.10173518184108486,0.1015634748459878,0.05082749566336202,0.04335297368428944,0.1848641094931188,0.35031910295353214
2342,4.7684276734478095,0.1017351786459639,0.1015634709388943,0.050827436721977905,0.04335069047582366,0.1848243052112824,0.3503162930983204
2343,4.7684276734478095,0.10173517545290914,0.1015634670343274,0.050827415022141165,0.04334838798206886,0.1847844551321704,0.3503134850601616
2344,4.7684276734478095,0.10173517226191833,0.10156346313228441,0.05082735380871663,0.043346088697670315,0.18474483324990879,0.350310678837102
2345,4.7684276734478095,0.10173516907298928,0.10156345923276258,0.05082729263484313,0.04334379261881024,0.18470485002114703,0.3503078744271909
2346,4.768427673447809,0.10173516588611979,0.10156345533575922,0.05082723150047819,0.043341499741676844,0.18466488590089325,0.3503050718284807
2347,4.768427673447809,0.10173516270130763,0.10156345144127164,0.050827170405579374,0.04333921006246427,0.1846250615677958,0.3503022710390265
2348,4.7684276734478095,0.10173515951855057,0.10156344754929712,0.05082710935010433,0.04333692357737263,0.18458514899397976,0.35029947205688644
2349,4.7684276734478095,0.10173515633784642,0.10156344365983297,0.05082704833401075,0.043334640282607945,0.18454552858445472,0.35029667488012145
2350,4.7684276734478095,0.101735153159193,0.1015634397728765,0.050827012353323896,0.043332360174382197,0.1845056674136068,0.3502938795067954
2351,4.7684276734478095,0.10173514998258809,0.101563435888425,0.05082695141046988,0.04333006953214518,0.18446586544068552,0.35029108593497527
2352,4.768427673447809,0.10173514680802949,0.1015634320064758,0.0508268905068743,0.04332778207772488,0.18442614922560738,0.35028829416273066
2353,4.7684276734478095,0.10173514363551503,0.10156342812702625,0.05082682964249511,0.04332549438473036,0.18438636501157438,0.3502855041881342
2354,4.7684276734478095,0.1017351404650425,0.10156342425007363,0.050826768817290334,0.04332320987420175,0.18434660640403022,0.3502827160092613
2355,4.76842767344781,0.10173513729660975,0.10156342307914687,0.05082670803121805,0.04332092854236867,0.184307022347146,0.3502799296241905
2356,4.7684276734478095,0.10173513413021454,0.10156341920659769,0.05082664728423639,0.04331864526085845,0.18426731483832015,0.3502771450310029
2357,4.7684276734478095,0.10173513096585472,0.1015634153365378,0.05082658657630356,0.04331636515381477,0.1842276328539211,0.35027436222778263
2358,4.7684276734478095,0.10173512780352813,0.10156341146896458,0.05082652590737782,0.043314088217481304,0.1841880480300378,0.35027158121261676
2359,4.7684276734478095,0.10173512464323259,0.10156340760387536,0.05082646527741753,0.0433118144481076,0.18414867266459184,0.350268801983595
2360,4.768427673447809,0.10173512148496593,0.10156340374126749,0.05082643899751626,0.043309543841948996,0.18410928497277568,0.3502660245388101
2361,4.7684276734478095,0.10173511832872598,0.10156339988113833,0.05082637843798576,0.04330727639526669,0.18407003526445007,0.3502632488763577
2362,4.768427673447809,0.10173511517451056,0.1015633960234852,0.05082631791730077,0.04330501210432766,0.1840308836104583,0.35026047499433594
2363,4.768427673447809,0.10173511202231754,0.1015633921683055,0.05082625743541988,0.043302750965404695,0.183991804296975,0.35025770289084623
2364,4.768427673447808,0.10173510887214475,0.10156338831559657,0.05082619699230171,0.04330049297477635,0.1839526769059733,0.35025493256399254
2365,4.768427673447808,0.10173510572399004,0.10156338446535579,0.05082613811094243,0.04329823812872701,0.1839131976864673,0.3502521640118817
2366,4.768427673447808,0.10173510257785127,0.10156338061758054,0.05082607774489914,0.04329596943767558,0.18387374374762538,0.35024939723262344
2367,4.768427673447808,0.1017350994337263,0.10156337677226818,0.050826017417495054,0.04329370389466146,0.18383431506253206,0.3502466322243302
2368,4.768427673447808,0.10173509953096614,0.10156337292941607,0.05082595712868905,0.043291441495974685,0.18379491160431188,0.35024386898511745
2369,4.768427673447807,0.1017350973223766,0.10156336908902162,0.05082589687844008,0.043289182237911054,0.18375553334612935,0.3502411075131031
2370,4.768427673447807,0.10173509418338691,0.101563375342514,0.05082583666670713,0.04328697984863209,0.18371618026118888,0.3502383478064083
2371,4.768427673447807,0.10173509104640302,0.10156337150486677,0.05082577649344928,0.04328478055825056,0.18367698516846387,0.3502355898631565
2372,4.768427673447807,0.10173508791142279,0.10156336766967072,0.05082571635862564,0.04328258436311588,0.18363783415581367,0.3502328336814744
2373,4.768427673447807,0.10173508477844412,0.1015633638369233,0.0508256562621954,0.04328039125958315,0.18359855636934053,0.35023007925949107
2374,4.768427673447807,0.10173508164746486,0.10156336000662186,0.050825599436939435,0.043278201244013076,0.18355930364936354,0.35022732659533873
2375,4.768427673447807,0.1017350785184829,0.10156335617876383,0.050825539416482914,0.043276014312772025,0.18352020281029371,0.3502245756871521
2376,4.768427673447807,0.10173507539149612,0.10156335235334663,0.050825479434298146,0.04327383046223195,0.18348138994745025,0.3502218265330689
2377,4.768427673447807,0.10173507226650241,0.10156334853036765,0.05082541949034456,0.04327164968877043,0.1834425150651916,0.3502190791312294
2378,4.768427673447807,0.10173506914349967,0.1015633447098243,0.05082535958458164,0.04326947198877062,0.18340339238111641,0.35021633347977665
2379,4.768427673447808,0.10173506602248575,0.10156334089171404,0.050825299716968926,0.043267221924758154,0.1833642644142186,0.35021358957685667
2380,4.768427673447807,0.10173506290345857,0.10156333707603425,0.05082523988746603,0.04326497497500926,0.18332517597842524,0.3502108474206178
2381,4.768427673447807,0.10173505978641605,0.10156333326278237,0.050825180096032624,0.043262731135873006,0.18328630273926738,0.3502081070092116
2382,4.768427673447807,0.10173505667135603,0.10156332945195586,0.05082512034262841,0.043260485363197675,0.1832472493693953,0.35020536834079213
2383,4.768427673447808,0.10173505355827647,0.10156332564355212,0.0508250606272132,0.04325824269705453,0.18320825806627322,0.3502026314135161
2384,4.768427673447808,0.10173505044717523,0.1015633218375686,0.050825000949746825,0.043256003133806065,0.1831692543195875,0.3501998962255431
2385,4.768427673447808,0.10173504733805029,0.10156331803400274,0.05082494131018918,0.04325377210508502,0.1831302753491351,0.3501971627750354
2386,4.768427673447808,0.10173504423089949,0.101563314232852,0.05082488170850025,0.043251544168549295,0.18309132112874837,0.35019443106015785
2387,4.768427673447808,0.10173504112572077,0.1015633104341138,0.050824856899587476,0.04324931932058181,0.18305256340934248,0.3501917010790783
2388,4.768427673447808,0.10173503802251206,0.10156330663778564,0.05082479736612947,0.04324709755757106,0.18301385753601448,0.350188972829967
2389,4.768427673447808,0.10173503492127128,0.10156330284386494,0.05082473787042509,0.04324487562909743,0.18297528202835975,0.3501862463109971
2390,4.768427673447808,0.10173503182199634,0.10156329905234916,0.050824678412434515,0.04324265678043226,0.1829364264039242,0.35018352152034427
2391,4.768427673447807,0.10173502872468518,0.10156329526323579,0.050824618992118015,0.04324044100797845,0.18289765414433007,0.35018079845618705
2392,4.768427673447808,0.10173502562933573,0.1015632914765223,0.05082455960943591,0.0432382094234753,0.18285884772128688,0.3501780771167067
2393,4.768427673447808,0.10173502253594593,0.10156328769220614,0.05082450026434855,0.043235979251772354,0.18282006586631258,0.35017535750008677
2394,4.768427673447808,0.10173501944451373,0.1015632839102848,0.050824440956816375,0.04323375215852145,0.1827813085535465,0.35017263960451395
2395,4.768427673447808,0.10173501635503703,0.10156328013075576,0.050824381686799855,0.04323152814013389,0.18274257575716604,0.35016992342817727
2396,4.768427673447807,0.10173501326751377,0.10156327635361648,0.050824322454259545,0.043229302196858506,0.18270386745138656,0.3501672089692687
2397,4.768427673447807,0.10173501018194195,0.10156327257886448,0.05082426325915604,0.0432270793244432,0.18266530610194162,0.3501644962259826
2398,4.768427673447808,0.1017350070983195,0.10156326880649726,0.05082420410145002,0.04322485951931238,0.18262664667423759,0.3501617851965162
2399,4.768427673447808,0.10173500401664433,0.10156326503651227,0.05082414498110217,0.04322264277789592,0.18258801166002414,0.3501590758790693
2400,4.768427673447808,0.10173500093691444,0.10156326126890705,0.05082408589807329,0.043220429096629154,0.18254940103366787,0.35015636827184426
2401,4.768427673447808,0.10173499785912778,0.10156325750367907,0.050824026852324206,0.04321821847195288,0.18251081476957293,0.35015366237304624
2402,4.768427673447808,0.10173499478328232,0.10156325374082589,0.05082396784381581,0.04321601090031332,0.18247225284218102,0.3501509581808828
2403,4.768427673447808,0.101734991709376,0.10156324998034495,0.05082390887250903,0.04321380637816214,0.18243400178797056,0.3501482556935644
2404,4.768427673447808,0.1017349886374068,0.1015632462222338,0.05082386592274608,0.043211604901956406,0.18239566540869742,0.3501455549093039
2405,4.768427673447809,0.1017349855673727,0.10156324246648997,0.05082380702235261,0.043209406468158615,0.1823573757747763,0.35014285582631693
2406,4.768427673447809,0.10173498249927167,0.10156323871311096,0.05082376983075541,0.043207211073236634,0.182319042800131,0.35014015844282165
2407,4.768427673447809,0.10173497943310165,0.1015632349620943,0.050823710999927656,0.043205018713663744,0.18228060200660884,0.35013746275703883
2408,4.768427673447809,0.10173497636886067,0.1015632312134375,0.05082365220611212,0.04320282938591858,0.182242224716128,0.3501347687671919
2409,4.768427673447809,0.10173497330654668,0.10156322746713811,0.050823593449270094,0.04320064308648517,0.18220383225751194,0.35013207647150685
2410,4.768427673447808,0.10173497024615767,0.10156322372319367,0.05082353472936289,0.043198460301249804,0.18216546393258645,0.35012938586821224
2411,4.768427673447808,0.10173496718769165,0.10156321998160169,0.05082347604635195,0.04319628053700276,0.18212711971612794,0.35012669695553933
2412,4.768427673447808,0.10173496413114658,0.10156321624235974,0.050823417400198696,0.04319410379024441,0.18208884138316989,0.3501240097317218
2413,4.768427673447809,0.10173496531928444,0.10156321250546538,0.05082335879086465,0.04319193005748045,0.18205054529933065,0.35012132419499603
2414,4.768427673447808,0.10173496226568333,0.10156320877091612,0.050823300218311364,0.043189759335221886,0.18201261983816325,0.35011864034360085
2415,4.768427673447808,0.10173495921399774,0.10156320503870954,0.05082324168250048,0.04318759161998504,0.1819743717224601,0.35011595817577795
2416,4.768427673447808,0.10173495616422566,0.10156320130884319,0.05082318318339366,0.04318542690829152,0.18193614758970844,0.3501132776897712
2417,4.768427673447808,0.10173495311636513,0.10156319758131463,0.05082312472095265,0.04318326519666822,0.18189820856480418,0.3501105988838273
2418,4.768427673447808,0.10173495007041412,0.10156319385612142,0.050823066295139226,0.043181106481647316,0.18186030427250838,0.3501079217561954
2419,4.768427673447809,0.10173494702637065,0.10156319013326112,0.05082300790591524,0.04317895075976623,0.18182265321842633,0.3501052463051271
2420,4.768427673447809,0.10173494398423275,0.10156318641273133,0.050822949553242604,0.043176798027567666,0.18178477267567902,0.3501025725288769
2421,4.768427673447809,0.1017349409439984,0.1015631826945296,0.05082289123708325,0.043174610113134906,0.18174682072631473,0.3500999004257014
2422,4.768427673447808,0.10173493790566564,0.1015631789786535,0.050822832957399214,0.04317242520535918,0.18170908623653964,0.35009722999385995
2423,4.768427673447809,0.10173493486923249,0.10156317526510063,0.05082277471415255,0.043170243300774055,0.18167133238907038,0.3500945612316145
2424,4.768427673447808,0.10173493183469698,0.10156317155386856,0.050822716507305375,0.04316806439591834,0.18163333674694768,0.35009189413722946
2425,4.768427673447808,0.10173492880205715,0.10156316784495491,0.050822658336819884,0.04316588848733609,0.18159532689592864,0.3500892287089717
2426,4.768427673447808,0.10173492577131102,0.10156316413835725,0.0508226002026583,0.04316371782661593,0.18155734077973407,0.3500865649451107
2427,4.768427673447808,0.10173492274245663,0.10156316043407317,0.05082254210478291,0.04316155015386546,0.18151938913512497,0.3500839028439184
2428,4.768427673447809,0.10173491971549199,0.10156315673210027,0.050822484043156056,0.043159385465645864,0.18148145041243832,0.3500812424036692
2429,4.768427673447809,0.10173491669041516,0.10156316209797396,0.050822426017740126,0.043157243064514586,0.18144353535075713,0.3500785836226401
2430,4.768427673447809,0.10173491366722419,0.10156315839872306,0.050822368028497586,0.04315510362901663,0.181405643925546,0.35007592649911057
2431,4.768427673447809,0.10173491064591711,0.10156315470177733,0.05082231007539093,0.04315296715574123,0.18136790188224947,0.3500732710313626
2432,4.768427673447809,0.10173490762649198,0.1015631510071344,0.05082225215838272,0.04315083364128273,0.18133005763027105,0.35007061721768057
2433,4.7684276734478095,0.10173490460894684,0.10156314731479188,0.05082219427743557,0.04314870308224064,0.1812922369413858,0.35006796505635146
2434,4.7684276734478095,0.10173490159327975,0.10156314362474739,0.050822181318711114,0.04314657547521959,0.1812544614126827,0.3500653145456646
2435,4.7684276734478095,0.10173489857948877,0.10156313993699853,0.05082212350041981,0.04314445081682935,0.18121668777233224,0.3500626656839119
2436,4.7684276734478095,0.10173489556757193,0.10156318120467674,0.050822065718083544,0.043142341315480455,0.18117893762200274,0.3500600184693878
2437,4.7684276734478095,0.10173489255752734,0.10156318436414373,0.05082200797166515,0.04314023474840627,0.1811412109374063,0.350057372900389
2438,4.7684276734478095,0.10173488954935302,0.10156318067248667,0.05082197824839375,0.043138111668967485,0.1811035096239409,0.3500547289752148
2439,4.7684276734478095,0.10173488654304708,0.10156317698312248,0.05082192056787683,0.0431359915291504,0.18106582979768565,0.350052086692167
2440,4.768427673447809,0.10173488353860756,0.10156317329604879,0.050821862923170175,0.04313382589022681,0.18102817336451035,0.3500494460495497
2441,4.7684276734478095,0.10173488053603255,0.10156316961126323,0.05082180531423684,0.04313166321424927,0.18099067586918455,0.3500468070456697
2442,4.7684276734478095,0.10173487753532011,0.10156316592876344,0.05082174893232519,0.04312950349782745,0.18095354417674084,0.3500441696788359
2443,4.7684276734478095,0.10173487453646833,0.10156316224854707,0.05082169139458034,0.04312734673757614,0.18091633083384098,0.35004153394735993
2444,4.7684276734478095,0.1017348715394753,0.10156315857061174,0.05082163389249838,0.04312519293011519,0.18087922129747228,0.3500388998495557
2445,4.7684276734478095,0.1017348685443391,0.10156315489495515,0.05082159556991746,0.04312304207206956,0.18084217118749474,0.35003626738373966
2446,4.7684276734478095,0.10173486555105779,0.10156315122157492,0.05082153813507953,0.043120894160069236,0.18080527574169553,0.35003363654823055
2447,4.76842767344781,0.1017348625596295,0.10156314755046869,0.05082148073579685,0.04311874919074929,0.18076842491743542,0.3500310073413497
2448,4.7684276734478095,0.1017348595700523,0.10156314388163415,0.05082142337203281,0.043116607160749824,0.18073161664560441,0.3500283797614206
2449,4.7684276734478095,0.10173485658232427,0.10156314021506896,0.05082136604375087,0.04311446806671599,0.1806949942412263,0.3500257538067694
2450,4.76842767344781,0.10173485359644355,0.10156313655077077,0.05082130875091454,0.04311233190529797,0.1806584649270405,0.3500231297346241
2451,4.7684276734478095,0.10173485061240821,0.10156313288873726,0.05082125149348738,0.04311019867315095,0.1806220308508123,0.350020507025463
2452,4.76842767344781,0.10173484763021637,0.10156312922896611,0.05082122096856813,0.043108068366935134,0.18058541301079775,0.35001788593657235
2453,4.76842767344781,0.10173484464986612,0.10156312557145498,0.050821163776327616,0.04310594098331573,0.18054880637520157,0.350015266466288
2454,4.76842767344781,0.10173484167135557,0.10156312191620155,0.05082110661939068,0.04310381651896293,0.18051221653381158,0.35001264861294784
2455,4.7684276734478095,0.10173483869468285,0.10156311826320352,0.05082104949772108,0.04310169497055191,0.18047575595263782,0.3500100323748924
2456,4.7684276734478095,0.10173483571984607,0.10156311461245855,0.050820992411282635,0.04309957633476282,0.18043951951994094,0.3500074177504645
2457,4.7684276734478095,0.10173483274684333,0.10156311096396434,0.05082093536003922,0.043097460608280756,0.18040351484692815,0.3500048047380092
2458,4.7684276734478095,0.10173482977567277,0.10156310731771859,0.05082088914417205,0.0430953477877958,0.18036708844838914,0.3500021933358743
2459,4.7684276734478095,0.10173482680633249,0.10156310367371899,0.05082083216098186,0.04309323787000293,0.1803306190628717,0.3499995835424095
2460,4.7684276734478095,0.10173482383882065,0.10156310003196324,0.05082077521288,0.0430911308516021,0.18029440530182098,0.34999697535596735
2461,4.7684276734478095,0.10173482087313536,0.10156309639244906,0.05082072284127528,0.04308902064091509,0.18025806647937553,0.34999436877490236
2462,4.7684276734478095,0.10173481790927472,0.10156309275517414,0.05082066596230634,0.04308691332678071,0.1802214153305368,0.3499917637975715
2463,4.7684276734478095,0.1017348149472369,0.10156308912013617,0.05082060911831868,0.04308479747774717,0.18018476872990916,0.3499891604223342
2464,4.7684276734478095,0.10173481198702004,0.10156308548733288,0.05082055230927651,0.04308266982542954,0.18014804880214233,0.3499865586475522
2465,4.7684276734478095,0.10173480902862227,0.10156308185676201,0.050820495535144145,0.04308054507586373,0.18011105099390137,0.3499839584715895
2466,4.76842767344781,0.1017348060720417,0.10156307822842126,0.05082043879588589,0.043078423225758854,0.1800741273769711,0.3499813598928125
2467,4.76842767344781,0.10173480311727653,0.10156307460230833,0.050820382091466124,0.04307630427182895,0.1800371646985783,0.3499787629095899
2468,4.76842767344781,0.10173480016432486,0.10156307097842097,0.050820325421849284,0.04307418821079294,0.1800005190231781,0.3499761675202928
2469,4.7684276734478095,0.10173479721318485,0.1015630673567569,0.05082029854730569,0.04307206089640585,0.17996396666641476,0.3499735737232946
2470,4.76842767344781,0.10173479426385469,0.10156306373731386,0.05082030735442224,0.043069936477038454,0.17992745419733044,0.3499709815169709
2471,4.76842767344781,0.10173479131633249,0.10156306012008957,0.05082025076945932,0.043067814949415445,0.17989085735673535,0.3499683908996999
2472,4.768427673447811,0.10173478837061643,0.1015630565050818,0.05082019421916955,0.043065696310266396,0.17985413371797734,0.3499658018698617
2473,4.76842767344781,0.10173478542670465,0.10156305289228824,0.050820137703517586,0.04306358055632569,0.17981723206643827,0.3499632144258391
2474,4.768427673447811,0.10173478248459532,0.1015630492817067,0.05082008122246815,0.043061467684332604,0.1797805384102214,0.34996062856601695
2475,4.768427673447811,0.10173477954428661,0.10156304567333488,0.05082002477598604,0.04305935769103123,0.17974374334724988,0.34995804428878247
2476,4.768427673447811,0.10173477660577669,0.10156304206717054,0.05081996836403605,0.04305725057317051,0.17970695142876258,0.3499554615925252
2477,4.768427673447811,0.10173477366906372,0.10156303846321145,0.05081991198658307,0.04305514632750417,0.1796701399544855,0.3499528804756371
2478,4.768427673447812,0.10173477073414589,0.1015630380274867,0.05081985564359202,0.043053044950790785,0.17963341498027408,0.3499503009365121
2479,4.768427673447811,0.10173476780102135,0.10156303442728334,0.050819799335027865,0.043050946439793694,0.17959664847363718,0.3499477229735466
2480,4.768427673447811,0.10173476486968829,0.10156303082927891,0.05081974306085564,0.04304885079128108,0.1795599044231047,0.3499451465851394
2481,4.768427673447811,0.1017347619401449,0.10156302723347117,0.05081968682104041,0.04304680669978363,0.17952318280587115,0.34994258288385
2482,4.768427673447811,0.10173475901238936,0.10156302363985788,0.05081963061554731,0.043044765434601936,0.1794864835991634,0.3499400096374923
2483,4.768427673447811,0.10173475608641984,0.10156302004843681,0.05081957444434151,0.04304272699254865,0.17944980678024064,0.3499374379609038
2484,4.768427673447812,0.10173475316223456,0.10156301645920575,0.05081951830738822,0.04304069137044113,0.17941315232639432,0.34993486785249234
2485,4.768427673447812,0.10173475023983167,0.10156301287216249,0.050819462204652714,0.04303865856510142,0.17937652021494813,0.34993229931066794
2486,4.768427673447812,0.1017347473192094,0.10156300928730477,0.050819422283426605,0.04303662857335627,0.17933991042325784,0.3499297323338427
2487,4.768427673447812,0.10173474440036594,0.10156300570463042,0.050819366245728435,0.043034601392037145,0.17930332292871135,0.34992716692043124
2488,4.768427673447812,0.10173474148329947,0.1015630021241372,0.050819310242146164,0.04303257701798015,0.17926675770872852,0.3499246030688502
2489,4.768427673447812,0.10173474295759623,0.10156299854582292,0.050819254272645255,0.04303055544802608,0.17923024056752132,0.34992204077751865
2490,4.768427673447812,0.10173474458617443,0.10156299496968536,0.05081919833719123,0.043028536679020395,0.17919371982379076,0.34991948004485784
2491,4.768427673447812,0.10173474167260896,0.10156299139572235,0.05081914243574964,0.04302652070781321,0.17915722128707837,0.3499169208692912
2492,4.768427673447812,0.1017347387608144,0.10156298782393167,0.050819086568286105,0.043024507531259276,0.1791207449349315,0.34991436324924435
2493,4.768427673447811,0.10173473585078897,0.1015629842543111,0.05081903073476628,0.04302249714621798,0.17908429074492932,0.34991180718314524
2494,4.768427673447811,0.10173473294253092,0.10156298068685847,0.05081897993044174,0.04302048954955335,0.17904787174196354,0.3499092526694241
2495,4.768427673447811,0.1017347300360384,0.10156297712157161,0.050818937246257766,0.04301848473813402,0.17901149769684,0.3499066997065131
2496,4.768427673447812,0.10173472713130968,0.10156297355844832,0.050818881510689036,0.04301639192629811,0.1789751098491161,0.349904148292847
2497,4.768427673447812,0.10173472422834295,0.1015629699974864,0.050818825808929366,0.04301430194852707,0.17893874407417568,0.3499015984268624
2498,4.768427673447812,0.10173472132713644,0.10156296643868369,0.050818770140944665,0.043012214801647804,0.17890240034975563,0.3498990501069984
2499,4.768427673447812,0.10173471842768839,0.101562962882038,0.05081871450670086,0.04301013048249187,0.17886607865362428,0.3498965033316961
2500,4.768427673447812,0.10173471552999701,0.10156295932754716,0.05081865890616397,0.04300804898789551,0.17882977896358132,0.3498939580993989
2501,4.768427673447811,0.10173471263406055,0.10156295577520899,0.05081860333930004,0.043005970314699556,0.17879357909176655,0.34989141440855237
2502,4.768427673447812,0.10173470973987722,0.10156295222502136,0.05081854780607516,0.04300389445974955,0.1787575980034915,0.3498888722576043
2503,4.768427673447811,0.10173470684744527,0.10156294867698205,0.050818514625735875,0.04300182141989559,0.17872152114902476,0.3498863316450046
2504,4.768427673447811,0.10173470395676293,0.10156294513108893,0.05081850763813272,0.04299975119199245,0.17868548031272907,0.3498837925692053
2505,4.768427673447811,0.10173470106782845,0.10156294158733985,0.05081845414818135,0.04299768377289949,0.1786494386422796,0.34988125502866085
2506,4.768427673447811,0.10173469818064006,0.10156293804573263,0.05081841830691868,0.04299561915948068,0.1786134436444841,0.34987871902182766
2507,4.768427673447811,0.10173469713243248,0.10156293450626513,0.05081842737908776,0.04299355734860457,0.17857741977092975,0.3498761845471644
2508,4.768427673447811,0.10173469424835938,0.1015629309689352,0.050818372015281436,0.04299147966578756,0.17854129510668154,0.3498736516031318
2509,4.768427673447812,0.10173469136602734,0.10156292743374072,0.050818316684897266,0.0429894047905357,0.17850531439680487,0.34987112018819294
2510,4.768427673447812,0.1017346884854346,0.10156292390067949,0.05081826138790169,0.042987332719719974,0.17846923330162356,0.34986859030081285
2511,4.768427673447812,0.10173468560657943,0.10156292036974943,0.05081820612426123,0.04298526345021595,0.17843334672800318,0.34986606193945885
2512,4.768427673447812,0.10173468272946011,0.10156291684094834,0.05081816039203596,0.042983196978903744,0.17839730910427845,0.3498635351026004
2513,4.768427673447812,0.10173467985407486,0.10156291331427413,0.05081810519308786,0.042981133302668055,0.17836129320103594,0.349861009788709
2514,4.768427673447811,0.10173468105992224,0.10156290978972465,0.05081805002739579,0.0429790724183981,0.1783252989965079,0.34985848599625835
2515,4.768427673447812,0.10173467818717702,0.10156290626729779,0.050818025971878504,0.042977014322987686,0.1782894394897025,0.3498559637237244
2516,4.768427673447812,0.10173467531616119,0.10156290274699142,0.050817970866332156,0.042974959013335125,0.17825348859463216,0.34985344296958515
2517,4.768427673447813,0.10173467244687301,0.1015628992288034,0.0508179157939458,0.04297290535862021,0.178217646051781,0.3498509237323207
2518,4.768427673447812,0.10173466957931072,0.10156289571273161,0.05081786075468627,0.04297084014815349,0.1781817383848076,0.3498484060104133
2519,4.768427673447812,0.10173466671347266,0.10156289219877394,0.05081780574852044,0.04296877772346424,0.1781458523081904,0.34984588980234715
2520,4.768427673447812,0.10173466384935703,0.1015628886869283,0.050817750775415206,0.04296671808145952,0.17810998780034382,0.349843375106609
2521,4.768427673447812,0.10173466098696218,0.10156288517719254,0.05081769583533754,0.042964661219050924,0.17807433066746833,0.34984086192168734
2522,4.768427673447812,0.10173465812628633,0.10156288166956458,0.050817640928254436,0.042962607133154536,0.17803850919514547,0.34983835024607285
2523,4.768427673447811,0.1017346552673278,0.10156287816404229,0.05081758605413295,0.042960555820690915,0.1780027092270395,0.3498358400782584
2524,4.768427673447811,0.10173465241008488,0.1015628746606236,0.050817531212940185,0.042958507278585134,0.17796693074168518,0.34983333141673895
2525,4.768427673447811,0.10173464955455584,0.10156287115930639,0.0508174764046433,0.0429564615037667,0.17793124399654905,0.34983082426001144
2526,4.768427673447811,0.10173464670073896,0.10156286766008858,0.05081742162920946,0.04295441849316963,0.17789594097312,0.34982831860657515
2527,4.768427673447812,0.10173464384863257,0.10156286416296807,0.05081736688660591,0.04295237824373237,0.17786041280920303,0.3498258144549311
2528,4.768427673447812,0.10173464533150704,0.10156286066794276,0.05081731217679994,0.0429503407523978,0.17782471990256413,0.3498233118035828
2529,4.768427673447812,0.10173464248194723,0.10156285717501058,0.05081725749975885,0.042948306016113276,0.1777890483718813,0.34982081065103543
2530,4.768427673447811,0.10173463963409328,0.10156285368416942,0.050817202855450036,0.04294627403183056,0.17775346107277065,0.3498183109957965
2531,4.768427673447811,0.10173463678794352,0.10156285019541722,0.050817148243840905,0.04294423744115771,0.17771783221756712,0.34981581283637575
2532,4.768427673447811,0.10173463394349624,0.10156284670875189,0.05081709366489892,0.04294218947641147,0.17768222467455663,0.34981331617128464
2533,4.768427673447811,0.10173463110074975,0.10156284322417136,0.0508170391185916,0.04294014426738974,0.17764663842254141,0.3498108209990369
2534,4.768427673447811,0.10173462825970238,0.10156283974167357,0.050816984604886505,0.042938098750218964,0.17761107344035318,0.3498083273181483
2535,4.768427673447811,0.10173462542035241,0.10156283626125642,0.0508169301237512,0.04293605445516482,0.17757552970685306,0.3498058351271367
2536,4.768427673447811,0.10173462258269818,0.10156283278291786,0.05081687567515336,0.04293401290945865,0.1775400072009316,0.3498033444245219
2537,4.768427673447811,0.101734619746738,0.10156282930665583,0.05081682125906066,0.04293197411006758,0.17750450590150862,0.3498008552088259
2538,4.768427673447811,0.10173461691247018,0.10156282583246828,0.05081676687544084,0.04292993805396315,0.1774690257875332,0.3497983674785727
2539,4.768427673447811,0.10173461407989305,0.10156282236035312,0.05081671252426166,0.04292790473812126,0.17743385131322137,0.3497958812322882
2540,4.76842767344781,0.10173461124900492,0.1015628188903083,0.050816658205490965,0.042925874159522204,0.17739885696664803,0.3497933964685006
2541,4.76842767344781,0.10173460841980411,0.10156281542233178,0.05081660391909662,0.04292383716716053,0.17736380609626012,0.3497909131857401
2542,4.76842767344781,0.10173460559228897,0.10156281195642151,0.05081654966504652,0.04292180291146578,0.17732872650133313,0.34978843138253873
2543,4.76842767344781,0.10173460276645781,0.10156280849257546,0.05081649544330863,0.04291977138942593,0.17729335171862853,0.34978595105743077
2544,4.76842767344781,0.10173459994230898,0.10156280503079154,0.0508164420026429,0.04291774259803329,0.17725799799584507,0.3497834722089524
2545,4.76842767344781,0.10173459711984081,0.10156280157106776,0.050816387845284236,0.042915716534284484,0.17722266531213507,0.34978099483564185
2546,4.76842767344781,0.10173459429905164,0.10156279811340205,0.05081633372014201,0.04291369319518053,0.1771873536466797,0.34977851893603945
2547,4.76842767344781,0.1017345914799398,0.10156279465779236,0.050816279627184345,0.042911672577726705,0.17715206297868888,0.3497760445086875
2548,4.768427673447811,0.10173458866250361,0.10156279166167333,0.05081622556637943,0.042909654678932645,0.17711695179864492,0.3497735715521303
2549,4.768427673447811,0.10173458584674146,0.1015627882100786,0.050816171537695486,0.04290763949581229,0.1770818301426981,0.3497711000649141
2550,4.768427673447812,0.10173458303265169,0.10156278476053388,0.050816117541100776,0.04290562702538388,0.17704672334148844,0.3497686300455872
2551,4.768427673447812,0.1017345802202326,0.10156278131303713,0.05081606357656362,0.042903617264669944,0.17701165671740568,0.3497661614927001
2552,4.768427673447812,0.10173457740948258,0.10156277786758634,0.05081601404127131,0.0429016102106973,0.17697647061718938,0.34976369440480504
2553,4.768427673447812,0.10173457460039997,0.10156277442417949,0.05081596013988061,0.042899605860497056,0.17694130539036382,0.34976122878045635
2554,4.768427673447811,0.10173457179298315,0.10156277098281456,0.05081590627045315,0.04289760421110456,0.17690618078683223,0.34975876461821037
2555,4.768427673447811,0.10173456898723046,0.10156276754348954,0.05081585243295742,0.042895605259559474,0.1768710572411214,0.34975630191662543
2556,4.768427673447811,0.10173456618314025,0.10156276410620241,0.050815798627361956,0.04289360900290566,0.1768359545071189,0.34975384067426174
2557,4.76842767344781,0.1017345633807109,0.10156276067095119,0.050815744853635325,0.042891615438191276,0.17680087256431984,0.3497513808896817
2558,4.768427673447811,0.10173456057994075,0.10156275723773385,0.050815691111746136,0.04288962456246869,0.17676581139224756,0.3497489225614496
2559,4.768427673447811,0.10173455778082818,0.10156275380654839,0.050815637401663054,0.04288763637279451,0.17673103162151751,0.3497464656881316
2560,4.76842767344781,0.10173455498337157,0.10156275037739282,0.050815583723354756,0.042885650866229565,0.17669631362746116,0.34974401026829605
2561,4.768427673447811,0.10173455218756929,0.10156274695026513,0.050815542048332156,0.04288366803983892,0.17666157934445148,0.34974155630051296
2562,4.768427673447811,0.1017345493934197,0.10156274352516335,0.05081548843110942,0.04288168789069182,0.17662677161860033,0.3497391037833546
2563,4.768427673447811,0.10173454849833337,0.10156274010208545,0.050815434845569225,0.04287971041586174,0.1765918137965493,0.34973665271539506
2564,4.768427673447811,0.10173454570710892,0.10156273668102948,0.050815381291680464,0.04287773561242633,0.1765568766230719,0.3497342030952104
2565,4.768427673447811,0.1017345429175325,0.10156273326199343,0.05081532776941204,0.04287575737100613,0.17652196007788762,0.3497317549213787
2566,4.768427673447811,0.10173454012960252,0.10156272984497533,0.05081527427873291,0.04287378179875255,0.17648729657761814,0.3497293081924799
2567,4.768427673447811,0.10173453734331735,0.10156272642997319,0.05081522081961208,0.042871808892752265,0.17645243645070763,0.3497268629070959
2568,4.768427673447811,0.10173453455867537,0.10156272301698502,0.05081516739201858,0.04286983865009608,0.17641759225269257,0.34972441906381063
2569,4.768427673447811,0.10173453177567501,0.10156271960600886,0.050815134077922264,0.04286787106787901,0.17638280816369925,0.34972197666120997
2570,4.768427673447811,0.10173452899431464,0.10156271619704277,0.05081508070932701,0.042865906143200176,0.17634799439587745,0.34971953569788156
2571,4.768427673447811,0.1017345262145926,0.10156271279008472,0.05081502737344401,0.04286390492210392,0.17631320113528465,0.3497170961724152
2572,4.768427673447811,0.10173452343650737,0.10156270938513277,0.050814974067691816,0.04286190637569199,0.17627842836183424,0.34971465808340246
2573,4.768427673447811,0.10173452066005728,0.10156270598218498,0.05081492079331512,0.042859907509885095,0.17624367605546706,0.34971222142943686
2574,4.768427673447811,0.10173451788524077,0.10156270258123935,0.05081486755028322,0.042857911314704795,0.17620894419615146,0.34970978620911397
2575,4.768427673447811,0.10173451511205622,0.10156269918229394,0.05081481433856545,0.04285591778724676,0.17617423276388317,0.3497073524210311
2576,4.768427673447811,0.10173451234050206,0.1015626957853468,0.05081476115813119,0.042853926924610826,0.1761395417386852,0.3497049200637877
2577,4.76842767344781,0.10173450957057667,0.10156269239039596,0.05081470800894985,0.042851938723900945,0.17610487110060805,0.34970248913598484
2578,4.768427673447811,0.10173450680227847,0.10156268899743949,0.05081465489099089,0.04284995318222522,0.17607022082972928,0.34970005963622586
2579,4.76842767344781,0.10173450403560584,0.1015626856064754,0.050814601804223807,0.04284797029669584,0.1760355909061538,0.3496976315631157
2580,4.76842767344781,0.10173450127055726,0.1015626822175018,0.05081454874861816,0.04284599006442915,0.17600099163494573,0.34969520491526124
2581,4.768427673447811,0.1017344985071311,0.10156267883051671,0.050814495724143524,0.042844012482545574,0.17596640234437091,0.3496927796912715
2582,4.768427673447811,0.10173449574532577,0.10156267544551821,0.05081444273076952,0.04284203754816963,0.17593195302151096,0.3496903558897572
2583,4.76842767344781,0.1017344929851397,0.10156267206250434,0.05081438976846582,0.04284006525842994,0.17589753443019612,0.3496879335093309
2584,4.76842767344781,0.10173449022657131,0.10156266868147318,0.050814336837202136,0.0428380956104592,0.17586300589459367,0.3496855125486073
2585,4.76842767344781,0.10173448746961904,0.1015626653024228,0.05081428393694822,0.0428361286013942,0.1758286337912642,0.34968309300620265
2586,4.76842767344781,0.10173448471428129,0.10156266192535127,0.050814231067673854,0.04283416422837578,0.1757941456663025,0.34968067488073545
2587,4.7684276734478095,0.1017344819605565,0.10156265855025665,0.05081417822934887,0.042832202488548826,0.17575967773050258,0.3496782581708258
2588,4.7684276734478095,0.1017344792084431,0.10156265517713702,0.050814153589401126,0.042830243379062334,0.17572522996421205,0.3496758428750958
2589,4.7684276734478095,0.10173447645793952,0.10156265180599046,0.05081410080736609,0.04282828689706929,0.17569080234780535,0.34967342899216936
2590,4.7684276734478095,0.1017344737090442,0.10156264843681508,0.05081404805619341,0.042826307829346585,0.17565639486168347,0.34967101652067234
2591,4.7684276734478095,0.10173447096175557,0.10156264506960892,0.05081399533585308,0.04282433139817059,0.17562202950274017,0.34966860545923245
2592,4.7684276734478095,0.10173446821607207,0.1015626417043701,0.050813942646315134,0.042822357600692085,0.17558766221418937,0.3496661958064793
2593,4.7684276734478095,0.10173446547199216,0.10156263834109668,0.050813889987549654,0.042820381998945466,0.17555331499728882,0.3496637875610442
2594,4.7684276734478095,0.10173446272951427,0.10156263497978678,0.050813837359526756,0.04281840902779927,0.1755189878325459,0.3496613807215605
2595,4.7684276734478095,0.10173445998863681,0.10156263162043845,0.050813784762216575,0.04281643868441386,0.17548468070049447,0.34965897528666334
2596,4.7684276734478095,0.10173445724935827,0.10156262826304983,0.05081377054490305,0.04281446653855667,0.17545039358169479,0.34965657125498967
2597,4.7684276734478095,0.10173445451167709,0.10156262490761901,0.050813718001438975,0.04281249701737478,0.17541612645673346,0.34965416862517834
2598,4.7684276734478095,0.1017344517755917,0.10156267993546683,0.05081366548860271,0.042810552545879205,0.17538187930622345,0.34965176739587
2599,4.7684276734478095,0.10173444904110059,0.10156267657255232,0.05081365221029481,0.042808610680334494,0.175347657954801,0.34964936756570725
2600,4.76842767344781,0.10173444630820218,0.10156267321159654,0.05081363050119287,0.042806671417931194,0.17531358611811304,0.34964696913333443
2601,4.76842767344781,0.10173444357689493,0.1015626698525976,0.050813578066422005,0.04280473475586384,0.1752793987473492,0.34964457209739774
2602,4.76842767344781,0.10173444084717732,0.10156266649555362,0.05081352566216838,0.04280280069133092,0.17524527812017202,0.34964217645654516
2603,4.76842767344781,0.10173443811904782,0.10156268169796227,0.050813473288402466,0.042800870112090515,0.17521128931851845,0.3496397855656629
2604,4.76842767344781,0.10173443539250486,0.10156267834120787,0.05081342094509475,0.042798942124275464,0.1751774551727143,0.3496373927102763
2605,4.76842767344781,0.10173443266754692,0.10156267498640485,0.050813380993215404,0.0427970167250966,0.17514356104272563,0.3496350012459293
2606,4.76842767344781,0.10173442994417248,0.10156267163355133,0.050813328708329976,0.04279509391176869,0.17510964573017757,0.34963261117127725
2607,4.76842767344781,0.10173442722237999,0.10156266828264542,0.050813276453815906,0.04279317368151042,0.17507557728185155,0.3496302224849772
2608,4.76842767344781,0.10173442450216794,0.10156266493368524,0.050813224229643864,0.04279125603154441,0.1750415625574512,0.3496278351856883
2609,4.76842767344781,0.10173442178353478,0.1015626615866689,0.05081317203578456,0.042789340959097186,0.17500753364769556,0.3496254492720712
2610,4.76842767344781,0.10173441906647902,0.10156265824159456,0.05081311987220872,0.04278742846139919,0.17497357777991426,0.3496230647427885
2611,4.76842767344781,0.10173441635099913,0.10156265489846032,0.05081306773888714,0.04278551853568474,0.17493958832868242,0.3496206815965046
2612,4.76842767344781,0.10173441363709357,0.10156265155726432,0.050813015635790645,0.04278361117919208,0.17490573566241158,0.34961829983188564
2613,4.76842767344781,0.10173441092476083,0.10156264821800468,0.050812963562890084,0.042781706389163295,0.17487198817940752,0.3496159194475996
2614,4.76842767344781,0.10173440821399939,0.10156264488067952,0.050812911520156365,0.042779754659496044,0.17483829034393072,0.3496135404423164
2615,4.76842767344781,0.10173440550480774,0.10156264154528702,0.050812859507560426,0.04277780551945577,0.1748046336179504,0.34961116281470755
2616,4.76842767344781,0.10173440279718438,0.10156263821182528,0.05081280752507325,0.04277585896626858,0.1747710982630816,0.3496087865634463
2617,4.768427673447811,0.1017344000911278,0.10156263488029246,0.05081275557266585,0.0427739149971645,0.17473780055999077,0.34960641168720796
2618,4.768427673447811,0.10173439738663649,0.1015626315506867,0.050812708853911814,0.04277197360937743,0.1747047280130884,0.3496040381846694
2619,4.768427673447811,0.10173439468370893,0.10156262822300614,0.050812656960569455,0.04277003480014515,0.1746713903067695,0.34960166605450926
2620,4.768427673447811,0.10173439198234363,0.10156262489724895,0.050812605196374525,0.04276809856670934,0.17463806447037059,0.3495992952954081
2621,4.768427673447811,0.1017343892825391,0.10156262157341327,0.050812553362971455,0.042766164906315504,0.17460427054962763,0.3495969259060482
2622,4.768427673447811,0.10173438658429379,0.10156261825149723,0.05081250155950442,0.04276423381621305,0.174570545555177,0.3495945578851135
2623,4.768427673447811,0.10173438388760624,0.10156262887676827,0.05081244978594467,0.04276233017629535,0.17453687029553341,0.34959219123128993
2624,4.768427673447811,0.10173438119247497,0.1015626255559906,0.05081239804226351,0.04276042908681956,0.17450313484601002,0.34958982594326493
2625,4.768427673447811,0.10173437849889844,0.10156262223712863,0.05081234632843226,0.042758529569820125,0.17446941885780123,0.3495874620197279
2626,4.768427673447811,0.10173437580687521,0.10156261892018051,0.05081229464442227,0.04275663293686446,0.17443572231223833,0.3495850994593699
2627,4.768427673447811,0.10173437311640375,0.1015626156051444,0.050812242990204974,0.04275473884655299,0.17440207777825298,0.3495827382608837
2628,4.768427673447811,0.10173437042748261,0.10156261229201849,0.05081219136575179,0.04275280279267944,0.17436842005578676,0.349580378422964
2629,4.768427673447811,0.10173436774011027,0.10156260898080093,0.05081213977103421,0.04275086930165941,0.17433491703467585,0.34957801994430715
2630,4.768427673447811,0.10173436505428526,0.10156260567148988,0.050812121733019855,0.042748938370761706,0.1743014599217414,0.34957566282361113
2631,4.768427673447811,0.10173436237000612,0.10156260236408356,0.05081207019122515,0.04274700999725896,0.17426786024668917,0.34957330705957596
2632,4.76842767344781,0.10173435968727132,0.1015625990585801,0.05081206427406838,0.042745078395965495,0.17423434943016314,0.349570952650903
2633,4.76842767344781,0.10173435700607943,0.1015625957549777,0.0508120860874343,0.042743149349949286,0.17420078838561295,0.3495685995962956
2634,4.76842767344781,0.10173435432642895,0.10156259245327454,0.05081204056376877,0.042741219969117235,0.17416724663530075,0.34956624789445884
2635,4.76842767344781,0.10173435164831841,0.10156258915346882,0.05081198911639547,0.042739293139787256,0.17413372416078163,0.34956389754409956
2636,4.76842767344781,0.10173434897174634,0.10156258585555869,0.05081193769857671,0.0427373688592462,0.17410035239420185,0.3495615485439261
2637,4.76842767344781,0.10173434629671128,0.10156258255954237,0.05081188631028426,0.042735447124784706,0.17406686839075103,0.34955920089264886
2638,4.76842767344781,0.10173434362321175,0.10156257926541803,0.050811834951489915,0.04273352793369717,0.17403340707106565,0.34955685458897967
2639,4.76842767344781,0.1017343409512463,0.1015625759731839,0.05081178362216552,0.04273161128328178,0.1740001564383868,0.3495545096316323
2640,4.76842767344781,0.10173433828081344,0.10156257268283814,0.05081173232228296,0.04272969717084047,0.17396690432334538,0.349552166019322
2641,4.76842767344781,0.10173433561191172,0.10156256939437895,0.05081168105181416,0.04272777552344401,0.17393349702082478,0.349549823750766
2642,4.76842767344781,0.10173433294453968,0.10156256610780456,0.05081162981073106,0.04272585497744127,0.1739001088657256,0.34954748282468295
2643,4.76842767344781,0.10173433027869588,0.10156256282311316,0.050811578599005675,0.042723936967930455,0.17386673983979892,0.3495451432397935
2644,4.76842767344781,0.10173432761437887,0.10156255954030294,0.05081152741661002,0.04272202149222221,0.17383338992481995,0.3495428049948199
2645,4.76842767344781,0.10173432495158714,0.10156255625937212,0.0508114820942489,0.04272010854763093,0.1738000883307218,0.349540468088486
2646,4.76842767344781,0.10173432229031928,0.10156255298031892,0.050811430969311386,0.04271819526319657,0.1737667765774592,0.3495381325195174
2647,4.76842767344781,0.10173431963057383,0.10156254970314155,0.05081137987362056,0.04271628450615992,0.17373355644268149,0.34953579828664144
2648,4.768427673447811,0.10173431697234937,0.10156254642783823,0.0508113288071486,0.04271437627384499,0.1737002827702385,0.34953346538858715
2649,4.76842767344781,0.1017343143156444,0.10156254315440714,0.05081127776986772,0.04271247056357946,0.17366702811799412,0.3495311338240852
2650,4.76842767344781,0.10173431166045752,0.10156253988284654,0.05081122676175017,0.04271056737269476,0.1736337924678687,0.34952880359186805
2651,4.76842767344781,0.10173431045532698,0.10156254153806885,0.05081117578276824,0.04270866669852598,0.17360060546179587,0.34952647469066966
2652,4.768427673447811,0.10173430780289491,0.10156253826930209,0.05081112483289425,0.042706768538411925,0.17356755705136725,0.3495241471192259
2653,4.768427673447811,0.10173430515197676,0.10156253500240102,0.05081107391210058,0.04270487288969508,0.17353446401169942,0.3495218208762741
2654,4.76842767344781,0.10173430250257107,0.10156253173736385,0.05081102302035962,0.04270297974972162,0.17350134761418953,0.34951949596055343
2655,4.76842767344781,0.10173429985467643,0.10156252847418885,0.050810972157643804,0.0427010891158414,0.17346820664545437,0.3495171723708047
2656,4.76842767344781,0.1017342972082914,0.10156252521287423,0.05081094107021137,0.042699200985407894,0.17343509783760788,0.34951485010577027
2657,4.76842767344781,0.10173429456341454,0.10156252195341825,0.05081089026169437,0.0426973153557783,0.17340199463678294,0.34951252916419434
2658,4.76842767344781,0.10173429192004442,0.10156251869581913,0.05081083948212219,0.042695432224313455,0.17336902708356516,0.34951020954482265
2659,4.768427673447811,0.10173428927817962,0.10156251544007511,0.050810797774680644,0.04269355158837782,0.17333612559695216,0.34950789124640264
2660,4.76842767344781,0.10173428663781871,0.10156251218618444,0.050810747051191776,0.042691673445339515,0.17330307886415347,0.34950557426768347
2661,4.768427673447811,0.10173428399896027,0.10156250893414534,0.05081069635656656,0.042689797792570296,0.17327005093623904,0.3495032586074158
2662,4.768427673447811,0.10173428136160288,0.10156250568395608,0.050810645690777693,0.042687899012923664,0.1732370417954147,0.3495009442643522
2663,4.768427673447811,0.1017342787257451,0.10156250243561493,0.05081059505379788,0.04268600273286517,0.1732040594547223,0.34949863123724656
2664,4.768427673447811,0.10173427609138555,0.10156249918912011,0.050810544445599896,0.0426841089497637,0.17317108783326102,0.3494963195248547
2665,4.768427673447812,0.10173427345852279,0.1015624959444699,0.05081049386615653,0.04268221766099169,0.1731381349456493,0.349494009125934
2666,4.768427673447811,0.10173427082715542,0.10156249270166252,0.05081044331544061,0.04268032886392529,0.17310520077418692,0.34949170003924335
2667,4.768427673447811,0.10173426819728199,0.10156248946069626,0.05081039279342501,0.0426784425559442,0.17307228530119703,0.3494893922635434
2668,4.768427673447811,0.10173426556890111,0.10156248622156938,0.05081034230008262,0.04267655873443175,0.17303939946742627,0.3494870857975965
2669,4.768427673447811,0.1017342629420114,0.10156248298428014,0.050810307774897985,0.04267467739677489,0.17300656016732488,0.34948478064016664
2670,4.768427673447811,0.10173426031661144,0.1015624797488268,0.050810257335793474,0.04267279854036415,0.17297370067446832,0.34948247679001915
2671,4.768427673447811,0.10173425769269981,0.10156247651520764,0.050810206925282826,0.04267092216259366,0.17294085980961518,0.34948017424592126
2672,4.768427673447811,0.10173425507027509,0.10156247328342093,0.05081015654333908,0.04266904826086112,0.17290803755520492,0.34947787300664185
2673,4.768427673447811,0.10173425244933591,0.10156247005346493,0.050810106189935325,0.04266717683256783,0.1728752338937001,0.3494755730709513
2674,4.768427673447811,0.10173424982988087,0.10156246682533793,0.050810055865044675,0.04266530787511866,0.17284244880758645,0.34947327443762155
2675,4.768427673447811,0.10173424721190856,0.10156246359903819,0.05081000556864027,0.04266344138592201,0.17280968227937268,0.3494709771054263
2676,4.768427673447811,0.10173424459541759,0.10156246037456403,0.05080995530069531,0.04266157736238991,0.17277694811308178,0.3494686810731409
2677,4.768427673447811,0.10173424198040656,0.10156245715191366,0.05080990506118301,0.04265971580193788,0.17274421864566786,0.3494663863395421
2678,4.768427673447811,0.1017342393668741,0.10156245393108543,0.05080986432135222,0.04265785670198501,0.17271153942650513,0.34946409290340846
2679,4.768427673447811,0.10173423675481878,0.10156245281981176,0.05080981413683224,0.04265598826312175,0.17267884694681454,0.34946180076352007
2680,4.768427673447811,0.10173423414423927,0.10156244960222381,0.05080976398066581,0.04265412228627151,0.17264618449495853,0.3494595099186586
2681,4.768427673447811,0.10173423153513411,0.10156244638645306,0.05080971385282629,0.04265225876885772,0.1726138893267518,0.3494572203676074
2682,4.768427673447811,0.10173422892750197,0.10156244317249782,0.050809663753287077,0.042650397708307364,0.1725816707199685,0.34945493210915124
2683,4.768427673447811,0.10173422632134144,0.10156243996035637,0.0508096136820216,0.04264853910205094,0.17254915413500305,0.34945264514207675
2684,4.768427673447811,0.10173422371665115,0.10156243675002703,0.05080956363900334,0.04264668294752246,0.17251655366733135,0.349450359465172
2685,4.768427673447811,0.10173422111342975,0.10156243354150811,0.050809513624205785,0.04264482924215946,0.17248397158400697,0.3494480750772266
2686,4.768427673447811,0.10173421851167581,0.10156243033479785,0.05080946363760247,0.042642977983402976,0.17245140786778973,0.3494457919770318
2687,4.768427673447811,0.10173421591138797,0.10156242712989462,0.05080942911823498,0.042641129168697535,0.17241886250146204,0.34944351016338043
2688,4.768427673447811,0.10173421331256487,0.10156242392679668,0.05080937918502829,0.04263928279549119,0.17238649255754968,0.34944122963506696
2689,4.768427673447811,0.10173421071520514,0.10156242072550238,0.0508093292799383,0.04263743886123545,0.17235431299687515,0.34943895039088746
2690,4.76842767344781,0.10173420811930739,0.10156241752601,0.05080927940293868,0.04263559736338534,0.17232204200924592,0.3494366724296394
2691,4.76842767344781,0.10173420552487027,0.10156241432831788,0.05080922955400314,0.04263375829939934,0.17229004769512135,0.349434395750122
2692,4.76842767344781,0.10173420293189239,0.1015624111324243,0.050809179733105406,0.0426319216667394,0.17225803699652167,0.3494321203511359
2693,4.76842767344781,0.10173420034037242,0.1015624079383276,0.05080912994021927,0.04263008746287096,0.17222590330028692,0.34942984623148354
2694,4.76842767344781,0.10173419775030897,0.10156240474602612,0.050809080175318544,0.04262825568526289,0.17219353392663778,0.34942757338996866
2695,4.76842767344781,0.1017341951617007,0.10156240155551814,0.05080903043837706,0.04262642633138753,0.17216113437037373,0.3494253018253967
2696,4.7684276734478095,0.1017341925745462,0.10156239836680202,0.05080899277038032,0.04262459939872066,0.1721287830501454,0.3494230315365747
2697,4.7684276734478095,0.10173418998884419,0.10156239517987606,0.050808943087015085,0.04262277488474151,0.1720964198635413,0.3494207625223112
2698,4.76842767344781,0.10173418740459327,0.1015623919947386,0.0508088934315321,0.04262095278693274,0.17206407483912575,0.3494184947814163
2699,4.76842767344781,0.10173418482179207,0.10156238881138799,0.050808866982276275,0.04261913310278045,0.17203174795994924,0.3494162283127016
2700,4.76842767344781,0.10173418224043927,0.10156238562982252,0.050808817378126724,0.04261731582977415,0.17199943920908436,0.3494139631149803
2701,4.76842767344781,0.1017341796605335,0.10156238245004055,0.0508087678017839,0.04261550096540677,0.1719671485696258,0.34941169918706716
2702,4.76842767344781,0.10173417708207343,0.10156237927204043,0.0508087182532219,0.04261368850717466,0.1719350683784254,0.3494094365277785
2703,4.76842767344781,0.10173417450505767,0.10156237609582047,0.050808668732414825,0.04261187845257758,0.17190296347643683,0.3494071751359322
2704,4.76842767344781,0.10173417192948492,0.10156237292137904,0.05080861923933682,0.0426100239842107,0.17187072700586628,0.34940491501034765
2705,4.76842767344781,0.10173416935535383,0.10156236974871446,0.05080856977396208,0.04260817194069274,0.17183850857933664,0.34940265614984567
2706,4.768427673447811,0.10173416678266305,0.1015623665778251,0.050808520336264804,0.04260632231950923,0.17180630818005235,0.3494003985532488
2707,4.768427673447811,0.10173416421141124,0.10156236340870929,0.05080847092621924,0.04260447511814913,0.17177412579123974,0.3493981422193809
2708,4.768427673447811,0.10173416164159707,0.1015623602413654,0.05080842154379967,0.04260262479451341,0.17174196139614695,0.34939588714706765
2709,4.768427673447811,0.10173415907321917,0.10156235707579175,0.050808372188980405,0.04260077688878538,0.17170981497804386,0.34939363333513596
2710,4.76842767344781,0.10173415650627624,0.10156235391198672,0.050808322861735804,0.04259893139846133,0.17167768652022217,0.34939138078241444
2711,4.76842767344781,0.10173415394076693,0.10156235074994865,0.050808307713241435,0.04259708832104096,0.17164557600599525,0.34938912948773315
2712,4.768427673447811,0.10173415137668992,0.10156234758967593,0.05080826915630521,0.042595247654027356,0.17161348341869817,0.34938687944992375
2713,4.76842767344781,0.10173414881404387,0.10156234443116689,0.050808219903245425,0.04259340939492697,0.1715815171235511,0.3493846306678193
2714,4.76842767344781,0.10173414625282744,0.10156234127441989,0.050808170677662697,0.04259156525800837,0.17154946031995616,0.34938238314025444
2715,4.76842767344781,0.10173414369303933,0.10156233811943333,0.05080815269569501,0.042589723528645346,0.17151761668631788,0.3493801368660654
2716,4.7684276734478095,0.10173414113467821,0.10156233496620554,0.05080810351916213,0.04258788420435021,0.17148571875373042,0.34937789184408974
2717,4.7684276734478095,0.10173413857774276,0.10156233181473492,0.050808054370033176,0.04258604728263862,0.17145371547222304,0.3493756480731667
2718,4.7684276734478095,0.10173413602223165,0.10156232866501982,0.05080800524828276,0.04258420725212981,0.17142173001815322,0.349373405552137
2719,4.76842767344781,0.10173413346814356,0.10156232551705864,0.050807956153885524,0.04258236962231356,0.1713900714789528,0.34937116427984266
2720,4.76842767344781,0.10173413091547717,0.10156232237084972,0.05080790708681612,0.042580534390712736,0.17135860403194278,0.34936892425512744
2721,4.76842767344781,0.10173412836423117,0.10156231922639145,0.050807858047049285,0.04257870155485359,0.17132734649495923,0.3493666854768366
2722,4.7684276734478095,0.10173412581440423,0.1015623160836822,0.0508078324325287,0.0425768711122657,0.1712959231525677,0.3493644479438166
2723,4.7684276734478095,0.10173412326599508,0.10156231294272038,0.05080783222078264,0.04257504306048198,0.1712644408793487,0.34936221165491566
2724,4.7684276734478095,0.10173412071900238,0.10156230980350438,0.05080778324933795,0.042573215155145824,0.1712326803268991,0.34935997660898355
2725,4.76842767344781,0.10173411817342481,0.10156230666603257,0.05080775904823288,0.04257138963693528,0.17120085023320986,0.34935774280487136
2726,4.76842767344781,0.10173411562926106,0.10156230353030332,0.05080771012657905,0.04256956650339207,0.17116900633707707,0.3493555102414316
2727,4.76842767344781,0.10173411308650986,0.10156230039631504,0.05080766123208671,0.042567745752061244,0.17113718012078052,0.3493532789175184
2728,4.76842767344781,0.10173411054516988,0.10156229726406613,0.05080761236473074,0.04256592738049117,0.1711053715679969,0.3493510488319874
2729,4.76842767344781,0.10173410800523983,0.10156229413355496,0.05080756352448612,0.04256411138623351,0.17107358066242392,0.34934881998369566
2730,4.76842767344781,0.10173410546671838,0.10156229100477995,0.05080751471132782,0.04256229776684322,0.17104180738778035,0.3493465923715016
2731,4.7684276734478095,0.10173410292960426,0.10156228787773948,0.05080746592523087,0.04256048651987856,0.17101006215986125,0.3493443659942654
2732,4.7684276734478095,0.10173410039389616,0.10156228475243198,0.05080742329664572,0.04255866072821103,0.17097832409638075,0.3493421408508483
2733,4.76842767344781,0.1017340978595928,0.10156228162885582,0.05080737456345931,0.04255683731346588,0.17094681859404365,0.3493399169401134
2734,4.7684276734478095,0.10173409532669285,0.10156227850700941,0.050807325857260124,0.042555016273202545,0.17091528624368374,0.3493376942609251
2735,4.76842767344781,0.10173409279519507,0.10156227538689118,0.05080727717802332,0.04255319760498381,0.17088371412750755,0.3493354728121492
2736,4.76842767344781,0.10173409026509814,0.10156227226849954,0.05080722852572407,0.042551375852012324,0.17085204620334102,0.34933325259265313
2737,4.76842767344781,0.10173408773640075,0.10156226915183286,0.050807207389358004,0.042549556469237894,0.17082051180829266,0.3493310336013056
2738,4.76842767344781,0.10173408520910165,0.1015622660368896,0.05080715878576905,0.0425477394542303,0.17078903285097027,0.3493288158369768
2739,4.76842767344781,0.10173408268319954,0.10156226292366814,0.0508071102090462,0.04254592480456259,0.17075748072556812,0.34932659929853854
2740,4.76842767344781,0.10173408015869313,0.1015622598121669,0.05080706165916476,0.04254410707544492,0.17072588271352807,0.3493243839848639
2741,4.7684276734478095,0.10173407763558114,0.10156225670238433,0.05080701313610004,0.04254229170982909,0.17069440547193918,0.34932216989482734
2742,4.7684276734478095,0.10173407511386229,0.10156225359431885,0.050806964639827444,0.042540478705295155,0.17066284233136392,0.3493199570273051
2743,4.7684276734478095,0.1017340725935353,0.10156225048796884,0.05080691617032235,0.04253866805942638,0.170631296612057,0.34931774538117466
2744,4.7684276734478095,0.1017340700745989,0.10156224738333276,0.0508068677275602,0.042536859769809296,0.1705999975227118,0.34931553495531487
2745,4.7684276734478095,0.10173406755705182,0.10156224428040904,0.05080681931151644,0.04253505383403366,0.17056888654501642,0.3493133257486061
2746,4.7684276734478095,0.10173406504089276,0.10156224117919609,0.05080677092216657,0.04253325024969242,0.17053801547415287,0.34931111775993007
2747,4.7684276734478095,0.10173406252612047,0.10156223807969235,0.05080672255948613,0.042531449014381814,0.17050716499590787,0.3493089109881701
2748,4.7684276734478095,0.10173406001273366,0.10156223591157723,0.050806674223450664,0.04252965012570126,0.1704764890257995,0.3493067054322108
2749,4.7684276734478095,0.10173405750073107,0.10156223281531575,0.050806625914035765,0.04252785358125337,0.17044578159694823,0.3493045010909383
2750,4.7684276734478095,0.10173405499011144,0.10156222972075887,0.05080658572028609,0.04252604583983691,0.1704151611123419,0.3493022979632402
2751,4.7684276734478095,0.10173405719796036,0.10156222662790505,0.05080653746254839,0.042524240445318905,0.17038440663158988,0.3493000960480052
2752,4.7684276734478095,0.10173405468923379,0.10156222353675272,0.05080648923135901,0.04252243469247775,0.17035341217563976,0.34929789534412387
2753,4.7684276734478095,0.10173405218188687,0.10156222044730032,0.05080644102669368,0.04252062993268435,0.17032211338616665,0.3492956958504879
2754,4.7684276734478095,0.10173404967591833,0.10156221735954629,0.05080639284852815,0.04251882751484272,0.17029099980218523,0.3492934975659906
2755,4.7684276734478095,0.10173404717132689,0.1015622142734891,0.050806344696838174,0.042517027436565796,0.1702596608733129,0.3492913004895265
2756,4.76842767344781,0.10173404466811133,0.10156221118912719,0.05080629657159958,0.04251522969546974,0.17022833915998595,0.34928910461999163
2757,4.7684276734478095,0.10173404216627034,0.10156220810645898,0.05080625196377384,0.04251343428917386,0.17019703464647745,0.34928690995628336
2758,4.7684276734478095,0.10173403966580269,0.10156220502548297,0.050806222401747037,0.04251164121530066,0.17016574731708067,0.3492847164973006
2759,4.7684276734478095,0.10173403716670716,0.1015622019461976,0.05080617435167465,0.04250985047147582,0.17013447715610894,0.3492825242419437
2760,4.76842767344781,0.10173403466898247,0.10156219886860134,0.05080612632795938,0.04250806205532815,0.17010322747042836,0.3492803331891143
2761,4.76842767344781,0.10173403217262736,0.10156219579269261,0.05080607833057719,0.04250627596448965,0.17007199159871644,0.3492781433377153
2762,4.76842767344781,0.1017340296776406,0.1015621927184699,0.05080603035950405,0.042504492196595446,0.17004077284848967,0.3492759546866512
2763,4.76842767344781,0.10173402718402091,0.10156218964593167,0.05080598241471599,0.04250271074928384,0.17000957120414129,0.34927376723482795
2764,4.76842767344781,0.1017340246917671,0.10156218657507639,0.050805934496189066,0.04250093162019628,0.1699783866500843,0.34927158098115274
2765,4.7684276734478095,0.10173402220087786,0.10156218350590249,0.05080588660389934,0.04249915480697731,0.16994721917075162,0.34926939592453415
2766,4.76842767344781,0.101734019711352,0.10156218043840849,0.05080583873782294,0.04249738030727464,0.169916068750596,0.3492672120638823
2767,4.76842767344781,0.10173401722318826,0.10156217737259285,0.05080579089793599,0.0424956081187391,0.16988493537408997,0.3492650293981086
2768,4.768427673447811,0.1017340147363854,0.10156217430845402,0.05080574308421468,0.04249383823902464,0.16985395781413318,0.34926284792612583
2769,4.76842767344781,0.10173401225094218,0.10156217124599047,0.05080570646308845,0.04249207066578833,0.16982330539673743,0.3492606676468481
2770,4.768427673447811,0.10173400976685737,0.10156216818520071,0.05080565869958325,0.04249030002996949,0.16979241890716257,0.34925848855919117
2771,4.768427673447811,0.10173400728412973,0.10156216512608321,0.05080561096217349,0.042488531698884356,0.16976155705071383,0.3492563106620718
2772,4.768427673447811,0.10173400480275803,0.10156216206863644,0.05080559398565985,0.04248676567019664,0.1697306406046563,0.34925413395440835
2773,4.768427673447811,0.10173400232274103,0.10156215901285888,0.050805546294750654,0.04248500194157316,0.16969960896085517,0.3492519584351205
2774,4.768427673447812,0.10173399984407752,0.10156215595874903,0.05080549862986894,0.04248324051068384,0.1696685942526742,0.34924978410312946
2775,4.768427673447811,0.10173399736676624,0.10156215290630537,0.05080545099099107,0.04248148137520168,0.1696375964647429,0.34924761095735746
2776,4.768427673447812,0.101733994890806,0.10156214985552638,0.050805429262946504,0.042479718506725134,0.16960661558171047,0.34924543899672844
2777,4.768427673447812,0.10173399241619556,0.10156214680641056,0.05080538167127995,0.04247795793229618,0.16957565158824545,0.3492432682201675
2778,4.768427673447812,0.10173398994293367,0.10156214375895638,0.050805334105549126,0.04247619964959408,0.16954470446903577,0.34924109862660124
2779,4.768427673447812,0.10173398747101915,0.10156214071316236,0.05080530813055647,0.04247444365630115,0.1695137742087889,0.34923893021495744
2780,4.768427673447812,0.10173398500045074,0.10156213766902698,0.05080526061269395,0.04247268995010279,0.16948286079223165,0.34923676298416545
2781,4.768427673447812,0.10173398253122726,0.10156213462654874,0.05080521312069889,0.04247091255521001,0.16945196420411007,0.3492345969331558
2782,4.768427673447812,0.10173398006334747,0.10156213158572616,0.05080516565454787,0.04246913612753399,0.16942108442918968,0.3492324320608605
2783,4.768427673447812,0.10173397759681015,0.10156212854655773,0.05080511821421749,0.04246738149716892,0.16939022145225516,0.34923026836621285
2784,4.768427673447812,0.1017339751316141,0.10156212550904194,0.050805070799684396,0.04246562914889666,0.16935937525811048,0.3492281058481475
2785,4.768427673447812,0.1017339726677581,0.10156212247317731,0.05080505033207529,0.042463879080414026,0.16932854583157886,0.3492259445056005
2786,4.768427673447812,0.10173397020524093,0.10156211943896234,0.05080504705409622,0.0424621312894209,0.16929779622030966,0.3492237843375091
2787,4.768427673447812,0.1017339677440614,0.10156211640639556,0.05080503466403105,0.04246038577362019,0.16926700027207903,0.34922162534281215
2788,4.768427673447812,0.1017339652842183,0.10156211337547545,0.05080498733318772,0.04245864253071785,0.1692362210460522,0.3492194675204495
2789,4.768427673447812,0.10173396668076042,0.10156211034620054,0.050804940028035796,0.04245690155842283,0.16920548843883645,0.3492173108693627
2790,4.768427673447813,0.10173396422288605,0.10156210731856935,0.05080489274855208,0.04245516285444713,0.16917501450263395,0.34921515538849435
2791,4.768427673447813,0.10173396176634485,0.10156210429258038,0.050804845494713397,0.04245340364433085,0.16914428529787348,0.34921300107678854
2792,4.768427673447813,0.10173395931113564,0.10156210126823216,0.050804826841732174,0.042451646710314414,0.16911358013934638,0.3492108479331907
2793,4.768427673447812,0.10173395685725722,0.1015620982455232,0.05080477963392751,0.04244989205010769,0.16908299547951966,0.3492086959566474
2794,4.768427673447813,0.10173395614278266,0.10156209522445205,0.05080473245170139,0.04244813185107328,0.1690523161940228,0.3492065451461068
2795,4.768427673447812,0.10173395369124695,0.1015620922050172,0.050804685295030766,0.04244637392550776,0.16902165352546858,0.3492043955005181
2796,4.768427673447812,0.1017339512410386,0.1015620891872172,0.050804638163892614,0.04244461827112624,0.16899100745888943,0.3492022470188322
2797,4.768427673447813,0.1017339487921564,0.10156208617105057,0.05080459105826396,0.04244286488564684,0.16896037797933677,0.34920009970000093
2798,4.768427673447812,0.10173394634459917,0.1015620877166571,0.05080454397812182,0.04244111376679065,0.1689297650718807,0.3491979535429777
2799,4.768427673447813,0.10173394389836574,0.10156208470292688,0.05080451498550035,0.042439364912281785,0.16889916872161023,0.34919580854671717
2800,4.768427673447813,0.10173394145345487,0.10156208169082606,0.05080449270486035,0.04243761831984735,0.1688687016937156,0.34919366471017527
2801,4.768427673447813,0.1017339390098654,0.10156207868035318,0.05080449564276716,0.04243587205943201,0.16883813839274622,0.34919152203230924
2802,4.768427673447813,0.10173393656759615,0.10156207567150678,0.050804503709059125,0.04243412805759576,0.1688076176537756,0.3491893805120777
2803,4.768427673447813,0.10173393412664591,0.1015620726642854,0.050804456729275846,0.042432386312073724,0.1687772129050121,0.3491872401484405
2804,4.768427673447813,0.10173393276908922,0.1015620696586876,0.050804435847968975,0.04243064682060397,0.16874685429576589,0.3491851009403589
2805,4.768427673447813,0.10173393033057793,0.10156206665471187,0.050804388914178364,0.04242890958092752,0.168716547521581,0.34918296288679535
2806,4.768427673447813,0.1017339278933822,0.1015620636523568,0.050804342005708575,0.042427174590788395,0.1686862995203216,0.3491808259867136
2807,4.768427673447812,0.10173392545750089,0.10156206065162093,0.05080429512253689,0.042425441847933544,0.1686558690304762,0.34917869023907894
2808,4.768427673447813,0.10173392302293278,0.10156206109336534,0.050804248264640625,0.04242373076198745,0.1686254208686649,0.34917655564285754
2809,4.768427673447812,0.10173392058967672,0.10156205809524252,0.05080420143199711,0.04242202190836691,0.16859498911604065,0.3491744221970172
2810,4.768427673447813,0.10173391815773153,0.1015620550987349,0.05080415462458373,0.04242031528483709,0.16856457375789702,0.34917228990052696
2811,4.768427673447812,0.10173391572709602,0.10156205210384098,0.05080410784237786,0.0424186108891661,0.16853417477954596,0.349170158752357
2812,4.768427673447813,0.10173391329776904,0.10156204911055935,0.05080406108535694,0.04241690871912496,0.1685040160862618,0.349168028751479
2813,4.768427673447813,0.1017339108697494,0.1015620505865802,0.05080401435349841,0.0424152087724876,0.1684739507644994,0.34916589989686575
2814,4.768427673447813,0.10173390844303594,0.101562047595714,0.05080397567318154,0.04241348806624537,0.16844360074302978,0.34916377218749134
2815,4.768427673447813,0.10173390601762751,0.10156204460645618,0.050803965836496386,0.04241176959132185,0.16841326704283516,0.3491616456223313
2816,4.768427673447814,0.1017339035935229,0.10156204161880532,0.05080398473973436,0.04241005334548866,0.16838294964931913,0.3491595202003624
2817,4.768427673447814,0.10173390117072097,0.10156203863275996,0.050803997385233585,0.04240833932652031,0.16835264854790358,0.3491573959205625
2818,4.768427673447815,0.10173389874922055,0.1015620356483187,0.05080402197912998,0.04240659700467673,0.16832236372402853,0.34915527278191094
2819,4.768427673447814,0.10173389632902047,0.10156203266548008,0.05080397535445259,0.042404856921649046,0.16829209516315233,0.34915315078338816
2820,4.768427673447815,0.1017338939101196,0.10156202968424269,0.05080392875480381,0.04240311907520586,0.16826190996547558,0.34915102992397606
2821,4.768427673447815,0.10173389149251676,0.10156202670460508,0.05080388218016129,0.04240137955704321,0.16823174687356052,0.3491489102026577
2822,4.768427673447815,0.10173388907621077,0.10156202372656584,0.050803835630502725,0.042399642273106254,0.16820152698944518,0.34914679161841744
2823,4.768427673447815,0.10173388666120049,0.10156202075012352,0.05080378957753028,0.0423979072211704,0.16817132331035659,0.3491446741702409
2824,4.768427673447814,0.10173388424748477,0.10156201777527671,0.0508037430776881,0.042396170499190415,0.16814141365621763,0.34914255785711507
2825,4.768427673447814,0.10173388183506246,0.10156201892560515,0.05080370823226518,0.04239443600686082,0.1681115279403653,0.34914044267802796
2826,4.768427673447814,0.1017338794239324,0.10156201595320544,0.05080366178014915,0.04239270374196385,0.16808156364394813,0.34913832863196903
2827,4.768427673447814,0.10173387701409344,0.10156201298239735,0.05080363053447395,0.04239097370228463,0.16805164935760844,0.34913621571792897
2828,4.768427673447814,0.10173387460554442,0.10156201001317951,0.05080358412936239,0.04238924588561118,0.16802179706027562,0.34913410393489963
2829,4.768427673447814,0.10173387219828421,0.10156200704555048,0.05080353774908196,0.04238752028973437,0.16799179215172144,0.34913199328187433
2830,4.768427673447814,0.10173386979231167,0.10156200407950886,0.05080349139361057,0.04238579691244796,0.16796170126212528,0.3491298837578474
2831,4.768427673447815,0.10173386738762563,0.1015620011150532,0.050803445062926146,0.042384075751548574,0.1679316264625784,0.3491277753618146
2832,4.768427673447815,0.10173386498422497,0.10156199815218214,0.05080339875700664,0.04238235680483569,0.1679015969941219,0.34912566809277285
2833,4.768427673447815,0.10173386258210852,0.10156199519089423,0.05080335247583004,0.04238064007011164,0.16787155432653275,0.3491235619497202
2834,4.768427673447816,0.10173386018127516,0.10156199223118809,0.05080330621937436,0.04237892554518164,0.167841527706125,0.34912145693165625
2835,4.768427673447816,0.10173385778172372,0.1015619892730623,0.050803259987617644,0.042377213227853726,0.16781151711864395,0.34911935303758157
2836,4.768427673447816,0.1017338553834531,0.10156198631651546,0.05080321378053796,0.042375503115938774,0.1677815700585702,0.3491172502664981
2837,4.768427673447817,0.10173385298646215,0.10156198336154618,0.05080316759811341,0.04237379520725053,0.16775159148576047,0.34911514861740905
2838,4.768427673447816,0.10173385059074973,0.10156198040815305,0.0508031214403221,0.04237208949960553,0.16772175314227444,0.3491130480893187
2839,4.768427673447817,0.1017338481963147,0.10156197745633468,0.05080307530714218,0.042370385990823184,0.16769182319089068,0.34911094868123277
2840,4.768427673447817,0.10173384580315593,0.10156197450608967,0.05080302919855184,0.042368684678725704,0.16766194340017207,0.3491088503921581
2841,4.768427673447817,0.10173384341127231,0.10156197155741661,0.05080298311452928,0.04236698556113812,0.16763202866920848,0.3491067532211028
2842,4.768427673447817,0.10173384102066269,0.10156196861031412,0.05080293705505272,0.04236528796590936,0.16760212987190537,0.3491046571670761
2843,4.768427673447817,0.10173383863132593,0.10156196566478082,0.05080289102010042,0.04236356874588247,0.16757224699414877,0.34910256222908864
2844,4.768427673447816,0.10173383624326092,0.10156196272081529,0.05080284500965066,0.042361850440927024,0.16754238002184224,0.34910046840615205
2845,4.768427673447816,0.10173383385646653,0.10156195977841616,0.05080279902368177,0.042360134335514776,0.16751255228360074,0.3490983756972794
2846,4.768427673447816,0.10173383147094163,0.10156195683758205,0.050802753062172065,0.042358420427472655,0.16748271707581736,0.349096284101485
2847,4.768427673447816,0.10173382908668513,0.10156195389831157,0.05080270712509993,0.04235670871463043,0.16745289773130156,0.3490941936177842
2848,4.768427673447816,0.10173382670369585,0.10156195096060333,0.050802661212443756,0.04235499406049933,0.16742324801087913,0.34909210424519366
2849,4.768427673447815,0.10173382432197273,0.10156194802445598,0.05080261532418194,0.04235328159996399,0.16739346032347605,0.34909001598273115
2850,4.768427673447815,0.1017338219415146,0.1015619450898681,0.05080256946029294,0.04235157133086016,0.16736373189178647,0.3490879288294159
2851,4.768427673447815,0.10173381956232039,0.10156194215683834,0.050802523620755234,0.04234986325102637,0.1673339758251936,0.3490858427842682
2852,4.768427673447815,0.10173381718438895,0.10156193922536531,0.05080250894312927,0.04234815735830393,0.16730423555192606,0.34908375784630946
2853,4.768427673447815,0.10173381480771919,0.10156193629544764,0.050802463146697535,0.04234645365053696,0.16727451105804342,0.34908167401456247
2854,4.768427673447814,0.10173381243230996,0.10156193336708397,0.05080241737455559,0.042344752125572316,0.16724480232962252,0.34907959128805105
2855,4.768427673447815,0.10173381005816019,0.1015619304402729,0.050802371626682025,0.042343052781259674,0.16721510935275732,0.3490775096658004
2856,4.768427673447815,0.10173380768526874,0.1015619275150131,0.05080233452266074,0.04234135561545146,0.167185432113559,0.34907542914683687
2857,4.768427673447815,0.10173380531363453,0.10156192459130316,0.050802288821730476,0.042339660626002855,0.16715577059815576,0.3490733497301879
2858,4.768427673447816,0.10173380294325643,0.10156192166914173,0.05080224314500528,0.04233795503588104,0.16712612479269298,0.34907127141488226
2859,4.768427673447815,0.10173380057413332,0.10156191874852746,0.05080219749246382,0.042336251624601216,0.16709659397396417,0.3490691941999498
2860,4.768427673447816,0.10173379820626412,0.10156191582945898,0.05080215186408482,0.04233455039002092,0.1670671059157419,0.3490671180844217
2861,4.768427673447816,0.10173379583964773,0.10156191291193493,0.0508021146732599,0.042332851330000386,0.16703758387905882,0.34906504306733027
2862,4.768427673447816,0.10173379347428303,0.10156190999595395,0.050802069091651976,0.042331154442402645,0.16700800072159905,0.349062969147709
2863,4.768427673447816,0.10173379111016892,0.10156190708151469,0.05080202353414355,0.04232945839078978,0.16697843320509026,0.3490608963245926
2864,4.768427673447816,0.1017337887473043,0.10156190416861577,0.05080197800071344,0.042327764508039184,0.16694888131577976,0.34905882459701676
2865,4.768427673447816,0.10173378638568809,0.10156190125725587,0.05080193249134051,0.04232607279202147,0.1669193450399318,0.3490567539640188
2866,4.768427673447816,0.10173378402531916,0.10156189834743362,0.050801887006003583,0.042324383240609983,0.16688982436382746,0.34905468442463683
2867,4.768427673447816,0.10173378166619645,0.10156189543914766,0.05080184154468158,0.042322695851680824,0.16686047192302672,0.34905261597791026
2868,4.768427673447816,0.10173377930831885,0.10156189253239666,0.05080179610735339,0.04232101062311279,0.16683116247354307,0.3490505486228797
2869,4.768427673447815,0.10173377695168527,0.10156188962717924,0.05080175069399797,0.0423193275527874,0.16680177407639132,0.349048482358587
2870,4.768427673447814,0.10173377459629461,0.10156188672349409,0.05080170530459427,0.04231764663858891,0.1667723721862506,0.34904641718407503
2871,4.768427673447815,0.10173377224214579,0.10156188382133985,0.050801659939121294,0.04231596787840428,0.1667429878472695,0.349044353098388
2872,4.768427673447815,0.1017337698892377,0.10156188092071519,0.05080164372533724,0.04231429127012317,0.16671358866883296,0.3490422901005711
2873,4.768427673447815,0.10173377195608554,0.10156187802161876,0.050801598402524,0.04231261681163794,0.16668417670915045,0.34904022818967084
2874,4.768427673447815,0.10173377532257959,0.10156187512404921,0.05080155310358131,0.04231094450084366,0.1666548038140818,0.34903816736473486
2875,4.768427673447815,0.10173377297160037,0.10156187222800522,0.05080150782848827,0.04230925412718035,0.16662542281797327,0.3490361076248121
2876,4.768427673447815,0.1017337706218585,0.10156186933348546,0.050801462577223996,0.04230756590764212,0.16659605728539623,0.3490340489689524
2877,4.768427673447815,0.1017337682733529,0.10156186644048858,0.050801417349767626,0.0423058798401228,0.16656674086277248,0.3490319913962069
2878,4.768427673447815,0.10173376592608246,0.10156186354901325,0.05080138467663725,0.04230419592251892,0.16653740621074198,0.34902993490562784
2879,4.768427673447815,0.10173376358004613,0.10156186065905815,0.050801339494528204,0.04230251415272967,0.16650808698169067,0.3490278794962688
2880,4.768427673447815,0.10173376123524283,0.10156185777062193,0.05080129433616581,0.04230083452865696,0.1664787831621332,0.3490258251671844
2881,4.768427673447816,0.10173375889167148,0.1015618548837033,0.0508012492015293,0.04229915704820534,0.16644965466816816,0.3490237719174302
2882,4.768427673447816,0.10173375654933099,0.1015618519983009,0.050801204090597955,0.04229748170928206,0.1664203815990816,0.3490217197460634
2883,4.768427673447816,0.1017337542082203,0.1015618491144134,0.05080115900335107,0.04229580850979705,0.16639112389914615,0.3490196686521419
2884,4.768427673447816,0.1017337518683383,0.1015618462320395,0.05080111393976795,0.04229413744766289,0.16636188155494225,0.34901761863472497
2885,4.768427673447816,0.10173374952968396,0.10156184335117786,0.05080106889982796,0.04229246852079482,0.16633265455306656,0.34901556969287295
2886,4.768427673447815,0.1017337471922562,0.10156184047182718,0.05080102388351045,0.04229078787856239,0.16630344288013227,0.3490135218256474
2887,4.768427673447815,0.10173374485605394,0.10156183759398611,0.050800978890794844,0.04228910937469527,0.16627424652276876,0.349011475032111
2888,4.768427673447815,0.10173374252107611,0.10156183471765337,0.05080093392166053,0.042287433007110325,0.16624529795610907,0.34900942931132745
2889,4.768427673447815,0.10173374018732165,0.10156183184282766,0.05080088897608698,0.04228575500537574,0.16621624426360454,0.34900738466236186
2890,4.768427673447815,0.10173373785478951,0.10156182896950762,0.050800844054053655,0.04228407913773872,0.16618718734975627,0.3490053410842802
2891,4.768427673447815,0.1017337355234786,0.10156182609769195,0.05080079915554004,0.04228240540212237,0.16615805204448303,0.34900329857614976
2892,4.768427673447814,0.10173373319338785,0.10156182322737935,0.05080076893940839,0.04228073379645243,0.166128931988212,0.34900125713703883
2893,4.768427673447814,0.10173373086451623,0.1015618203585685,0.05080073450380668,0.04227906431865731,0.16609984857234478,0.348999216766017
2894,4.768427673447813,0.10173372853686265,0.1015618174912581,0.05080069304107592,0.04227739696666801,0.16607078044295967,0.34899717746215475
2895,4.768427673447813,0.10173372621042606,0.10156181462544686,0.05080064823145756,0.04227573089813475,0.16604170604661492,0.34899513922452396
2896,4.768427673447813,0.10173372388520541,0.10156181176113346,0.05080060344525937,0.04227406695171643,0.16601264684628048,0.3489931020521975
2897,4.768427673447813,0.10173372156119964,0.10156180889831662,0.05080055868246099,0.04227240512535157,0.16598360282874766,0.34899106594424945
2898,4.768427673447813,0.10173371923840768,0.101561806036995,0.0508005139430421,0.04227073499836737,0.16595457398082375,0.3489890308997548
2899,4.768427673447813,0.1017337169168285,0.10156180317716731,0.050800477237553966,0.04226906699276125,0.1659255602893322,0.3489869969177899
2900,4.768427673447812,0.10173371459646104,0.10156180031883229,0.05080045370611251,0.04226740110647482,0.16589668890134524,0.3489849639974321
2901,4.768427673447812,0.10173371227730424,0.1015617974619886,0.05080040903161377,0.04226573733745234,0.16586801883126018,0.34898293213775994
2902,4.768427673447812,0.10173370995935704,0.10156179460663498,0.050800364380416095,0.04226407568364066,0.1658393259874362,0.34898090133785303
2903,4.768427673447812,0.1017337076426184,0.10156179175277011,0.05080031975249926,0.04226241614298923,0.16581047805639929,0.34897887159679214
2904,4.768427673447812,0.10173370532708728,0.10156178890039273,0.05080027514784309,0.04226075701301451,0.1657815398066528,0.3489768429136591
2905,4.768427673447812,0.10173370301276263,0.10156178604950153,0.05080023056642743,0.04225909999299273,0.16575261663468874,0.3489748152875369
2906,4.768427673447812,0.10173370069964341,0.10156178320009522,0.05080020737502477,0.04225744508088036,0.16572370852744187,0.34897278871750953
2907,4.768427673447812,0.10173369838772856,0.10156178035217252,0.05080016283630451,0.042255782767784716,0.16569481547186282,0.3489707632026623
2908,4.768427673447813,0.10173369607701706,0.10156177750573214,0.05080014600490576,0.04225412131991147,0.16566593745491806,0.3489687387420814
2909,4.768427673447813,0.10173369376750784,0.10156177466077279,0.05080014834966374,0.04225246197942355,0.1656371471159532,0.34896671533485424
2910,4.768427673447813,0.10173369145919987,0.10156177181729323,0.05080010386745069,0.04225080474428292,0.16560866927953233,0.34896469298006944
2911,4.768427673447814,0.10173368915209212,0.10156176897529214,0.05080005940836634,0.04224914961245412,0.16558005540642654,0.3489626716768165
2912,4.768427673447815,0.10173368684618356,0.10156176613476825,0.050800030428293,0.04224749658190424,0.16555144901335092,0.34896065142418614
2913,4.768427673447815,0.10173368837785121,0.10156176329572028,0.050799986012717034,0.04224584565060295,0.16552293917824668,0.3489586322212702
2914,4.768427673447815,0.10173368607367066,0.10156176045814695,0.05079994162021126,0.0422441968165225,0.1654944114112082,0.3489566140671616
2915,4.768427673447816,0.1017336837706865,0.101561757622047,0.05079989725075573,0.04224255007763768,0.16546568999145933,0.3489545969609544
2916,4.768427673447816,0.10173368146889775,0.10156175478741915,0.05079985290433056,0.04224089551862102,0.16543693155927205,0.3489525809017435
2917,4.768427673447816,0.10173367916830334,0.10156175195426213,0.05079980858091586,0.042239243055901064,0.16540818804925736,0.34895056588862533
2918,4.768427673447816,0.10173367686890225,0.10156174912257468,0.050799764280491766,0.042237592687455826,0.16537945944853824,0.34894855192069696
2919,4.768427673447815,0.10173367457069345,0.10156174629235552,0.05079972000303845,0.04223594441126588,0.16535074574425326,0.34894653899705685
2920,4.768427673447815,0.10173367227367591,0.10156174346360339,0.05079967574853612,0.042234298225314326,0.16532204692355645,0.3489445271168045
2921,4.768427673447815,0.1017336699778486,0.10156174063631701,0.050799631516964955,0.04223265412758682,0.16529336297361735,0.3489425162790404
2922,4.768427673447815,0.10173366768321053,0.10156173781049514,0.05079958730830522,0.042231012116071553,0.165264693881621,0.34894050648286623
2923,4.768427673447815,0.10173366538976063,0.10156173498613649,0.05079954312253718,0.04222937218875923,0.16523603963476777,0.3489384977273846
2924,4.768427673447815,0.10173366309749789,0.10156173216323985,0.0507994989596411,0.04222773434364312,0.16520740022027355,0.3489364900116994
2925,4.768427673447815,0.1017336608064213,0.10156172934180391,0.050799454819597314,0.042226098578718986,0.16517877562536962,0.34893448333491545
2926,4.768427673447814,0.10173365851652982,0.10156172821697917,0.05079945142545411,0.04222446489198513,0.16515016583730258,0.34893247769613867
2927,4.768427673447814,0.10173365622782245,0.10156172539816741,0.050799407324004904,0.04222281972430944,0.16512157084333437,0.3489304730944762
2928,4.768427673447814,0.10173365394029815,0.10156172258081275,0.050799363245352704,0.04222117663783615,0.16509302029035897,0.34892846952903606
2929,4.768427673447814,0.10173365165395593,0.10156171976491395,0.0507993191894779,0.04221953563056506,0.1650644548413037,0.3489264669989274
2930,4.768427673447814,0.10173364936879475,0.1015617203008253,0.05079927515636093,0.0422178967004985,0.16503598738170114,0.34892446550326045
2931,4.768427673447813,0.10173364708481361,0.10156171748725515,0.050799231145982233,0.0422162598456413,0.16500763508311714,0.3489224650411466
2932,4.768427673447813,0.1017336448020115,0.10156171467513739,0.050799187158322275,0.04221462506400079,0.1649791138178535,0.3489204656116981
2933,4.768427673447813,0.1017336425203874,0.1015617118644708,0.050799143193361575,0.042212992353586824,0.1649506072706078,0.34891846721402847
2934,4.768427673447812,0.1017336402399403,0.1015617090552541,0.05079909925108063,0.04221136171241171,0.16492211542874877,0.34891646984725216
2935,4.768427673447812,0.10173363796066917,0.10156170624748607,0.050799055331459994,0.042209733138490295,0.16489363827966022,0.3489144735104848
2936,4.768427673447812,0.10173363568257303,0.10156170344116547,0.05079901143448022,0.042208106629839884,0.16486517581074112,0.34891247820284305
2937,4.768427673447812,0.10173363340565085,0.1015617030277424,0.050798967560121915,0.04220648540841166,0.16483682084013832,0.3489104839234445
2938,4.768427673447812,0.10173363112990166,0.10156170022390042,0.050798939958692314,0.0422048662466357,0.1648084376709535,0.34890849067140794
2939,4.768427673447812,0.10173362885532443,0.10156169742150235,0.05079891597200334,0.04220324914253818,0.16478001914246274,0.3489064984458532
2940,4.768427673447812,0.10173362658191815,0.10156169462054698,0.050798872159171705,0.04220163409414776,0.16475165063947614,0.34890450724590116
2941,4.768427673447812,0.10173362430968183,0.10156169182103304,0.05079882836888731,0.042200021099495555,0.16472326135221826,0.34890251707067366
2942,4.768427673447812,0.10173362203861445,0.10156168902295931,0.05079878460113087,0.04219838858686224,0.16469488666985602,0.34890052791929366
2943,4.768427673447812,0.10173361976871503,0.10156168622632457,0.05079874085588311,0.04219675813512956,0.16466652657989359,0.3488985397908852
2944,4.768427673447812,0.10173361749998257,0.10156168343112756,0.05079869713312478,0.04219512974232653,0.16463818106985018,0.34889655268457337
2945,4.768427673447812,0.10173361523241606,0.10156168063736709,0.050798685866763754,0.04219350340648461,0.16460985012725987,0.34889456659948415
2946,4.768427673447813,0.10173361296601453,0.10156167784504191,0.05079869182319145,0.04219187912563776,0.16458153373967171,0.34889258153474484
2947,4.768427673447813,0.10173361070077695,0.1015616750541508,0.05079871503231338,0.04219025689782234,0.1645532318946496,0.34889059748948353
2948,4.768427673447813,0.10173360843670234,0.10156167226469252,0.050798671373718615,0.0421886367210772,0.16452508533938376,0.3488886144628295
2949,4.768427673447813,0.10173360617378972,0.10156166947666588,0.050798627737530494,0.04218701859344364,0.16449715960098557,0.348886632453913
2950,4.768427673447813,0.10173360391203808,0.10156166669006962,0.05079860032745714,0.04218540251296538,0.1644692753343763,0.34888465146186537
2951,4.768427673447813,0.10173360165144643,0.10156166569894455,0.05079855673324234,0.042183788477688604,0.16444149882812908,0.34888267148581886
2952,4.768427673447814,0.10173359939201379,0.10156166291489743,0.05079851316137832,0.042182176485661915,0.16441369837202574,0.348880692524907
2953,4.768427673447814,0.10173359713373918,0.10156166013227723,0.05079846961184601,0.042180566534936355,0.1643858972380907,0.3488787145782641
2954,4.768427673447815,0.10173359487662159,0.1015616573510827,0.05079842608462638,0.042178958623565396,0.16435800351563978,0.34887673764502564
2955,4.768427673447815,0.10173359262066006,0.10156165457131264,0.05079838257970042,0.04217735274960493,0.16433007808897945,0.34887476172432813
2956,4.768427673447815,0.10173359036585357,0.10156165179296582,0.05079833909704914,0.04217573190681668,0.16430190631672323,0.34887278681530903
2957,4.768427673447814,0.10173358811220115,0.10156164901604105,0.05079829563665356,0.04217411310626128,0.16427385256844862,0.3488708129171068
2958,4.768427673447814,0.10173358585970184,0.10156164624053711,0.05079825219849476,0.04217249857905801,0.16424602555744197,0.34886884002886115
2959,4.768427673447815,0.10173358360835465,0.10156164346645279,0.05079820878255378,0.04217088608905932,0.16421804043912164,0.34886686814971263
2960,4.768427673447814,0.10173358135815859,0.10156164334978886,0.05079816538881175,0.04216927563432674,0.16418993054464953,0.3488648972788027
2961,4.768427673447814,0.10173357910911268,0.1015616405780856,0.0507981220172498,0.04216766721292424,0.16416183043242574,0.3488629274152742
2962,4.768427673447814,0.10173357686121595,0.10156164110362591,0.05079807866784905,0.04216606082291816,0.16413374467828534,0.3488609585582706
2963,4.768427673447814,0.10173357461446741,0.10156163833419024,0.05079805541272191,0.04216445075696683,0.16410569860000196,0.3488589907069367
2964,4.768427673447814,0.10173357236886611,0.10156163556616868,0.05079801210415538,0.04216287344274052,0.16407771762918397,0.3488570238604181
2965,4.768427673447814,0.10173357012441105,0.10156163279956004,0.050797968817695396,0.04216129814135347,0.16404975482973305,0.3488550580178616
2966,4.768427673447815,0.10173356788110126,0.10156163003436311,0.05079792555332316,0.04215972485089247,0.16402172635506662,0.3488530931784147
2967,4.768427673447815,0.10173356563893578,0.10156162727057672,0.050797882311019955,0.04215815356944668,0.16399371217763725,0.3488511293412263
2968,4.768427673447815,0.10173356339791363,0.10156162450819964,0.050797839090767044,0.04215658429510764,0.16396571228531578,0.3488491665054461
2969,4.768427673447815,0.10173356115803385,0.10156162174723067,0.050797808981819,0.04215501702596924,0.16393772666598752,0.3488472046702248
2970,4.768427673447814,0.10173355891929546,0.10156161898766863,0.05079778032938813,0.04215345176012775,0.16390975530755203,0.3488452438347141
2971,4.768427673447814,0.1017335566816975,0.10156161622951235,0.050797737170464215,0.042151887895881,0.16388179819792334,0.34884328399806686
2972,4.768427673447814,0.10173355444523903,0.10156161347276062,0.050797694033518324,0.0421503260314362,0.1638538553250297,0.3488413251594368
2973,4.768427673447814,0.10173355220991903,0.10156161071741224,0.05079765091853185,0.042148766164896434,0.16382592667681367,0.34883936731797854
2974,4.768427673447814,0.10173354997573657,0.10156160796346604,0.050797607825486195,0.042147208294367106,0.16379807340669064,0.348837410472848
2975,4.768427673447813,0.10173354774269067,0.10156160521092082,0.05079756475436279,0.042145652417956,0.16377017316129622,0.34883545462320187
2976,4.768427673447813,0.10173354551078038,0.10156160245977541,0.0507975217051431,0.04214409853377322,0.1637422871044981,0.348833499768198
2977,4.768427673447813,0.10173354328000474,0.10156159971002861,0.05079747867780859,0.0421425466399312,0.16371441522429572,0.34883154590699494
2978,4.768427673447813,0.10173354105036281,0.10156159696167924,0.050797435672340754,0.04214099673454474,0.16368655750870295,0.34882959303875266
2979,4.768427673447814,0.10173353882185361,0.10156159421472612,0.05079739268872111,0.04213944881573094,0.16365871394574769,0.3488276411626318
2980,4.768427673447813,0.10173353659447619,0.10156159146916807,0.05079735431139208,0.04213790288160924,0.1636309303738393,0.3488256902777941
2981,4.768427673447813,0.10173353436822957,0.10156158872500393,0.05079731137063416,0.04213635893030141,0.16360311507250525,0.3488237403834022
2982,4.768427673447813,0.10173353214311281,0.10156158598223249,0.05079726845166952,0.04213481695993153,0.16357531388798122,0.3488217914786199
2983,4.768427673447812,0.10173352991912496,0.10156158324085258,0.050797225554479755,0.04213327696862599,0.1635475268083515,0.34881984356261186
2984,4.768427673447812,0.10173352769626508,0.10156158050086304,0.0507971826790465,0.042131738954513505,0.16351975382171458,0.34881789663454377
2985,4.768427673447813,0.1017335254745322,0.10156157776226271,0.0507971398253514,0.042130202915725105,0.1634919949161829,0.34881595069358234
2986,4.768427673447812,0.10173352325392537,0.10156157502505041,0.05079709699337613,0.0421286688503941,0.16346428002402166,0.34881400573889515
2987,4.768427673447812,0.10173352103444365,0.10156157228922495,0.050797054183102375,0.04212713675665614,0.163436829297389,0.34881206176965085
2988,4.768427673447812,0.1017335188160861,0.10156156955478518,0.05079704638581746,0.042125606632649144,0.1634092359822117,0.3488101187850191
2989,4.768427673447812,0.10173351659885176,0.10156156682172991,0.050797043654600464,0.04212407847651332,0.16338166371775847,0.3488081767841704
2990,4.768427673447812,0.10173351438273967,0.101561564090058,0.050797000896606576,0.04212255228639119,0.1633543263756158,0.34880623576627645
2991,4.768427673447812,0.10173352126264201,0.10156156135976828,0.05079696061092535,0.04212107591290841,0.16332699010435017,0.34880430109106564
2992,4.768427673447813,0.10173351904723132,0.10156155863085958,0.05079691789576807,0.04211960147752668,0.1632997440063109,0.34880236203569176
2993,4.768427673447812,0.10173351683294085,0.10156155590333076,0.050796875202209546,0.0421181289784157,0.163272418928935,0.34880042396079347
2994,4.768427673447813,0.10173351461976966,0.10156155317718063,0.0507968325302316,0.042116658413747475,0.1632449572577009,0.34879848686554643
2995,4.768427673447813,0.10173351240771679,0.10156155045240804,0.050796789879816104,0.042115189781696226,0.163217531906658,0.34879655074912685
2996,4.768427673447813,0.10173351019678131,0.10156154772901184,0.05079674725094493,0.04211372308043842,0.16319005364457556,0.34879461561071223
2997,4.768427673447813,0.10173350798696228,0.10156154500699087,0.05079670464359997,0.04211224704470403,0.16316258075906234,0.34879268144948095
2998,4.768427673447814,0.10173350577825876,0.10156154228634397,0.05079666205776316,0.04211077294180855,0.16313500339325931,0.3487907482646123
2999,4.768427673447814,0.10173350357066985,0.10156153956706998,0.05079661949341644,0.04210930076993039,0.16310751597708303,0.34878881605528655
3000,4.768427673447813,0.10173350136419455,0.10156153684916777,0.05079657695054177,0.04210783052725022,0.1630799664194859,0.34878688482068504
3001,4.768427673447813,0.10173349915883195,0.10156153413263617,0.05079653442912113,0.042106362211950916,0.16305243075491366,0.34878495455998987
3002,4.768427673447812,0.10173349695458114,0.10156153141747404,0.050796506915703046,0.04210489582221762,0.16302491658759705,0.3487830252723843
3003,4.768427673447813,0.10173349475144118,0.10156152870368024,0.05079646443460778,0.04210343135623766,0.1629974184381228,0.3487810969570524
3004,4.768427673447813,0.10173349254941114,0.10156152599125359,0.05079642197491391,0.04210196881220064,0.16296992437983462,0.34877916961317934
3005,4.768427673447813,0.10173349034849007,0.10156152328019298,0.050796379536603486,0.04210050818829832,0.16294244416804568,0.348777243239951
3006,4.768427673447812,0.10173348814867704,0.10156152057049725,0.05079633711965862,0.04209904948272475,0.1629149777911582,0.3487753178365545
3007,4.768427673447813,0.10173351974800623,0.10156153772486798,0.050796294724061414,0.04209768411526687,0.16288752523758812,0.3487733934021779
3008,4.768427673447812,0.10173351754471317,0.10156153935846957,0.050796252349794,0.04209632061653695,0.1628600864957648,0.3487714699360098
3009,4.768427673447813,0.10173351534252827,0.1015615366487859,0.05079620999683854,0.04209495898477415,0.1628326615541312,0.34876954743724037
3010,4.768427673447813,0.10173351314145057,0.1015615339404646,0.05079616766517719,0.042093599218219736,0.16280525040114385,0.3487676259050602
3011,4.768427673447814,0.10173351094147916,0.10156153123350455,0.050796125354792145,0.04209224131511716,0.1627778842822525,0.3487657053386611
3012,4.768427673447813,0.1017335087426131,0.10156152852790457,0.05079608306566563,0.04209088527371201,0.16275054612018588,0.34876378573723565
3013,4.768427673447813,0.10173350654485148,0.10156152582366355,0.05079604079777988,0.04208953109225205,0.16272317625111138,0.3487618670999776
3014,4.768427673447813,0.10173350434819337,0.10156152312078036,0.05079599855111714,0.04208817876898717,0.16269582012465025,0.3487599494260815
3015,4.768427673447813,0.10173350215263785,0.10156152041925384,0.0507959563256597,0.042086828302169386,0.16266847772932633,0.34875803271474287
3016,4.768427673447813,0.10173349995818401,0.10156151771908288,0.05079594449075572,0.042085479690052885,0.16264114905367677,0.3487561169651581
3017,4.768427673447812,0.1017334977648309,0.10156151502026634,0.05079590230255536,0.04208413293089396,0.1626139719782867,0.3487542021765247
3018,4.768427673447812,0.10173349557257765,0.10156151232280311,0.05079586013550981,0.04208278802295107,0.1625866706845001,0.34875228834804084
3019,4.768427673447812,0.1017334933814233,0.10156150995549675,0.05079582992780448,0.04208144496448476,0.1625593897186638,0.34875037547890586
3020,4.768427673447811,0.10173349119136695,0.10156150726068153,0.05079578780101266,0.04208010375375773,0.1625321157831086,0.34874846356831996
3021,4.768427673447811,0.10173348900240768,0.10156150456721624,0.05079574569532379,0.04207876438903481,0.16250485551012606,0.34874655261548426
3022,4.768427673447812,0.10173348681454458,0.10156150187509978,0.05079570361072028,0.04207719965646533,0.1624776088883333,0.34874464261960086
3023,4.768427673447812,0.10173348462777673,0.101561499184331,0.050795661547184574,0.04207563688017968,0.16245044417119317,0.3487427335798727
3024,4.768427673447812,0.10173348244210324,0.10156149649490878,0.05079561950469912,0.042074076058354296,0.1624233093408831,0.34874082549550367
3025,4.768427673447812,0.10173348025752318,0.10156149380683203,0.05079557748324642,0.042072517189167886,0.1623963781824452,0.34873891836569865
3026,4.768427673447812,0.10173347807403564,0.1015614911200996,0.050795546656680256,0.04207096027080134,0.16236954887270408,0.34873701218966335
3027,4.768427673447811,0.10173347589163974,0.10156148843471038,0.050795542059075396,0.04206939550554419,0.16234285684159638,0.3487351069666046
3028,4.768427673447812,0.10173347371033453,0.10156148575066325,0.05079550009249107,0.04206783269237109,0.16231636081122536,0.3487332026957299
3029,4.768427673447812,0.10173347360553475,0.10156148306795709,0.05079547532955324,0.04206627182946548,0.1622898898836764,0.3487312993762478
3030,4.768427673447812,0.10173347142606119,0.1015614803865908,0.05079547565201118,0.04206471291501303,0.16226343045180816,0.34872939700736777
3031,4.768427673447812,0.10173346924767579,0.10156147770656325,0.050795433738340764,0.04206315594720161,0.16223668810125108,0.3487274955883002
3032,4.768427673447811,0.10173346707037766,0.10156147502787335,0.05079539184559003,0.04206160092422129,0.16221001816176808,0.3487255951182563
3033,4.768427673447812,0.10173346489416588,0.10156147235051997,0.0507953499737416,0.04206004784426433,0.16218321780501943,0.3487236955964484
3034,4.768427673447812,0.10173346271903956,0.10156146967450201,0.05079530812277813,0.042058496705525195,0.16215648772599442,0.34872179702208955
3035,4.768427673447812,0.1017334605449978,0.10156146699981836,0.0507952662926823,0.04205694750620054,0.16212968290384758,0.34871989939439374
3036,4.768427673447811,0.10173345837203968,0.10156146432646791,0.050795224483436804,0.042055389748876244,0.16210267266690176,0.34871800271257597
3037,4.768427673447812,0.10173345620016433,0.10156146165444956,0.05079518269502436,0.04205383393259613,0.16207564637505215,0.34871610697585215
3038,4.768427673447811,0.10173345402937084,0.10156145898376219,0.050795140927427686,0.04205227772685802,0.1620486157833566,0.3487142121834389
3039,4.768427673447812,0.10173345185965833,0.10156145631440475,0.050795099180629556,0.042050723459723605,0.16202180997987578,0.34871231833455407
3040,4.768427673447812,0.10173344969102588,0.10156145364637606,0.050795072109958525,0.04204917112939514,0.16199516017238352,0.34871042542841607
3041,4.768427673447812,0.1017334475234726,0.10156145097967509,0.05079503040226405,0.04204762073407708,0.16196839959719275,0.34870853346424446
3042,4.768427673447812,0.1017334453569976,0.1015614483143007,0.050795013512647876,0.04204607227197604,0.1619417837669412,0.34870664244125965
3043,4.768427673447812,0.1017334431916,0.1015614456502518,0.05079501803953462,0.042044525741300826,0.16191518288993317,0.34870475235868287
3044,4.768427673447812,0.1017334410272789,0.1015614429875273,0.05079497638221696,0.04204298114026237,0.16188863545905743,0.34870286321573635
3045,4.768427673447812,0.10173343886403341,0.10156144032612612,0.05079493474560187,0.042041438467073804,0.16186214462270562,0.34870097501164316
3046,4.768427673447812,0.10173343670186262,0.10156143766604712,0.05079489312967223,0.042039897719950405,0.16183568569515192,0.3486990877456273
3047,4.768427673447812,0.10173343454076568,0.10156143500728926,0.05079485153441096,0.04203835889710961,0.16180911367455966,0.3486972014169137
3048,4.768427673447812,0.10173343238074169,0.1015614323498514,0.05079480995980098,0.04203682199677101,0.16178254971928777,0.34869531602472803
3049,4.768427673447812,0.10173343022178974,0.1015614296937325,0.05079476840582523,0.042035287017156336,0.16175588090259133,0.348693431568297
3050,4.768427673447811,0.10173342806390898,0.10156142703893142,0.050794726872466694,0.042033753956489485,0.1617290336897222,0.34869154804684815
3051,4.768427673447811,0.1017334259070985,0.10156142438544712,0.05079468535970836,0.04203222281299649,0.16170225702290494,0.34868966545961005
3052,4.76842767344781,0.10173342375135742,0.10156142173327846,0.05079464386753322,0.04203069358490552,0.16167560667472755,0.34868778380581195
3053,4.768427673447811,0.10173342562861042,0.10156141908242443,0.05079460239592431,0.042029166270446894,0.1616488720755408,0.34868590308468417
3054,4.768427673447811,0.10173342347433664,0.10156141643288388,0.05079457258468956,0.042027640867853044,0.16162212973961573,0.3486840232954577
3055,4.768427673447811,0.10173342132112996,0.10156141378465577,0.05079453115223186,0.042026117375358545,0.16159532576929364,0.34868214443736467
3056,4.768427673447811,0.10173341916898948,0.10156141113773898,0.05079448974029054,0.042024574991338895,0.1615685350716666,0.34868026701292004
3057,4.768427673447811,0.10173341701791436,0.10156140849213247,0.05079444834884871,0.04202303452419036,0.16154175763580358,0.34867839001470996
3058,4.768427673447811,0.10173341486790367,0.10156140584783513,0.050794406977889485,0.042021495972145384,0.16151499345078618,0.34867651394533467
3059,4.768427673447811,0.1017334127189566,0.10156140320484588,0.050794365627396,0.042019959333438585,0.16148824250570853,0.3486746388040296
3060,4.768427673447812,0.10173341057107223,0.10156140056316368,0.050794346199087716,0.04201842460630668,0.1614615047896774,0.3486727645900313
3061,4.768427673447811,0.10173340842424969,0.10156139792278741,0.05079434354048147,0.042016893946385574,0.16143479597327218,0.34867089130257706
3062,4.768427673447812,0.10173340627848813,0.10156139528371605,0.05079436785815612,0.04201536519345298,0.1614080846801096,0.3486690189409051
3063,4.768427673447812,0.10173340413378666,0.10156139264594848,0.050794326568489694,0.04201383834575286,0.16138145383180355,0.3486671475042543
3064,4.768427673447811,0.1017334019901444,0.10156139000948362,0.050794285299215314,0.042012302045784544,0.16135476890956393,0.3486652769918647
3065,4.768427673447811,0.10173339984756047,0.10156138737432045,0.050794278669457675,0.04201076765314945,0.16132809716209875,0.34866340740297713
3066,4.768427673447811,0.10173339770603405,0.1015613847404579,0.05079423743519655,0.04200923516609324,0.1613014385785896,0.3486615387368332
3067,4.768427673447811,0.10173339556556425,0.10156138210789485,0.05079419622128011,0.04200770458286371,0.1612747931482305,0.34865967099267553
3068,4.768427673447811,0.10173339342615018,0.10156137947663027,0.050794155027691655,0.04200617590171072,0.1612481608602279,0.3486578041697474
3069,4.768427673447811,0.101733391287791,0.10156137684666308,0.05079411385441451,0.04200464912088626,0.16122154170380057,0.3486559382672932
3070,4.768427673447811,0.10173338915048583,0.10156137421799223,0.05079407270143203,0.04200312423864441,0.1611950028431477,0.34865407328455805
3071,4.768427673447811,0.10173338701423382,0.10156137159061666,0.05079404900224223,0.04200160125324135,0.16116852846323246,0.3486522092207879
3072,4.768427673447811,0.10173338487903409,0.1015613689645353,0.05079400788692403,0.04200008016293535,0.16114200336638798,0.34865034607522977
3073,4.768427673447811,0.10173338274488579,0.10156136633974709,0.050793966791852045,0.04199855908553315,0.16111543658905517,0.34864848384713126
3074,4.768427673447811,0.10173338061178805,0.10156136371625096,0.0507939257170097,0.041997039900676464,0.16108888288959639,0.348646622535741
3075,4.768427673447812,0.10173337847974001,0.10156136109404586,0.05079388466238042,0.04199552260662905,0.16106239607101855,0.3486447621403085
3076,4.768427673447811,0.10173337634874083,0.10156135847313072,0.050793843627947664,0.04199400720165674,0.16103586848633494,0.34864290266008396
3077,4.76842767344781,0.10173337421878961,0.10156135585350451,0.05079380261369491,0.04199249368402746,0.16100936183664766,0.34864104409431873
3078,4.768427673447811,0.10173337208988553,0.10156135323516617,0.050793761619605665,0.04199098205201119,0.1609828603315816,0.34863918644226477
3079,4.768427673447811,0.10173336996202774,0.10156135061811464,0.05079372064566342,0.04198961274234806,0.16095637185098055,0.348637329703175
3080,4.768427673447811,0.10173336783521535,0.10156134800234887,0.050793679691851716,0.041988245245846545,0.16092989638419833,0.34863547387630306
3081,4.768427673447812,0.10173336570944755,0.1015613453878678,0.050793645305742964,0.041986879560839206,0.16090345719584193,0.34863361896090367
3082,4.768427673447812,0.10173336358472344,0.1015613427746704,0.05079360439106672,0.04198551568566061,0.1608770939021269,0.3486317649562322
3083,4.768427673447812,0.10173336146104221,0.10156134016275561,0.050793588041629575,0.04198415361864731,0.16085082429944803,0.34862991186154496
3084,4.768427673447813,0.10173335933840298,0.10156134149028236,0.050793565875464255,0.04198279335813785,0.16082440448997465,0.34862805967609917
3085,4.768427673447813,0.10173335721680492,0.10156133888028292,0.05079352501388108,0.04198143490247275,0.1607982397612247,0.34862620839915276
3086,4.768427673447813,0.10173335509624715,0.10156133627156327,0.05079348417233406,0.04198007824999452,0.16077204781132032,0.34862435802996455
3087,4.768427673447813,0.10173335297672882,0.10156133366412239,0.05079344335080682,0.041978723399047665,0.16074575882675712,0.34862250856779425
3088,4.768427673447813,0.10173335085824912,0.10156133105795921,0.05079340254928306,0.04197737034797865,0.1607193869530071,0.3486206600119024
3089,4.768427673447813,0.10173334874080718,0.10156132845307268,0.05079336176774647,0.04197601909513594,0.160693137974007,0.34861881236155035
3090,4.768427673447812,0.10173334662440217,0.10156132584946179,0.05079332100618077,0.04197466963886993,0.16066679190893093,0.34861696561600036
3091,4.768427673447813,0.10173334450903325,0.10156132324712548,0.05079328026456969,0.04197332197753302,0.16064045874144006,0.34861511977451554
3092,4.768427673447813,0.10173334239469953,0.10156135106494467,0.05079323954289698,0.04197197610947956,0.16061413846103295,0.3486132748363597
3093,4.768427673447813,0.10173334028140021,0.10156134846017202,0.05079319884114642,0.04197063203306586,0.1605878310572202,0.34861143080079754
3094,4.768427673447813,0.10173333816913445,0.1015613458566733,0.0507931581593018,0.041969289746650214,0.16056153651952423,0.34860958766709477
3095,4.768427673447812,0.10173333605790137,0.10156134325444742,0.05079311749734691,0.04196794924859284,0.1605352548374795,0.34860774543451767
3096,4.768427673447813,0.10173333394770016,0.1015613406534934,0.05079307685526561,0.04196661053725593,0.16050898600063226,0.34860590410233355
3097,4.768427673447813,0.10173333183853,0.1015613380538102,0.05079303623304171,0.04196527361100363,0.16048279201961732,0.34860406366981045
3098,4.768427673447812,0.10173332973039002,0.10156133545539676,0.050792995630659095,0.041963938468202025,0.16045663016682363,0.3486022241362173
3099,4.768427673447813,0.1017333276232794,0.10156133285825206,0.050792979273689635,0.041962605107219136,0.1604303997795323,0.3486003855008238
3100,4.768427673447813,0.1017333255171973,0.1015613302623751,0.05079293870698228,0.04196127352642495,0.16040418219575384,0.34859854776290056
3101,4.768427673447812,0.10173332341214288,0.1015613276677648,0.05079289816006983,0.04195994372419138,0.16037797740509377,0.3485967109217189
3102,4.768427673447812,0.1017333213081153,0.10156132507442016,0.050792857632936235,0.041958497150057575,0.16035178539716946,0.3485948749765511
3103,4.768427673447813,0.10173331920511375,0.10156132248234015,0.05079283608742458,0.04195704300432806,0.16032571630442363,0.3485930399266703
3104,4.768427673447813,0.10173331710313739,0.10156131989152374,0.05079279559670582,0.04195558242935577,0.16029954981289374,0.34859120577135017
3105,4.768427673447813,0.10173331500218535,0.10156131730196989,0.05079275512571931,0.041954123692775805,0.16027339607303104,0.34858937250986555
3106,4.768427673447814,0.10173331290225686,0.1015613147136776,0.050792714674449076,0.04195266679291598,0.16024725507449986,0.3485875401414919
3107,4.768427673447814,0.10173331080335105,0.10156131212664586,0.050792678560104575,0.041951211728106085,0.16022112680697628,0.3485857086655056
3108,4.768427673447815,0.10173330870546711,0.10156130954087364,0.050792638147515286,0.04194970752752561,0.1601950112601481,0.3485838780811838
3109,4.768427673447815,0.1017333066086042,0.10156130695635988,0.05079259775459474,0.041948205183467195,0.16016890842371473,0.3485820483878044
3110,4.768427673447816,0.10173330451276151,0.10156130437310361,0.05079255738132702,0.04194670469424648,0.16014281828738733,0.34858021958464624
3111,4.768427673447816,0.1017333024179382,0.10156130179110379,0.050792517027696216,0.04194520605818112,0.1601167408408886,0.34857839167098903
3112,4.768427673447815,0.10173330032413345,0.1015612992103594,0.05079247669368644,0.041943709273590736,0.1600908600006928,0.34857656464611303
3113,4.768427673447816,0.10173329823134644,0.10156129663086946,0.05079243637928183,0.04194221433879695,0.1600648078731352,0.34857473850929954
3114,4.768427673447816,0.10173329613957634,0.10156129405263291,0.05079239608446653,0.041940721252123364,0.16003877810923944,0.34857291325983064
3115,4.768427673447816,0.10173329404882232,0.10156129147564877,0.05079235580922471,0.041939230011895576,0.1600128507096306,0.3485710888969892
3116,4.768427673447816,0.10173329195908358,0.101561288899916,0.050792328192289356,0.041937740616441135,0.15998691488275268,0.3485692654200589
3117,4.768427673447816,0.10173328987035929,0.1015612863254336,0.050792287954092984,0.04193625306408959,0.15996105911676442,0.3485674428283242
3118,4.768427673447816,0.10173328778264865,0.10156128375220057,0.05079226673789555,0.04193476735317246,0.15993507012827407,0.34856562112107037
3119,4.768427673447816,0.1017332856959508,0.1015612811802159,0.05079222653565127,0.041933283482023236,0.15990909374785237,0.34856380029758355
3120,4.768427673447816,0.10173328361026497,0.10156127860947857,0.05079218635290406,0.04193178801557052,0.15988312996532614,0.3485619803571506
3121,4.768427673447816,0.1017332815255903,0.10156127603998759,0.050792157507939494,0.041930294392071354,0.1598571787705336,0.34856016129905926
3122,4.768427673447816,0.101733279441926,0.10156127347174193,0.05079214355508217,0.04192880260985985,0.1598312458553037,0.34855834312259804
3123,4.768427673447816,0.10173327735927125,0.10156127456629814,0.05079210342464761,0.04192731266727213,0.15980531980461418,0.34855652582705626
3124,4.768427673447815,0.10173327527762523,0.10156127199994641,0.05079206331365026,0.04192582542217044,0.1597794866525821,0.348554709411724
3125,4.768427673447815,0.10173327319698713,0.1015612694348373,0.05079202322207449,0.04192434001295441,0.15975363336854767,0.3485528938758922
3126,4.768427673447815,0.10173327111735617,0.1015612668709698,0.05079200088356679,0.04192285643796635,0.15972778382151107,0.3485510792188526
3127,4.768427673447814,0.10173326903873148,0.10156126430834292,0.0507919608279144,0.04192137469555051,0.1597019079124091,0.34854926543989767
3128,4.768427673447815,0.10173326696111228,0.10156126174695566,0.05079192079163811,0.04191989571831739,0.159676044520242,0.3485474525383207
3129,4.768427673447815,0.10173326488449778,0.10156125918680702,0.05079188077472231,0.04191840674879997,0.1596501936349393,0.34854564051341586
3130,4.768427673447815,0.10173326280888716,0.10156125662789599,0.050791852811886036,0.04191691961216235,0.1596244782906393,0.348543829364478
3131,4.768427673447814,0.10173326073427959,0.1015612540702216,0.05079181283169743,0.041915434306752354,0.159598934073878,0.3485420190908028
3132,4.768427673447815,0.10173325866067429,0.10156125151378284,0.0507917728708236,0.04191395083091972,0.15957319538865467,0.34854020969168675
3133,4.768427673447816,0.10173325658807045,0.10156124895857874,0.05079173292924904,0.04191246918301615,0.15954762872555717,0.3485384011664272
3134,4.768427673447816,0.10173325451646725,0.10156124640460827,0.05079169300695824,0.04191098936139528,0.15952207398477622,0.34853659351432204
3135,4.768427673447815,0.10173325244586391,0.10156124385187047,0.050791653103935706,0.041909511364412656,0.1594967413794515,0.34853478673467025
3136,4.768427673447815,0.1017332503762596,0.10156124130036434,0.05079161322016598,0.04190803519042579,0.15947128353970885,0.34853298082677153
3137,4.768427673447815,0.10173324830765354,0.10156123875008888,0.05079157335563361,0.041906560579087385,0.15944584818371965,0.3485311757899261
3138,4.768427673447816,0.10173324624004494,0.10156123620104314,0.05079153351032317,0.04190508778759026,0.15942043172716397,0.34852937162343534
3139,4.768427673447816,0.10173324417343296,0.10156123365322609,0.05079149368421924,0.041903617720011076,0.15939513413805081,0.3485275683266011
3140,4.768427673447816,0.10173324210781683,0.10156123110663676,0.05079145387730641,0.041902149468565,0.1593699354210675,0.34852576589872625
3141,4.768427673447816,0.10173324004319576,0.10156122856127417,0.05079142882788531,0.04190068303161938,0.1593446700162258,0.3485239643391144
3142,4.768427673447816,0.10173323797956892,0.1015612298462897,0.05079138905693244,0.0418992184075435,0.15931932794776307,0.3485221636470698
3143,4.768427673447816,0.10173323591693553,0.10156122730276049,0.05079134930512573,0.041897755594708534,0.1592942788771165,0.3485203638218975
3144,4.768427673447815,0.10173323385529479,0.10156122476045538,0.05079133039452816,0.04189629459148759,0.1592690714714843,0.3485185648629035
3145,4.768427673447815,0.10173323179464593,0.10156122221937339,0.05079129067761405,0.04189483382086999,0.159243816865381,0.3485167667693945
3146,4.768427673447815,0.10173322973498813,0.10156121967951351,0.05079127588458285,0.041893374857375994,0.1592182707473037,0.34851496954067784
3147,4.768427673447815,0.1017332276763206,0.1015612171408748,0.05079123620184836,0.0418919176993838,0.1591926423687662,0.3485131731760618
3148,4.768427673447815,0.10173322561864258,0.10156121460345627,0.050791196538187096,0.041890442277097414,0.15916702630832277,0.3485113776748554
3149,4.768427673447816,0.10173322356195323,0.10156121206725693,0.0507911568935838,0.04188896866671748,0.15914143984377482,0.34850958303636836
3150,4.768427673447816,0.1017332215062518,0.10156120953227583,0.05079111726802324,0.04188749686662016,0.159115973416496,0.3485077892599112
3151,4.768427673447816,0.10173321945153749,0.101561206998512,0.05079107766149021,0.04188602687518354,0.15909039422841603,0.34850599634479534
3152,4.768427673447817,0.10173321739780948,0.10156120446596444,0.05079103807396951,0.04188455869078759,0.15906482731911742,0.34850420429033274
3153,4.768427673447817,0.10173321534506703,0.10156120193463218,0.05079099850544595,0.04188309231181417,0.1590392726787967,0.34850241309583624
3154,4.768427673447817,0.10173321329330931,0.10156119940451427,0.05079095895590439,0.04188162773664705,0.15901373029766125,0.34850062276061955
3155,4.768427673447817,0.10173321124253557,0.10156119687560973,0.050790919425329664,0.041880164963671855,0.15898820016592957,0.348498833283997
3156,4.768427673447817,0.10173320919274499,0.1015611943479176,0.05079087991370665,0.04187870399127613,0.15896271937099338,0.34849704466528375
3157,4.768427673447817,0.1017332090026728,0.1015611918214369,0.050790840421020236,0.04187723492261357,0.15893721370281566,0.3484952569037956
3158,4.768427673447817,0.1017332069545481,0.1015611892961667,0.050790800947255334,0.04187576765605212,0.1589117202547651,0.34849346999884945
3159,4.768427673447816,0.10173320490740437,0.10156118677210599,0.050790761492396856,0.04187430218998116,0.1588862390171036,0.34849168394976254
3160,4.768427673447816,0.10173320286124084,0.10156118424925382,0.05079072205642974,0.04187283852279195,0.15886086194838356,0.3484898987558531
3161,4.768427673447815,0.10173320081605672,0.10156118172760924,0.05079068263933895,0.04187137226511776,0.1588354050875919,0.3484881144164402
3162,4.768427673447814,0.10173319877185122,0.10156117920717128,0.05079064324110945,0.04186990780521303,0.1588099604080472,0.3484863309308434
3163,4.768427673447814,0.10173319672862356,0.10156117668793896,0.050790603861726236,0.04186844514147299,0.1587845279000548,0.3484845482983832
3164,4.768427673447814,0.101733194686373,0.10156117416991137,0.05079056507930239,0.04186698427229472,0.1587591738057047,0.3484827665183809
3165,4.768427673447813,0.10173319264509874,0.1015611716530875,0.050790525737474244,0.04186552519607715,0.15873381072653192,0.34848098559015844
3166,4.768427673447814,0.10173319060479999,0.10156116913746643,0.0507904864144475,0.04186406340139781,0.15870858618712297,0.3484792055130385
3167,4.768427673447814,0.10173318856547599,0.10156116662304718,0.0507904471102072,0.041862603398637205,0.15868352924476506,0.34847742628634465
3168,4.768427673447814,0.10173318652712596,0.10156116410982881,0.05079040782473841,0.041861145186198136,0.15865831558413507,0.3484756479094011
3169,4.768427673447814,0.10173318448974913,0.10156116159781035,0.05079036855802624,0.04185968876248529,0.15863318821440575,0.3484738703815328
3170,4.768427673447813,0.10173318245334473,0.10156115908699088,0.05079032931005578,0.041858234125905176,0.15860805508199102,0.3484720937020655
3171,4.768427673447813,0.10173318041791198,0.10156115657736942,0.05079029008081216,0.041856781274866174,0.15858271940465593,0.3484703178703258
3172,4.768427673447814,0.10173317838345011,0.10156115406894503,0.050790250870280516,0.04185533020777851,0.15855739581219644,0.3484685428856408
3173,4.768427673447814,0.10173317634995835,0.10156115156171674,0.05079021167844599,0.04185388092305425,0.1585320842950249,0.34846676874733856
3174,4.768427673447813,0.10173317431743593,0.10156114905568363,0.05079017250529377,0.0418524334191073,0.15850680879831433,0.34846499545474774
3175,4.768427673447814,0.1017331722858821,0.10156114655084474,0.05079013335080904,0.04185098769435343,0.1584815213991767,0.3484632230071978
3176,4.768427673447814,0.10173317025529607,0.10156114404719911,0.05079009560948062,0.041849543747210206,0.15845626747113867,0.3484614514040191
3177,4.768427673447814,0.10173316822567709,0.10156114154474583,0.05079005649206417,0.041848101576097085,0.15843114480784087,0.3484596806445424
3178,4.768427673447814,0.10173316619702436,0.1015611390434839,0.05079001739327095,0.04184666117943531,0.15840595304658409,0.3484579107280995
3179,4.768427673447814,0.10173316416933714,0.10156113654341244,0.05078997831308625,0.04184522255564796,0.1583807137412713,0.3484561416540229
3180,4.768427673447814,0.10173316214261467,0.10156113404453046,0.05078993925149533,0.04184378570315997,0.15835548644444855,0.34845437342164565
3181,4.768427673447814,0.1017331601168562,0.10156113154683705,0.05078990020848347,0.04184235062039807,0.15833027114661286,0.3484526060303017
3182,4.768427673447814,0.1017331580920609,0.10156112905033124,0.05078986118403597,0.041840917305790815,0.1583050678382717,0.34845083947932576
3183,4.768427673447814,0.1017331560682281,0.10156112655501211,0.050789822178138155,0.041839485757768594,0.1582798765099431,0.34844907376805323
3184,4.768427673447814,0.10173315404535697,0.10156112406087872,0.050789783190775366,0.04183805597476361,0.1582546971521556,0.3484473088958202
3185,4.768427673447814,0.10173315202344678,0.10156112156793012,0.050789744221932935,0.04183660636870589,0.1582295297554481,0.3484455448619635
3186,4.768427673447814,0.10173315000249677,0.10156111907616541,0.0507897170184872,0.04183515853478636,0.15820439806358558,0.3484437816658207
3187,4.768427673447814,0.10173314798250618,0.1015611165855836,0.050789678084774685,0.04183371247143453,0.1581792545569218,0.3484420193067302
3188,4.768427673447814,0.10173314596347426,0.10156111409618382,0.05078963916953958,0.04183226817708178,0.1581541433114974,0.34844025778403104
3189,4.768427673447814,0.10173314394540023,0.10156111160796508,0.050789600272767285,0.04183082565016126,0.15812902365770842,0.3484384970970629
3190,4.768427673447814,0.10173314192828334,0.10156110912092647,0.05078956139444324,0.04182938488910794,0.15810391591785417,0.3484367372451664
3191,4.768427673447814,0.10173313991212286,0.10156110663506708,0.05078952253455289,0.0418279458923586,0.1580790541789557,0.34843497822768277
3192,4.768427673447813,0.101733137896918,0.10156110415038595,0.05078948369308169,0.04182650865835183,0.15805397020163936,0.34843322004395394
3193,4.768427673447813,0.10173313588266802,0.10156110166688216,0.05078944487001514,0.04182507318552801,0.15802901877740994,0.3484314626933226
3194,4.768427673447812,0.10173313386937219,0.10156109918455478,0.050789406065338716,0.041823633811439054,0.15800401435825454,0.3484297061751322
3195,4.768427673447812,0.10173313185702973,0.10156109670340288,0.05078936727903793,0.04182219619809989,0.15797896598223496,0.3484279504887268
3196,4.768427673447813,0.10173312984563991,0.10156109422342555,0.050789328511098304,0.041820760343954176,0.1579540589372171,0.34842619563345134
3197,4.768427673447813,0.10173312783520196,0.10156109174462183,0.0507892897615054,0.04181932624744736,0.15792904708643427,0.3484244416086514
3198,4.768427673447813,0.10173312582571513,0.10156108926699085,0.0507892740564687,0.041817886266277,0.1579040342330678,0.3484226884136733
3199,4.768427673447813,0.1017331238171787,0.10156108679053165,0.050789241932309694,0.04181644804325551,0.15787903320946278,0.348420936047864
3200,4.768427673447813,0.10173312180959189,0.10156108431524333,0.050789232058376106,0.04181501157683086,0.15785404400631337,0.34841918451057124
3201,4.768427673447812,0.10173311980295398,0.10156108184112493,0.050789193372779456,0.04181357686545281,0.157829066614324,0.34841743380114354
3202,4.768427673447812,0.1017331177972642,0.10156107936817557,0.05078917930690558,0.04181214390757292,0.1578041914562691,0.34841568391893
3203,4.768427673447812,0.10173311579252181,0.10156107689639433,0.05078914065396237,0.04181071254183189,0.15777923764445392,0.3484139348632806
3204,4.768427673447812,0.10173311378872607,0.10156107442578027,0.0507891020192713,0.041809282926572926,0.1577542956159802,0.34841218663354584
3205,4.768427673447812,0.10173311178587627,0.10156107195633249,0.05078906340281807,0.041807855060252856,0.1577294642090595,0.3484104392290771
3206,4.768427673447812,0.10173310978397161,0.10156106948805006,0.05078902480458833,0.04180642894133028,0.15770454570389836,0.3484086926492264
3207,4.768427673447813,0.10173310778301138,0.10156106702093208,0.05078898622456778,0.041805004568265566,0.15767965363134107,0.34840694689334656
3208,4.768427673447812,0.10173310578299483,0.10156106455497761,0.05078895931222992,0.04180358193952086,0.15765481249777571,0.3484052019607909
3209,4.768427673447811,0.10173310378392121,0.10156106209018577,0.05078892076674623,0.04180216105356007,0.1576299292209778,0.34840345785091364
3210,4.768427673447812,0.1017331017857898,0.10156105962655564,0.05078888223942979,0.04180074190884887,0.15760505767215738,0.3484017145630697
3211,4.768427673447812,0.10173309978859986,0.1015610571640863,0.050788843730266355,0.041799324503854665,0.15758038930272777,0.34839997209661455
3212,4.768427673447812,0.10173309779235064,0.10156105470277683,0.050788805239241695,0.04179790883704667,0.1575558718730538,0.3483982304509046
3213,4.768427673447812,0.10173309579704141,0.10156105224262635,0.05078876676634159,0.041796494906895826,0.15753130448368874,0.34839648962529673
3214,4.768427673447811,0.10173309380267144,0.10156104978363394,0.05078874038884075,0.04179508271187483,0.1575067951389378,0.3483947496191486
3215,4.768427673447811,0.10173309180923998,0.10156104732579868,0.05078870195024459,0.04179367225045813,0.15748217101465417,0.3483930104318188
3216,4.768427673447812,0.10173308981674631,0.1015610448691197,0.050788663529731354,0.04179228520320819,0.15745755086182966,0.3483912807112025
3217,4.768427673447812,0.1017330878251897,0.10156104241359605,0.05078862512728688,0.041790899876319836,0.15743276091949154,0.34838954315822546
3218,4.768427673447812,0.10173308583456939,0.10156103995922686,0.05078858674289705,0.041789516268280716,0.1574080478441121,0.3483878064221466
3219,4.768427673447812,0.10173308384488466,0.1015610375060112,0.05078854837654774,0.04178813437758022,0.15738332730705554,0.3483860705023272
3220,4.768427673447813,0.10173308185613479,0.1015610350539482,0.05078851002822485,0.041786754202709483,0.15735865653195188,0.34838433539812924
3221,4.768427673447813,0.10173307986831905,0.10156103260303694,0.050788486432291134,0.041785375742161346,0.15733396862038018,0.3483826011089152
3222,4.768427673447813,0.10173307788143669,0.10156103015327651,0.05078846060456077,0.04178399899443039,0.15730925142648322,0.34838086763404835
3223,4.768427673447814,0.101733075895487,0.10156104932027271,0.050788422305955365,0.04178262395801291,0.15728453123479905,0.3483791349728928
3224,4.768427673447814,0.10173307391046923,0.10156104686941557,0.050788384025322125,0.041781250631406926,0.15725991841013365,0.34837740312481313
3225,4.768427673447814,0.10173307192638267,0.10156104441970816,0.05078834576264702,0.041779876751843505,0.15723522139495885,0.3483756720891747
3226,4.768427673447814,0.1017330699432266,0.10156104197114961,0.05078830751791605,0.04177850458015323,0.15721070411174404,0.34837394186534365
3227,4.768427673447814,0.10173306796100029,0.10156103952373902,0.0507882692911152,0.04177713411483844,0.15718618478413993,0.3483722124526867
3228,4.768427673447815,0.10173306597970301,0.10156103707747548,0.0507882310822305,0.041775765354403166,0.15716165448617456,0.3483704838505713
3229,4.768427673447815,0.10173306399933404,0.10156103463235809,0.05078819289124799,0.04177439829735317,0.15713703887591743,0.3483687560583656
3230,4.768427673447815,0.10173306201989266,0.10156103218838596,0.0507881547181537,0.041773032942195906,0.15711262253129016,0.34836702907543843
3231,4.768427673447815,0.10173306004137812,0.10156102974555821,0.0507881165629337,0.04177166249223628,0.15708811946278897,0.3483653029011593
3232,4.768427673447816,0.10173305806378974,0.10156103013628406,0.050788078425574076,0.041770293744370225,0.1570635228552147,0.3483635775348984
3233,4.768427673447816,0.10173305608712675,0.10156102769529866,0.05078804030606092,0.041768926697107835,0.15703903007401773,0.3483618529760267
3234,4.768427673447815,0.10173305411138847,0.10156102525545518,0.05078800220438033,0.041767561348960876,0.15701443682262708,0.3483601292239156
3235,4.768427673447815,0.10173305213657417,0.10156102281675272,0.05078796412051844,0.04176619769844284,0.15698985507256,0.3483584062779375
3236,4.768427673447815,0.10173305016268312,0.1015610203791904,0.0507879260544614,0.0417648357440689,0.15696528481487004,0.3483566841374654
3237,4.768427673447815,0.10173304818971461,0.10156101794276731,0.05078788800619534,0.04176347548435589,0.1569407260406205,0.3483549628018727
3238,4.768427673447816,0.10173304621766793,0.10156101550748259,0.05078784997570645,0.041762116917822396,0.1569162410565584,0.34835324227053394
3239,4.768427673447815,0.10173304424654235,0.10156101307333536,0.0507878119629809,0.041760764765287145,0.156891756316693,0.348351522542824
3240,4.768427673447815,0.10173304227633716,0.1015610106403247,0.0507877739680049,0.041759414300768544,0.15686731520626948,0.3483498036181185
3241,4.768427673447814,0.10173304030705164,0.10156100820844975,0.050787735990764665,0.041758065522791904,0.15684280224587493,0.34834808549579377
3242,4.768427673447815,0.1017330383386851,0.10156100577770966,0.05078769803124643,0.041756714462022435,0.15681830364687782,0.34834636817522696
3243,4.768427673447814,0.1017330363712368,0.10156100334810349,0.050787660089436415,0.04175536508670161,0.1567938135549818,0.34834465165579565
3244,4.768427673447814,0.10173303440470605,0.1015610009196304,0.05078763608539739,0.04175401739535834,0.15676948077439948,0.3483429359368783
3245,4.768427673447815,0.10173303243909212,0.1015609984922895,0.05078759817679012,0.0417526713865232,0.15674501349321357,0.348341221017854
3246,4.768427673447814,0.1017330304743943,0.1015609960660799,0.05078756028585092,0.04175132705872843,0.15672056200169426,0.3483395068981022
3247,4.768427673447814,0.1017330285106119,0.10156099364100075,0.05078752241256611,0.04174998441050795,0.1566962970148333,0.3483377935770035
3248,4.768427673447814,0.10173302654774417,0.10156099121705114,0.05078748455692198,0.04174864370464627,0.15667190037366566,0.34833608105393893
3249,4.768427673447814,0.10173302458579044,0.10156098879423023,0.05078744671890488,0.041747304675308634,0.15664747861901468,0.3483343693282902
3250,4.768427673447814,0.10173302262474998,0.10156098637253712,0.050787408898501155,0.04174596732103406,0.15662306823254737,0.3483326583994397
3251,4.768427673447814,0.1017330206646221,0.10156098395197094,0.05078737109569717,0.04174456167740942,0.15659866920546187,0.3483309482667706
3252,4.768427673447813,0.10173301870540609,0.10156098153253083,0.0507873333104793,0.04174315773847801,0.15657428152896571,0.34832923892966655
3253,4.768427673447814,0.10173301674710122,0.10156097911421591,0.05078730656785951,0.04174175550275863,0.15654990519427606,0.34832753038751196
3254,4.768427673447813,0.10173301478970681,0.10156097669702531,0.05078726881605715,0.04174035496877173,0.1565256627588481,0.3483258226396919
3255,4.768427673447813,0.10173301283322216,0.10156097428095817,0.05078723108180093,0.04173895613503943,0.15650133166876962,0.3483241156855922
3256,4.768427673447814,0.10173301087764654,0.10156097249097959,0.05078719336507728,0.04173755900008554,0.15647698928431977,0.3483224095245991
3257,4.768427673447813,0.10173300892297926,0.10156097007705957,0.05078715566587265,0.04173616356243552,0.15645265820665027,0.3483207041560998
3258,4.768427673447814,0.10173300696921965,0.10156096766426044,0.050787117984173506,0.04173476982061652,0.15642842922368771,0.348318999579482
3259,4.768427673447813,0.10173300501636695,0.10156096525258133,0.05078708031996632,0.04173337777315733,0.1564041207192723,0.348317295794134
3260,4.768427673447813,0.10173300306442051,0.1015609628420214,0.050787046429929865,0.04173198741858844,0.15637983058714783,0.34831559279944496
3261,4.768427673447813,0.1017330011133796,0.10156096043257977,0.05078700880008269,0.04173059875544197,0.15635554463414117,0.34831389059480455
3262,4.768427673447813,0.10173299916324355,0.10156095802425558,0.05078697118768727,0.04172921204462908,0.15633138502234156,0.3483121891796031
3263,4.768427673447813,0.10173299721401163,0.10156095561704796,0.05078693359273016,0.04172782702218619,0.1563072535338706,0.3483104885532317
3264,4.768427673447812,0.10173299526568316,0.10156095321095605,0.0507868960151979,0.0417264436866505,0.1562832532379999,0.348308788715082
3265,4.768427673447812,0.10173299331825746,0.101560950805979,0.05078685845507705,0.04172506203656085,0.15625917597270694,0.3483070896645463
3266,4.768427673447813,0.1017329913717338,0.10156095177329238,0.0507868209123542,0.04172368207045773,0.15623494614618502,0.34830539140101774
3267,4.768427673447813,0.1017329894261115,0.10156094937001989,0.05078678338701595,0.041722286809390635,0.15621080833334813,0.34830369392388977
3268,4.768427673447813,0.10173298748138987,0.10156094696785992,0.05078677261902118,0.0417208932372552,0.15618676608240417,0.3483019972325568
3269,4.768427673447813,0.10173298553756821,0.10156094456681161,0.05078674001940958,0.04171950135259079,0.15616256985157465,0.3483003013264137
3270,4.768427673447812,0.10173298359464582,0.10156094216687411,0.05078670254124611,0.04171811115393844,0.15613838481476827,0.3482986062048562
3271,4.768427673447812,0.10173298165262203,0.10156093976804657,0.05078666508041603,0.041716718472494474,0.15611421096337114,0.34829691186728046
3272,4.768427673447813,0.10173297971149614,0.10156093737032813,0.050786627636906,0.04171532747607632,0.15609004828877868,0.3482952183130834
3273,4.768427673447812,0.10173297777126745,0.10156093497371793,0.05078661564247324,0.04171393816322843,0.1560658967823954,0.3482935255416626
3274,4.768427673447812,0.10173297583193527,0.10156093257821512,0.050786587575789154,0.041712550532496895,0.15604175643563525,0.34829183355241616
3275,4.768427673447812,0.10173297389349893,0.10156093018381886,0.05078655017878222,0.04171116458242946,0.15601762723992127,0.34829014234474315
3276,4.768427673447812,0.10173297195595772,0.10156092779052829,0.05078651279904462,0.041709775113969366,0.1559935091866858,0.3482884519180428
3277,4.768427673447812,0.10173297001931096,0.10156092539834259,0.05078647543656311,0.04170838732567318,0.15596940226737033,0.34828676227171546
3278,4.768427673447812,0.10173296808355797,0.10156092300726086,0.050786438091324416,0.04170700121609169,0.15594530647342555,0.3482850734051618
3279,4.768427673447812,0.10173296614869806,0.10156092061728227,0.050786400763315316,0.04170561366998675,0.15592122179631138,0.34828338531778325
3280,4.768427673447812,0.10173296421473053,0.101560918228406,0.05078636345252259,0.04170422780113912,0.15589714822749684,0.34828169800898195
3281,4.768427673447812,0.10173296228165474,0.10156091584063119,0.050786348936605476,0.0417028415343071,0.15587309159984694,0.3482800114781605
3282,4.768427673447812,0.10173296034946995,0.10156091345395699,0.05078631165669126,0.041701456942799045,0.1558490432179988,0.3482783257247224
3283,4.768427673447812,0.1017329584181755,0.10156091106838254,0.05078627439395545,0.04170007402517201,0.15582505493390514,0.34827664074807146
3284,4.768427673447812,0.10173295648777073,0.10156090868390702,0.05078623714838489,0.0416986927799847,0.15580116040170658,0.34827495654761237
3285,4.768427673447812,0.10173295455825493,0.1015609063005296,0.05078620620515249,0.04169731320579743,0.1557773306805364,0.34827327312275047
3286,4.768427673447811,0.10173295262962741,0.1015609039182494,0.05078616899290435,0.04169593012737946,0.15575335699258944,0.34827159047289163
3287,4.768427673447812,0.10173295070188751,0.10156090153706562,0.05078615302695901,0.04169454871946816,0.15572936087946943,0.3482699085974424
3288,4.768427673447811,0.10173295131139107,0.10156090273289152,0.050786115845680636,0.041693168980626846,0.15570537580675947,0.3482682274958099
3289,4.768427673447811,0.10173295532340493,0.10156090035334743,0.050786078681503824,0.04169179090942046,0.15568140176601056,0.34826654716740196
3290,4.768427673447811,0.10173295339701942,0.1015608979748975,0.05078604153441551,0.04169041450441557,0.15565743874878266,0.34826486761162706
3291,4.768427673447811,0.10173295147151941,0.10156089559754085,0.05078602514062487,0.0416890397641803,0.15563350342397317,0.34826318882789425
3292,4.768427673447812,0.10173294954690422,0.10156089322127668,0.0507859884947767,0.041687664291684294,0.15560956242593796,0.3482615108156133
3293,4.768427673447811,0.10173294762317317,0.10156089084610415,0.050785962664226386,0.04168629048219955,0.15558563242615905,0.34825983357419443
3294,4.768427673447811,0.1017329457003256,0.1015608884720224,0.05078592558036987,0.04168491833429819,0.15556171369410607,0.3482581571030487
3295,4.768427673447812,0.10173294377836083,0.10156088609903062,0.05078588851353894,0.04168354903251234,0.15553780566559416,0.3482564814015877
3296,4.768427673447812,0.10173294185727819,0.10156088372712797,0.05078585146372057,0.041682183629022596,0.15551398806287384,0.34825480646922363
3297,4.768427673447812,0.10173293993707698,0.10156088135631364,0.05078581443090178,0.04168081988127042,0.15549010195992408,0.3482531323053694
3298,4.768427673447812,0.10173293801775657,0.10156087898658676,0.0507857774150696,0.041679457787835494,0.15546622681330607,0.3482514589094385
3299,4.768427673447812,0.10173293609931626,0.10156087661794655,0.05078574041621107,0.0416780973472991,0.15544236261466063,0.34824978628084485
3300,4.768427673447813,0.1017329341817554,0.10156087533335109,0.05078570343431323,0.041676738558244115,0.15541850935563747,0.3482481144190034
3301,4.768427673447813,0.10173293226507328,0.10156087296671552,0.05078566646936317,0.04167538141925497,0.1553946670278952,0.34824644332332944
3302,4.768427673447813,0.10173293034926928,0.10156087060116419,0.05078562952134795,0.04167402592891769,0.15537083562310133,0.3482447729932389
3303,4.768427673447813,0.10173292843434269,0.10156086823669624,0.05078559259025468,0.04167267208581988,0.1553470151329323,0.34824310342814846
3304,4.768427673447812,0.10173292652029285,0.1015608658733109,0.05078557188414808,0.041671319888550724,0.15532320554907333,0.3482414346274753
3305,4.768427673447813,0.10173292460711911,0.10156086351100731,0.05078553498437664,0.041669969335700975,0.15529940686321858,0.3482397665906373
3306,4.768427673447813,0.10173292269482079,0.10156086114978465,0.05078549810148964,0.04166862042586295,0.15527561906707096,0.3482380993170529
3307,4.768427673447813,0.10173292078339723,0.1015608587896421,0.05078546123547424,0.04166727315763055,0.15525184215234233,0.34823643280614114
3308,4.768427673447812,0.10173291887284774,0.10156085643057884,0.050785424386317606,0.04166592752959924,0.15522812752037318,0.3482347670573218
3309,4.768427673447813,0.1017329169631717,0.10156085407259406,0.050785387554006904,0.04166458354036605,0.1552043723357857,0.34823310207001523
3310,4.768427673447812,0.1017329150543684,0.1015608517156869,0.05078535073852933,0.04166324118852955,0.15518062800780907,0.3482314378436422
3311,4.768427673447812,0.10173291314643722,0.1015608493598566,0.05078533839385887,0.041661873830356425,0.15515689452819026,0.3482297743776244
3312,4.768427673447812,0.10173291123937747,0.10156084700510228,0.0507853016082703,0.04166050811895057,0.15513317188868506,0.348228111671384
3313,4.768427673447811,0.1017329093331885,0.10156084465142318,0.05078526483947821,0.041659144052906015,0.15510946008105803,0.3482264497243437
3314,4.768427673447811,0.10173290742786963,0.10156084229881843,0.05078522808746986,0.041657781630818326,0.1550857590970824,0.3482247885359269
3315,4.768427673447811,0.10173290552342021,0.10156083994728725,0.050785191352232494,0.041656420851284674,0.15506206892854021,0.3482231281055577
3316,4.768427673447811,0.10173290361983958,0.10156083759682882,0.05078515463375339,0.04165506171290374,0.1550384257982594,0.3482214684326607
3317,4.768427673447811,0.1017329017171271,0.10156083524744233,0.05078511793201982,0.041653704214275805,0.15501475723043395,0.3482198095166611
3318,4.768427673447812,0.1017328998152821,0.10156083289912694,0.05078508124701909,0.04165234835400268,0.15499118375853776,0.3482181513569847
3319,4.768427673447812,0.10173289791430389,0.10156083055188188,0.05078504457873851,0.04165099598641044,0.1549677464263551,0.348216493953058
3320,4.768427673447812,0.10173289601419185,0.10156082820570629,0.0507850079271654,0.04164964525353576,0.15494411016165488,0.34821483730430797
3321,4.768427673447812,0.1017328941149453,0.10156082586059939,0.0507849712922871,0.04164829615398575,0.15492048466328598,0.3482131814101624
3322,4.768427673447812,0.1017328922165636,0.10156082351656037,0.050784934674090974,0.04164700751822421,0.15489686992309123,0.34821152627004953
3323,4.768427673447812,0.1017328903190461,0.10156082117358842,0.050784898072564366,0.041645720486224454,0.15487344970282962,0.34820987188339814
3324,4.768427673447811,0.10173288842239213,0.1015608188316827,0.05078486148769466,0.04164441918972519,0.15484985642655083,0.34820821824963777
3325,4.768427673447811,0.10173288652660105,0.10156081649084248,0.050784824919469264,0.04164311950147191,0.15482628796863432,0.34820656536819855
3326,4.768427673447811,0.1017328846316722,0.10156081415106687,0.05078481118736318,0.04164182142009421,0.1548027161496228,0.34820491323851105
3327,4.768427673447812,0.10173288617298888,0.1015608118123551,0.05078482417177202,0.04164052571238339,0.1547791550481426,0.3482032618600067
3328,4.768427673447812,0.10173288427925983,0.10156080947470637,0.05078485787306147,0.04163923160846273,0.15475560465608826,0.34820161123211735
3329,4.768427673447812,0.10173288238639129,0.10156080713811988,0.05078482134960303,0.041637939106966636,0.15473223874456554,0.3481999613542754
3330,4.768427673447812,0.10173288049438259,0.1015608048025948,0.050784784842735874,0.04163664820653102,0.1547088772147692,0.348198312225914
3331,4.768427673447811,0.10173288743450509,0.10156087612632544,0.05078474835244749,0.04163535890579333,0.1546854794413413,0.34819666384646686
3332,4.768427673447811,0.10173288554287209,0.10156087708526963,0.05078471187872535,0.041634071203392485,0.1546620118002181,0.3481950162153683
3333,4.768427673447811,0.10173288365209761,0.10156087474123333,0.05078467542155695,0.041632785097968944,0.154638588719632,0.3481933693320532
3334,4.768427673447811,0.101732881762181,0.10156087239826055,0.050784638980929775,0.04163150058816465,0.1546152516721002,0.3481917231959569
3335,4.768427673447811,0.10173287987312161,0.10156087005635049,0.050784602556831364,0.04163021767262305,0.15459177590972328,0.3481900778065157
3336,4.768427673447811,0.10173287798491883,0.10156086771550235,0.050784587026532046,0.04162893634998912,0.1545683364010274,0.3481884331631661
3337,4.768427673447811,0.10173287917212716,0.10156086537571535,0.05078455063228578,0.041627656618909284,0.1545448819166142,0.34818678926534546
3338,4.76842767344781,0.10173287728516918,0.10156086303698865,0.05078451527825595,0.041626378478031495,0.15452144202552065,0.3481851461124916
3339,4.76842767344781,0.10173287539906607,0.10156086069932149,0.05078447891682763,0.041625028248761985,0.15449819770319514,0.348183503704043
3340,4.7684276734478095,0.10173287351381717,0.10156085836271306,0.05078444257186735,0.04162367964036321,0.1544749889041788,0.3481818620394387
3341,4.76842767344781,0.10173287162942185,0.10156085602716255,0.0507844062433627,0.04162233265146246,0.1544518319349068,0.3481802211181183
3342,4.76842767344781,0.10173287204024849,0.10156085369266918,0.05078438095233694,0.04162098728068852,0.1544286587905787,0.3481785809395221
3343,4.76842767344781,0.10173287015721086,0.10156085135923212,0.050784344655037054,0.041619643526671704,0.15440559595798187,0.34817694150309086
3344,4.76842767344781,0.10173286827502502,0.10156085084966293,0.050784308374156414,0.041618301388043843,0.15438256964602065,0.34817530280826603
3345,4.76842767344781,0.10173286639369035,0.10156084851806024,0.05078427654339139,0.0416169548186855,0.154359402517916,0.34817366485448953
3346,4.76842767344781,0.10173286451320619,0.10156084618751163,0.050784276848030545,0.04161560885808819,0.15433606289739785,0.34817202764120403
3347,4.768427673447811,0.10173286263357191,0.10156084385801631,0.05078429857256272,0.041614263505794134,0.15431271407097152,0.3481703911678527
3348,4.768427673447811,0.10173286075478688,0.10156084152957348,0.050784262631898204,0.0416129197670692,0.15428944390905355,0.3481687554338792
3349,4.76842767344781,0.10173285887685043,0.10156083920218235,0.050784226417927604,0.041611577640549985,0.1542661171623882,0.3481671204387279
3350,4.7684276734478095,0.10173285699976196,0.10156083687584214,0.05078419022030908,0.04161023712487461,0.1542428441352862,0.34816548618184373
3351,4.7684276734478095,0.10173285512352082,0.10156083455055204,0.05078415403903038,0.04160889821868267,0.15421964061986435,0.3481638526626722
3352,4.7684276734478095,0.10173285648686382,0.10156083567750757,0.05078413139699338,0.04160756092061525,0.1541964514506719,0.34816221988065943
3353,4.7684276734478095,0.10173285461182634,0.10156083335379418,0.05078409524631535,0.04160622522931497,0.15417316575229273,0.34816058783525206
3354,4.7684276734478095,0.1017328527376345,0.10156083103112878,0.05078405911194129,0.041604891143425915,0.15415009797498055,0.34815895652589735
3355,4.7684276734478095,0.10173285086428766,0.10156082870951061,0.05078402299385895,0.04160355866159365,0.15412701657579275,0.34815732595204313
3356,4.7684276734478095,0.10173284899178518,0.10156082638893885,0.05078398689205612,0.041602227782465244,0.15410380492808146,0.34815569611313774
3357,4.768427673447809,0.10173284712012647,0.10156082406941273,0.050783950806520595,0.041600898504689246,0.15408056112452104,0.3481540670086302
3358,4.768427673447809,0.10173284524931085,0.10156082175093145,0.050783914737240185,0.0415995708269157,0.15405733066584257,0.34815243863797013
3359,4.768427673447809,0.10173284337933772,0.10156081943349426,0.050783878684202706,0.041598244747796116,0.1540341077948401,0.3481508110006077
3360,4.768427673447809,0.10173284151020642,0.10156081711710037,0.050783842647395994,0.04159692026598349,0.1540108953785738,0.34814918409599355
3361,4.768427673447809,0.10173283964191634,0.10156081480174897,0.0507838066268079,0.0415955973801323,0.15398781228909916,0.34814755792357893
3362,4.768427673447809,0.10173283777446687,0.10156081248743931,0.05078377062242627,0.04159427608889849,0.15396490346264752,0.34814593248281583
3363,4.768427673447809,0.10173283590785735,0.1015608101741706,0.050783734634238985,0.04159294038949543,0.1539417544890154,0.34814430777315664
3364,4.768427673447808,0.10173283404208715,0.10156080786194203,0.050783712919853535,0.04159160628922118,0.15391858630818683,0.3481426837940543
3365,4.768427673447808,0.10173283217715565,0.10156080555075289,0.05078367696187324,0.041590271790423336,0.15389542598269562,0.34814106054496247
3366,4.768427673447808,0.10173283031306221,0.10156080324060235,0.050783660235761724,0.041588938888962854,0.15387227606511952,0.34813943802533526
3367,4.768427673447807,0.10173282844980623,0.10156080093148964,0.05078362754271819,0.041587607583496985,0.1538492897399925,0.34813781623462736
3368,4.768427673447808,0.10173282658738707,0.101560798623414,0.05078359162980385,0.04158627787268447,0.15382619759356042,0.3481361951722942
3369,4.768427673447808,0.10173282472580411,0.10156079631637464,0.05078355810024833,0.04158494975518551,0.15380307882450187,0.34813457483779164
3370,4.768427673447808,0.10173282286505674,0.10156079401037081,0.050783522219214915,0.04158362322966174,0.1537799704323005,0.3481329552305761
3371,4.768427673447808,0.10173282100514427,0.1015607917054017,0.05078348635428189,0.041582298294776304,0.15375687753903095,0.34813133635010446
3372,4.768427673447808,0.10173281914606615,0.10156078940146658,0.050783450505437255,0.04158097494919378,0.15373378987653946,0.3481297181958344
3373,4.768427673447808,0.10173281728782173,0.10156078709856466,0.050783414672668996,0.04157965319158021,0.15371079841145277,0.348128100767224
3374,4.768427673447809,0.10173281543041038,0.1015607882362021,0.05078337885596512,0.04157833302060312,0.15368773143563477,0.348126484063732
3375,4.768427673447809,0.10173281357383152,0.10156078593484826,0.05078334514216235,0.04157701443493144,0.1536646747980237,0.3481248680848177
3376,4.768427673447809,0.10173281171808446,0.10156078363452552,0.05078330935723835,0.041575686500097235,0.1536416711828003,0.34812325282994083
3377,4.768427673447808,0.10173280986316864,0.10156078133523315,0.05078327358834297,0.04157436015280784,0.1536186646879197,0.34812163829856185
3378,4.768427673447809,0.10173280800908342,0.10156077903697035,0.050783237835464276,0.04157303539173295,0.15359563900789988,0.34812002449014173
3379,4.768427673447809,0.10173280615582818,0.10156077673973636,0.05078322224129583,0.04157171221554366,0.1535726236353116,0.34811841140414196
3380,4.768427673447809,0.10173280544970273,0.10156077444353044,0.05078318651739737,0.041570390622912554,0.15354961856247984,0.34811679904002457
3381,4.768427673447809,0.10173280359793392,0.10156077214835178,0.050783177990623256,0.04156907061251363,0.15352665106572463,0.3481151873972523
3382,4.768427673447809,0.10173280174699334,0.10156076985419966,0.050783142294608175,0.04156775218302237,0.15350366902925447,0.3481135764752883
3383,4.768427673447808,0.10173279989688032,0.1015607675610733,0.0507831115164129,0.04156643533311566,0.15348077560015957,0.34811196627359625
3384,4.768427673447808,0.10173279804759428,0.10156076526897193,0.05078307585157317,0.04156512006147185,0.15345782050657036,0.34811035679164054
3385,4.768427673447808,0.1017327961991346,0.10156076640057965,0.05078304020267037,0.041563806366770734,0.15343486679981697,0.3481087480288861
3386,4.768427673447809,0.10173279435150066,0.10156076411001418,0.05078300456969265,0.04156249424769353,0.15341192334694528,0.3481071399847982
3387,4.768427673447809,0.10173279250469186,0.10156076182047163,0.05078297174133789,0.041561183702922895,0.15338899014033602,0.348105532658843
3388,4.768427673447808,0.10173279065870758,0.10156075953195128,0.050782952380893115,0.04155987473114293,0.15336606717237777,0.34810392605048684
3389,4.768427673447808,0.1017327888135472,0.10156075724445235,0.050782962785035975,0.041558567331039145,0.15334315443546703,0.348102320159197
3390,4.768427673447809,0.10173278696921012,0.10156075495797406,0.05078297266997433,0.04155726150129851,0.1533202519220082,0.34810071498444106
3391,4.768427673447809,0.10173278512569572,0.1015607526725157,0.05078293709994997,0.041555957240609405,0.1532974452414604,0.3480991105256872
3392,4.768427673447809,0.1017327832830034,0.10156075038807648,0.05078290154578723,0.0415546387519893,0.15327463880920325,0.34809750678240414
3393,4.7684276734478095,0.10173278144113253,0.10156074810465564,0.050782866007474343,0.0415533218368434,0.1532519191702702,0.34809590375406124
3394,4.7684276734478095,0.1017327796000825,0.10156074582225244,0.050782830484999555,0.04155200649385911,0.1532290574280497,0.34809430144012826
3395,4.768427673447809,0.10173277775985273,0.10156074354086612,0.050782794978351135,0.041550692721725305,0.15320620587144196,0.34809269984007574
3396,4.768427673447808,0.1017327759204426,0.10156074126049593,0.05078275948751734,0.04154938051913227,0.15318349710902185,0.3480910989533744
3397,4.768427673447808,0.1017327740818515,0.10156073898114111,0.050782724012486465,0.041548064963566,0.15316066588123628,0.348089498779496
3398,4.768427673447809,0.10173277224407881,0.10156073670280091,0.0507826885532468,0.04154674999360077,0.1531378448164503,0.3480878993179125
3399,4.768427673447809,0.10173277040712395,0.10156073442547459,0.05078265697098703,0.041545438067415806,0.15311516629102764,0.3480863005680965
3400,4.768427673447808,0.10173276857098627,0.10156073214916138,0.05078262154271974,0.04154412770751521,0.15309251729618967,0.348084702529521
3401,4.768427673447808,0.10173276673566523,0.10156072987386057,0.050782601395663464,0.04154281866434187,0.15306987290582738,0.3480831052016598
3402,4.768427673447808,0.10173276490116018,0.10156072759957134,0.05078256599662549,0.041541511184956505,0.15304719784464715,0.3480815085839871
3403,4.768427673447808,0.10173276306747055,0.10156072532629302,0.05078253061332166,0.04154020526805781,0.1530244657354189,0.3480799126759777
3404,4.768427673447808,0.10173276123459571,0.10156072305402482,0.05078249524574033,0.04153890091234583,0.15300178083297114,0.34807831747710694
3405,4.768427673447808,0.10173275940253504,0.101560720782766,0.05078245989386987,0.04153759811652204,0.15297907007510134,0.3480767229868506
3406,4.768427673447808,0.10173275757128798,0.1015607185125158,0.050782424557698685,0.04153628953410365,0.15295647783226,0.3480751292046851
3407,4.768427673447808,0.10173275574085391,0.1015607162432735,0.050782389237215175,0.041534982512241546,0.1529337477724582,0.3480735361300874
3408,4.768427673447808,0.10173275391123222,0.10156071397503832,0.05078238430805014,0.04153367336842639,0.1529110278008101,0.348071943762535
3409,4.768427673447808,0.10173275208242234,0.10156071170780957,0.05078234901439593,0.041532365784208825,0.15288831790986798,0.34807035210150583
3410,4.768427673447808,0.10173275025442365,0.10156070944158646,0.050782324775540295,0.04153105975829372,0.15286561809219198,0.34806876114647856
3411,4.768427673447808,0.10173274842723555,0.1015607071763683,0.05078228951154593,0.041529755289387356,0.15284294797014564,0.34806717089693223
3412,4.768427673447808,0.10173274660085745,0.10156070491215428,0.05078225426318416,0.04152845237619742,0.15282026827379985,0.3480655813523465
3413,4.768427673447808,0.10173274477528874,0.10156070264894372,0.05078221903044344,0.04152715101743296,0.15279763650722458,0.3480639925122015
3414,4.768427673447808,0.10173274295052882,0.10156070038673584,0.05078218381331229,0.04152585121180446,0.15277500393522866,0.34806240437597796
3415,4.768427673447808,0.10173274112657713,0.10156069812552992,0.05078214861177918,0.04152455295802378,0.15275235436002024,0.34806081694315716
3416,4.768427673447808,0.10173273930343305,0.10156069586532522,0.05078211342583262,0.04152324844504524,0.15272971481360462,0.34805923021322077
3417,4.768427673447808,0.10173273748109597,0.10156069360612101,0.050782078255461154,0.041521946981363654,0.15270712093695188,0.34805764418565127
3418,4.768427673447808,0.10173273827462219,0.10156069134791652,0.050782059112891235,0.04152064706846598,0.1526845449811999,0.3480560588599313
3419,4.768427673447808,0.10173273645351012,0.10156068909071106,0.0507820477562236,0.04151934870506758,0.15266193546514603,0.3480544742355444
3420,4.768427673447808,0.10173273463320347,0.10156068683450385,0.05078201262661751,0.04151805188988519,0.1526393821315001,0.3480528903119744
3421,4.768427673447807,0.10173273281370163,0.1015606845792942,0.0507819775125433,0.041516750257548404,0.15261684486155996,0.34805130708870574
3422,4.768427673447807,0.101732730995004,0.10156068232508135,0.05078194241398955,0.041515450173678206,0.15259426530677525,0.34804972456522343
3423,4.768427673447807,0.10173272917711,0.10156068007186456,0.050781907330944835,0.04151415163699338,0.15257169572924936,0.34804814274101287
3424,4.768427673447806,0.10173272736001904,0.10156067781964312,0.05078188205405851,0.04151285464621414,0.15254916509955788,0.3480465616155602
3425,4.768427673447806,0.10173272554373053,0.10156067556841628,0.050781860596158586,0.04151155920006206,0.15252661545027346,0.3480449811883519
3426,4.768427673447806,0.10173272372824389,0.10156067331818333,0.05078182555611697,0.04151026529726009,0.1525040757562722,0.34804340145887513
3427,4.768427673447806,0.10173272191355852,0.10156067231387186,0.05078179053154039,0.04150896710837021,0.1524815460102432,0.34804182242661746
3428,4.768427673447807,0.10173272009967384,0.10156067006544063,0.05078175552241751,0.04150766949227267,0.1524590262048832,0.34804024409106704
3429,4.768427673447806,0.10173271828658924,0.10156066781800115,0.05078172052873697,0.04150637341870008,0.15243651633289634,0.3480386664517125
3430,4.768427673447806,0.10173271647430417,0.10156066608327478,0.05078168555048746,0.04150507888637867,0.15241401638699437,0.348037089508043
3431,4.768427673447806,0.101732714662818,0.10156066383774115,0.05078165058765764,0.041503785894036055,0.15239161138341836,0.3480355132595483
3432,4.768427673447806,0.10173271285213016,0.10156066159319714,0.05078161564023621,0.0415024944404012,0.152369235473798,0.34803393770571867
3433,4.768427673447805,0.10173271104224009,0.10156065934964204,0.05078159715431682,0.041501204524204444,0.15234676523458918,0.3480323628460448
3434,4.768427673447806,0.10173270923314717,0.10156065710707511,0.050781562235253666,0.0414999145855794,0.15232430489239887,0.3480307886800179
3435,4.768427673447806,0.10173270742485085,0.10156065486549563,0.05078152733156612,0.04149862618254351,0.15230185443997604,0.3480292152071299
3436,4.768427673447805,0.10173270561735052,0.10156065262490287,0.050781492443242926,0.041497339313830685,0.152279413870077,0.3480276424268731
3437,4.768427673447806,0.10173270381064561,0.10156065038529613,0.05078145757027282,0.041496053978176205,0.15225708995271933,0.34802607033874033
3438,4.768427673447806,0.10173270200473554,0.10156064814667468,0.050781422712644575,0.04149476206145525,0.15223466911044317,0.348024498942225
3439,4.768427673447806,0.10173270019961973,0.10156064590903777,0.050781387870346965,0.041493471678835346,0.15221225812901137,0.3480229282368208
3440,4.768427673447806,0.10173269839529758,0.10156064367238471,0.05078135304336877,0.041492182829053245,0.15218985700120993,0.3480213582220223
3441,4.768427673447806,0.1017326965917685,0.10156064143671477,0.05078131823169878,0.04149089551084703,0.15216746571983222,0.3480197888973244
3442,4.768427673447806,0.10173269478903195,0.10156063920202724,0.05078128343532581,0.041489609722956136,0.15214508427767898,0.3480182202622224
3443,4.768427673447807,0.10173269298708733,0.10156063696832138,0.05078124865423868,0.041488320641633956,0.1521227126675583,0.3480166523162124
3444,4.768427673447807,0.10173269118593406,0.10156063473559648,0.05078123382246709,0.041487033090227894,0.15210035088228566,0.3480150850587908
3445,4.768427673447807,0.10173268938557156,0.10156063250385185,0.05078119906898872,0.04148574706747989,0.15207799891468382,0.3480135184894546
3446,4.768427673447807,0.10173268758599927,0.10156063027308675,0.05078116992986316,0.04148446257213323,0.15205565675758292,0.34801195260770124
3447,4.768427673447807,0.10173268578721659,0.10156062804330047,0.05078113520605861,0.041483179602932546,0.15203333362386773,0.34801038741302875
3448,4.768427673447807,0.10173268398922296,0.1015606258144923,0.0507811004974858,0.041481898158623784,0.1520111803715376,0.3480088229049356
3449,4.768427673447806,0.10173268219201778,0.1015606235866615,0.05078106580413363,0.04148061823795428,0.15198915813474703,0.34800725908292096
3450,4.768427673447806,0.1017326803956005,0.1015606213598074,0.050781031125990986,0.041479339839672676,0.1519673720442138,0.3480056959464842
3451,4.768427673447806,0.10173267859997055,0.10156061913392926,0.05078099646304678,0.04147806296252897,0.15194552499034372,0.34800413349512543
3452,4.768427673447806,0.10173267680512735,0.10156061690902639,0.05078096181528993,0.041476787605274464,0.15192366059034765,0.34800257172834526
3453,4.768427673447806,0.1017326750110703,0.10156061468509804,0.05078092718270938,0.04147551376666184,0.15190165235190323,0.3480010106456447
3454,4.768427673447806,0.10173267321779886,0.10156061246214354,0.050780892565294056,0.041474241445445065,0.151879639774615,0.34799945024652534
3455,4.768427673447806,0.10173267142531243,0.10156061024016215,0.05078085796303291,0.041472970640379477,0.15185767287887672,0.34799789053048924
3456,4.768427673447805,0.10173266963361048,0.10156062307692498,0.05078082337591492,0.04147170162304149,0.15183570206134187,0.34799633149703907
3457,4.768427673447805,0.10173266900527901,0.10156062085468262,0.05078078880392906,0.04147043411924995,0.15181376087053186,0.34799477370400156
3458,4.768427673447806,0.10173266721497405,0.10156061863341224,0.05078075424706432,0.04146916812776423,0.15179167820563602,0.3479932160341511
3459,4.768427673447806,0.1017326654254519,0.10156061972610539,0.050780719705309674,0.041467890597110896,0.15176946244345763,0.3479916590453974
3460,4.768427673447805,0.10173266363671199,0.10156061750629208,0.05078068517865416,0.041466612009951685,0.15174725639238157,0.347990102737245
3461,4.768427673447805,0.10173266184875376,0.10156061528744882,0.050780650667086785,0.04146533493820883,0.15172512853305417,0.3479885471091991
3462,4.768427673447805,0.10173266006157665,0.10156061306957494,0.05078061617059659,0.041464059380642036,0.15170294187299146,0.3479869921607652
3463,4.768427673447805,0.10173265827518009,0.10156061085266968,0.05078058168917261,0.04146278152547818,0.15168076490287336,0.34798544038564555
3464,4.768427673447805,0.10173265648956349,0.10156060863673237,0.050780547222803916,0.041461504228251234,0.15165859761566014,0.3479838867945902
3465,4.768427673447805,0.10173265470472631,0.10156060642176232,0.050780512771479554,0.04146022844356696,0.1516364400043193,0.3479823338816668
3466,4.768427673447804,0.10173265292066798,0.1015606042077588,0.0507804783351886,0.04145895417018884,0.15161435316800573,0.34798078164638313
3467,4.768427673447804,0.10173265113738791,0.1015606019947211,0.05078044391392016,0.041457681406881663,0.15159226835389783,0.3479792300882474
3468,4.768427673447804,0.10173264935488556,0.10156059978264854,0.05078040950766332,0.04145641015241151,0.15157013971132538,0.34797767920676803
3469,4.768427673447803,0.10173264757316036,0.10156059757154043,0.050780375116407185,0.041455140405545814,0.1515480207165737,0.3479761290014543
3470,4.768427673447804,0.10173264579221174,0.10156059536139606,0.050780340740140886,0.04145387216505327,0.15152591382451253,0.3479745794718157
3471,4.768427673447804,0.10173264401203913,0.1015605960980769,0.05078030637885355,0.0414526014995022,0.15150381410405958,0.34797303061736246
3472,4.768427673447804,0.101732642232642,0.10156059388942838,0.05078027203253432,0.041451332339577686,0.151481724010458,0.3479714824376052
3473,4.768427673447804,0.10173264045401977,0.1015605916817417,0.050780261528345486,0.041450064684051144,0.1514596435367321,0.3479699349320549
3474,4.768427673447804,0.10173263867617187,0.10156059133600805,0.050780227208457825,0.041448798531695266,0.15143757267591326,0.34796838810022335
3475,4.768427673447804,0.10173263689909774,0.10156058912997182,0.050780192903507285,0.041447533881284075,0.15141552305648182,0.34796684194162253
3476,4.768427673447804,0.10173263512279684,0.10156058692489546,0.05078015861348304,0.04144627073159287,0.15139356825021086,0.34796529645576507
3477,4.768427673447803,0.10173263334726859,0.10156058472077825,0.05078012433837429,0.04144501123028227,0.1513716442664771,0.34796375164216403
3478,4.768427673447803,0.10173263157251243,0.10156058251761951,0.05078009007817025,0.04144375322631172,0.15134981765622654,0.34796220750033297
3479,4.768427673447803,0.10173262979852783,0.10156058031541858,0.05078006935671264,0.0414424967184611,0.15132781103744425,0.34796066402978604
3480,4.768427673447803,0.1017326280253142,0.10156057811417471,0.05078003512431839,0.04144124170551157,0.15130579764284768,0.34795912123003775
3481,4.768427673447803,0.10173262625287101,0.10156057591388724,0.050780000906797386,0.041439973817196184,0.15128379381260337,0.34795757910060315
3482,4.768427673447804,0.10173262448119766,0.1015605737145555,0.050779966704138875,0.04143870742758936,0.15126184725198594,0.34795603764099786
3483,4.768427673447803,0.10173262271029364,0.10156057151617874,0.05077993251633212,0.04143744253547161,0.15123986252278124,0.34795449685073787
3484,4.768427673447803,0.10173262094015836,0.1015605693187563,0.05077990452428455,0.04143617913962476,0.1512179616888314,0.3479529567293397
3485,4.768427673447804,0.1017326191707913,0.1015605671222875,0.05077987036525131,0.04143491345094454,0.15119602501864776,0.34795141727632034
3486,4.768427673447804,0.10173261740219186,0.10156056492677164,0.050779836221038085,0.041433649257746126,0.15117406888468707,0.3479498784911973
3487,4.768427673447804,0.10173261563435954,0.10156056273220804,0.05077980209163416,0.041432386558814004,0.1511521222737182,0.34794834037348854
3488,4.768427673447804,0.10173261386729374,0.10156056053859601,0.05077977665389569,0.041431125352933966,0.15113020291695978,0.3479468029227126
3489,4.768427673447805,0.10173261210099394,0.10156055834593486,0.050779763127353,0.04142986563889308,0.15110827532879587,0.3479452661383884
3490,4.768427673447805,0.10173261033545955,0.10156055615422391,0.05077973858330626,0.041428607415479685,0.1510863572430337,0.3479437300200354
3491,4.768427673447804,0.10173260857069005,0.10156055396346247,0.05077970450740782,0.04142735068148341,0.15106444865282342,0.3479421945671735
3492,4.768427673447805,0.10173260680668487,0.10156055177364987,0.050779670446267806,0.041426095435695184,0.15104259759676691,0.3479406597793232
3493,4.768427673447805,0.10173260504344349,0.1015605495847854,0.05077966431821527,0.04142484167690717,0.15102079353309625,0.34793912565600527
3494,4.768427673447805,0.10173260328096534,0.1015605473968684,0.050779630282515364,0.04142358848130532,0.15099900148745313,0.3479375921967412
3495,4.768427673447805,0.10173260151924986,0.10156054520989818,0.05077959626154377,0.04142233677069112,0.15097715521586558,0.34793605940105277
3496,4.768427673447805,0.1017325997582965,0.10156054302387407,0.05077956225528987,0.04142108654386029,0.15095547620002392,0.34793452726846236
3497,4.768427673447805,0.10173259799810473,0.10156054083879537,0.0507795282637431,0.041419837799609824,0.15093362437766328,0.3479329957984928
3498,4.768427673447805,0.10173259623867399,0.1015605386546614,0.05077949428689285,0.041418590536737965,0.1509119590693376,0.34793146499066735
3499,4.768427673447805,0.10173259448000374,0.1015605364714715,0.050779460324728576,0.041417344754044245,0.15089030475045126,0.34792993484450985
3500,4.768427673447805,0.10173259272209344,0.10156053428922496,0.050779426377239714,0.04141610045032945,0.15086848119973678,0.34792840535954445
3501,4.768427673447804,0.10173259096494253,0.10156053210792114,0.050779392444415705,0.041414857624395646,0.1508466670765025,0.347926876535296
3502,4.768427673447805,0.10173258920855047,0.10156052992755933,0.050779375951955766,0.04141361627504613,0.15082493893880514,0.34792534837128974
3503,4.768427673447805,0.10173258745291669,0.10156052774813888,0.05077934204591173,0.04141237640108548,0.15080314363915057,0.3479238208670513
3504,4.768427673447805,0.10173258569804068,0.1015605255696591,0.05077930815450206,0.041411138001319535,0.1507813926247208,0.3479222940221069
3505,4.768427673447805,0.10173258394392189,0.10156052339211931,0.05077929142648549,0.04140990107455539,0.1507596712212697,0.34792076783598314
3506,4.768427673447806,0.10173258219055978,0.10156052121551884,0.05077926150362571,0.04140866561960138,0.150737920438527,0.34791924230820714
3507,4.768427673447806,0.10173258086093086,0.10156051903985702,0.05077922765301224,0.04140743539990147,0.1507162104729605,0.3479177174383065
3508,4.768427673447806,0.10173257910901941,0.10156051686513318,0.05077919381699248,0.041406182208461664,0.15069446211951687,0.3479161932258093
3509,4.768427673447806,0.10173257735786304,0.10156051469134662,0.050779184904877955,0.041404930494176095,0.15067279757644336,0.3479146696702441
3510,4.768427673447807,0.10173257560746118,0.10156051251849671,0.050779156142856705,0.041403680255851706,0.15065115982365274,0.3479131467711399
3511,4.768427673447806,0.10173257385781334,0.10156051034658276,0.05077912355180781,0.04140243149229673,0.15062959840073914,0.3479116245280262
3512,4.768427673447806,0.10173257210891892,0.10156050817560408,0.05077908976956777,0.041401184202320626,0.1506080767678894,0.34791010294043295
3513,4.768427673447806,0.10173257036077742,0.10156050600556002,0.05077905600187114,0.0413999383847341,0.15058649506325456,0.3479085822569113
3514,4.768427673447806,0.10173256861338828,0.1015605038364499,0.05077902224870751,0.04139869403834914,0.15056481030199956,0.34790706197891486
3515,4.768427673447806,0.10173256686675096,0.10156050166827306,0.05077898851006649,0.04139745116197895,0.15054312732967762,0.34790554235503157
3516,4.768427673447806,0.10173256512086494,0.10156049950102884,0.05077895478593768,0.04139620975443798,0.15052145368398373,0.34790402338479326
3517,4.768427673447806,0.10173256337572967,0.10156049733471657,0.05077892107631068,0.04139496981454193,0.15049991813120436,0.3479025050677323
3518,4.768427673447806,0.10173256163134463,0.10156049516933557,0.050778887381175135,0.041393731341107756,0.15047827146043277,0.3479009874033815
3519,4.768427673447806,0.10173255988770925,0.10156049300488519,0.050778853700520675,0.04139249433295363,0.15045665426205357,0.347899470391274
3520,4.768427673447806,0.10173255814482304,0.10156049084136476,0.05077882003433695,0.041391247588643855,0.15043501783238813,0.34789795403094353
3521,4.768427673447806,0.10173255640268543,0.10156048867877358,0.05077881226938109,0.04139000231206498,0.1504133906960611,0.3478964383219243
3522,4.768427673447806,0.10173255466129588,0.10156048651711104,0.0507787786283873,0.04138875850203545,0.15039177284643243,0.34789492326375093
3523,4.768427673447806,0.10173255292065388,0.10156048435637645,0.05077874500183483,0.041387516157374966,0.1503701642768687,0.34789340885595854
3524,4.768427673447806,0.1017325511807589,0.10156048219656914,0.0507787113897134,0.04138627527690446,0.15034858138983398,0.34789189509808277
3525,4.768427673447806,0.10173254944161039,0.10156048003768849,0.05077867779201268,0.04138503786699357,0.15032699135817018,0.34789038198965955
3526,4.768427673447806,0.10173254770320782,0.1015604778797338,0.050778644208722384,0.04138380191805714,0.1503054105867119,0.3478888695302254
3527,4.768427673447806,0.10173254596555066,0.10156047572270441,0.050778610639832245,0.04138256742892044,0.1502839767711997,0.3478873577193174
3528,4.768427673447806,0.10173254422863837,0.10156047356659965,0.05077859790399325,0.041381334398409915,0.15026255273663486,0.3478858465564728
3529,4.768427673447806,0.10173254249247042,0.1015604714114189,0.05077856436088646,0.04138009245394807,0.15024099966659832,0.3478843360412296
3530,4.768427673447806,0.1017325407570463,0.10156046925716146,0.0507785308321503,0.04137885197021236,0.150219455830396,0.34788282617312605
3531,4.768427673447806,0.10173253902236544,0.1015604671038267,0.05077849731777455,0.0413776129460298,0.15019792122144726,0.347881316951701
3532,4.768427673447806,0.10173253728842735,0.10156046495141395,0.05077847573933534,0.04137637538022856,0.15017639583317804,0.3478798083764938
3533,4.768427673447806,0.10173253555523148,0.10156046279992256,0.05077844225194167,0.041375139271638085,0.15015501996343747,0.347878300447044
3534,4.768427673447806,0.1017325338227773,0.10156046064935188,0.050778408778878466,0.04137390461908902,0.1501337117818814,0.34787679316289194
3535,4.768427673447807,0.10173253209106431,0.10156045849970124,0.05077837532013553,0.04137266585942105,0.15011234267395357,0.3478752865235782
3536,4.768427673447807,0.10173253036009194,0.10156045635096998,0.050778341875702675,0.04137142855583827,0.1500909714682331,0.3478737805286438
3537,4.768427673447807,0.10173252862985971,0.10156045420315747,0.050778308445569714,0.0413701927071733,0.15006963859174552,0.3478722751776305
3538,4.768427673447807,0.10173252693587045,0.10156045205626303,0.05077827502972648,0.041368958312259965,0.15004824931170632,0.3478707704700801
3539,4.768427673447806,0.10173252520711179,0.10156044991028604,0.050778241628162815,0.041367725086859396,0.15002690147025688,0.3478692664055351
3540,4.768427673447807,0.10173252347909166,0.10156044776522581,0.05077820824086856,0.0413664933130027,0.15000564978805656,0.3478677629835386
3541,4.768427673447807,0.10173252175180955,0.10156044562108173,0.050778174867833585,0.04136526298952725,0.14998454782336662,0.3478662602036338
3542,4.768427673447808,0.10173252002526492,0.1015604434778531,0.05077814150904775,0.04136402792796602,0.14996317198091522,0.3478647580653646
3543,4.768427673447808,0.10173251829945726,0.10156044133553932,0.05077810816450094,0.04136279339358435,0.14994174737032312,0.3478632565682752
3544,4.768427673447807,0.10173251657438605,0.1015604391941397,0.05077807483418304,0.04136156030913659,0.14992047564563768,0.34786175571191047
3545,4.768427673447807,0.10173251485005075,0.10156043705365363,0.050778041518083954,0.0413603286734628,0.14989913079663694,0.34786025549581545
3546,4.768427673447807,0.10173251312645086,0.10156043491408043,0.05077800821619359,0.04135909848540427,0.14987773356446318,0.3478587559195359
3547,4.768427673447807,0.10173251140358584,0.10156043277541946,0.05077797492850187,0.04135786974380347,0.1498563454552442,0.3478572569826179
3548,4.768427673447807,0.10173250968145518,0.10156043063767008,0.05077794165499872,0.04135663783839639,0.1498349664625096,0.3478557586846079
3549,4.768427673447807,0.10173250796005835,0.10156042850083162,0.05077791732601308,0.04135540645792907,0.14981362605777848,0.34785426102505285
3550,4.768427673447807,0.10173250623939484,0.10156042636490346,0.0507778840795836,0.0413541765228092,0.14979234723033266,0.34785276400350035
3551,4.768427673447807,0.10173250451946411,0.10156042422988495,0.05077785084731307,0.041352948031882386,0.14977099553240983,0.34785126761949814
3552,4.768427673447807,0.10173250280026566,0.10156042209577545,0.05077781762919147,0.04135172098399545,0.14974968951752057,0.3478497718725947
3553,4.768427673447807,0.10173250108179897,0.1015604199625743,0.0507777844252088,0.041350495377996406,0.149728355989294,0.34784827676233865
3554,4.768427673447808,0.10173249936406352,0.10156041783028086,0.05077776493848873,0.04134927121273445,0.14970703153887302,0.34784678228827937
3555,4.768427673447807,0.10173249764705879,0.10156041569889449,0.05077773176080278,0.041348048487059995,0.1496857161598321,0.3478452884499664
3556,4.768427673447808,0.10173249593078426,0.10156041356841457,0.050777698597226584,0.04134682719982464,0.14966440984575197,0.34784379524695
3557,4.768427673447808,0.10173249421523943,0.10156041143884043,0.05077766923504886,0.04134560734988115,0.14964311259021967,0.3478423026787807
3558,4.768427673447808,0.10173249250042377,0.10156040931017145,0.050777659797825156,0.04134438893608352,0.1496218421608529,0.34784081074500944
3559,4.768427673447807,0.10173249078633674,0.10156040718240697,0.05077762667260934,0.04134317195728691,0.14960056300067512,0.3478393194451877
3560,4.768427673447807,0.10173248907297787,0.10156041681381227,0.050777593561465065,0.04134195641234767,0.14957929287984556,0.3478378287788674
3561,4.768427673447807,0.10173248736034662,0.10156041468618357,0.05077756046438237,0.04134074230012333,0.14955803179197666,0.3478363387456008
3562,4.768427673447806,0.10173248880655894,0.10156041255945819,0.050777527381351335,0.0413395176999719,0.1495367797306871,0.3478348493449408
3563,4.768427673447806,0.10173248709493278,0.10156041441130792,0.050777494312362025,0.0413382945353131,0.14951553668960194,0.3478333605764406
3564,4.768427673447806,0.10173248538403289,0.10156041228582233,0.05077746125740454,0.04133707280500444,0.14949430266235247,0.34783187243965386
3565,4.768427673447805,0.10173248367385875,0.10156041016123837,0.05077742821646895,0.0413358525079046,0.149473105644441,0.34783038493413465
3566,4.768427673447805,0.10173248196440987,0.10156040803755541,0.050777395189545396,0.041334633642873465,0.1494519300898498,0.34782889805943756
3567,4.768427673447805,0.10173248025568575,0.1015604059147728,0.050777362176623965,0.041333416208772074,0.14943072305624303,0.3478274118151175
3568,4.768427673447805,0.10173247854768584,0.10156040379288991,0.05077732917769479,0.041332200204462675,0.14940958615253055,0.34782592620073005
3569,4.768427673447806,0.10173247684040966,0.10156040167190612,0.05077729619274801,0.04133098562880866,0.1493883970807713,0.34782444121583095
3570,4.768427673447805,0.10173247513385668,0.10156040093699045,0.05077726322177376,0.041329772480674605,0.14936724446037195,0.34782295685997644
3571,4.768427673447805,0.1017324734280264,0.1015603988176066,0.050777230264762205,0.04132856075892627,0.14934612418886342,0.34782147313272344
3572,4.768427673447805,0.10173247172291831,0.10156039669912004,0.05077719732170351,0.041327350462430586,0.1493251653509368,0.34781999003362896
3573,4.768427673447805,0.10173247001853189,0.10156039458153011,0.05077716439258784,0.04132614159005563,0.14930401964411522,0.34781850756225074
3574,4.768427673447805,0.10173246831486665,0.10156039246483617,0.05077713147740537,0.041324934140670684,0.14928287534703588,0.34781702571814677
3575,4.768427673447806,0.10173246661192208,0.10156039034903763,0.05077709857614631,0.041323716258902306,0.14926173999417514,0.3478155445008755
3576,4.768427673447806,0.10173246490969767,0.10156038823413382,0.05077706568880086,0.04132249980287899,0.1492406135792392,0.34781406390999586
3577,4.768427673447805,0.1017324632081929,0.10156038612012415,0.05077703281535922,0.04132128477146999,0.1492194960959405,0.34781258394506726
3578,4.768427673447805,0.10173246150740728,0.10156038537374018,0.05077699995581163,0.041320071163545705,0.14919838753799766,0.3478111046056494
3579,4.768427673447804,0.1017324598073403,0.10156038326132356,0.050776967110148306,0.04131885897797768,0.1491773368499518,0.3478096258913026
3580,4.768427673447805,0.10173245810799146,0.10156038114979928,0.05077693427835949,0.04131764821363866,0.14915639577182058,0.3478081478015874
3581,4.768427673447804,0.10173245640936024,0.10156037903916668,0.05077690146043544,0.041316433414692676,0.14913537130414495,0.347806670336065
3582,4.768427673447805,0.10173245471144615,0.10156037692942514,0.05077687615772962,0.0413152200370275,0.14911429834876905,0.34780519349429684
3583,4.768427673447805,0.10173245301424869,0.10156037482057405,0.05077684336644623,0.04131400807951771,0.1490932342874498,0.34780371727584486
3584,4.768427673447805,0.10173245131776734,0.10156037271261277,0.050776810588998876,0.041312797541039066,0.1490721791139428,0.34780224168027146
3585,4.768427673447806,0.1017324496220016,0.10156037060554068,0.050776777825377824,0.041311588420468455,0.14905113282200969,0.34780076670713944
3586,4.768427673447806,0.10173244792695099,0.10156036895103941,0.05077674507557337,0.04131038071668396,0.14903015127245045,0.3477992923560121
3587,4.768427673447805,0.10173244623261499,0.1015603668456801,0.05077671233957585,0.04130917442856479,0.14900912271709166,0.3477978186264529
3588,4.768427673447805,0.10173244453899309,0.10156036474120811,0.05077668454491807,0.04130796955499131,0.14898818097639413,0.34779634551802613
3589,4.768427673447805,0.1017324428460848,0.10156036263762286,0.05077665646237545,0.04130676609484504,0.14896717012962632,0.3477948730302962
3590,4.768427673447805,0.10173244115388963,0.1015603605349237,0.05077662376639372,0.041305564047008664,0.14894616813334044,0.34779340116282814
3591,4.768427673447805,0.10173243946240706,0.10156035843311004,0.0507765910841808,0.041304363410365974,0.14892517498133473,0.34779192991518726
3592,4.768427673447805,0.10173243777163661,0.10156035633218123,0.050776558415727036,0.04130315422612878,0.14890419066741362,0.34779045928693936
3593,4.768427673447805,0.10173243608157777,0.10156035423213666,0.050776525761022796,0.04130194645504735,0.1488832171230002,0.3477889892776506
3594,4.768427673447805,0.10173243439223005,0.10156035213297572,0.05077649312005846,0.04130074009600602,0.14886225046641274,0.3477875198868878
3595,4.768427673447806,0.10173243270359293,0.10156035003469777,0.05077646049282441,0.041299535147890226,0.1488414051076705,0.3477860511142178
3596,4.768427673447805,0.10173243101566595,0.1015603479373022,0.05077644372094417,0.0412983316095866,0.1488205533080871,0.3477845829592083
3597,4.768427673447805,0.10173242932844859,0.10156034584078841,0.050776411118912824,0.04129712947998287,0.1487996482437027,0.34778311542142704
3598,4.768427673447806,0.10173242764194033,0.10156034374515577,0.05077637853058389,0.04129592875796794,0.14877890923777431,0.3477816485004425
3599,4.768427673447806,0.10173242595614074,0.10156034165040367,0.050776345955947814,0.041294729442431836,0.14875830590273512,0.34778018219582346
3600,4.768427673447806,0.10173242427104927,0.10156033955653147,0.050776313394995,0.041293531532265726,0.1487377348844407,0.347778716507139
3601,4.768427673447806,0.10173242258666543,0.1015603374635386,0.050776280847715904,0.04129233502636191,0.14871721001183597,0.3477772514339587
3602,4.768427673447806,0.10173242090298874,0.1015603353714244,0.050776248314100964,0.04129113992361384,0.14869658920734186,0.34777578697585276
3603,4.768427673447806,0.1017324192200187,0.10156033328018829,0.05077621579414064,0.041289946222916075,0.14867608600435242,0.34777432313239154
3604,4.768427673447805,0.10173241753775482,0.10156033118982964,0.050776183287825405,0.04128875392316433,0.14865562990290573,0.3477728599031458
3605,4.768427673447805,0.1017324158561966,0.10156032910034783,0.050776150795145726,0.04128756302325542,0.1486353204058515,0.34777139728768697
3606,4.768427673447805,0.10173241417534358,0.10156032701174227,0.050776118316092085,0.04128637352208732,0.14861510554017565,0.34776993528558664
3607,4.768427673447805,0.10173241249519523,0.10156032492401235,0.05077608585065498,0.04128518541855913,0.14859487247117295,0.34776847389641696
3608,4.768427673447805,0.10173241081575106,0.10156032283715744,0.050776053398824926,0.04128399871157104,0.1485746143941221,0.3477670131197505
3609,4.768427673447805,0.1017324091370106,0.10156032075117692,0.05077602096059242,0.04128279811361923,0.14855447826335466,0.34776555295516015
3610,4.768427673447805,0.10173240745897333,0.10156031866607021,0.050775988535948,0.04128159891641467,0.14853427978067718,0.34776409340221937
3611,4.768427673447804,0.1017324057816388,0.10156031658183669,0.05077595612488218,0.041280399323825455,0.1485140669355367,0.3477626344605019
3612,4.768427673447804,0.10173240410500649,0.10156031449847575,0.050775923727385514,0.04127920113053438,0.1484937742287345,0.3477611761295819
3613,4.768427673447803,0.10173240242907591,0.10156031241598679,0.050775891343448544,0.04127800433544229,0.14847330838893633,0.3477597184090341
3614,4.768427673447804,0.10173240075384661,0.10156031033436917,0.05077585897306184,0.041276808937451163,0.14845282827912498,0.3477582612984334
3615,4.768427673447803,0.10173239907931805,0.10156030825362233,0.050775826616215956,0.04127561493546408,0.14843247259648998,0.3477568047973554
3616,4.768427673447803,0.10173239740548978,0.10156030617374565,0.05077581304674695,0.041274417849220826,0.14841199067400493,0.34775534890537574
3617,4.768427673447804,0.1017323957323613,0.10156030409473851,0.05077581167891611,0.0412732221586638,0.14839160714015748,0.34775389362207093
3618,4.768427673447804,0.10173239405993212,0.10156030201660032,0.05077577935567885,0.041272027862698145,0.14837113327677656,0.3477524389470175
3619,4.768427673447804,0.10173239238820175,0.10156029993933045,0.050775747045947686,0.04127083496023012,0.14835049301919484,0.34775098487979267
3620,4.768427673447805,0.10173239071716972,0.10156029786292835,0.050775714749713236,0.04126963987304549,0.14832975234400658,0.3477495314199738
3621,4.768427673447804,0.10173238904683551,0.10156029578739335,0.05077568246696612,0.0412684461786682,0.1483090358705567,0.34774807856713885
3622,4.768427673447804,0.10173238737719868,0.10156029371272489,0.050775656188578176,0.04126725387600682,0.14828831251033722,0.3477466263208661
3623,4.768427673447804,0.10173238570825872,0.10156029163892236,0.050775623931940746,0.04126606296397102,0.1482675977996688,0.34774517468073446
3624,4.768427673447803,0.10173238404001515,0.10156028956598515,0.05077559168876292,0.04126487344147158,0.14824689173254588,0.34774372364632294
3625,4.768427673447803,0.10173238237246751,0.10156028749391267,0.05077557421974159,0.04126368530742041,0.14822619430296877,0.3477422732172111
3626,4.768427673447803,0.10173238070561527,0.10156028542270433,0.0507755420013947,0.04126249856073049,0.14820558357836455,0.3477408233929789
3627,4.768427673447803,0.10173237903945799,0.1015602833523595,0.05077550979648027,0.04126131320031594,0.1481849168162317,0.34773937417320677
3628,4.768427673447803,0.10173237737399517,0.1015602812828776,0.050775477604988975,0.041260129225091965,0.14816443480936947,0.3477379255574754
3629,4.768427673447803,0.10173237570922633,0.10156027921425805,0.05077544542691153,0.041258946633974884,0.1481439511242603,0.3477364775453661
3630,4.768427673447802,0.10173237404515098,0.10156027714650022,0.05077541326223861,0.04125776542588211,0.14812340880995364,0.3477350301364603
3631,4.768427673447802,0.10173237238176865,0.10156027507960352,0.050775381110960936,0.04125658559973215,0.1481028101372021,0.3477335833303401
3632,4.768427673447802,0.10173237071907887,0.10156027301356738,0.05077534897306924,0.04125540715444465,0.14808217291663794,0.34773213712658785
3633,4.768427673447802,0.10173236905708113,0.10156027094839117,0.05077533381088027,0.041254230088940295,0.14806159701796046,0.34773069152478636
3634,4.768427673447802,0.10173236739577497,0.10156026888407431,0.05077533664072067,0.041253042256113925,0.14804103454878503,0.34772924652451886
3635,4.768427673447803,0.10173236573515994,0.1015602668206162,0.05077530453570488,0.04125185460761155,0.14802042306440474,0.34772780212536897
3636,4.768427673447802,0.1017323640752355,0.10156026475801623,0.05077527244404103,0.04125066834120864,0.14799984766038307,0.3477263583269207
3637,4.768427673447802,0.10173236241600121,0.10156026269627384,0.050775240365719884,0.04124948451069038,0.14797931332112638,0.34772491512875847
3638,4.768427673447802,0.10173236075745659,0.10156026063538842,0.05077520830073222,0.041248302059676736,0.14795873345333954,0.3477234725304671
3639,4.768427673447802,0.10173235909960116,0.10156025857535939,0.050775176249068806,0.041247120987091435,0.14793825628503854,0.3477220305316317
3640,4.768427673447802,0.10173235744243445,0.10156025651618614,0.05077514421072044,0.04124594129185932,0.14791768757437873,0.34772058913183806
3641,4.768427673447802,0.10173235578595596,0.10156025445786807,0.05077511218567793,0.041244762972906315,0.1478972461680095,0.34771914833067213
3642,4.7684276734478015,0.10173235413016525,0.10156025240040462,0.05077508017393206,0.04124358602915943,0.14787687203015223,0.3477177081277203
3643,4.7684276734478015,0.10173235247506182,0.10156025034379518,0.05077504817547367,0.041242410459546755,0.14785653941293037,0.3477162685225694
3644,4.7684276734478015,0.10173235082064519,0.10156024828803917,0.050775016190293565,0.04124122723862374,0.14783602849165875,0.3477148295148067
3645,4.7684276734478015,0.10173234916691491,0.10156024623313598,0.05077500191575182,0.04124004539343817,0.14781554364875582,0.34771339110401983
3646,4.7684276734478015,0.10173234751387049,0.10156024417908503,0.050774969954644325,0.04123886492291881,0.1477950260246855,0.34771195328979676
3647,4.7684276734478015,0.10173234586151148,0.10156024212588576,0.050774938006788665,0.04123768317319764,0.14777451690771376,0.3477105160717259
3648,4.7684276734478015,0.10173234420983736,0.10156024007353755,0.05077490607217571,0.041236502797103086,0.14775401629197296,0.3477090794493961
3649,4.7684276734478015,0.1017323425588477,0.10156023802203983,0.050774874150796324,0.041235323793566404,0.1477335241716011,0.3477076434223966
3650,4.768427673447801,0.10173234090854202,0.10156023597139201,0.05077484224264139,0.04123414351200542,0.14771315623615594,0.3477062079903169
3651,4.768427673447801,0.10173233925891985,0.1015602339215935,0.05077481034770178,0.041232964601965405,0.14769268107292155,0.34770477315274706
3652,4.768427673447801,0.10173233760998071,0.1015602318726437,0.05077477846596841,0.04123178529761472,0.14767221438751063,0.3477033389092775
3653,4.768427673447801,0.10173233596172412,0.10156022982454206,0.05077474659743216,0.041230609211808704,0.14765184242134907,0.347701905259499
3654,4.768427673447801,0.10173233431414964,0.10156022777728797,0.05077471474208396,0.04122943449429318,0.1476314005176014,0.3477004722030027
3655,4.768427673447801,0.10173233266725679,0.10156022573088086,0.05077470398378849,0.041228261144005136,0.1476109643940455,0.3476990397393802
3656,4.768427673447801,0.10173233102104506,0.10156022368532014,0.050774706166764966,0.04122708915988264,0.14759056222026273,0.3476976078682235
3657,4.768427673447801,0.10173232937551403,0.10156022164060523,0.05077469434423667,0.04122591854086483,0.1475701381924662,0.3476961765891249
3658,4.768427673447801,0.10173232773066322,0.10156021959673556,0.050774662531161543,0.04122474334678142,0.1475497222335424,0.3476947459016772
3659,4.768427673447801,0.10173232608649217,0.10156021755371054,0.05077463073123345,0.041223570335683156,0.14752931471169137,0.3476933158054736
3660,4.768427673447801,0.1017323244430004,0.10156021551152959,0.05077459894444335,0.04122239868862833,0.14750896425955218,0.34769188630010756
3661,4.768427673447801,0.10173232280018744,0.1015602134701921,0.05077456717078221,0.04122122840455891,0.1474885735877282,0.34769045738517307
3662,4.768427673447801,0.10173232115805282,0.10156021142969754,0.05077453541024101,0.04122005396190957,0.14746819133559586,0.34768902906026433
3663,4.768427673447801,0.10173231951659609,0.1015602093900453,0.05077450366281074,0.04121888000407675,0.14744781749737168,0.34768760132497617
3664,4.768427673447801,0.10173231787581677,0.1015602073512348,0.050774486658654285,0.04121770653072752,0.14742745206727767,0.34768617417890363
3665,4.7684276734478,0.1017323162357144,0.10156020531326548,0.05077445493538491,0.041216534419142394,0.14740709503954144,0.3476847476216423
3666,4.768427673447801,0.10173231459628852,0.10156020327613675,0.05077442322520032,0.04121536366826657,0.14738674640839614,0.3476833216527879
3667,4.768427673447801,0.10173231295753866,0.10156020123984805,0.05077439152809154,0.041214194277046354,0.14736654301755642,0.34768189627193685
3668,4.768427673447801,0.10173231131946436,0.10156019920439878,0.05077435984404959,0.04121302273758247,0.14734639663109195,0.34768047147868564
3669,4.7684276734478,0.10173230968206518,0.10156019716978837,0.05077432817306552,0.04121185255711518,0.14732625525228887,0.34767904727263144
3670,4.7684276734478,0.1017323080453406,0.10156019513601626,0.050774296515130365,0.04121068198284751,0.14730597676255125,0.3476776236533716
3671,4.7684276734478,0.10173230640929022,0.10156019310308187,0.050774264870235196,0.0412095118907422,0.1472856699534679,0.347676200620504
3672,4.7684276734478,0.10173230477391354,0.10156019107098462,0.050774233238371075,0.041208343155563584,0.14726544555612164,0.34767477817362674
3673,4.7684276734478,0.1017323031392101,0.10156018903972393,0.05077420161952906,0.04120717577626257,0.14724530998720203,0.3476733563123385
3674,4.7684276734478,0.10173230150517944,0.10156018700929924,0.05077417001370025,0.04120600975179107,0.14722531883857132,0.3476719350362381
3675,4.7684276734478,0.10173229987182111,0.10156018497970996,0.050774138420875733,0.04120484508110211,0.1472053318173932,0.347670514344925
3676,4.7684276734478,0.10173229823913466,0.10156018295095554,0.0507741068410466,0.041203681763149716,0.1471853459786439,0.34766909423799897
3677,4.768427673447801,0.1017322966071196,0.1015601809230354,0.050774075274203974,0.04120251979688899,0.14716538756928166,0.34766767471506016
3678,4.768427673447801,0.10173229497577548,0.10156017889594897,0.05077404372033895,0.041201359300449936,0.14714544162442983,0.34766625577570887
3679,4.7684276734478015,0.10173229334510187,0.10156017686969569,0.050774012179442676,0.041200200153566895,0.14712539918478104,0.3476648374195461
3680,4.768427673447801,0.10173229171509827,0.10156017484427497,0.05077398065150627,0.041199042355198154,0.1471055238111221,0.3476634196461732
3681,4.7684276734478015,0.10173229008576426,0.10156017281968624,0.05077394913652086,0.041197885904303025,0.14708571976788856,0.34766200245519163
3682,4.7684276734478015,0.10173228845709935,0.10156017079592894,0.0507739226347643,0.04119673079984187,0.14706598141265828,0.3476605858462036
3683,4.7684276734478015,0.1017322868291031,0.10156016877300252,0.0507739083460939,0.04119557704077608,0.1470462169803799,0.34765916981881134
3684,4.7684276734478015,0.10173228520177503,0.10156016675090637,0.050773876866858865,0.0411944246260681,0.14702652467045732,0.3476577543726177
3685,4.768427673447801,0.10173228357511473,0.10156016472963998,0.05077384540054074,0.04119327355468142,0.1470068486952782,0.34765633950722596
3686,4.7684276734478015,0.1017322819491217,0.10156016270920273,0.05077381394713071,0.041192123825580546,0.1469871286644021,0.3476549252222395
3687,4.7684276734478015,0.10173228032379553,0.1015601606895941,0.05077379927426676,0.04119096138885001,0.14696721058473802,0.3476535115172623
3688,4.7684276734478015,0.1017322786991357,0.10156016167889566,0.05077379654324331,0.04118980029809742,0.146947279515774,0.3476520983918987
3689,4.7684276734478015,0.10173227707514182,0.10156016727481597,0.05077376512226806,0.04118864055228648,0.1469272840643217,0.3476506858457533
3690,4.768427673447801,0.10173227545181339,0.10156016525623303,0.05077375523786267,0.04118748215038191,0.1469072038624116,0.3476492738784312
3691,4.7684276734478015,0.10173227382914997,0.10156016323847701,0.05077372383967861,0.04118632509134949,0.14688706242131544,0.3476478624895379
3692,4.768427673447801,0.10173227220715113,0.10156016122154739,0.05077369245435369,0.04118516937415601,0.14686699696380937,0.3476464516786791
3693,4.7684276734478015,0.10173227361281642,0.10156015920544355,0.05077366455605491,0.04118401499776932,0.14684687777177896,0.34764504144546104
3694,4.768427673447801,0.10173227199173067,0.10156015719016498,0.050773645244674336,0.04118286244036308,0.14682681490042,0.3476436317894902
3695,4.7684276734478015,0.1017322703713083,0.10156015517571108,0.050773613895748415,0.04118171122150629,0.1468068396860349,0.34764222271037365
3696,4.7684276734478015,0.10173226875154885,0.10156015316208132,0.050773593466945356,0.04118056134017,0.14678691863162138,0.3476408142077186
3697,4.7684276734478015,0.10173226713245188,0.10156015114927511,0.05077356214216774,0.0411794127953263,0.14676691241613007,0.34763940628113266
3698,4.7684276734478015,0.10173226551401693,0.10156014913729192,0.05077353083019829,0.04117825557651933,0.14674682852778667,0.34763799893022407
3699,4.7684276734478015,0.10173226389624354,0.10156014712613115,0.0507734995310283,0.041177099696243766,0.1467267528491749,0.3476365921546011
3700,4.7684276734478015,0.10173226227913128,0.10156014511579227,0.05077346824464906,0.041175945153472,0.14670668537471207,0.3476351859538726
3701,4.7684276734478015,0.10173226066267968,0.1015601431062747,0.05077343986942993,0.04117479235653543,0.14668664980592971,0.34763378032764775
3702,4.768427673447802,0.1017322590468883,0.10156014109757792,0.05077340860820993,0.041173640894883276,0.14666666904071454,0.3476323752755361
3703,4.7684276734478015,0.1017322574317567,0.10156013908970134,0.05077337735975479,0.04117249076749113,0.1466467631612893,0.34763097079714755
3704,4.7684276734478015,0.10173225581728441,0.1015601370826444,0.050773346124055825,0.04117134197333556,0.14662691303685266,0.3476295668920924
3705,4.7684276734478015,0.10173225420347104,0.10156013507640659,0.050773314901104385,0.0411701880563523,0.14660710935995488,0.34762816355998133
3706,4.7684276734478015,0.10173225259031607,0.10156013307098728,0.050773283690891804,0.04116903547319549,0.14658720732420633,0.34762676080042526
3707,4.7684276734478015,0.1017322509778191,0.10156013106638598,0.0507732689209226,0.041167885055864356,0.14656728845675837,0.34762535861303573
3708,4.7684276734478015,0.10173224936597966,0.10156012906260209,0.050773237733919944,0.041166735969976706,0.14654728629966954,0.3476239569974243
3709,4.768427673447802,0.10173224775479732,0.10156012705963509,0.05077320655963116,0.04116558821451264,0.14652729229677042,0.34762255595320335
3710,4.7684276734478015,0.10173224614427161,0.1015601250574844,0.05077317539804761,0.04116444178845329,0.14650730644253104,0.3476211554799852
3711,4.7684276734478015,0.10173224453440212,0.10156012305614948,0.0507731442491607,0.04116329669078081,0.1464873287314267,0.3476197555773828
3712,4.7684276734478015,0.10173224292518837,0.10156012105562975,0.05077311311296181,0.041162152920478354,0.14646746617908699,0.3476183562450093
3713,4.7684276734478015,0.10173224131662993,0.10156011905592471,0.050773081989442345,0.041161010476530084,0.1464475284170129,0.3476169574824784
3714,4.7684276734478015,0.10173223970872636,0.10156011705703377,0.05077305087859371,0.04115986935792118,0.14642771281485842,0.34761555928940396
3715,4.768427673447802,0.10173223810147722,0.10156011505895637,0.05077301978040734,0.04115872956363782,0.14640778654945327,0.3476141616654004
3716,4.768427673447802,0.10173223649488206,0.10156011306169202,0.05077298869487465,0.04115759109266721,0.1463878494322079,0.34761276461008234
3717,4.7684276734478015,0.10173223488894043,0.1015601110652401,0.05077295762198707,0.04115645394399754,0.14636805195669558,0.3476113681230649
3718,4.7684276734478015,0.1017322332836519,0.10156010906960007,0.05077292656173605,0.04115531811661801,0.14634813103628533,0.3476099722039635
3719,4.7684276734478015,0.10173223167901602,0.10156010707477142,0.05077289551411304,0.041154183609518835,0.14632835230945043,0.34760857685239394
3720,4.7684276734478015,0.10173223007503235,0.10156010508075357,0.050772864479109496,0.04115305042169122,0.14630844756361897,0.34760718206797225
3721,4.768427673447801,0.10173222847170045,0.10156010308754598,0.0507728334567169,0.041151918552127374,0.1462886507640453,0.34760578785031515
3722,4.7684276734478015,0.10173222686901989,0.1015601010951481,0.05077281631959895,0.041150787999820505,0.1462687875465683,0.34760439419903943
3723,4.7684276734478015,0.10173222526699022,0.1015600991035594,0.05077281559828641,0.04114965876376482,0.14624899234855354,0.34760300111376224
3724,4.7684276734478015,0.10173222366561101,0.1015600971127793,0.050772809345873554,0.04114853084295553,0.14622922920789538,0.34760160859410133
3725,4.7684276734478015,0.1017322220648818,0.10156009512280728,0.050772778364482476,0.041147404236388824,0.1462093648050258,0.3476002166396746
3726,4.7684276734478015,0.10173222046480218,0.10156009313364281,0.05077274739566359,0.041146278943061915,0.14618950846309378,0.3475988252501004
3727,4.768427673447801,0.10173221886537168,0.10156009114528529,0.05077271643940841,0.04114515496197298,0.14616966017665753,0.34759743442499724
3728,4.768427673447801,0.10173221726658987,0.10156008915773422,0.05077268549570845,0.04114403229212119,0.14614981994028056,0.34759604416398443
3729,4.768427673447801,0.10173221566845633,0.10156008717098904,0.05077265456455524,0.04114291093250674,0.14613012590242788,0.34759465446668125
3730,4.7684276734478,0.10173221582074327,0.10156008518504922,0.05077262364594033,0.04114179088213078,0.14611032382179595,0.34759326533270746
3731,4.768427673447801,0.10173221895365879,0.10156008319991419,0.050772592739855245,0.04114067213999546,0.14609050768129817,0.3475918767616832
3732,4.768427673447801,0.10173221735658886,0.10156008121558344,0.05077256184629155,0.04113955470510392,0.14607069956917348,0.34759048875322895
3733,4.768427673447801,0.10173221576016578,0.1015600792320564,0.05077253096524081,0.041138438576460275,0.1460508994800109,0.34758910130696546
3734,4.768427673447801,0.10173221416438914,0.10156007724933254,0.05077250009669458,0.04113732252297159,0.14603110740840455,0.3475877144225141
3735,4.7684276734478015,0.1017322125692585,0.10156007526741131,0.050772489435064384,0.04113620578020367,0.1460113233489537,0.34758632809949636
3736,4.7684276734478015,0.10173221097477343,0.1015600732862922,0.05077245858876677,0.041135066254035665,0.1459915472962626,0.34758494233753406
3737,4.768427673447801,0.10173220938093347,0.10156007130597464,0.050772439042684206,0.041133928041191606,0.14597177924494062,0.3475835571362495
3738,4.768427673447801,0.10173220778773823,0.10156006932645811,0.05077243560730815,0.0411327911406731,0.14595201918960232,0.34758217249526535
3739,4.7684276734478,0.10173220619518723,0.10156006734774205,0.05077240479319266,0.04113165555148273,0.14593236368845325,0.3475807884142046
3740,4.768427673447801,0.10173220460328006,0.10156006536982594,0.05077237399153448,0.041130521272624065,0.145912716514358,0.34757940489269057
3741,4.768427673447801,0.10173220301201628,0.10156006339270922,0.05077235479473792,0.04112938830310165,0.14589304477640339,0.34757802193034687
3742,4.768427673447801,0.10173220142139547,0.10156006141639137,0.05077234614900935,0.041128256641921025,0.14587338765184218,0.3475766395267976
3743,4.768427673447801,0.10173219983141718,0.10156005944087186,0.05077231538011391,0.041127126288088706,0.1458536674513624,0.34757525768166714
3744,4.768427673447801,0.10173219824208098,0.10156005746615013,0.050772284623644165,0.04112599724061218,0.1458339552146772,0.3475738763945802
3745,4.768427673447801,0.10173219665338645,0.10156005549222567,0.05077225387959177,0.04112486949849992,0.14581432327845478,0.34757249566516196
3746,4.768427673447801,0.10173219506533315,0.10156005351909791,0.05077223179910073,0.04112374306076139,0.1457946269435414,0.3475711154930378
3747,4.7684276734478,0.10173219347792066,0.10156005154676635,0.05077220107868974,0.041122617926407,0.14577504866331106,0.3475697358778335
3748,4.7684276734478,0.10173219189114853,0.10156004957523043,0.05077217863190213,0.04112149409444816,0.14575551475478443,0.3475683568191753
3749,4.7684276734478,0.10173219030501635,0.10156004760448964,0.05077214793515345,0.04112037156389724,0.1457361327435443,0.34756697831668965
3750,4.7684276734478,0.10173218871952368,0.10156004563454343,0.050772117250781415,0.041119250333767586,0.14571658161953518,0.34756560037000345
3751,4.7684276734478,0.1017321871346701,0.10156004366539129,0.05077208657877773,0.04111813040307352,0.14569705426677632,0.34756422297874384
3752,4.7684276734478,0.10173218555045517,0.10156004169703264,0.050772055919134085,0.04111701177083033,0.1456775311169922,0.3475628461425384
3753,4.7684276734478,0.10173218396687847,0.101560039729467,0.05077202527184221,0.04111589443605428,0.14565789018112965,0.3475614698610151
3754,4.7684276734478,0.10173218238393958,0.10156003776269382,0.05077199463689381,0.041114778397762584,0.1456382571558389,0.34756009413380207
3755,4.768427673447801,0.10173218080163805,0.10156003579671254,0.05077196401428063,0.04111366365497343,0.1456186320358196,0.347558718960528
3756,4.7684276734478,0.10173217921997348,0.10156003383152265,0.0507719334039944,0.04111255020670598,0.14559901481577653,0.3475573443408218
3757,4.7684276734478,0.10173217763894542,0.10156003186712365,0.05077190280602687,0.04111143805198036,0.1455794054904194,0.34755597027431284
3758,4.768427673447801,0.10173217605855346,0.10156002990351497,0.050771872220369794,0.04111032718981764,0.14555980405446278,0.3475545967606306
3759,4.7684276734478,0.10173217447879716,0.10156002794069609,0.050771841647014926,0.04110921761923987,0.14554021050262633,0.3475532237994053
3760,4.768427673447801,0.10173217289967611,0.10156002597866648,0.050771811085954036,0.04110810933927006,0.14552065446799137,0.347551851390267
3761,4.7684276734478,0.10173217132118988,0.10156002401742564,0.0507717805371789,0.04110700234893217,0.1455011217641779,0.3475504795328466
3762,4.7684276734478,0.10173216974333804,0.10156002205697302,0.05077175000068131,0.04110589664725112,0.14548155182301703,0.34754910822677515
3763,4.768427673447801,0.10173216816612016,0.10156002009730809,0.05077171947645304,0.041104792233252786,0.14546198974490807,0.3475477374716839
3764,4.7684276734478,0.10173216658953584,0.10156001813843032,0.050771688964485896,0.041103689105964014,0.1454424355245952,0.34754636726720456
3765,4.7684276734478,0.10173216501358462,0.1015600161803392,0.0507716584647717,0.04110258726441259,0.14542288915682763,0.34754499761296925
3766,4.768427673447801,0.10173216343826612,0.10156001422303422,0.050771627977302246,0.04110148670762726,0.14540344744373324,0.3475436285086104
3767,4.768427673447801,0.10173216186357988,0.1015600122665148,0.050771597502069374,0.04110038743463771,0.14538400267133225,0.3475422599537607
3768,4.7684276734478,0.1017321602895255,0.10156001031078048,0.050771567039064894,0.041099289444474586,0.14536467048842727,0.34754089194805327
3769,4.7684276734478,0.10173215959890768,0.10156000835583066,0.05077153658828066,0.041098192736169485,0.14534530864684864,0.3475395244911215
3770,4.768427673447801,0.10173215802599726,0.10156000640166488,0.050771506149708504,0.041097094962744087,0.14532580139254753,0.34753815758259926
3771,4.768427673447801,0.10173215645371748,0.10156000463545055,0.05077147572334029,0.04109599847018336,0.1453063019594177,0.34753679122212056
3772,4.7684276734478,0.10173215488206791,0.10156000268282613,0.05077144530916786,0.041094903257521104,0.1452868103422426,0.3475354254093199
3773,4.768427673447801,0.10173215331104814,0.10156000073098417,0.0507714149071831,0.041093809323792085,0.14526732653581037,0.34753406014383215
3774,4.7684276734478,0.10173215174065774,0.10155999877992415,0.05077138451737788,0.041092716668031985,0.1452479890783154,0.34753269542529236
3775,4.7684276734478,0.10173215017089629,0.10155999958371954,0.05077135413974408,0.04109159481330464,0.1452285208591835,0.347531331253336
3776,4.7684276734478,0.1017321486017634,0.1015599976338528,0.0507713237742736,0.04109047424682315,0.1452090604351957,0.3475299676275991
3777,4.7684276734478,0.10173214703325863,0.10155999568476658,0.05077129923975504,0.041089354967617904,0.14518963108209273,0.3475286045477175
3778,4.7684276734478,0.10173214546538153,0.10155999373646037,0.050771268897807594,0.04108823697472026,0.14517019734731043,0.34752724201332785
3779,4.7684276734478,0.10173214682198985,0.10155999178893366,0.05077123856799948,0.041087116914303556,0.1451507602730148,0.3475258800240671
3780,4.7684276734478,0.10173214525497554,0.1015599898421859,0.0507712099166359,0.04108599813960105,0.14513133097312458,0.3475245185795723
3781,4.7684276734478,0.10173214368858784,0.10155998789621659,0.050771179610859245,0.04108487897477357,0.1451119831579758,0.34752315767948094
3782,4.7684276734478,0.1017321421228263,0.10155998595102521,0.050771149317197804,0.04108376025734994,0.14509256938152001,0.3475217973234309
3783,4.768427673447799,0.10173214055769056,0.10155998400661126,0.05077111903564352,0.04108264282374685,0.14507326347898833,0.34752043751106043
3784,4.768427673447799,0.10173213899318019,0.10155998206297419,0.05077108876618835,0.041081526672999774,0.14505386520179633,0.34751907824200806
3785,4.768427673447799,0.10173213742929474,0.10155998012011351,0.050771058508824234,0.04108041180414508,0.1450345471035228,0.34751771951591254
3786,4.768427673447799,0.10173213586603383,0.1015599781780287,0.05077102826354316,0.041079298216220125,0.1450151675450765,0.3475163613324132
3787,4.768427673447799,0.101732134303397,0.10155997623671924,0.050770998030337085,0.04107818590826316,0.1449959477470731,0.3475150036911494
3788,4.768427673447799,0.1017321327413839,0.10155997429618462,0.050770967809197994,0.041077074879313405,0.14497668850596598,0.3475136465917612
3789,4.768427673447799,0.10173213117999406,0.1015599723564243,0.05077093760011787,0.041075964768935894,0.14495747309388973,0.34751229003388867
3790,4.768427673447799,0.10173212961922709,0.1015599704174378,0.05077090740308871,0.0410748559357902,0.1449382087645597,0.34751093401717237
3791,4.768427673447799,0.10173212805908259,0.10155996847922459,0.05077087721810252,0.04107374122772803,0.14491890749377082,0.34750957854125314
3792,4.768427673447799,0.10173212649956012,0.10155996654178416,0.05077084964276682,0.04107262779783369,0.14489964298653005,0.34750822360577227
3793,4.768427673447798,0.10173212494065928,0.101559964605116,0.050770819481496095,0.04107151564514906,0.14488035725908655,0.3475068692103712
3794,4.768427673447799,0.10173212338237966,0.10155996266921959,0.05077078933224453,0.04107040530698887,0.1448611310757156,0.3475055153546919
3795,4.768427673447799,0.10173212182472084,0.10155996073409443,0.05077075919500416,0.041069296243910536,0.14484199942303394,0.3475041620383765
3796,4.768427673447799,0.10173212026768241,0.10155995879974002,0.05077072906976701,0.04106818845495889,0.1448229647121852,0.34750280926106747
3797,4.768427673447798,0.10173211919177663,0.1015599568661558,0.05077069895652514,0.041067081939179684,0.1448039391247996,0.3475014570224078
3798,4.768427673447799,0.10173211763591375,0.10155995493334131,0.05077067621960266,0.0410659766956196,0.14478492181299268,0.3475001053220407
3799,4.768427673447799,0.10173211608067005,0.10155995300129603,0.05077066572352449,0.04106487272332626,0.14476587275914457,0.3474987541596095
3800,4.768427673447798,0.10173211452604514,0.10155995107001943,0.05077063564263148,0.041063770021348193,0.14474670782136448,0.3474974035347582
3801,4.768427673447798,0.10173211297203857,0.10155994913951101,0.05077060557370344,0.041062668588734856,0.1447275157083929,0.347496053447131
3802,4.768427673447798,0.10173211141864998,0.10155994720977027,0.050770575516732454,0.04106155874671033,0.14470825582395863,0.3474947038963724
3803,4.768427673447799,0.10173210986587893,0.10155994528079669,0.0507705454717106,0.04106045017599965,0.14468900359628445,0.34749335488212724
3804,4.768427673447799,0.101732108313725,0.10155994335258978,0.050770515438629975,0.04105934287565249,0.14466988048692198,0.3474920064040406
3805,4.768427673447799,0.10173210676218784,0.10155994142514903,0.0507704854174827,0.04105823435607365,0.1446506479781594,0.3474906584617581
3806,4.768427673447799,0.101732105211267,0.10155993949847392,0.05077045540826087,0.04105712710594905,0.14463148533915215,0.3474893110549255
3807,4.768427673447799,0.10173210366096207,0.10155993757256394,0.05077042541095661,0.04105602112433046,0.14461226366233793,0.3474879641831889
3808,4.768427673447799,0.10173210211127263,0.10155993564741861,0.050770395425562054,0.04105491641027061,0.14459304961702127,0.34748661784619483
3809,4.7684276734478,0.10173210056219832,0.10155993372303741,0.05077036545206933,0.04105381296282312,0.14457387611435285,0.34748527248657285
3810,4.7684276734478,0.1017320990137387,0.10155993179941983,0.050770335490470574,0.041052710781042535,0.14455485131253604,0.3474839272179458
3811,4.7684276734478,0.10173209746589336,0.10155992987656538,0.05077030554075794,0.041051611136795944,0.14453587433367118,0.34748258248300273
3812,4.7684276734478,0.10173209591866192,0.10155992964700383,0.05077027560292357,0.0410505127558233,0.14451691919632276,0.34748123828139144
3813,4.7684276734478,0.10173209437204396,0.10155992772544951,0.05077024567695965,0.041049415637182216,0.1444979045348982,0.34747989461275997
3814,4.7684276734478,0.10173209282603907,0.1015599258046569,0.05077021576285833,0.04104831977993124,0.14447903600643147,0.3474785514767568
3815,4.768427673447799,0.10173209128064688,0.10155992388462551,0.05077018586061181,0.04104722518312982,0.1444600152760526,0.3474772088730308
3816,4.768427673447799,0.10173208973586692,0.1015599219653548,0.050770155970212255,0.04104613184583831,0.14444091309192608,0.3474758668012308
3817,4.768427673447799,0.10173208819169885,0.10155992004684428,0.05077012609165186,0.04104503976711798,0.14442180534862398,0.3474745252610065
3818,4.768427673447799,0.10173208664814223,0.10155991812909346,0.050770096224922824,0.041043948946031,0.14440266716430772,0.34747318425200735
3819,4.7684276734478,0.1017320859619178,0.10155991621210184,0.05077007698357512,0.04104285938164047,0.14438353655636854,0.34747184377388357
3820,4.7684276734478,0.10173208441946943,0.10155991455842428,0.05077004713907971,0.041041771073010366,0.14436441351981674,0.34747050382628547
3821,4.7684276734478,0.10173208287763136,0.10155991264291478,0.050770017306392856,0.041040683349784786,0.14434529804966725,0.3474691644088638
3822,4.768427673447799,0.1017320813364032,0.10155991072816299,0.05076998748550679,0.041039596880715117,0.14432625682911354,0.3474678255212695
3823,4.7684276734478,0.10173207979578452,0.10155990881416842,0.050769957676413735,0.04103851166486789,0.1443072474950827,0.347466487163154
3824,4.7684276734478,0.10173207825577495,0.10155990690093054,0.05076992787910594,0.041037428655319404,0.14428831206238366,0.3474651493341689
3825,4.768427673447799,0.10173207671637405,0.1015599049884489,0.050769898093575655,0.041036346896752035,0.14426950752175544,0.34746381203396615
3826,4.768427673447799,0.10173207517758147,0.10155990307672297,0.050769868319815135,0.041035266388235264,0.14425064259294518,0.34746247526219814
3827,4.768427673447799,0.10173207363939679,0.10155990116575227,0.05076983855781664,0.04103418712883945,0.14423167151073987,0.34746113901851744
3828,4.768427673447799,0.1017320721018196,0.10155989925553628,0.05076980880757244,0.041033109117635885,0.14421260874624503,0.347459803302577
3829,4.768427673447799,0.1017320705648495,0.10155989734607453,0.050769779069074816,0.04103201105350885,0.14419355350848398,0.34745846811403003
3830,4.768427673447799,0.10173206902848608,0.1015598954373665,0.050769749342316046,0.04103091424412724,0.1441747409381226,0.34745713345253015
3831,4.768427673447799,0.10173206749272898,0.10155989352941172,0.05076971962728843,0.04102981868855947,0.1441557735421192,0.3474557993177313
3832,4.768427673447799,0.10173206595757778,0.10155989395930114,0.05076968992398426,0.04102872438587487,0.14413680843304671,0.3474544657092876
3833,4.768427673447799,0.10173206442303208,0.10155989205254286,0.05076966023239583,0.041027631335143686,0.14411785631415924,0.3474531326268537
3834,4.768427673447798,0.10173206288909148,0.10155989014653648,0.05076963055251549,0.04102653953543703,0.14409892544987654,0.3474518000700843
3835,4.768427673447798,0.10173206135575559,0.10155988824128145,0.050769608029309674,0.04102544406609527,0.14407991519822025,0.34745046803863466
3836,4.768427673447798,0.10173205982302401,0.10155988633677733,0.050769578371880064,0.0410243498478619,0.14406095624859194,0.34744913653216025
3837,4.768427673447799,0.10173205829089636,0.1015598844330236,0.05076954872613587,0.041023256879809476,0.1440419609707444,0.34744780555031685
3838,4.768427673447799,0.10173205675937223,0.1015598825300198,0.05076951909206944,0.04102216516101139,0.14402297317532778,0.34744647509276055
3839,4.768427673447798,0.10173205522845122,0.1015598806277654,0.05076948946967311,0.04102107469054198,0.1440040386758684,0.3474451451591478
3840,4.768427673447798,0.10173205369813293,0.10155987872625992,0.050769459858939235,0.04101998546747644,0.14398506582457146,0.3474438157491354
3841,4.768427673447799,0.10173205216841699,0.1015598768255029,0.05076943025986018,0.04101889749089087,0.1439661004410113,0.34744248686238044
3842,4.768427673447799,0.10173205063930299,0.1015598749254938,0.050769400672428314,0.041017810759862244,0.14394720888967683,0.34744115849854007
3843,4.768427673447799,0.10173204911079052,0.10155987302623215,0.050769371096636005,0.04101672527346843,0.14392831645345883,0.3474398306572722
3844,4.768427673447799,0.10173204758287922,0.10155987112771747,0.050769341532475656,0.0410156410307882,0.14390937342741533,0.3474385033382347
3845,4.768427673447798,0.10173204605556868,0.10155986922994927,0.050769311979939634,0.04101455803090117,0.1438904378495824,0.3474371765410859
3846,4.768427673447799,0.10173204452885849,0.10155986733292707,0.05076928243902035,0.041013476272887886,0.143871509715088,0.3474358502654845
3847,4.768427673447799,0.1017320430027483,0.10155986543665037,0.05076925513770342,0.04101239700084052,0.1438525890190646,0.34743452451108936
3848,4.768427673447799,0.10173204147723768,0.10155986354111866,0.05076922561970188,0.041011318968341454,0.1438337429732903,0.34743319927755967
3849,4.768427673447798,0.10173203995232624,0.1015598616463315,0.05076919611329443,0.04101024217447415,0.1438150926279811,0.34743187456455515
3850,4.768427673447798,0.10173203842801361,0.10155985975228837,0.050769166618473464,0.041009166618323,0.14379639431391092,0.34743055037173554
3851,4.768427673447798,0.10173203690429937,0.1015598578589888,0.05076913713523144,0.041008078009509376,0.14377750325450275,0.34742922669876114
3852,4.768427673447797,0.10173203538118315,0.1015598559664323,0.05076913025078431,0.04100699064219148,0.1437586334497002,0.34742790354529235
3853,4.768427673447797,0.10173203385866457,0.10155985407461839,0.05076910078771166,0.04100590451545266,0.14373975791513677,0.34742658091098994
3854,4.768427673447798,0.10173203233674322,0.10155985218354656,0.05076907133619643,0.04100481962837714,0.14372088908198197,0.3474252587955151
3855,4.768427673447798,0.10173203081541872,0.10155985029321636,0.05076904189623109,0.04100373598004999,0.14370202764854526,0.34742393719852926
3856,4.768427673447797,0.10173202929469068,0.10155984840362728,0.05076901246780811,0.04100265356955719,0.14368321782096385,0.3474226161196941
3857,4.768427673447797,0.1017320277745587,0.10155984651477885,0.050768983050919946,0.041001572889509216,0.14366437116668557,0.3474212955586717
3858,4.768427673447797,0.10173202625502241,0.1015598446266706,0.050768953645559084,0.04100049344527676,0.1436455318976578,0.3474199755151244
3859,4.768427673447797,0.1017320247360814,0.10155984273930202,0.050768924251718014,0.040999415235948536,0.14362670000906602,0.3474186559887148
3860,4.768427673447797,0.10173202321773528,0.10155984085267264,0.05076889486938922,0.040998338260614144,0.1436078754961001,0.3474173369791058
3861,4.768427673447797,0.10173202357301168,0.10155983896678197,0.05076886549856521,0.040997253906721536,0.14358905835395439,0.3474160184859609
3862,4.768427673447797,0.10173202205560886,0.10155983708162956,0.05076883613923849,0.040996176567686865,0.1435702485778275,0.3474147005089435
3863,4.768427673447796,0.10173202053879987,0.10155983519721488,0.05076880679140156,0.040995100461027126,0.14355153832559844,0.3474133830477175
3864,4.768427673447797,0.10173201902258433,0.10155983331353749,0.05076879538106322,0.0409940173778933,0.1435327922698726,0.34741206610194714
3865,4.768427673447796,0.10173201750696186,0.1015598314305969,0.050768766053837025,0.040992935528530484,0.14351400454455998,0.34741074967129687
3866,4.768427673447796,0.10173201599193206,0.1015598295483926,0.05076873673807912,0.04099185491203067,0.1434952241661117,0.34740943375543154
3867,4.768427673447796,0.10173201675078641,0.10155982766692416,0.050768707433782055,0.04099077552748671,0.1434764937611033,0.3474081183540162
3868,4.768427673447795,0.10173201523664349,0.10155982578619106,0.05076867814093837,0.04098969737399232,0.14345772805647367,0.3474068034667163
3869,4.768427673447795,0.10173201372309221,0.10155982390619286,0.050768648859540605,0.0409886204506421,0.14343896968438502,0.3474054890931975
3870,4.768427673447795,0.10173201221013217,0.10155982202692905,0.05076863821241073,0.04098754475653151,0.14342021864007085,0.3474041752331259
3871,4.768427673447795,0.101732010697763,0.10155982014839918,0.05076860895144869,0.040986470290756846,0.14340160038960148,0.34740286188616776
3872,4.768427673447795,0.10173200918598432,0.10155981827060274,0.050768579701911225,0.040985397052415294,0.14338291202231496,0.34740154905198967
3873,4.768427673447796,0.10173200767479576,0.10155981639353931,0.050768552828947475,0.0409843259835032,0.1433642119642345,0.34740023673025866
3874,4.768427673447796,0.1017320061641969,0.10155981451720834,0.05076852695805479,0.04098325613985319,0.14334552378724633,0.3473989249206419
3875,4.768427673447796,0.10173200465418739,0.1015598126416094,0.05076849774199967,0.04098218752056528,0.14332680927962896,0.3473976136228069
3876,4.768427673447796,0.10173200314476682,0.10155981076674202,0.050768468537339795,0.04098112012474032,0.14330810207128988,0.3473963028364216
3877,4.768427673447796,0.10173200163593482,0.1015598088926057,0.050768460660200784,0.040980053951480015,0.14328940215749283,0.34739499256115397
3878,4.768427673447796,0.10173200012769101,0.10155980701919998,0.05076843147552841,0.04097898899988693,0.1432707095335058,0.34739368279667254
3879,4.768427673447796,0.10173199862003501,0.10155980514652437,0.050768402302230196,0.04097792526906449,0.1432521333053916,0.347392373542646
3880,4.768427673447795,0.10173199711296645,0.1015598032745784,0.05076837314029875,0.040976862758116975,0.14323358951624393,0.3473910647987435
3881,4.768427673447796,0.10173199560648491,0.10155980140336163,0.05076834398972672,0.04097580146614951,0.14321499974298796,0.3473897565646343
3882,4.768427673447796,0.10173199410059006,0.10155979953287356,0.05076833407106345,0.04097474139226807,0.14319633618873293,0.347388448839988
3883,4.768427673447796,0.1017319925952815,0.10155979766311372,0.05076830494068402,0.04097368253557948,0.14317767990070873,0.34738714162447465
3884,4.768427673447796,0.10173199109055883,0.10155979579408164,0.0507682758216429,0.04097260785195453,0.14315903087420903,0.3473858349177643
3885,4.768427673447796,0.1017319895864217,0.10155979392577685,0.0507682483124287,0.0409715343903706,0.14314046327264013,0.3473845287195277
3886,4.768427673447796,0.1017319880828697,0.10155979205819889,0.05076821921583411,0.04097046214993278,0.14312193163493234,0.34738322302943553
3887,4.768427673447796,0.10173198657990248,0.10155979019134725,0.05076819013055591,0.04096938871974439,0.14310334179047174,0.34738191784715905
3888,4.768427673447796,0.10173198507751965,0.10155978832522151,0.05076816105658679,0.040968316509851894,0.14308479778237043,0.34738061317236957
3889,4.768427673447796,0.10173198357572084,0.10155978645982118,0.05076813199391942,0.040967245519362296,0.1430661849552594,0.34737930900473885
3890,4.768427673447796,0.10173198207450566,0.10155978459514578,0.0507681029425465,0.04096617334017937,0.14304757936153903,0.3473780053439389
3891,4.768427673447796,0.10173198057387374,0.10155978273119487,0.050768073902460735,0.040965102379551206,0.14302899693408241,0.3473767021896421
3892,4.768427673447796,0.1017319790738247,0.10155978086796794,0.050768044873654807,0.040964032636586746,0.14301042924521176,0.347375399541521
3893,4.768427673447796,0.10173197757435816,0.10155977900546455,0.05076801585612145,0.0409629641103958,0.14299192423791143,0.3473740973992486
3894,4.768427673447796,0.10173197607547374,0.10155977714368422,0.050767986849853376,0.04096189680008902,0.1429734183436688,0.347372795762498
3895,4.768427673447795,0.10173197457717108,0.1015597752826265,0.0507679578548433,0.040960830704777906,0.14295501763974114,0.3473714946309428
3896,4.768427673447795,0.1017319730794498,0.1015597734222909,0.050767928871083966,0.04095976101940273,0.14293679124152184,0.3473701940042567
3897,4.768427673447795,0.10173197158230951,0.10155977156267698,0.05076789989856809,0.040958692549112365,0.14291838243749397,0.34736889388211384
3898,4.768427673447794,0.10173197283981089,0.10155977161652062,0.05076788044577838,0.040957625293019634,0.14289996513045736,0.34736759426418856
3899,4.768427673447794,0.10173197134347416,0.10155976975810047,0.050767851494494,0.04095655685139718,0.142881484540953,0.3473662951501556
3900,4.768427673447794,0.10173196984771743,0.10155976790040067,0.05076782255443182,0.040955488823927945,0.14286303668480083,0.34736499653968994
3901,4.768427673447794,0.10173196835254035,0.10155976604342079,0.0507677936255846,0.04095442287556195,0.1428445947149418,0.34736369843246684
3902,4.768427673447794,0.10173196685794254,0.10155976418716035,0.05076776470794512,0.04095335813875575,0.14282619626164791,0.34736240082816183
3903,4.768427673447795,0.10173196536392362,0.10155976233161888,0.05076773580150615,0.04095229461262578,0.14280800806752786,0.34736110372645074
3904,4.768427673447795,0.10173196387048324,0.10155976047679592,0.050767706906260465,0.040951232296289275,0.1427895643153284,0.34735980712700976
3905,4.768427673447795,0.10173196237762097,0.101559758622691,0.05076767802220087,0.04095017118886435,0.14277109918448624,0.3473585110295153
3906,4.768427673447795,0.10173196088533651,0.10155975676930366,0.05076764914932015,0.040949111289469924,0.14275260846665297,0.3473572154336441
3907,4.768427673447795,0.10173195939362943,0.10155975491663347,0.050767620287611115,0.040948052597225754,0.14273421566481842,0.34735592033907314
3908,4.768427673447795,0.10173195790249939,0.10155975306467993,0.050767591437066564,0.04094699511125245,0.14271573923972566,0.3473546257454799
3909,4.768427673447795,0.10173195641194603,0.1015597512134426,0.05076756259767932,0.04094593883067142,0.14269726995997806,0.34735333165254173
3910,4.768427673447794,0.10173195492196895,0.101559749362921,0.0507675337694422,0.040944874924435944,0.14267880782097847,0.34735203805993664
3911,4.768427673447794,0.10173195343256779,0.1015597475131147,0.05076752086029567,0.0409438122252512,0.1426603866032148,0.34735074496734286
3912,4.768427673447794,0.10173195194374217,0.10155974566402319,0.050767492052280185,0.04094275073223892,0.14264193872756742,0.3473494523744388
3913,4.768427673447795,0.10173195045549172,0.10155974381564606,0.05076746325539412,0.040941690444521624,0.14262349797890309,0.3473481602809032
3914,4.768427673447795,0.1017319489678161,0.10155974196798283,0.050767434469630335,0.0409406313612227,0.14260506435264111,0.3473468686864152
3915,4.768427673447795,0.10173194748071492,0.10155974012103304,0.05076740569498168,0.040939573481466346,0.14258663784420506,0.347345577590654
3916,4.768427673447795,0.10173194599418779,0.10155973968906602,0.050767376931441,0.040938516804377593,0.1425682184490224,0.3473442869932993
3917,4.768427673447795,0.10173194450823438,0.1015597378433591,0.05076734817900117,0.040937461329082284,0.14254980616252494,0.347342996894031
3918,4.768427673447795,0.10173194302285431,0.10155973599836432,0.05076731943765507,0.040936407054707094,0.14253142060745272,0.3473417072925293
3919,4.768427673447795,0.1017319415380472,0.10155973415408122,0.050767290707395565,0.04093536232473003,0.1425130529008949,0.3473404181884746
3920,4.768427673447795,0.10173194005381268,0.10155973231050934,0.05076726198821555,0.04093431879071101,0.14249466190663124,0.34733912958154783
3921,4.768427673447795,0.1017319385701504,0.10155973046764823,0.050767254604579926,0.040933276451781235,0.14247638105463073,0.34733784147143
3922,4.768427673447795,0.10173193708705996,0.10155972862549743,0.0507672259047871,0.04093223530707273,0.14245801182372944,0.3473365538578024
3923,4.768427673447794,0.10173193560454104,0.1015597267840565,0.050767197216053515,0.040931195355718354,0.1424396420729259,0.34733526674034665
3924,4.768427673447794,0.10173193412259325,0.10155972494332498,0.050767168538372084,0.040930156596851744,0.142421279398952,0.3473339801187448
3925,4.768427673447794,0.10173193264121623,0.10155972310330239,0.05076715134328957,0.04092911902960739,0.14240292379727212,0.3473326939926789
3926,4.768427673447795,0.10173193116040959,0.1015597212639883,0.05076712268621309,0.040928082653120576,0.14238469819061003,0.3473314083618315
3927,4.768427673447794,0.101731929680173,0.10155971942538226,0.05076709404016811,0.04092702567952949,0.14236635670409256,0.3473301232258854
3928,4.768427673447794,0.10173192820050607,0.1015597175874838,0.050767065405147555,0.04092596990335368,0.1423480222762927,0.3473288385845236
3929,4.768427673447795,0.10173192672140845,0.10155971575029248,0.050767036781144366,0.040924915323725525,0.14232969490269112,0.3473275544374295
3930,4.768427673447795,0.10173192524287977,0.10155971391380783,0.05076700816815149,0.04092386193977817,0.14231147983630418,0.3473262707842867
3931,4.768427673447794,0.10173192376491967,0.10155971207802941,0.050766979566161885,0.04092280659111958,0.14229316654401208,0.3473249876247791
3932,4.768427673447794,0.10173192228752777,0.10155971024295678,0.05076695097516851,0.040921752437625296,0.14227494624804865,0.3473237049585909
3933,4.768427673447795,0.10173192081070374,0.10155970840858947,0.050766922395164324,0.040920699478430154,0.1422566470215369,0.3473224227854065
3934,4.768427673447795,0.10173191933444718,0.10155970657492704,0.050766893826142315,0.04091964771266981,0.14223835482669647,0.34732114110491075
3935,4.768427673447795,0.10173191785875775,0.10155970474196903,0.05076686526809545,0.0409185971394807,0.14222006965903222,0.3473198599167886
3936,4.768427673447795,0.10173191638363507,0.101559702909715,0.05076683672101672,0.040917548027691486,0.14220179151405296,0.3473185792207254
3937,4.768427673447795,0.1017319149090788,0.10155970107816449,0.05076680818489911,0.04091650010664533,0.14218352038727156,0.3473172990164068
3938,4.768427673447794,0.10173191343508856,0.10155969924731705,0.05076677965973564,0.04091544759050077,0.14216525627420487,0.34731601930351863
3939,4.768427673447794,0.10173191196166398,0.10155969741717223,0.05076675114551928,0.040914396265598084,0.1421469991703737,0.34731474008174706
3940,4.768427673447794,0.10173191048880473,0.1015596955877296,0.050766722642243065,0.04091334455694473,0.14212874907130296,0.34731346135077856
3941,4.768427673447794,0.10173190901651041,0.1015596937589887,0.050766699087863215,0.040912294038416175,0.1421105059725215,0.34731218311029977
3942,4.768427673447794,0.1017319075447807,0.10155969193094906,0.05076669332231482,0.0409112431362236,0.1420922698695622,0.34731090535999776
3943,4.7684276734477935,0.10173190607361521,0.10155969010361027,0.05076666484826942,0.040910193423040406,0.14207404075796182,0.3473096280995598
3944,4.7684276734477935,0.10173190460301361,0.10155968827697187,0.050766636385137634,0.04090914489800822,0.14205581863326122,0.3473083513286734
3945,4.7684276734477935,0.10173190313297553,0.10155968645103342,0.05076660793291248,0.040908097560269426,0.1420376034910052,0.3473070750470265
3946,4.768427673447794,0.10173190166350059,0.10155968462579446,0.0507665937405374,0.04090705140896725,0.14201951681325914,0.3473057992543071
3947,4.768427673447794,0.10173190019458844,0.10155968280125453,0.05076656530827854,0.0409060064432457,0.14200161265266387,0.3473045239502036
3948,4.768427673447794,0.10173189872623874,0.10155968097741322,0.05076653749830249,0.040904962662249585,0.14198350935924678,0.34730324913440475
3949,4.768427673447794,0.1017318972584511,0.10155967915427005,0.05076650908773139,0.04090392006512452,0.14196532203703915,0.34730197480659947
3950,4.7684276734477935,0.10173189579122519,0.10155967733182461,0.0507664890735173,0.04090287865101694,0.1419471895030771,0.34730070096647697
3951,4.7684276734477935,0.10173189432456062,0.10155967551007643,0.05076646068361103,0.04090183841907403,0.14192901609082062,0.34729942761372673
3952,4.7684276734477935,0.10173189285845707,0.10155967368902506,0.05076643245709402,0.04090079936844381,0.14191084962996053,0.3472981547480386
3953,4.768427673447793,0.10173189139291418,0.1015596718686701,0.05076640408887981,0.04089976149827509,0.14189269011607322,0.34729688236910256
3954,4.768427673447793,0.10173188992793157,0.10155967004901106,0.050766375731511035,0.04089872342070905,0.1418745375447391,0.34729561047660895
3955,4.768427673447793,0.10173188846350889,0.10155966823004754,0.050766347384980794,0.040897686522434626,0.14185639191154245,0.3472943390702484
3956,4.768427673447793,0.10173188699964579,0.10155966641177905,0.0507663190492822,0.04089665080260268,0.14183825321207147,0.34729306814971184
3957,4.768427673447793,0.10173188553634191,0.10155966459420519,0.05076629989639573,0.04089560590697169,0.14182012144191833,0.3472917977146903
3958,4.768427673447793,0.1017318840735969,0.10155966277732549,0.05076627158116758,0.04089456219204143,0.14180199659667908,0.34729052776487535
3959,4.768427673447793,0.1017318826114104,0.10155966096113954,0.05076624327675088,0.04089351809419334,0.14178387867195374,0.3472892582999586
3960,4.768427673447793,0.10173188114978207,0.10155965914564685,0.05076621498313877,0.040892475175944756,0.14176578893992484,0.34728798931963206
3961,4.768427673447793,0.10173187968871153,0.10155965733084701,0.05076618670032438,0.040891434552431535,0.1417476848403257,0.3472867208235879
3962,4.768427673447793,0.10173187822819844,0.1015596555167396,0.05076615842830086,0.04089039510639668,0.1417295876480649,0.3472854528115188
3963,4.768427673447792,0.10173187676824247,0.10155965370332413,0.050766130167061364,0.04088935683699394,0.1417115036822339,0.34728418528311744
3964,4.768427673447792,0.10173187530884321,0.10155965396475171,0.05076610191659904,0.040888314728000516,0.14169342029069343,0.347282918238077
3965,4.768427673447792,0.10173187385000035,0.10155965215245427,0.05076607367690706,0.040887273795861205,0.14167534379335006,0.3472816516760907
3966,4.768427673447792,0.10173187239171354,0.10155965034084759,0.05076604544797859,0.04088623403973093,0.14165727418583096,0.34728038559685226
3967,4.768427673447792,0.10173187093398238,0.10155964852993121,0.050766017229806795,0.04088519312157919,0.14163921146376732,0.3472791200000555
3968,4.768427673447792,0.10173186947680657,0.10155964671970473,0.05076598902238486,0.04088415337863906,0.14162115562279415,0.34727785488539464
3969,4.768427673447792,0.10173186802018575,0.10155964491016767,0.05076596082570599,0.040883114810067234,0.14160311410904353,0.347276590252564
3970,4.768427673447792,0.10173186656411953,0.10155965487436303,0.05076593263976335,0.040882077415021215,0.14158507201622242,0.3472753261012584
3971,4.768427673447792,0.1017318651086076,0.10155965306470388,0.050765904464550156,0.0408810411926593,0.14156703679142035,0.34727406243117276
3972,4.768427673447792,0.1017318636536496,0.10155965125573345,0.05076587630005962,0.04088000614214055,0.14154905016444777,0.34727279924200233
3973,4.768427673447793,0.10173186219924517,0.10155964944745127,0.05076584814628493,0.0408789722626248,0.14153102865732556,0.3472715365334426
3974,4.768427673447793,0.10173186074539396,0.10155964763985693,0.050765820003219324,0.040877939553272694,0.1415130140051873,0.34727027430518936
3975,4.7684276734477935,0.10173185929209563,0.10155964583294999,0.05076579187085601,0.04087690801324563,0.14149510154994033,0.3472690125569387
3976,4.768427673447793,0.10173185783934982,0.10155964402673001,0.05076576374918822,0.040875870651395,0.14147710058262994,0.3472677512883869
3977,4.768427673447793,0.10173185638715616,0.10155964222119654,0.05076575209455674,0.040874834459851524,0.1414591303133644,0.34726649049923053
3978,4.768427673447793,0.10173185493551434,0.10155964041634917,0.05076572906440033,0.040873799437777254,0.14144114302266625,0.34726523018916644
3979,4.768427673447793,0.10173185348442403,0.10155963861218746,0.05076570157690546,0.04087276558433504,0.14142316256530618,0.34726397035789186
3980,4.768427673447792,0.1017318520338848,0.10155963680871098,0.050765673495139836,0.040871732898688486,0.14140518893696533,0.34726271100510403
3981,4.768427673447792,0.10173185058389637,0.10155963500591929,0.05076564542403704,0.040870699475471804,0.14138722213332866,0.34726145213050075
3982,4.768427673447792,0.10173184913445837,0.10155963320381195,0.050765617363590344,0.04086966721910334,0.1413692641851023,0.3472601937337798
3983,4.768427673447792,0.10173184768557046,0.10155963140238855,0.05076558931379301,0.04086863261047666,0.14135131101768567,0.3472589358146395
3984,4.768427673447792,0.10173184846550182,0.10155962960164865,0.05076556127463833,0.04086759916836484,0.1413333646620511,0.34725767837277827
3985,4.768427673447792,0.10173184701743018,0.10155962780159179,0.05076553324611956,0.04086656689193409,0.14131542511389872,0.34725642140789487
3986,4.768427673447792,0.10173184556990772,0.10155962600221757,0.05076550522823,0.040865535780351354,0.14129749236893258,0.3472551649196882
3987,4.768427673447793,0.10173184412293404,0.10155962420352557,0.05076547722096295,0.04086450273985277,0.1412795664228604,0.3472539089078577
3988,4.768427673447793,0.10173184267650882,0.10155962240551533,0.0507654492243117,0.04086347086371079,0.14126164727139376,0.34725265337210265
3989,4.768427673447793,0.10173184123063173,0.10155962060818643,0.0507654270686688,0.04086243860598944,0.14124373491024803,0.347251398312123
3990,4.768427673447793,0.10173183978530238,0.10155961881153844,0.05076542523605341,0.0408614075115479,0.14122582933514227,0.3472501437276187
3991,4.7684276734477935,0.10173183834052046,0.10155961701557094,0.05076542577917194,0.04086037757955587,0.14120793054179945,0.34724888961829015
3992,4.7684276734477935,0.10173183689628562,0.10155961522028348,0.05076539781725364,0.04085934880918385,0.1411900385259462,0.3472476384830519
3993,4.768427673447793,0.1017318354525975,0.10155961342567565,0.050765369865920625,0.04085832119960305,0.14117215328331295,0.3472463853228602
3994,4.768427673447793,0.10173183400945578,0.10155961163174704,0.05076534192516625,0.040857294749985514,0.1411542748096339,0.3472451326369469
3995,4.768427673447793,0.1017318325668601,0.1015596098384972,0.05076531399498384,0.040856269459504,0.14113640310064707,0.3472438804250134
3996,4.768427673447793,0.10173183112481012,0.10155960804592568,0.05076528607536673,0.04085524532733205,0.14111853815209405,0.34724262868676126
3997,4.768427673447793,0.10173182968330549,0.10155960625403208,0.05076525816630829,0.04085422235264397,0.1411007348118049,0.34724137742189237
3998,4.7684276734477935,0.10173182824234588,0.10155960446281598,0.05076523818552456,0.04085320053461484,0.14108295854872316,0.347240126630109
3999,4.768427673447793,0.10173182680193094,0.10155960267227694,0.050765210296562044,0.040852179872420465,0.14106516281929501,0.34723887631111344
4000,4.768427673447793,0.10173182536206031,0.10155960088241453,0.05076518241813866,0.04085116036523747,0.1410473248473354,0.3472376264646085
4001,4.7684276734477935,0.1017318239227337,0.10155959909322834,0.05076515455024779,0.040850142012243185,0.1410294936145829,0.34723637709029703
4002,4.768427673447793,0.10173182248395071,0.10155959730471793,0.05076512669288279,0.040849114811644,0.14101166911680155,0.3472351281878822
4003,4.7684276734477935,0.10173182104571103,0.1015595955168829,0.05076509884603706,0.040848088767367,0.14099385134975928,0.34723387975706765
4004,4.768427673447793,0.10173181960801429,0.1015595937297228,0.05076507100970399,0.04084706387858943,0.1409760403092276,0.3472326317975569
4005,4.768427673447793,0.10173181817086017,0.1015595919432372,0.05076506501011335,0.04084604014448932,0.14095823599098184,0.34723138430905415
4006,4.768427673447793,0.10173181673424836,0.10155959015742572,0.05076503719202999,0.04084501756424543,0.1409405015585398,0.3472301372912635
4007,4.7684276734477935,0.10173181529817847,0.10155958837228789,0.05076500938444053,0.04084399613703731,0.14092274573902713,0.3472288907438895
4008,4.768427673447793,0.10173181386265018,0.1015595885125081,0.05076498158733839,0.040842971258631885,0.14090496154993085,0.34722764466663686
4009,4.768427673447793,0.10173181242766315,0.10155958672847351,0.05076495380071699,0.040841947533359235,0.140887222569069,0.34722639905921066
4010,4.768427673447793,0.10173181099321703,0.10155958494511141,0.05076492602456976,0.04084092496040007,0.14086951207122703,0.3472251539213162
4011,4.768427673447793,0.10173180955931148,0.10155958316242136,0.05076489825889012,0.04083990353893586,0.14085174797334474,0.347223909252659
4012,4.768427673447793,0.10173180812594618,0.10155958138040298,0.05076487050367152,0.0408388832681488,0.14083399056828838,0.34722266505294486
4013,4.7684276734477935,0.10173180669312079,0.10155957959905583,0.0507648427589074,0.04083786414722188,0.14081623985186276,0.34722142132187994
4014,4.7684276734477935,0.10173180526083496,0.10155957781837947,0.05076481502459121,0.040836846175338816,0.14079859518589,0.34722017805917044
4015,4.7684276734477935,0.10173180382908835,0.10155957603837351,0.050764787758250024,0.04083582935168408,0.14078093791749197,0.34721893526452297
4016,4.7684276734477935,0.10173180239788063,0.10155957425903753,0.05076476004475243,0.040834813675442894,0.1407633086866601,0.3472176929376443
4017,4.7684276734477935,0.10173180096721146,0.10155957248037108,0.05076473234168317,0.04083379914580123,0.140745584647511,0.3472164510782417
4018,4.7684276734477935,0.1017317995370805,0.10155957070237376,0.05076470464903571,0.0408327857619458,0.14072786727608527,0.34721520968602226
4019,4.7684276734477935,0.1017317981074874,0.10155956892504514,0.05076467696680352,0.04083177352306409,0.14071015656820976,0.34721396876069377
4020,4.768427673447794,0.10173179667843188,0.10155956714838484,0.0507646492949801,0.0408307624283443,0.14069251693773932,0.34721272830196404
4021,4.768427673447794,0.10173179524991353,0.1015595653723924,0.05076462163355892,0.040829752476975394,0.14067481953635633,0.3472114883095411
4022,4.768427673447794,0.10173179382193208,0.10155956359706741,0.050764593982533496,0.040828743668147094,0.140657128786029,0.3472102487831335
4023,4.768427673447795,0.10173179239448714,0.10155956182240947,0.050764566341897306,0.04082773600104984,0.14063944468259879,0.3472090097224497
4024,4.768427673447795,0.1017317909675784,0.10155956004841814,0.05076453871164387,0.04082672947487482,0.14062176722191067,0.34720777112719864
4025,4.768427673447795,0.10173178954120551,0.10155955827509301,0.0507645110917667,0.04082572408881397,0.14060409639981342,0.3472065329970895
4026,4.768427673447795,0.10173178811536816,0.10155955650243367,0.050764483482259294,0.04082471984205999,0.14058643221215933,0.34720529533183153
4027,4.768427673447795,0.10173178669006601,0.1015595547304397,0.050764459534330494,0.04082371673380627,0.14056877465480433,0.34720405813113453
4028,4.768427673447795,0.10173178526529869,0.10155955295911069,0.05076444310868047,0.04082271476324698,0.14055117183421253,0.34720282139470826
4029,4.768427673447794,0.1017317838410659,0.10155955118844621,0.05076444351397731,0.040821713929577036,0.14053359170017773,0.3472015851222629
4030,4.768427673447794,0.1017317824173673,0.10155954941844587,0.050764464351708824,0.04082071423199205,0.14051596043266873,0.3472003493135089
4031,4.768427673447794,0.10173178099420256,0.10155954764910924,0.05076443678250956,0.040819715669688415,0.14049832934024692,0.3471991139681569
4032,4.7684276734477935,0.10173177957157133,0.10155954588043589,0.05076440922364558,0.040818719203507464,0.14048071020140032,0.3471978790859178
4033,4.7684276734477935,0.10173177814947329,0.10155954411242543,0.05076438167511044,0.040817723870642385,0.14046318787072506,0.34719664466650274
4034,4.768427673447793,0.10173177672790812,0.10155954234507746,0.05076435532035761,0.04081672967029201,0.140445601726805,0.3471954107096232
4035,4.768427673447793,0.10173177530687548,0.10155954057839153,0.050764331565328356,0.04081571510700401,0.1404279970324208,0.34719417721499074
4036,4.768427673447792,0.10173177388637504,0.10155953881236726,0.05076430404712001,0.04081470168268053,0.1404104914402921,0.3471929441823174
4037,4.768427673447793,0.10173177246640645,0.10155956111652822,0.050764276539215024,0.04081374506340882,0.14039296378892588,0.34719171161131523
4038,4.768427673447792,0.10173177104696941,0.10155955934881118,0.05076424904160696,0.0408127909243919,0.1403753929759059,0.3471904795016967
4039,4.768427673447793,0.10173176962806359,0.10155955758175567,0.05076422155428942,0.040811837900594714,0.1403578146082449,0.3471892478531745
4040,4.768427673447793,0.1017317682096886,0.10155955581536127,0.05076419407725598,0.04081088599122874,0.14034029257767763,0.34718801666546145
4041,4.768427673447793,0.10173176679184416,0.1015595540496276,0.0507641833700975,0.04080993519550619,0.14032273649820198,0.34718678593827074
4042,4.7684276734477935,0.10173176537452994,0.10155955228455425,0.05076415591151595,0.04080898551263998,0.14030517784121435,0.34718555567131587
4043,4.7684276734477935,0.10173176395774558,0.10155955052014079,0.05076412846320011,0.04080798404867037,0.1402876257487326,0.3471843258643104
4044,4.768427673447793,0.10173176254149077,0.1015595487563868,0.050764111846782894,0.04080697285007658,0.14027008021667361,0.3471830965169683
4045,4.7684276734477935,0.1017317611257652,0.10155954699329188,0.050764084417626205,0.04080596278579997,0.14025254124095793,0.3471818676290038
4046,4.768427673447793,0.1017317597105685,0.10155954523085564,0.05076405827275993,0.040804953855041515,0.1402350088175095,0.3471806392001312
4047,4.7684276734477935,0.10173175829590037,0.10155954346907764,0.0507640308639318,0.04080394605700294,0.14021748294225594,0.34717941123006524
4048,4.7684276734477935,0.10173175688176048,0.1015595417079575,0.050764023411408996,0.04080293939088669,0.1401999636111283,0.34717818371852077
4049,4.7684276734477935,0.10173175546814849,0.10155953994749477,0.050763996020551774,0.04080193385589593,0.14018245082006123,0.347176956665213
4050,4.7684276734477935,0.10173175405506406,0.10155953818768908,0.05076398014834474,0.04080092945123458,0.14016504087706116,0.3471757300698572
4051,4.7684276734477935,0.10173175264250689,0.10155953642854,0.050763952776489575,0.04079992642341085,0.14014768982146422,0.34717450393216914
4052,4.7684276734477935,0.10173175381859709,0.10155953467004714,0.05076392541484489,0.040798924524234254,0.14013037313344556,0.3471732782518647
4053,4.768427673447793,0.10173175240677047,0.10155953291221008,0.05076389806340432,0.040797916714492,0.14011296316106156,0.34717205302866005
4054,4.768427673447793,0.10173175099547026,0.1015595311550284,0.05076387072216155,0.0407969100344341,0.1400956152922783,0.3471708282622715
4055,4.768427673447793,0.1017317495846961,0.10155952939850173,0.05076384339111025,0.04079590448326649,0.14007827722758392,0.34716960395241575
4056,4.7684276734477935,0.10173174817444769,0.10155952764262965,0.05076381607024411,0.040794918204453294,0.14006101923671596,0.34716839749901535
4057,4.768427673447793,0.10173174676472467,0.10155952588741175,0.05076378875955681,0.04079393304618452,0.1400436496219394,0.3471671740992069
4058,4.7684276734477935,0.10173174535552676,0.10155952413284762,0.050763761459042045,0.04079294900767249,0.14002622443132826,0.34716595115508336
4059,4.7684276734477935,0.10173174394685361,0.10155952237893687,0.050763734168693495,0.040791966088130224,0.14000877668159398,0.3471647286663625
4060,4.7684276734477935,0.10173174253870487,0.10155952062567906,0.05076370688850487,0.04079098428677147,0.13999133542748426,0.3471635066327621
4061,4.7684276734477935,0.10173174113108027,0.10155951887307382,0.05076367961846989,0.0407900036028107,0.1399739006649759,0.34716228505400015
4062,4.7684276734477935,0.10173173972397945,0.10155951712112074,0.050763652358582254,0.04078902403546308,0.13995647239004902,0.34716106392979523
4063,4.7684276734477935,0.10173173831740208,0.1015595153698194,0.050763625108835676,0.040788037561170505,0.13993905059868733,0.3471598432598657
4064,4.7684276734477935,0.10173173691134785,0.10155951361916941,0.05076359786922389,0.04078705220490742,0.13992163528687804,0.3471586230439306
4065,4.768427673447794,0.10173173812548232,0.10155951186917038,0.050763571801137365,0.0407860679658893,0.13990422645061176,0.3471574032817089
4066,4.7684276734477935,0.10173173672014754,0.10155951011982188,0.05076354458163188,0.04078508484333231,0.13988682408588263,0.3471561839729199
4067,4.7684276734477935,0.10173173531533504,0.10155950837112351,0.05076351737224244,0.040784102836453354,0.13986942818868817,0.3471549651172833
4068,4.768427673447794,0.10173173391104451,0.1015595066230749,0.0507634901729628,0.040783121944470035,0.13985203875502947,0.34715374671451876
4069,4.7684276734477935,0.10173173577329142,0.10155950487567562,0.05076346298378668,0.04078214216660066,0.13983470407429202,0.34715252876434644
4070,4.7684276734477935,0.101731734369638,0.10155950312892527,0.05076343580470787,0.04078114782947945,0.13981737523554358,0.3471513112664865
4071,4.7684276734477935,0.10173173296650573,0.10155950138282344,0.05076340863572011,0.04078015461072987,0.1398001498529678,0.3471500942206597
4072,4.7684276734477935,0.10173173156389428,0.10155952736611226,0.05076338147681718,0.0407791707132428,0.1397828239879101,0.3471488776265866
4073,4.768427673447794,0.10173173016180335,0.10155952561786316,0.05076335950737897,0.04077817033341197,0.1397656439289512,0.3471476614839883
4074,4.7684276734477935,0.10173172876023259,0.10155952387026267,0.05076335207177937,0.040777171073091215,0.13974846610681077,0.3471464457925861
4075,4.7684276734477935,0.1017317273591817,0.10155952448804376,0.05076332494000536,0.04077617293149738,0.13973119980138968,0.34714523055210145
4076,4.7684276734477935,0.10173172595865035,0.10155952274144586,0.05076330113105332,0.040775175907847995,0.13971386184481296,0.3471440157622561
4077,4.768427673447794,0.10173172455863823,0.10155952578210921,0.05076327401898433,0.04077418000136131,0.139696530315969,0.34714280142277204
4078,4.768427673447794,0.101731723159145,0.10155952403621232,0.050763246916964176,0.040773185211256266,0.1396792052108931,0.3471415875333715
4079,4.7684276734477935,0.10173172176017034,0.10155952229096236,0.050763219824986654,0.04077219153675254,0.1396618873481324,0.34714037409377685
4080,4.768427673447794,0.10173172036171398,0.10155952054635897,0.05076319274304558,0.0407711989770705,0.1396445750786108,0.347139161103711
4081,4.768427673447794,0.10173171896377553,0.10155951880240173,0.05076316567113477,0.040770207531431214,0.13962726922098417,0.3471379485628967
4082,4.768427673447794,0.10173171756635473,0.10155951705909022,0.05076313860924803,0.04076921719905646,0.13960996977130155,0.34713673647105725
4083,4.768427673447794,0.10173171616945122,0.10155951531642407,0.050763111557379205,0.040768227979168736,0.13959273616333803,0.34713552482791593
4084,4.7684276734477935,0.10173171477306467,0.10155951357440285,0.0507630845155221,0.040767239870991206,0.1395755474636298,0.34713431363319647
4085,4.7684276734477935,0.10173171337719482,0.1015595118330262,0.050763057483670576,0.040766252873747785,0.13955826719462272,0.3471331028866228
4086,4.7684276734477935,0.10173171198184132,0.10155951009229369,0.050763030461818466,0.04076526698666306,0.13954108778382596,0.34713189258791893
4087,4.7684276734477935,0.10173171058700384,0.10155950835220495,0.050763003449959605,0.04076428220896231,0.13952395661036557,0.3471306827368093
4088,4.768427673447793,0.10173170919268207,0.10155950661275956,0.05076297644808785,0.04076329853987154,0.1395067767483432,0.3471294733330185
4089,4.768427673447793,0.10173170779887569,0.10155950487395714,0.050762950624357296,0.04076231597861744,0.13948966722664313,0.3471282643762714
4090,4.768427673447793,0.10173170640558442,0.1015595031357973,0.05076292364229689,0.04076133452442741,0.1394724618987122,0.3471270558662931
4091,4.7684276734477935,0.1017317050128079,0.10155950139827964,0.05076289667020523,0.04076035417652954,0.13945521986201112,0.3471258478028089
4092,4.7684276734477935,0.10173170362054582,0.10155949966140376,0.0507628697080762,0.04075937208941379,0.13943799422529315,0.3471246401855443
4093,4.768427673447793,0.10173170222879786,0.10155949792516926,0.05076284275590365,0.04075839110809897,0.1394207649207418,0.3471234330142251
4094,4.7684276734477935,0.10173170083756372,0.10155949618957576,0.050762815813681486,0.0407573984558835,0.13940354197701832,0.34712222628857736
4095,4.768427673447793,0.10173169944684307,0.10155949445462287,0.050762788881403585,0.04075640691264425,0.13938632539021575,0.3471210200083273
4096,4.7684276734477935,0.10173169805663564,0.10155949272031019,0.05076276195906386,0.04075541647760927,0.1393691151564305,0.3471198141732015
4097,4.7684276734477935,0.10173169666694105,0.10155949098663732,0.05076275585732963,0.04075442715000728,0.13935191127176227,0.34711860878292655
4098,4.7684276734477935,0.10173169527775903,0.10155948925360386,0.050762728952279665,0.04075343892906771,0.13933471373231418,0.34711740383722955
4099,4.7684276734477935,0.10173169388908924,0.10155948752120945,0.05076270205715051,0.040752448105608935,0.13931752253419263,0.3471161993358376
4100,4.7684276734477935,0.10173169250093139,0.10155948578945367,0.0507626751719361,0.040751458388640575,0.13930033767350739,0.3471149952784782
4101,4.768427673447793,0.10173169111328514,0.10155948472894874,0.05076264829663034,0.04075046977739331,0.13928315914637157,0.34711379166487893
4102,4.7684276734477935,0.10173168972615021,0.10155948299838638,0.05076262143122715,0.04074948227109849,0.1392659869489016,0.3471125884947677
4103,4.7684276734477935,0.10173168833952624,0.10155948126846152,0.05076259457572048,0.040748495868988155,0.13924882107721728,0.34711138576787276
4104,4.7684276734477935,0.10173168695341295,0.10155947953917376,0.05076256773010425,0.04074751057029506,0.13923168735218192,0.34711018348392236
4105,4.7684276734477935,0.10173168556781,0.10155947781052271,0.0507625408943724,0.040746526374252634,0.13921453411725984,0.3471089816426451
4106,4.768427673447793,0.1017316841827171,0.10155947608250797,0.050762514068518866,0.04074554328009499,0.13919738719650382,0.3471077802437698
4107,4.768427673447793,0.10173168279813394,0.10155947435512917,0.050762502728157285,0.04074456128705695,0.13918024658604694,0.34710657928702565
4108,4.7684276734477935,0.10173168141406021,0.10155951920042558,0.050762475920137086,0.04074359465427734,0.13916311228202552,0.3471053787721418
4109,4.7684276734477935,0.10173168003049557,0.10155951746858546,0.05076244912197779,0.04074262911584374,0.13914598783105686,0.34710417869884785
4110,4.768427673447794,0.10173167864743973,0.10155951573738221,0.05076242233367335,0.04074166467099624,0.1391288661278918,0.34710297906687354
4111,4.7684276734477935,0.10173167726489239,0.10155951400681545,0.050762395555217735,0.04074069692364349,0.13911175071959134,0.34710177987594887
4112,4.7684276734477935,0.10173167588285321,0.10155951227688477,0.05076236878660493,0.04073973026997462,0.13909464160230497,0.347100581125804
4113,4.7684276734477935,0.1017316745013219,0.1015595105475898,0.05076234899387264,0.04073876470923078,0.13907754498168873,0.3470993828161695
4114,4.7684276734477935,0.10173167312029814,0.10155950881893015,0.05076232224407107,0.040737800240653786,0.13906061066508807,0.34709818494677586
4115,4.7684276734477935,0.10173167173978163,0.10155950709090544,0.05076229550409458,0.04073683686348616,0.13904367052566335,0.34709698751735424
4116,4.768427673447793,0.10173167035977206,0.10155950536351525,0.05076226877393716,0.04073587457697107,0.13902658649485333,0.34709579052763556
4117,4.768427673447793,0.1017316689802691,0.10155950400478421,0.05076224205359281,0.04073491338035241,0.139009508735869,0.3470945939773513
4118,4.7684276734477935,0.10173166760127246,0.10155950227861676,0.050762215343055556,0.04073400587337562,0.13899243724487972,0.3470933978662331
4119,4.768427673447793,0.10173166622278182,0.1015595005530827,0.050762188642319385,0.040733099435483915,0.13897537201805793,0.3470922021940127
4120,4.768427673447793,0.10173166484479688,0.10155949882818165,0.05076216195137833,0.04073219362933846,0.13895831305157952,0.3470910069604222
4121,4.768427673447793,0.10173166346731735,0.10155949710391322,0.050762135270226404,0.040731288890954266,0.13894126034162355,0.3470898121651939
4122,4.768427673447793,0.10173166209034287,0.10155949538027702,0.05076210859885764,0.04073038521959024,0.13892421388437232,0.3470886178080603
4123,4.768427673447792,0.10173166071387316,0.10155949365727267,0.05076208193726606,0.040729482614505985,0.13890723455924373,0.34708742388875413
4124,4.768427673447792,0.10173165933790793,0.10155949386290253,0.05076205528544571,0.040728581074961724,0.13889021861788511,0.34708623040700837
4125,4.768427673447793,0.10173165796244685,0.10155949214092437,0.05076203018055799,0.04072768060021839,0.1388732088062304,0.34708503736255625
4126,4.768427673447793,0.10173165658748962,0.101559490419577,0.05076201809170714,0.04072678118953755,0.13885618730982024,0.3470838447551311
4127,4.768427673447793,0.10173165576207088,0.10155948869886,0.05076199146719424,0.04072588284218143,0.13883917204707968,0.3470826525844667
4128,4.768427673447793,0.10173165438805316,0.10155948697877303,0.050761964852429495,0.04072498555741294,0.13882224519743136,0.3470814608502969
4129,4.768427673447793,0.1017316530145384,0.10155948525931568,0.05076193824740696,0.04072408933449564,0.1388053527001686,0.34708026955235577
4130,4.768427673447793,0.10173165164152628,0.10155948354048759,0.0507619116521207,0.04072319417269373,0.13878850465038636,0.34707907869037763
4131,4.768427673447793,0.10173165026901651,0.10155948182228836,0.05076188506656479,0.04072229340591293,0.13877157502011755,0.34707788826409713
4132,4.768427673447793,0.10173164889700877,0.10155948010471759,0.0507618584907333,0.04072139295879599,0.13875459081964558,0.34707669827324894
4133,4.768427673447792,0.10173164752550273,0.10155948199850258,0.050761831924620325,0.040720493573299106,0.1387376192924465,0.3470755087175682
4134,4.768427673447793,0.10173164615449815,0.10155948028174594,0.05076180536821994,0.0407195952486875,0.1387207466866004,0.34707431959679
4135,4.768427673447792,0.10173164478399466,0.10155947856561677,0.05076177882152624,0.04071869798422702,0.13870393262660613,0.34707313091065
4136,4.768427673447791,0.101731643413992,0.10155947685011474,0.05076175228453333,0.04071780177918418,0.13868703564942328,0.34707194265888375
4137,4.768427673447791,0.10173164204448985,0.10155947513523944,0.0507617257572353,0.040716906632826164,0.1386701108364672,0.3470707548412271
4138,4.768427673447791,0.10173164067548791,0.10155947342099049,0.05076169923962628,0.040716012544420796,0.1386531638025386,0.34706956745741646
4139,4.768427673447791,0.10173163930698588,0.10155947170736752,0.050761672731700354,0.04071511951323655,0.13863622295694786,0.34706838050718797
4140,4.768427673447791,0.10173163793898343,0.10155946999437011,0.05076164623345165,0.04071422753854257,0.13861928829593537,0.3470671939902782
4141,4.768427673447791,0.10173163657148027,0.10155946828199794,0.05076161974487429,0.04071333661960865,0.13860235981574476,0.34706600790642395
4142,4.768427673447791,0.10173163520447612,0.1015594665702506,0.050761593265962406,0.04071244675570522,0.13858555011076185,0.34706482225536245
4143,4.768427673447791,0.10173163383797064,0.1015594648591277,0.05076156679671012,0.040711557946103386,0.1385686339672145,0.3470636370368308
4144,4.768427673447791,0.10173163247196357,0.10155946314862889,0.050761540337111596,0.04071067019007489,0.13855185519374572,0.34706245225056653
4145,4.76842767344779,0.10173163110645456,0.10155946143875375,0.050761513887160936,0.040709783486892116,0.13853509307093123,0.3470612678963073
4146,4.768427673447791,0.10173162974144334,0.10155945972950195,0.05076148744685232,0.04070889783582812,0.13851834638351895,0.3470600839737911
4147,4.76842767344779,0.1017316283769296,0.10155945802087307,0.0507614753403988,0.04070801323615659,0.13850164407348034,0.34705890048275606
4148,4.76842767344779,0.10173162701291304,0.10155945631286675,0.05076144891761036,0.04070703972147735,0.13848491485149275,0.3470577174229405
4149,4.768427673447791,0.10173162564939336,0.10155945460548263,0.05076142250444708,0.040706066561424344,0.13846807617972642,0.34705653479408305
4150,4.768427673447791,0.10173162428637023,0.1015594528987203,0.05076139610090309,0.04070509448360623,0.1384513020765617,0.3470553525959225
4151,4.768427673447792,0.1017316229238434,0.10155945119257939,0.05076136970697258,0.04070412348727928,0.13843456690352954,0.34705417082819795
4152,4.768427673447792,0.10173162156181254,0.10155944948705956,0.05076134332264972,0.04070315138955027,0.13841772354805254,0.34705298949064856
4153,4.768427673447792,0.10173162020027735,0.10155944778216038,0.0507613169479287,0.040702180372621084,0.1384008688033976,0.3470518085830138
4154,4.768427673447792,0.10173161883923751,0.1015594460778815,0.050761290582803695,0.04070121043574952,0.13838411350267052,0.3470506281050335
4155,4.768427673447793,0.10173162001338941,0.10155944437422257,0.050761264227268905,0.04070024157819402,0.13836731574259795,0.34704944805644755
4156,4.768427673447792,0.10173161865303101,0.10155944267118316,0.050761241635498375,0.04069927379921367,0.13835048501520347,0.347048268436996
4157,4.768427673447792,0.10173161729316721,0.10155944096876295,0.050761215298669914,0.04069830709806824,0.1383336600127324,0.34704708924641925
4158,4.768427673447791,0.10173161593379769,0.10155943926696154,0.050761199637723534,0.04069734147401813,0.13831683587452723,0.3470459104844579
4159,4.768427673447791,0.10173161457492215,0.10155943756577854,0.05076117331873831,0.04069637692632441,0.13830007488554194,0.3470447321508527
4160,4.768427673447791,0.10173161321654031,0.1015594358652136,0.05076114700931498,0.04069540765027876,0.13828326296432172,0.3470435542453446
4161,4.768427673447792,0.10173161185865187,0.10155943416526635,0.05076113894231926,0.04069443945122174,0.1382664734916582,0.3470423767676751
4162,4.768427673447792,0.10173161050125651,0.10155943246593639,0.05076111264978701,0.04069347087899547,0.13824967377760258,0.3470411997175854
4163,4.768427673447792,0.10173160914435395,0.10155943076722336,0.05076108636680012,0.04069250338280822,0.13823288016259067,0.34704002309481724
4164,4.768427673447792,0.10173160778794388,0.1015594290691269,0.05076106009335283,0.04069153696192274,0.13821609264293858,0.34703884689911263
4165,4.768427673447792,0.101731606432026,0.10155942737164662,0.05076104235582764,0.04069057161560245,0.13819931121496543,0.34703767113021344
4166,4.768427673447792,0.10173160507660003,0.10155942567478216,0.05076101610040728,0.040689607343111424,0.1381825358749936,0.3470364957878622
4167,4.768427673447792,0.10173160372166568,0.10155942648136297,0.050760989854509615,0.04068864414371436,0.13816576661934846,0.3470353208718014
4168,4.768427673447792,0.10173160236722262,0.10155942478542537,0.05076097857659344,0.04068768201667664,0.13814900344435854,0.3470341463817738
4169,4.768427673447792,0.1017316010132706,0.10155942309010259,0.050760952347909526,0.04068672096126429,0.13813224634635543,0.34703297231752234
4170,4.768427673447792,0.10173159965980927,0.10155942139539423,0.05076092612873175,0.04068576097674398,0.13811549532167386,0.34703179867879025
4171,4.768427673447792,0.10173159830683838,0.10155941970129995,0.05076089991905438,0.040684802062383014,0.13809884996553595,0.3470306254653209
4172,4.768427673447792,0.1017315969543576,0.10155941800781937,0.050760873718871675,0.04068384421744939,0.13808219724566786,0.347029452676858
4173,4.768427673447792,0.10173159560236665,0.10155941631495212,0.05076084752817793,0.04068288913420361,0.13806566419666008,0.34702828031314525
4174,4.768427673447791,0.10173159425086524,0.10155941462269782,0.05076082134696742,0.040681935118310045,0.13804920028726064,0.3470271083739269
4175,4.768427673447791,0.10173159289985306,0.10155941293105611,0.050760795175234415,0.04068097109358517,0.13803262158687926,0.3470259368589471
4176,4.768427673447792,0.10173159154932984,0.10155941124002664,0.050760769012973245,0.040680008138762054,0.13801590682961465,0.34702476576795044
4177,4.768427673447791,0.10173159019929527,0.10155940954960901,0.050760742860178176,0.04067904625310985,0.1379991981201355,0.3470235951006815
4178,4.768427673447791,0.10173158884974906,0.10155940785980287,0.050760716716843526,0.04067808327416398,0.1379824954548011,0.3470224248568853
4179,4.768427673447792,0.10173158750069092,0.10155940617060785,0.05076069058296359,0.04067712064347877,0.13796579882997387,0.34702125503630693
4180,4.768427673447793,0.10173158615212054,0.1015594044820236,0.05076066445853269,0.040676159080817564,0.137949256781353,0.3470200856386918
4181,4.768427673447793,0.10173158480403761,0.1015594027940497,0.050760638343545134,0.040675198585451475,0.13793275392559448,0.3470189166637854
4182,4.768427673447792,0.10173158345644188,0.1015594011066858,0.05076061223799523,0.040674239156652255,0.1379161573429031,0.3470177481113335
4183,4.768427673447792,0.10173158210933304,0.1015593994199316,0.05076058614187733,0.040673280793692326,0.13789951482401666,0.3470165799810822
4184,4.768427673447792,0.10173158076271079,0.10155939773378665,0.050760560055185755,0.04067232349584472,0.13788289925197422,0.3470154122727776
4185,4.768427673447793,0.10173157941657486,0.10155939604825062,0.05076054399530319,0.04067136726238316,0.1378662387343937,0.3470142449861662
4186,4.768427673447793,0.10173157807092495,0.10155939436332315,0.05076051792623715,0.04067041209258194,0.13784958423196403,0.3470130781209946
4187,4.768427673447793,0.10173157672576073,0.10155939267900387,0.05076049656498932,0.04066945798571604,0.13783293574107208,0.34701191167700957
4188,4.768427673447793,0.10173157538108195,0.10155939099529239,0.050760470514169875,0.04066850494106109,0.1378162932581076,0.34701074565395834
4189,4.7684276734477935,0.1017315740368883,0.10155938931218836,0.05076046274648807,0.04066755295789333,0.13779973477157495,0.34700958005158805
4190,4.7684276734477935,0.1017315726931795,0.10155938762969142,0.050760436712254976,0.04066660203548965,0.13778310428423443,0.3470084148696462
4191,4.7684276734477935,0.10173157134995528,0.10155938594780121,0.05076041068741008,0.04066565217312757,0.13776648587973253,0.3470072501078805
4192,4.7684276734477935,0.1017315700072153,0.10155938426651737,0.05076040289635388,0.040664703370085264,0.1377498673822968,0.34700608576603886
4193,4.768427673447793,0.10173156866495929,0.10155938258583949,0.050760405675137475,0.040663755625641534,0.1377332548747867,0.3470049218438694
4194,4.768427673447793,0.10173156732318696,0.10155938090576727,0.05076037967275549,0.04066280893907582,0.1377166483536101,0.3470037583411204
4195,4.768427673447793,0.10173156598189805,0.10155937922630032,0.05076035367974126,0.040661863309668186,0.13770004781517806,0.3470025952575405
4196,4.768427673447793,0.10173156464109222,0.10155937754743828,0.05076032769608914,0.04066091873669935,0.1376834532559045,0.34700143259287836
4197,4.768427673447792,0.1017315633007692,0.10155937586918079,0.05076030431784099,0.0406599691730831,0.1376668691341074,0.347000270346883
4198,4.768427673447792,0.1017315619609287,0.10155937419152747,0.05076027835258359,0.04065901310569541,0.13765028652186725,0.34699910851930355
4199,4.768427673447792,0.10173156062157046,0.10155937251447798,0.05076025239667163,0.0406580580974892,0.13763370987804577,0.3469979471098895
4200,4.768427673447793,0.10173155928269416,0.10155937083803196,0.0507602264500995,0.040657104147744774,0.1376171478080476,0.3469967861183903
4201,4.768427673447793,0.10173155794429953,0.1015593691751449,0.05076020051286159,0.04065615125574307,0.13760058308930798,0.3469956255445559
4202,4.7684276734477935,0.10173155660638628,0.10155936749990316,0.05076017458495234,0.04065519942076565,0.137584027383531,0.3469944653881362
4203,4.7684276734477935,0.10173155526895408,0.10155936582526379,0.05076014866636615,0.040654245070999656,0.1375674906422093,0.3469933056488814
4204,4.768427673447794,0.1017315539320027,0.10155936415122643,0.05076012275709745,0.04065329177810677,0.13755102691076704,0.3469921463265421
4205,4.768427673447794,0.10173155259553182,0.10155936247779075,0.05076009685714067,0.040652339541369674,0.13753464207256605,0.34699098742086865
4206,4.768427673447794,0.10173155125954114,0.10155936080495635,0.050760084625985254,0.0406513883600717,0.13751826012868942,0.3469898289316121
4207,4.7684276734477935,0.10173154992403041,0.10155935913272288,0.05076005874299378,0.0406504382334968,0.13750197706109626,0.34698867085852353
4208,4.768427673447794,0.10173154858899931,0.10155935746109,0.05076003286929813,0.04064948916092957,0.13748570290985151,0.3469875132013541
4209,4.768427673447794,0.1017315472544476,0.10155935579005736,0.05076000700489274,0.04064854114165523,0.1374694454811513,0.34698635595985544
4210,4.768427673447794,0.10173154592037494,0.10155935411962455,0.050759981149772065,0.0406475941749596,0.13745319234957773,0.346985199133779
4211,4.768427673447795,0.10173154458678106,0.10155935244979125,0.05075995530393055,0.04064664826012916,0.13743690666484812,0.34698404272287686
4212,4.768427673447795,0.1017315432536657,0.10155935078055711,0.050759934615186984,0.04064569698762871,0.13742059747453564,0.346982886726901
4213,4.768427673447795,0.10173154192102854,0.10155934911192174,0.050759908787269326,0.04064474676786723,0.1374042632731329,0.34698173114560377
4214,4.768427673447795,0.10173154058886931,0.10155934744388481,0.05075988296861444,0.0406437976001317,0.13738790378302043,0.34698057597873766
4215,4.768427673447796,0.10173153925718773,0.10155934613434273,0.05075985715921681,0.04064284948370971,0.1373714928169963,0.34697942122605546
4216,4.768427673447796,0.1017315379259835,0.10155934446745865,0.0507598313590709,0.0406419024178895,0.13735519818909317,0.34697826688731
4217,4.768427673447795,0.10173153659525634,0.10155934280117195,0.05075980556817121,0.0406409564019599,0.13733881094513392,0.34697711296225436
4218,4.768427673447795,0.10173153526500597,0.10155934113548225,0.05075977978651221,0.040640011435210385,0.13732239182841982,0.34697595945064197
4219,4.768427673447795,0.10173153393523211,0.10155933947038924,0.05075976402533287,0.040639067516931054,0.13730609119255544,0.3469748063522264
4220,4.768427673447794,0.10173153260593448,0.10155933780589253,0.05075974519657974,0.040638118966276,0.13728971101028586,0.34697365366676125
4221,4.768427673447795,0.10173153127711279,0.10155933614199178,0.050759719440579804,0.04063717146470687,0.13727332619636035,0.34697250139400065
4222,4.768427673447795,0.10173152994876673,0.1015593344786866,0.050759693693799283,0.04063622501151442,0.1372568855104538,0.3469713495336987
4223,4.768427673447795,0.10173152862089607,0.1015593328159767,0.05075966795623269,0.04063527960599002,0.13724046353574962,0.34697019808560964
4224,4.768427673447795,0.10173152729350049,0.10155933115386166,0.050759642227874546,0.04063433241207874,0.13722403461196758,0.34696904704948817
4225,4.768427673447796,0.10173152596657972,0.10155932949234116,0.05075961650871935,0.0406333862654343,0.13720761156476435,0.34696789642508896
4226,4.768427673447795,0.10173152464013348,0.10155932783141484,0.05075959079876165,0.0406324397488537,0.1371911943906426,0.34696674621216705
4227,4.768427673447795,0.10173152331416145,0.10155932617108233,0.050759565097995944,0.04063149427863223,0.13717478308610787,0.34696559641047764
4228,4.768427673447795,0.1017315219886634,0.10155932451134332,0.05075953940641679,0.04063054985406345,0.13715837764766875,0.3469644470197761
4229,4.768427673447795,0.10173152066363904,0.10155932285219745,0.05075951372401872,0.040629606474441526,0.13714199098028748,0.3469632980398179
4230,4.768427673447795,0.10173151933908807,0.1015593211936443,0.05075948805079626,0.04062866130976815,0.13712559726203358,0.34696214947035897
4231,4.768427673447795,0.1017315180150102,0.10155932133704701,0.050759462386743975,0.040627717189642414,0.13710929333150287,0.3469610013111552
4232,4.768427673447794,0.10173151669140515,0.10155931967946312,0.05075944571902948,0.04062677411335975,0.13709300448510367,0.3469598535619628
4233,4.768427673447794,0.10173151536827267,0.10155931802247102,0.05075942007222764,0.040625832080216195,0.1370768190268087,0.3469587062225382
4234,4.768427673447794,0.10173151404561245,0.10155931636607037,0.05075939443458001,0.040624891089508404,0.1370606861807024,0.34695755929263805
4235,4.768427673447794,0.10173151272342423,0.10155931471026079,0.05075936880608115,0.04062395114053364,0.13704441364374695,0.34695641277201905
4236,4.7684276734477935,0.1017315114017077,0.10155931305504196,0.050759359440448286,0.040623012232589774,0.13702805492396233,0.34695526666043824
4237,4.7684276734477935,0.10173151008046262,0.1015593114004135,0.05075933382829098,0.0406220743649753,0.1370117020390104,0.3469541209576528
4238,4.7684276734477935,0.10173150875968869,0.10155930974637507,0.05075930822526687,0.04062113753698934,0.13699544781868445,0.3469529756634202
4239,4.7684276734477935,0.10173150743938564,0.10155930809292635,0.05075928263137053,0.040620195400489646,0.13697938610550828,0.346951830777498
4240,4.7684276734477935,0.10173150611955317,0.10155930644006694,0.05075927387302018,0.040619253599792814,0.13696329636048346,0.346950686299644
4241,4.768427673447793,0.101731504800191,0.10155930478779653,0.05075924941427683,0.04061831213469969,0.13694710168530505,0.3469495422296162
4242,4.768427673447793,0.10173150348129888,0.10155930313611473,0.05075923255658789,0.04061737170919924,0.136930892814375,0.34694839856717286
4243,4.768427673447792,0.1017315021628765,0.10155930148502124,0.050759206995972375,0.04061643232259197,0.13691457476238922,0.3469472553120723
4244,4.768427673447792,0.1017315008449236,0.10155929983451567,0.05075918144445874,0.040615493974179004,0.13689826252109494,0.34694611246407325
4245,4.768427673447792,0.1017314995274399,0.10155929818459769,0.05075915590204159,0.04061455666326209,0.13688213719385406,0.34694497002293445
4246,4.768427673447792,0.10173149821042514,0.10155929653526695,0.05075913036871552,0.04061362299487603,0.1368658960382785,0.3469438279884149
4247,4.768427673447792,0.10173149689387899,0.10155929488652311,0.05075911575525228,0.04061269036166409,0.13684960117977163,0.3469426863602738
4248,4.768427673447792,0.10173149557780123,0.10155929323836582,0.050759090238793554,0.04061175376221513,0.13683331211821323,0.3469415451382707
4249,4.768427673447792,0.10173149426219154,0.10155929159079473,0.05075906473141025,0.0406108181983277,0.13681705380230763,0.34694040432216505
4250,4.768427673447791,0.10173149294704967,0.10155928994380949,0.050759039233097,0.04060988366930609,0.1368008850654766,0.3469392639117167
4251,4.768427673447791,0.10173149163237535,0.10155928829740975,0.05075901374384843,0.04060895145513141,0.13678476438036333,0.3469381239066857
4252,4.768427673447792,0.10173149031816829,0.10155928665159518,0.05075898826365918,0.0406080202739777,0.13676855171892172,0.34693698430683223
4253,4.768427673447792,0.10173148900442819,0.10155928500636541,0.0507589627925239,0.04060708963876418,0.13675236247441347,0.34693584511191666
4254,4.768427673447791,0.10173148769115481,0.10155928336172011,0.050758937330437216,0.04060616003535771,0.1367362395966677,0.3469347063216996
4255,4.768427673447792,0.10173148637834785,0.10155928171765893,0.05075891187739381,0.04060523146306575,0.13672006047237079,0.3469335679359419
4256,4.768427673447792,0.10173148506600706,0.10155928007418155,0.050758886433388314,0.04060430392119635,0.13670388920315557,0.3469324299544045
4257,4.768427673447792,0.10173148375413214,0.10155927843128758,0.05075886820739757,0.04060337740905816,0.13668775842161768,0.3469312923768486
4258,4.768427673447792,0.10173148386862002,0.10155927678897671,0.05075884278059584,0.040602451925960424,0.13667158314327826,0.3469301552030356
4259,4.768427673447793,0.10173148255750676,0.10155927514724858,0.05075881736281634,0.04060152747121302,0.13665535752217,0.34692901843272717
4260,4.7684276734477935,0.10173148124685862,0.10155927350610286,0.05075879195405372,0.04060060404412637,0.13663913765705815,0.346927882065685
4261,4.768427673447793,0.10173147993667528,0.10155927186553916,0.05075876655430267,0.04059966923574786,0.13662292354454544,0.346926746101671
4262,4.768427673447793,0.10173147862695651,0.10155927022555719,0.05075874116355787,0.04059873605903803,0.13660675236368394,0.3469256105404475
4263,4.768427673447793,0.10173147731770205,0.10155926858615658,0.05075871578181401,0.040597803912107995,0.13659060651345992,0.34692447538177684
4264,4.768427673447793,0.10173147600891161,0.101559266947337,0.050758690409065776,0.04059687279426812,0.13657451099461934,0.3469233406254216
4265,4.768427673447793,0.10173147470058491,0.10155926530909812,0.05075866504530788,0.04059594270482939,0.1365586201751836,0.34692220627114445
4266,4.768427673447793,0.10173147339272168,0.10155926469679559,0.05075863969053499,0.04059511556799464,0.13654272427258998,0.34692107231870845
4267,4.768427673447793,0.10173147208532164,0.10155926305959553,0.05075861434474184,0.040594289422086705,0.136526767253268,0.3469199387678767
4268,4.768427673447793,0.10173147077838453,0.10155926142297517,0.05075858900792312,0.04059346426643962,0.13651076401150852,0.34691880561841254
4269,4.7684276734477935,0.10173146947191007,0.10155925978693417,0.05075856368007355,0.040592640100388,0.13649482001895916,0.3469176728700796
4270,4.768427673447793,0.10173146816589798,0.10155925815147218,0.05075853836118785,0.04059181692326702,0.13647880767187315,0.3469165405226415
4271,4.768427673447793,0.10173146686034801,0.10155925651658887,0.05075851305126074,0.04059099473441246,0.13646288658445382,0.34691540857586234
4272,4.768427673447793,0.10173146555525987,0.10155925488228389,0.05075848775028694,0.04059017353316064,0.13644700353534328,0.3469142770295061
4273,4.7684276734477935,0.10173146425063331,0.10155925324855693,0.05075846533514888,0.040589353318848484,0.13643104349924723,0.34691314588333727
4274,4.7684276734477935,0.10173146294646802,0.1015592516154076,0.05075844005172557,0.04058853409081348,0.13641526417631386,0.3469120151371202
4275,4.7684276734477935,0.10173146164276377,0.10155924998283561,0.050758414777239906,0.04058771584839369,0.13639957684289233,0.34691088479061977
4276,4.7684276734477935,0.10173146033952025,0.1015592483508406,0.05075840377474668,0.040586898767600556,0.13638387000405877,0.3469097548436007
4277,4.7684276734477935,0.1017314590367372,0.1015592467194222,0.05075837851643438,0.040586082671038054,0.1363683048687485,0.3469086252958282
4278,4.768427673447793,0.10173145773441437,0.1015592450885801,0.05075835326704456,0.040585267558046,0.13635267600778983,0.34690749614706756
4279,4.7684276734477935,0.10173145643255149,0.10155924345831396,0.050758328026571986,0.040584453427964795,0.1363370330835936,0.3469063673970843
4280,4.7684276734477935,0.10173145513114826,0.10155924182862344,0.05075831873556181,0.04058364028013539,0.13632141138635132,0.346905239045644
4281,4.7684276734477935,0.10173145383020442,0.10155924019950821,0.0507582935110253,0.040582828113899315,0.13630567138271704,0.3469041110925126
4282,4.7684276734477935,0.10173145252971973,0.10155923857096792,0.050758268295390985,0.04058201692859866,0.13629000309151296,0.3469029835374562
4283,4.7684276734477935,0.10173145122969388,0.10155923694300223,0.05075824308865364,0.04058120672357611,0.13627437355883149,0.34690185638024096
4284,4.768427673447794,0.10173144993012662,0.10155923531561083,0.05075822450802649,0.040580397498174894,0.1362587739763295,0.34690072962063345
4285,4.7684276734477935,0.10173144863101767,0.10155923368879333,0.050758222873173754,0.04057958925173881,0.13624320452165345,0.3468996032584002
4286,4.7684276734477935,0.10173144733236678,0.10155923206254944,0.050758197689536745,0.04057878198361224,0.13622763608548982,0.346898477293308
4287,4.7684276734477935,0.10173144603417368,0.10155923043687881,0.050758172514777086,0.04057797569314012,0.13621196079078476,0.3468973517251241
4288,4.7684276734477935,0.10173144473643808,0.10155922881178112,0.05075814734888958,0.04057717037966795,0.13619625904996804,0.3468962265536155
4289,4.768427673447793,0.10173144343915971,0.10155922718725598,0.05075812308943894,0.040576371507170174,0.1361805914382712,0.34689510177854965
4290,4.768427673447793,0.10173144214233833,0.10155922556330312,0.050758097941174335,0.0405755736084401,0.13616494350684125,0.3468939773996942
4291,4.7684276734477935,0.10173144084597366,0.10155922393992217,0.05075808686603579,0.04057477668282605,0.13614931491053905,0.3468928534168169
4292,4.768427673447793,0.10173143955006542,0.10155922231711279,0.05075806173382238,0.040573979663536056,0.13613369315903878,0.3468917298296857
4293,4.768427673447793,0.10173143825461337,0.10155922069487466,0.05075804965086229,0.04057318361643572,0.13611808576303017,0.3468906066380688
4294,4.768427673447793,0.10173143695961721,0.10155921907320745,0.050758024534801834,0.04057238854087483,0.13610246559308017,0.3468894838417346
4295,4.768427673447793,0.10173143566507668,0.10155921745211081,0.05075799942757836,0.04057159443620374,0.1360869319453027,0.34688836144045165
4296,4.768427673447793,0.10173143437099157,0.10155921583158442,0.050757974329186696,0.040570801301773374,0.13607131749193582,0.34688723943398864
4297,4.768427673447793,0.10173143307736153,0.10155921421162793,0.05075794923962167,0.04057000913693519,0.13605562547005282,0.3468861178221145
4298,4.7684276734477935,0.10173143178418635,0.10155921259224103,0.05075792415887812,0.04056921794104123,0.13604000096592073,0.3468849966045983
4299,4.7684276734477935,0.10173143049146573,0.10155921097342335,0.05075790383098319,0.040568427713444065,0.13602436927555106,0.3468838757812094
4300,4.768427673447793,0.1017314291991994,0.10155920935517458,0.0507578787673093,0.04056763845349686,0.1360088440845897,0.34688275535171725
4301,4.768427673447792,0.10173142790738712,0.1015592077374944,0.050757853712441604,0.04056685016055332,0.13599319544199667,0.34688163531589156
4302,4.768427673447793,0.10173142661602864,0.10155920612038247,0.050757828666374974,0.040565997948026164,0.13597750661164895,0.34688051567350225
4303,4.768427673447793,0.10173142532512365,0.10155920450383844,0.05075780362910424,0.04056514672399899,0.13596168056468266,0.34687939642431925
4304,4.768427673447793,0.10173142403467192,0.101559202887862,0.05075777860062429,0.04056433940659212,0.1359460196023142,0.34687827756811296
4305,4.768427673447793,0.10173142274467316,0.10155920127245278,0.05075775358092996,0.04056353306130433,0.13593042674843026,0.34687715910465367
4306,4.768427673447793,0.10173142145512712,0.10155919965761051,0.05075772857001614,0.04056272768748762,0.13591476457617555,0.34687604103371206
4307,4.768427673447793,0.10173142016603352,0.10155919804333481,0.0507577035678777,0.040561881047401355,0.13589896020554412,0.346874923355059
4308,4.768427673447792,0.10173141887739212,0.10155919642962537,0.05075767857450951,0.040561035392307744,0.13588325814691796,0.3468738060684654
4309,4.768427673447792,0.10173141758920264,0.10155919481648185,0.05075765639967939,0.04056019072155181,0.13586757050472062,0.34687268917370245
4310,4.768427673447792,0.10173141630146482,0.10155919320390393,0.05075763142350675,0.04055934703447911,0.13585194608810383,0.3468715726705416
4311,4.768427673447792,0.10173141501417841,0.10155919159189129,0.05075760645608914,0.040558504330435785,0.1358363958096769,0.34687045655875437
4312,4.768427673447792,0.10173141372734312,0.10155918998044357,0.05075758149742144,0.040557653022045975,0.13582074122974255,0.34686934083811244
4313,4.768427673447792,0.10173141244095872,0.10155918836956046,0.05075755654749857,0.040556802698738424,0.1358049425020613,0.3468682255083878
4314,4.768427673447792,0.10173141115502492,0.10155918675924164,0.05075753160631541,0.04055594539981844,0.13578902645970625,0.3468671105693525
4315,4.768427673447791,0.10173141149923161,0.10155918514948674,0.05075750667386687,0.04055508908746066,0.1357731159912924,0.34686599602077883
4316,4.768427673447791,0.10173141021400733,0.10155918354029547,0.05075748175014789,0.04055423376101045,0.13575721109357197,0.34686488186243947
4317,4.768427673447791,0.10173140892923294,0.10155918193166749,0.05075745683515335,0.04055334788213692,0.1357413117632997,0.34686376809410685
4318,4.76842767344779,0.10173140764490815,0.10155918032360248,0.05075743192887818,0.040552462998900425,0.1357254179972331,0.3468626547155539
4319,4.76842767344779,0.10173140636103274,0.10155917871610011,0.05075740703131731,0.040551572917981726,0.13570953399485516,0.3468615417265537
4320,4.768427673447791,0.10173140507760645,0.10155917710916006,0.050757382142465654,0.04055068383354806,0.13569365134699096,0.3468604291268795
4321,4.768427673447791,0.101731403794629,0.10155917550278198,0.050757357262318156,0.040549795744939915,0.13567777425362082,0.34685931691630467
4322,4.768427673447792,0.10173140251210012,0.10155917389696555,0.05075733239086974,0.04054890865149833,0.13566204474010196,0.3468582050946028
4323,4.768427673447791,0.10173140123001956,0.10155917229171045,0.05075730752811535,0.040548022552564914,0.13564637747570862,0.34685709366154766
4324,4.768427673447791,0.10173139994838705,0.10155917068701634,0.050757282674049935,0.04054713744748183,0.1356306324319908,0.34685598261691314
4325,4.768427673447791,0.10173139866720235,0.1015591690828829,0.05075725782866844,0.04054622460383564,0.1356149567316706,0.3468548719604736
4326,4.768427673447791,0.10173139738646518,0.10155916747930982,0.05075723299196581,0.04054531276276226,0.13559919771841655,0.3468537616920032
4327,4.76842767344779,0.10173139610617529,0.10155916587629676,0.0507572287117358,0.04054440192359973,0.13558335379943412,0.34685265181127656
4328,4.76842767344779,0.10173139482633241,0.1015591642738434,0.05075720388997545,0.04054348823199252,0.13556751541240647,0.3468515423180682
4329,4.76842767344779,0.10173139354693629,0.10155916267194941,0.05075717907687969,0.040542574859329675,0.13555168255412003,0.34685043321215314
4330,4.76842767344779,0.10173139226798666,0.10155916107061445,0.05075716417695203,0.040541662488177935,0.13553585522136372,0.3468493244933064
4331,4.76842767344779,0.10173139098948329,0.10155915946983823,0.05075713938001415,0.04054075111787667,0.13552003341092914,0.34684821616130335
4332,4.768427673447789,0.1017313897114259,0.10155915786962041,0.05075711459172618,0.04053984074776578,0.13550424726672528,0.3468471082159192
4333,4.76842767344779,0.10173138843381421,0.10155915626996066,0.050757089812083094,0.04053893137718579,0.13548849124083445,0.3468460006569297
4334,4.76842767344779,0.10173138715664799,0.10155915467085866,0.05075706504107988,0.04053802300547775,0.13547280007585635,0.3468448934841107
4335,4.768427673447789,0.10173138587992699,0.10155915307231407,0.05075704027871151,0.040537115631983256,0.1354570779280103,0.34684378669723803
4336,4.768427673447789,0.10173138460365092,0.10155915147432659,0.05075702911785977,0.04053620925604451,0.13544133526777882,0.34684268029608784
4337,4.768427673447789,0.10173138332781956,0.10155914987689592,0.050757004371161554,0.04053530387700424,0.13542562963890836,0.34684157428043666
4338,4.76842767344779,0.10173138205243261,0.1015591482800217,0.050756979633083725,0.04053439949420575,0.13540990297873623,0.34684046865006085
4339,4.76842767344779,0.10173138077748982,0.1015591466837036,0.050756954903621296,0.04053348929724994,0.13539412517716615,0.3468393634047371
4340,4.768427673447789,0.10173137950299095,0.10155914508794131,0.05075693018276928,0.04053258009759523,0.13537840913770652,0.3468382585442424
4341,4.768427673447789,0.10173137822893576,0.10155914349273452,0.05075690547052267,0.04053167189458522,0.13536264231356393,0.3468371540683537
4342,4.76842767344779,0.10173137695532396,0.10155914189808292,0.05075688076687651,0.04053076570238586,0.13534688097664282,0.34683604997684836
4343,4.76842767344779,0.10173137568215532,0.10155914030398615,0.050756856071825805,0.04052986050516699,0.13533114572129962,0.34683494626950373
4344,4.768427673447791,0.10173137440942955,0.1015591387104439,0.05075683138536558,0.0405289563022741,0.1353154335282457,0.3468338429460974
4345,4.76842767344779,0.10173137313714639,0.10155913711745586,0.05075680670749086,0.04052805309305321,0.13529981289084708,0.3468327400064072
4346,4.76842767344779,0.10173137483315299,0.10155913552502169,0.050756782038196675,0.04052715087685094,0.13528408322593763,0.346831637450211
4347,4.76842767344779,0.10173137598599571,0.10155913393314107,0.05075675737747807,0.04052624965301443,0.135268349255093,0.3468305352772871
4348,4.76842767344779,0.10173137471441197,0.10155913234181373,0.050756732725330087,0.04052534942089139,0.13525266559622223,0.3468294334874137
4349,4.76842767344779,0.10173137344327005,0.10155913075103931,0.05075670808174776,0.04052445017983009,0.13523694255340982,0.34682833208036934
4350,4.768427673447789,0.10173137217256967,0.10155912916081748,0.05075668676744101,0.040523551929179336,0.13522122497248149,0.3468272310559327
4351,4.768427673447789,0.10173137090231062,0.10155912757114793,0.05075666214058929,0.04052265328848168,0.13520551285028032,0.3468261304138826
4352,4.768427673447789,0.10173136963249263,0.10155912598203036,0.05075663752228853,0.04052175563737298,0.1351898529232947,0.3468250301539981
4353,4.768427673447789,0.10173136836311544,0.10155912439346443,0.050756612912533784,0.04052085897520341,0.13517425241290099,0.3468239302760585
4354,4.768427673447789,0.1017313670941788,0.10155912280544983,0.05075658831132011,0.04051995350357975,0.13515859694190954,0.3468228307798431
4355,4.76842767344779,0.10173136582568248,0.10155912121798626,0.05075656371864258,0.040519049022996925,0.13514301702209583,0.3468217316651316
4356,4.768427673447789,0.1017313645576262,0.10155911963107336,0.050756539134496265,0.04051816599634065,0.13512736469285913,0.34682063293170357
4357,4.768427673447789,0.10173136329000969,0.10155911804471084,0.050756514558876246,0.040517283952328356,0.1351118040163576,0.3468195345793391
4358,4.768427673447789,0.10173136202283273,0.10155911645889838,0.05075648999177759,0.04051640289031513,0.13509618008711569,0.3468184366078182
4359,4.768427673447789,0.10173136075609504,0.10155911487363566,0.0507564654331954,0.040515522809656604,0.13508057938061496,0.34681733901692113
4360,4.768427673447788,0.10173135948979638,0.10155911328892235,0.05075644088312475,0.04051464370970897,0.13506491728169856,0.34681624180642845
4361,4.768427673447787,0.10173135822393649,0.10155911170475815,0.05075641634156072,0.04051376558982894,0.13504925950780786,0.3468151449761207
4362,4.768427673447788,0.10173135695851514,0.10155911012114276,0.05075639180849843,0.04051288844937382,0.13503360715810955,0.34681404852577885
4363,4.768427673447788,0.10173135569353203,0.10155910853807583,0.05075636728393297,0.0405120122877014,0.13501799307839168,0.3468129524551838
4364,4.768427673447789,0.10173135442898697,0.10155910695555706,0.050756342767859446,0.04051113710417006,0.13500239984805895,0.3468118567641167
4365,4.768427673447788,0.10173135316487965,0.10155910537358613,0.050756318260272965,0.040510262898138694,0.13498676374279286,0.3468107614523589
4366,4.768427673447788,0.10173135190120984,0.10155910379216271,0.05075629376116862,0.040509387966407094,0.1349711330492318,0.34680966651969186
4367,4.768427673447788,0.1017313506379773,0.1015591022112865,0.05075626927054156,0.040508514011484045,0.13495550776425944,0.34680857196589737
4368,4.768427673447788,0.10173134937518176,0.1015591006309572,0.05075625804977842,0.04050764103272975,0.13493998276023234,0.3468074777907574
4369,4.768427673447788,0.10173134811282299,0.10155909905117448,0.05075623357455672,0.040506769029504945,0.13492445299073547,0.3468063839940538
4370,4.768427673447788,0.10173134685090071,0.101559097471938,0.050756209107798184,0.04050589800117091,0.1349088802151179,0.34680529057556886
4371,4.768427673447787,0.10173134558941468,0.10155909589324749,0.05075618464949795,0.04050502794708946,0.13489327650841723,0.346804197535085
4372,4.768427673447788,0.10173134432836467,0.10155909431510263,0.05075617749019374,0.040504158866622966,0.13487767819476965,0.34680310487238486
4373,4.768427673447788,0.10173134306775042,0.10155909273750308,0.05075615304679659,0.04050326675207977,0.13486208527107382,0.3468020125872511
4374,4.768427673447787,0.10173134180757165,0.10155909116044853,0.05075612861184385,0.04050237561817153,0.13484650207559717,0.3468009206794666
4375,4.768427673447788,0.10173134171226363,0.1015590895839387,0.05075610418533067,0.04050148546425744,0.13483091992200905,0.34679982914881463
4376,4.768427673447789,0.10173134045282059,0.10155908800797322,0.05075607976725218,0.04050059656647259,0.13481534314908375,0.34679873799507827
4377,4.768427673447789,0.10173133919381236,0.10155908643255185,0.05075605535760355,0.04049970356801349,0.13479984719949997,0.3467976472180411
4378,4.768427673447789,0.10173133793523866,0.1015590848576742,0.05075603095637993,0.04049881154928705,0.13478428116991648,0.3467965568174867
4379,4.768427673447789,0.10173133667709926,0.10155908328334001,0.050756019672684206,0.04049792050965371,0.13476873265384046,0.3467954667931989
4380,4.768427673447789,0.1017313354193939,0.10155908170954896,0.05075599528678303,0.04049703044847441,0.13475323595488897,0.34679437714496164
4381,4.768427673447789,0.10173133416212235,0.10155908013630073,0.05075597090929288,0.040496141365110656,0.1347378398294575,0.34679328787255903
4382,4.768427673447789,0.10173133290528437,0.10155907856359501,0.05075594654020894,0.0404952532589245,0.1347222962236741,0.3467921989757754
4383,4.768427673447788,0.10173133164887968,0.10155907841293212,0.05075592217952638,0.04049441252824445,0.13470681562228687,0.34679111045439526
4384,4.768427673447787,0.1017313315236126,0.10155907684114655,0.05075589782724039,0.040493572757475026,0.13469128981455245,0.3467900237136647
4385,4.768427673447786,0.1017313302679434,0.10155907526990264,0.050755873483346134,0.04049273394598906,0.13467580104345234,0.34678893594228366
4386,4.768427673447786,0.10173132901270682,0.10155907369920003,0.05075584914783883,0.04049189659686355,0.13466028985504683,0.3467878485456607
4387,4.768427673447786,0.10173132775790258,0.10155907212903845,0.05075582482071365,0.040491060205595245,0.13464477201762126,0.34678676152358096
4388,4.768427673447786,0.10173132650353045,0.10155907055941756,0.05075580050196579,0.04049022477155865,0.13462931771678244,0.3467856748758298
4389,4.768427673447786,0.1017313252495902,0.10155906899033708,0.05075577619159047,0.04048939029412881,0.1346138931368914,0.34678458860219274
4390,4.7684276734477855,0.10173132399608154,0.10155906742179667,0.05075575188958287,0.040488556772681275,0.13459845352724215,0.3467835027024555
4391,4.7684276734477855,0.10173132274300424,0.10155906585379604,0.05075572759593821,0.040487724206592156,0.13458295702307205,0.3467824171764039
4392,4.7684276734477855,0.10173132149035809,0.10155906428633488,0.050755703310651705,0.040486892595238064,0.13456749790711708,0.34678133202382405
4393,4.7684276734477855,0.10173132023814277,0.10155906271941287,0.050755679033718554,0.0404860478060787,0.13455221636446765,0.34678024724450207
4394,4.7684276734477855,0.1017313189863581,0.10155906115302972,0.05075566854152046,0.040485203975268995,0.1345368629300293,0.34677916283822446
4395,4.7684276734477855,0.10173131773500378,0.1015590595871851,0.05075567375940214,0.04048436110218435,0.13452153254291757,0.3467780788047776
4396,4.768427673447785,0.1017313164840796,0.1015590580218787,0.05075569638696407,0.04048351949242005,0.13450624317576595,0.3467769951439484
4397,4.768427673447785,0.1017313152335853,0.10155905645711025,0.05075569218182904,0.040482675297972746,0.13449091738353977,0.34677591185552364
4398,4.768427673447785,0.10173131398352067,0.1015590548928794,0.05075568688861822,0.04048178611709134,0.13447546801649415,0.3467748289392904
4399,4.768427673447785,0.10173131273388542,0.10155905332918587,0.050755662646867074,0.04048089444925001,0.1344600711903182,0.346773746395036
4400,4.768427673447785,0.10173131148467932,0.10155905176602935,0.050755638413441,0.04048000375408917,0.1344446261440589,0.3467726642225478
4401,4.7684276734477855,0.10173131023590211,0.10155905020340951,0.05075561418833524,0.04047911403097706,0.13442918271489776,0.34677158242161327
4402,4.7684276734477855,0.10173130898755357,0.10155904864132607,0.05075559521270008,0.040478225279282444,0.13441374458688393,0.3467705009920203
4403,4.768427673447786,0.10173130773963344,0.10155904707977872,0.050755571003618945,0.040477337498374615,0.13439838706778903,0.3467694199335567
4404,4.768427673447786,0.10173130649214149,0.10155904551876713,0.050755549598287535,0.04047645068762341,0.1343830572731331,0.3467683392460106
4405,4.768427673447786,0.10173130524507745,0.10155904395829102,0.05075552540549339,0.04047556484639916,0.13436763501054483,0.3467672589291702
4406,4.768427673447786,0.1017313039984411,0.10155904239835006,0.05075550122099615,0.040474679309328965,0.13435221803701441,0.34676617898282397
4407,4.768427673447786,0.10173130275223218,0.10155904083894396,0.05075548366863969,0.040473794740755936,0.13433685212465385,0.34676509940676054
4408,4.768427673447786,0.10173130150645043,0.10155903928007241,0.05075545949996241,0.0404729111400519,0.13432144571493793,0.3467640202007686
4409,4.768427673447786,0.10173130026109566,0.10155903772173511,0.05075543533956811,0.040472028506589174,0.13430604458523493,0.3467629413646371
4410,4.768427673447786,0.10173129901616758,0.10155903616393176,0.05075541118745206,0.040471146839740624,0.13429064873253402,0.34676186289815514
4411,4.768427673447786,0.10173129777166597,0.10155903460666205,0.050755387043609546,0.040470266138879635,0.13427525815382682,0.34676078480111194
4412,4.768427673447786,0.10173129652759055,0.10155903304992567,0.050755362908035846,0.04046938640338012,0.13425993909374184,0.34675970707329706
4413,4.7684276734477855,0.10173129528394113,0.10155903149372232,0.05075533878072626,0.0404684990002897,0.13424455904641752,0.3467586297145
4414,4.768427673447786,0.10173129404071746,0.10155902993805173,0.05075531466167607,0.040467612564265225,0.13422933857679287,0.34675755272451053
4415,4.768427673447787,0.10173129279791926,0.10155902838291354,0.05075529596093145,0.04046672709468049,0.13421412699548824,0.34675647610311866
4416,4.768427673447786,0.1017312915555463,0.10155902682830747,0.05075528903313358,0.040465842590909795,0.1341990062967815,0.34675539985011433
4417,4.768427673447786,0.10173129031359836,0.10155902527423322,0.05075527834332946,0.04046495905232802,0.13418385984134568,0.346754323965288
4418,4.768427673447786,0.10173129096300115,0.1015590237206905,0.050755254253151826,0.04046407647831053,0.13416873402344448,0.34675324844843003
4419,4.7684276734477855,0.10173128972168617,0.10155902216767898,0.05075523017121151,0.04046319538613748,0.13415371099934964,0.34675217329933095
4420,4.7684276734477855,0.10173128848079555,0.10155902061519836,0.05075520609750383,0.04046231525710397,0.13413879580559768,0.3467510985177816
4421,4.7684276734477855,0.10173128724032904,0.10155901906324837,0.050755182032024095,0.04046143609058704,0.13412383680463738,0.3467500241035729
4422,4.768427673447785,0.1017312860002864,0.10155901751182868,0.05075515797476764,0.04046055788596426,0.13410889899662415,0.34674895005649603
4423,4.768427673447785,0.10173128476066741,0.10155901596093901,0.050755133925729785,0.04045968064261371,0.1340939209590448,0.3467478763763422
4424,4.7684276734477855,0.10173128352147182,0.10155901441057903,0.050755109884905864,0.04045880435991399,0.13407878451262015,0.3467468030629028
4425,4.7684276734477855,0.10173128228269937,0.10155901286074848,0.0507550858522912,0.040457929037244225,0.1340636744290684,0.34674573011596954
4426,4.7684276734477855,0.10173128104434982,0.10155901131144703,0.05075506182788113,0.04045705467398404,0.13404850430926896,0.3467446575353341
4427,4.768427673447786,0.10173127980642295,0.10155900976267436,0.05075503781167099,0.040456181269513614,0.13403331476427002,0.3467435853207884
4428,4.7684276734477855,0.10173127856891849,0.10155900821443019,0.050755013803656115,0.04045529839657233,0.13401809653624577,0.3467425134721246
4429,4.768427673447786,0.10173127733183623,0.10155900666671423,0.05075500096877505,0.040454416484739845,0.13400290138365625,0.3467414419891349
4430,4.7684276734477855,0.10173127609517593,0.10155900511952617,0.050754976975862724,0.04045353553339585,0.13398777995336936,0.3467403708716118
4431,4.7684276734477855,0.10173127485893733,0.10155900357286571,0.05075495299113217,0.04045265554192054,0.1339726171515271,0.3467393001193478
4432,4.768427673447786,0.10173127362312022,0.10155900202673257,0.05075493629600377,0.040451776509694656,0.13395744030015963,0.34673822973213575
4433,4.7684276734477855,0.10173127238772431,0.1015590004811264,0.05075491232679248,0.040450898949983834,0.13394222712172463,0.34673715970976854
4434,4.7684276734477855,0.10173127115274941,0.10155899893604695,0.05075489370585245,0.04045002234811031,0.13392704751300757,0.3467360900520392
4435,4.7684276734477855,0.10173126991819526,0.1015589973914939,0.05075486975236411,0.04044914670345647,0.1339119309322458,0.3467350207587411
4436,4.7684276734477855,0.10173126868406163,0.10155899584746698,0.050754845807034855,0.04044827140584331,0.13389677142389844,0.34673395182966754
4437,4.768427673447786,0.10173126745034827,0.10155899430396587,0.05075482186986006,0.040447397064423705,0.133881608021567,0.34673288326461216
4438,4.768427673447787,0.10173126621705497,0.10155899276099027,0.050754797940835095,0.04044652367858145,0.13386644608398737,0.34673181506336864
4439,4.768427673447787,0.10173126498418146,0.1015589912185399,0.05075478268666497,0.04044565218623957,0.13385120142433513,0.346730747225731
4440,4.768427673447787,0.10173126375172752,0.10155898967661442,0.05075476979392227,0.040444781647924775,0.13383596195265074,0.34672967975149316
4441,4.768427673447787,0.10173126251969287,0.10155898813521355,0.05075474588707822,0.04044391206302259,0.13382075902268473,0.3467286126404494
4442,4.768427673447786,0.10173126128807734,0.101558986594337,0.05075472198836632,0.04044304343091905,0.13380552991455716,0.34672754589239413
4443,4.768427673447786,0.10173126005688066,0.1015589850539845,0.05075469809778198,0.040442175751000696,0.1337904072250799,0.346726479507122
4444,4.768427673447786,0.10173125882610258,0.10155898351415574,0.05075467421532059,0.04044130902265458,0.13377521063410103,0.3467254134844276
4445,4.7684276734477855,0.10173125759574288,0.10155898197485039,0.05075465034097754,0.04044044324526827,0.1337599970406399,0.34672434782410577
4446,4.7684276734477855,0.10173125636580134,0.10155898043606817,0.05075462647474827,0.04043957841822984,0.1337447886175619,0.34672328252595175
4447,4.7684276734477855,0.10173125513627769,0.10155897889780882,0.05075460261662818,0.04043871454092787,0.13372960082586804,0.34672221758976063
4448,4.7684276734477855,0.1017312539071717,0.101558977360072,0.0507545888658966,0.040437851612751444,0.1337144027330301,0.3467211530153277
4449,4.768427673447786,0.10173125267848317,0.10155897582285743,0.050754565022833605,0.04043697501256714,0.13369920980181177,0.34672008880244864
4450,4.768427673447786,0.10173125145021182,0.10155897428616482,0.050754549029092336,0.04043609936525243,0.1336840220292963,0.3467190249509191
4451,4.768427673447786,0.10173125022235743,0.10155897274999386,0.05075452520132587,0.04043522467019512,0.1336688394125692,0.3467179614605348
4452,4.768427673447786,0.10173124899491977,0.10155897121434428,0.05075450138164638,0.04043435092678354,0.13365366194871842,0.346716898331092
4453,4.768427673447787,0.1017312477678986,0.10155897194400117,0.05075447757004932,0.04043347813440651,0.13363848963483405,0.34671583556238667
4454,4.768427673447787,0.10173124654129369,0.10155897040913639,0.050754458458048705,0.040432606292453356,0.13362332246800854,0.34671477315421523
4455,4.768427673447787,0.1017312453151048,0.10155896887479218,0.05075445325705451,0.040431735400313924,0.1336081604453367,0.34671371110637417
4456,4.768427673447787,0.1017312440893317,0.10155896734096825,0.050754429467035685,0.04043086545737856,0.13359300356391549,0.3467126494186601
4457,4.768427673447786,0.10173124286397413,0.1015589658076643,0.050754405685081945,0.04042999123158577,0.13357787626213008,0.3467115880908699
4458,4.768427673447786,0.10173124163903187,0.10155896427488005,0.050754381911188744,0.040429117814436144,0.13356273835516536,0.3467105271228005
4459,4.768427673447786,0.10173124041450471,0.10155896274261518,0.050754358145351515,0.0404282453464846,0.1335476828626761,0.34670946651424905
4460,4.768427673447786,0.1017312391903924,0.10155896121086944,0.050754334387565735,0.04042737382712248,0.13353256728312135,0.3467084062650129
4461,4.768427673447786,0.1017312379666947,0.10155895967964249,0.05075431063782686,0.040426500785153356,0.13351743604863764,0.3467073463748894
4462,4.768427673447786,0.10173123674341138,0.10155895814893405,0.05075428689613034,0.040425628691394475,0.13350235271106425,0.3467062868436763
4463,4.768427673447786,0.10173123552054221,0.10155895661874387,0.05075426316247167,0.04042475754523821,0.1334872317166216,0.3467052276711714
4464,4.768427673447786,0.10173123429808695,0.10155895508907159,0.0507542394368463,0.04042388734607743,0.13347211584029528,0.3467041688571724
4465,4.7684276734477855,0.10173123307604537,0.10155895355991697,0.05075421571924972,0.04042301809330555,0.133457128216846,0.34670311040147767
4466,4.7684276734477855,0.10173123185441722,0.10155895203127968,0.0507541920096774,0.04042214978631644,0.13344222032505595,0.3467020523038853
4467,4.7684276734477855,0.1017312306332023,0.10155895050315947,0.05075416830812483,0.04042128242450451,0.13342735142129478,0.34670099456419373
4468,4.7684276734477855,0.10173122941240037,0.10155894897555603,0.0507541473194982,0.04042041626300789,0.13341257948011512,0.3466999371822016
4469,4.768427673447785,0.10173122819201118,0.10155894744846906,0.05075412363366563,0.04041955104539226,0.1333977298655672,0.34669888015770756
4470,4.768427673447785,0.10173122697203452,0.1015589459218983,0.050754099955839384,0.04041868677105357,0.133382769684899,0.34669782349051054
4471,4.768427673447785,0.10173122575247012,0.10155894439584343,0.05075407628601496,0.04041782343938827,0.1333677176976065,0.34669676718040954
4472,4.768427673447785,0.1017312245333178,0.10155894287030416,0.05075405262418785,0.0404169610497933,0.13335264251908813,0.3466957112272039
4473,4.768427673447785,0.10173122331457729,0.10155894134528021,0.05075402897035356,0.0404160996016661,0.1333375724328743,0.34669465563069285
4474,4.7684276734477855,0.1017312220962484,0.1015589398207713,0.05075400532450761,0.04041523909440463,0.13332250743610294,0.34669360039067604
4475,4.7684276734477855,0.10173122087833084,0.10155893829677712,0.0507539816866455,0.0404143795274073,0.1333074475259141,0.346692545506953
4476,4.7684276734477855,0.10173121966082442,0.10155893677329739,0.05075395805676275,0.04041352090007305,0.13329242777112438,0.34669149097932367
4477,4.7684276734477855,0.10173121844372889,0.10155893525033183,0.05075393443485486,0.04041266321180133,0.1332773780215703,0.346690436807588
4478,4.768427673447785,0.10173121722704404,0.10155893597365735,0.05075391082091738,0.04041180646199205,0.13326233335003404,0.34668938299154606
4479,4.768427673447785,0.1017312160107696,0.10155893445146577,0.05075388721494581,0.04041095065004564,0.13324732680741946,0.3466883295309983
4480,4.768427673447785,0.10173121479490539,0.1015589329297876,0.0507538636169357,0.040410095775363024,0.1332323164500859,0.34668727642574515
4481,4.768427673447785,0.10173121357945115,0.10155893140862252,0.050753840026882574,0.04040924183734562,0.13321728698905203,0.34668622367558727
4482,4.7684276734477855,0.10173121236440666,0.10155892988797023,0.05075381644478196,0.040408381665834034,0.1332023175257648,0.3466851712803253
4483,4.7684276734477855,0.10173121114977168,0.10155892836783045,0.05075379287062941,0.04040752405642035,0.13318740851201977,0.3466841192397603
4484,4.7684276734477855,0.10173120993554599,0.10155892684820292,0.05075376930442046,0.040406667383746826,0.1331724538272414,0.34668306755369327
4485,4.7684276734477855,0.10173120872172935,0.10155892532908732,0.05075374574615065,0.04040581164721582,0.13315751996659633,0.34668201622192546
4486,4.7684276734477855,0.10173120750832153,0.10155892381048338,0.050753722195815545,0.040404957774716636,0.13314258232506998,0.34668096524425834
4487,4.7684276734477855,0.10173120629532233,0.10155892229239082,0.05075369865341068,0.040404104836853465,0.13312758317992085,0.34667991462049347
4488,4.7684276734477855,0.1017312050827315,0.10155892077480932,0.050753675118931633,0.0404032528330303,0.1331125890843973,0.34667886435043255
4489,4.7684276734477855,0.10173120387054879,0.10155891925773863,0.05075365159237395,0.04040240176265163,0.13309760003567078,0.3466778144338774
4490,4.7684276734477855,0.10173120265877401,0.10155891774117845,0.050753628073733195,0.04040155162512241,0.13308261603091484,0.3466767648706301
4491,4.768427673447785,0.1017312014474069,0.10155891622512848,0.050753604563004935,0.04040070241984814,0.13306765498820947,0.34667571566049277
4492,4.7684276734477855,0.10173120023644724,0.10155891470958847,0.05075358106018476,0.040399854146234745,0.13305268106090787,0.3466746668032678
4493,4.768427673447785,0.1017312012790397,0.10155891319455809,0.05075355756526821,0.040399006803688686,0.1330377121691117,0.34667361829875765
4494,4.7684276734477855,0.10173120006864085,0.10155891168003708,0.05075353407825089,0.04039814374211515,0.13302274831000338,0.346672570146765
4495,4.7684276734477855,0.10173119885864887,0.10155891016602517,0.050753510599128374,0.04039728161601978,0.1330078153873768,0.34667152234709264
4496,4.7684276734477855,0.1017311976490635,0.10155890865252207,0.05075348712789624,0.04039641879058128,0.1329928615822878,0.3466704748995435
4497,4.7684276734477855,0.10173119643988453,0.10155890713952745,0.05075346366455009,0.040395556899980055,0.1329779128014482,0.3466694278039207
4498,4.7684276734477855,0.10173119523111175,0.10155890562704108,0.050753440209085496,0.04039469465409928,0.1329629690420493,0.34666838106002745
4499,4.768427673447786,0.1017311940227449,0.10155890411506266,0.05075341676149807,0.040393833342300234,0.1329481122825301,0.34666733466766725
4500,4.768427673447786,0.10173119281478378,0.10155890260359188,0.05075339332178339,0.040392971675329556,0.13293317854838638,0.3466662886266436
4501,4.768427673447786,0.10173119160722816,0.10155890109262848,0.05075336988993708,0.040392110941686064,0.1329182874592023,0.34666524293676027
4502,4.768427673447786,0.1017311904000778,0.1015588995821722,0.05075334646595473,0.040391251140776664,0.13290336374409484,0.346664197597821
4503,4.768427673447786,0.10173118919333247,0.1015588980722227,0.05075332304983196,0.040390392272008774,0.13288853522574232,0.34666315260963004
4504,4.7684276734477855,0.10173118798699196,0.10155889852596305,0.05075329964156437,0.04038953433479029,0.13287362151258633,0.3466621079719914
4505,4.768427673447786,0.10173118678105607,0.10155889701680608,0.0507532762411476,0.0403886773285296,0.13285871280127914,0.3466610636847095
4506,4.768427673447786,0.10173118557552452,0.10155889550815514,0.05075325284857724,0.04038782125263554,0.132843816433724,0.3466600197475888
4507,4.768427673447786,0.1017311843703971,0.10155889400000995,0.05075324350824698,0.04038696610651749,0.13282892966734625,0.34665897616043395
4508,4.768427673447786,0.10173118316567362,0.10155889249237023,0.050753220129781576,0.040386112651672856,0.1328140819689392,0.34665793292304975
4509,4.7684276734477855,0.10173118196135379,0.1015588909852357,0.05075319675914999,0.04038525357945425,0.1327993152418762,0.3466568900352411
4510,4.7684276734477855,0.10173118075743745,0.10155888947860608,0.05075317339634788,0.04038439543718028,0.13278447165278745,0.34665584749681305
4511,4.7684276734477855,0.10173117955392433,0.1015588879724811,0.05075315004137085,0.04038353822426114,0.13276959286854362,0.346654805307571
4512,4.7684276734477855,0.10173117835081423,0.10155888646686044,0.050753126694214556,0.04038268194010754,0.13275471906666408,0.34665376346732013
4513,4.768427673447786,0.10173117714810694,0.10155888496174388,0.05075310335487464,0.04038182658413064,0.13273993795775757,0.3466527219758663
4514,4.768427673447786,0.1017311759458022,0.10155888345713109,0.05075308002334675,0.0403809721557421,0.1327252147594318,0.34665168083301495
4515,4.7684276734477855,0.10173117474389978,0.10155888195302179,0.05075305669962652,0.040380118654354064,0.1327105119803993,0.34665064003857204
4516,4.7684276734477855,0.1017311735423995,0.10155888044941573,0.05075303549793034,0.040379266092047617,0.1326957412235813,0.34664959959234354
4517,4.7684276734477855,0.1017311723413011,0.1015588789463126,0.050753012189575834,0.040378409315734214,0.13268089223960075,0.34664855949413564
4518,4.768427673447785,0.10173117114060436,0.10155887744371216,0.050753003639722696,0.04037755282594167,0.13266604822137815,0.3466475197437546
4519,4.768427673447785,0.10173116994030908,0.10155887594161407,0.050752980345303386,0.04037669726273079,0.13265120916615042,0.3466464803410069
4520,4.768427673447785,0.10173116874041502,0.10155887444001811,0.05075295705867067,0.040375841345430236,0.1326364394965799,0.34664544128569924
4521,4.7684276734477855,0.10173116754092194,0.10155887293892396,0.050752933779820215,0.040374986353966545,0.13262162011200038,0.34664440257763823
4522,4.7684276734477855,0.10173116634182966,0.10155887143833138,0.05075291050874771,0.040374132287753904,0.13260679592090857,0.3466433642166309
4523,4.7684276734477855,0.10173117105851817,0.10155886993824004,0.05075288724544882,0.04037330483849743,0.13259199803987143,0.34664232620248425
4524,4.768427673447785,0.10173116985956583,0.10155886843864968,0.05075286398991922,0.04037247830474132,0.1325772080325046,0.3466412885350054
4525,4.7684276734477855,0.10173116866101384,0.10155886693956007,0.05075284074215461,0.040371652685905965,0.13256241703526742,0.34664025121400194
4526,4.7684276734477855,0.10173116746286194,0.10155886544097086,0.05075281750215065,0.0403707984728041,0.13254761262839074,0.3466392142392812
4527,4.768427673447785,0.10173116626510995,0.10155886394288181,0.050752794269903055,0.040369945183313695,0.13253281316248647,0.34663817761065085
4528,4.768427673447785,0.10173116506775759,0.10155886244529264,0.05075277104540749,0.040369092816851096,0.13251801863481077,0.3466371413279188
4529,4.7684276734477855,0.1017311638708047,0.10155886094820307,0.05075274782865969,0.04036823945834181,0.13250322904262196,0.34663610539089296
4530,4.7684276734477855,0.10173116267425102,0.10155885945161285,0.050752724619655326,0.04036738702233299,0.13248846229069747,0.34663506979938136
4531,4.7684276734477855,0.10173116147809631,0.10155885795552162,0.050752701418390105,0.040366535508242055,0.1324736825592681,0.3466340345531923
4532,4.7684276734477855,0.10173116028234039,0.10155885645992918,0.050752678224859724,0.04036568491548691,0.13245890775511399,0.3466329996521342
4533,4.7684276734477855,0.10173115908698303,0.10155885496483523,0.050752655039059916,0.04036483524348592,0.13244413787550188,0.3466319650960156
4534,4.768427673447785,0.101731157892024,0.1015588534702395,0.05075263186098638,0.04036398649165794,0.1324293729177007,0.3466309308846452
4535,4.768427673447785,0.10173115669746308,0.1015588519761417,0.050752608690634825,0.04036313865942228,0.13241461287898149,0.3466298970178319
4536,4.768427673447784,0.10173115550330004,0.10155885048254157,0.050752585528000986,0.04036228783799878,0.1323998577566174,0.34662886349538463
4537,4.768427673447784,0.1017311543095347,0.10155884898943883,0.050752562373080574,0.04036143793630914,0.13238520318401112,0.34662783031711264
4538,4.768427673447784,0.10173115311616678,0.10155884923391721,0.05075253922586932,0.04036058895377338,0.13237058386259185,0.3466267974828251
4539,4.768427673447785,0.10173115192319611,0.10155884774161499,0.050752516086362956,0.040359740889812,0.13235586742154773,0.34662576499233155
4540,4.768427673447785,0.10173115073062244,0.10155884624980938,0.050752492954557214,0.04035889374384594,0.13234113191003902,0.34662473284544154
4541,4.768427673447785,0.10173114953844556,0.10155884534447646,0.05075246983044782,0.04035804751529666,0.13232640778511795,0.3466237010419647
4542,4.7684276734477855,0.10173114834666526,0.10155884385359808,0.05075245419150947,0.040357201284852824,0.13231168207569685,0.3466226695817111
4543,4.7684276734477855,0.101731148003246,0.10155884236321551,0.05075243108194809,0.04035635597097558,0.13229696126361137,0.34662163846449073
4544,4.768427673447786,0.10173114681216386,0.10155884087332849,0.05075240798007055,0.04035551375428318,0.13228226317243094,0.34662060769011366
4545,4.768427673447786,0.10173114562147766,0.10155883938393674,0.05075238488587263,0.040354672452278126,0.13226755214490635,0.34661957725839027
4546,4.768427673447786,0.10173114443118718,0.10155883789504,0.05075236179935007,0.04035383206438444,0.13225284629308462,0.3466185471691311
4547,4.768427673447786,0.1017311432412922,0.10155883640663797,0.05075233872049862,0.0403529925900266,0.13223814504124962,0.3466175174221467
4548,4.768427673447786,0.10173114205179251,0.10155883705983595,0.050752315649314046,0.040352154028629565,0.13222344867322186,0.3466164880172478
4549,4.768427673447786,0.10173114086268789,0.10155883557218466,0.05075229258579211,0.04035131637961877,0.13220875718630187,0.34661545895424534
4550,4.7684276734477855,0.10173113967397811,0.10155883408502735,0.05075226952992857,0.04035047964242009,0.13219407057779214,0.34661443023295047
4551,4.7684276734477855,0.101731138485663,0.10155883259836376,0.050752246481719214,0.040349643816459904,0.1321793888449974,0.34661340185317435
4552,4.7684276734477855,0.10173113729774226,0.1015588311121936,0.050752223441159795,0.04034880890116501,0.13216474521963958,0.3466123738147282
4553,4.7684276734477855,0.10173113611021574,0.10155882962651662,0.050752200408246094,0.04034797489596272,0.13215011650108976,0.34661134611742367
4554,4.768427673447786,0.10173113492308321,0.10155882814133253,0.050752180360883414,0.04034714180028079,0.13213550990065207,0.3466103187610724
4555,4.768427673447786,0.10173113373634443,0.10155882665664107,0.050752157342918054,0.040346309613547425,0.13212084762860002,0.3466092917454861
4556,4.768427673447787,0.1017311325499992,0.10155882517244195,0.050752134332585866,0.04034547833519132,0.13210619021882236,0.34660826507047676
4557,4.768427673447787,0.10173113136404728,0.1015588236887349,0.05075211132988264,0.040344647964641614,0.1320916011725373,0.34660723873585636
4558,4.768427673447787,0.10173113017848848,0.10155882220551966,0.05075208833480416,0.040343818501327934,0.1320769534722198,0.3466062127414372
4559,4.768427673447786,0.10173112899332255,0.10155882072279596,0.05075206534734622,0.04034298994468035,0.13206241457458595,0.34660518708703164
4560,4.768427673447786,0.10173112780854933,0.10155881924056352,0.05075204236750464,0.04034216229412939,0.1320477765685384,0.3466041617724522
4561,4.768427673447786,0.10173112662416856,0.10155881775882208,0.050752019696554344,0.040341336527859865,0.13203315888324862,0.3466031367975115
4562,4.768427673447786,0.10173112544018002,0.10155881627757138,0.050752001843127545,0.04034050902579939,0.1320185305705878,0.34660211216202236
4563,4.768427673447786,0.10173112425658354,0.10155881479681113,0.05075198632834064,0.04033968242868022,0.13200392955730125,0.3466010878657978
4564,4.768427673447786,0.10173112307337884,0.10155881331654104,0.050751963377498904,0.04033885673593445,0.13198934668677553,0.3466000639086507
4565,4.7684276734477855,0.10173112189056574,0.10155881183676087,0.05075194043425302,0.04033803194699462,0.1319747907025306,0.3465990402903945
4566,4.7684276734477855,0.10173112070814402,0.10155881035747034,0.05075191749859881,0.0403372026365082,0.13196038247470954,0.34659801701084253
4567,4.7684276734477855,0.10173111952611347,0.1015588088786692,0.050751894570532086,0.04033635994603267,0.13194594495254885,0.34659699406980826
4568,4.7684276734477855,0.10173111834447386,0.10155881445083945,0.05075187165004868,0.04033553361111487,0.13193154326959783,0.34659597146710536
4569,4.768427673447786,0.101731117163225,0.1015588129722363,0.050751848737144424,0.040334708179144446,0.13191725116475875,0.34659494920254774
4570,4.7684276734477855,0.10173111817348611,0.10155881149412198,0.05075182583181513,0.040333883649555445,0.13190288646528944,0.3465939272759492
4571,4.7684276734477855,0.10173111699277577,0.1015588100164962,0.05075180293405665,0.0403330600217824,0.13188840569821147,0.34659290568712386
4572,4.768427673447786,0.10173111581245563,0.10155880853935871,0.050751796954054525,0.04033223729526028,0.13187393948849013,0.34659188443588607
4573,4.7684276734477855,0.10173111463252543,0.10155880706270926,0.050751774069556166,0.04033141546942453,0.13185944634721666,0.34659086352205015
4574,4.7684276734477855,0.10173111345298497,0.10155880558654753,0.05075175119261675,0.04033059454371104,0.1318449532324683,0.3465898429454306
4575,4.7684276734477855,0.10173111227383404,0.10155880411087331,0.050751728323232125,0.040329755505459454,0.13183049723690757,0.3465888227058421
4576,4.7684276734477855,0.10173111109507244,0.10155880263568628,0.050751721240763666,0.040328917372480386,0.13181603775522593,0.34658780280309953
4577,4.768427673447786,0.10173110991669992,0.10155880116098621,0.05075169838473369,0.040328080304295175,0.13180163180718432,0.3465867832370177
4578,4.768427673447786,0.10173110873871628,0.10155880241394695,0.050751675536246627,0.04032724414019772,0.13178708045729837,0.3465857640074118
4579,4.768427673447786,0.10173110756112133,0.10155880093991894,0.050751652695298334,0.040326408879622785,0.13177253390857788,0.34658474511409704
4580,4.768427673447786,0.10173110638391482,0.10155879946637716,0.05075162986188468,0.040325574522005574,0.13175799215838702,0.3465837265568888
4581,4.768427673447787,0.10173110520709655,0.10155879799332139,0.05075160703600154,0.04032474106678176,0.13174345520409203,0.3465827083356026
4582,4.768427673447787,0.10173110403066633,0.10155879652075131,0.05075158421764476,0.04032390851338746,0.13172892304306108,0.3465816904500541
4583,4.768427673447787,0.10173110285462393,0.10155879504866668,0.05075156140681022,0.040323076861259265,0.13171441138263193,0.34658067290005906
4584,4.768427673447787,0.10173110167896912,0.10155879357706721,0.050751545566742357,0.040322246109834196,0.13169988879850963,0.3465796556854334
4585,4.768427673447787,0.1017311005037017,0.10155879210595266,0.05075152366021663,0.040321416258549736,0.13168543847742448,0.3465786388059933
4586,4.768427673447786,0.10173109932882148,0.10155879063532276,0.05075150087105865,0.04032058730684385,0.13167104492814777,0.34657762226155503
4587,4.768427673447786,0.1017310981543282,0.10155878916517723,0.0507514780894067,0.040319759254154916,0.1316565603897508,0.34657660605193474
4588,4.7684276734477855,0.10173109856155776,0.10155878769551582,0.050751465917319126,0.04031892730146467,0.13164207049255114,0.3465755901769491
4589,4.768427673447786,0.10173109738766366,0.10155878622633827,0.05075144314949924,0.040318090685465297,0.13162757178442544,0.3465745746364148
4590,4.768427673447787,0.10173109621415594,0.1015587847576443,0.05075142038917345,0.04031725434484046,0.1316130778485907,0.34657355943014856
4591,4.768427673447787,0.10173109504103439,0.10155878328943364,0.05075139763633764,0.04031641890460454,0.13159863256734705,0.3465725445579672
4592,4.768427673447786,0.10173109386829879,0.10155878182170604,0.050751374890987716,0.04031558436419619,0.13158414816342498,0.34657153001968793
4593,4.768427673447787,0.10173109269594897,0.10155878241211863,0.05075135215311958,0.04031475072305456,0.13156966852396043,0.34657051581512793
4594,4.768427673447786,0.10173109152398467,0.10155878094512996,0.050751329422729134,0.04031391798061922,0.13155519364634566,0.34656950194410446
4595,4.768427673447786,0.10173109035240571,0.10155877947862363,0.050751306699812294,0.040313086136330216,0.13154091299907408,0.3465684884064351
4596,4.7684276734477855,0.10173108918121189,0.10155877801259937,0.0507513000199277,0.04031225523489423,0.131526569800289,0.34656747520193754
4597,4.768427673447786,0.10173108801040298,0.10155877654705693,0.05075127731018277,0.04031142523047111,0.13151227044089078,0.3465664623304294
4598,4.768427673447786,0.10173108683997878,0.10155877508199602,0.050751254607899775,0.04031059108549127,0.13149803274451372,0.3465654497917287
4599,4.768427673447786,0.10173108566993905,0.10155877361741641,0.050751231913074624,0.04030975783806221,0.1314838502924391,0.3465644375856534
4600,4.768427673447786,0.10173108450028362,0.10155877215331782,0.050751209225703246,0.040308925487625345,0.13146970124480767,0.34656342571202187
4601,4.768427673447786,0.10173108333101227,0.10155877068969998,0.05075119465800871,0.04030809328050091,0.13145546078404124,0.34656241417065214
4602,4.768427673447786,0.10173108216212477,0.10155876922656264,0.05075117198464173,0.040307261969500026,0.13144116842269257,0.3465614029613629
4603,4.768427673447786,0.10173108099362092,0.10155876776390553,0.050751153103995264,0.040306431554065277,0.13142678379589362,0.34656039208397266
4604,4.768427673447786,0.1017310798255005,0.10155876630172836,0.05075114203297461,0.04030560203363971,0.1314124130122243,0.3465593815383001
4605,4.768427673447786,0.10173107865776333,0.10155876523119431,0.050751119380233786,0.040304773407666826,0.13139808982880366,0.3465583713241642
4606,4.768427673447786,0.10173107749040917,0.10155876376993339,0.05075109673492319,0.04030394567559056,0.131383857230164,0.346557361441384
4607,4.768427673447786,0.10173107632343784,0.10155876230915166,0.05075107409703875,0.0403031188368553,0.13136954262790912,0.34655635188977857
4608,4.768427673447786,0.10173107515684911,0.10155876084884886,0.0507510570315079,0.04030229289090588,0.13135513391423886,0.34655534266916727
4609,4.768427673447786,0.10173107399064275,0.10155875938902474,0.05075103440785341,0.04030146783718757,0.13134082934850372,0.34655433377936945
4610,4.768427673447786,0.10173107282481861,0.10155875792967904,0.05075101179161314,0.040300636966851065,0.13132645020490627,0.34655332522020477
4611,4.768427673447786,0.10173107165937645,0.10155875647081149,0.05075098918278305,0.040299806989835533,0.1313120798000495,0.3465523169914929
4612,4.768427673447786,0.10173107049431605,0.10155875501242184,0.05075097609747854,0.04029897704299597,0.1312976899473759,0.34655130909305365
4613,4.768427673447786,0.10173106932963721,0.1015587535545098,0.05075095350241407,0.04029814798865115,0.13128330480746317,0.346550301524707
4614,4.7684276734477855,0.10173106816533974,0.10155875209707514,0.05075093091474801,0.0402973182061389,0.1312689694031381,0.3465492942862731
4615,4.7684276734477855,0.10173106700142341,0.10155875064011759,0.05075090833447633,0.04029648931554451,0.13125459367611364,0.34654828737757226
4616,4.768427673447785,0.10173106583788802,0.10155874918363689,0.050750885761595,0.040295661911102294,0.13124022265415303,0.34654728079842484
4617,4.7684276734477855,0.10173106467473338,0.10155874772763279,0.050750880202244865,0.04029483448560806,0.13122585633469394,0.34654627454865133
4618,4.768427673447785,0.10173106351195925,0.10155874627210501,0.05075085764227097,0.040294006511792727,0.13121149471517599,0.3465452686280724
4619,4.768427673447785,0.10173106234956544,0.1015587448170533,0.05075083508967596,0.04029317942825914,0.13119713779304076,0.3465442630365088
4620,4.7684276734477855,0.10173106118755175,0.10155874336247743,0.050750826243412296,0.04029235323445552,0.1311827855657318,0.34654325777378164
4621,4.7684276734477855,0.10173106002591797,0.1015587419083771,0.05075080370406477,0.04029152785213707,0.13116843803069456,0.34654225283971185
4622,4.768427673447785,0.10173105886466387,0.10155874045475205,0.05075078117208458,0.040290704127248826,0.13115409518537646,0.3465412482341207
4623,4.7684276734477855,0.10173105770378928,0.10155873900160205,0.05075075864746773,0.04028987678260736,0.1311397570272269,0.3465402439568295
4624,4.768427673447785,0.10173105654329397,0.10155873754892683,0.050750736130210215,0.04028905032674012,0.13112544404207005,0.3465392400076598
4625,4.768427673447785,0.10173105538317773,0.10155873609672612,0.05075071362030802,0.04028822475909684,0.1311111152483745,0.3465382363864331
4626,4.768427673447785,0.10173105422344038,0.10155873630974033,0.05075069111775717,0.04028740007912768,0.13109679113420794,0.3465372330929713
4627,4.768427673447785,0.10173105306408167,0.10155873485830605,0.05075066862255366,0.04028657628628327,0.13108247169702747,0.3465362301270962
4628,4.7684276734477855,0.10173105317977969,0.1015587334073456,0.050750646134693496,0.040285753380014666,0.13106823230484643,0.34653522748862986
4629,4.768427673447785,0.10173105202103853,0.10155873195685869,0.05075063580407888,0.04028493135977335,0.13105393509086974,0.34653422517739435
4630,4.768427673447784,0.10173105086267549,0.10155873050684508,0.0507506133295672,0.04028411022501126,0.1310397079576237,0.3465332231932121
4631,4.768427673447784,0.10173104970469034,0.1015587290573045,0.050750598360100055,0.04028328997518076,0.1310254071848228,0.3465322215359055
4632,4.768427673447785,0.10173104854708287,0.10155872760823671,0.050750575899429974,0.04028247060973467,0.131011149551447,0.34653122020529714
4633,4.768427673447785,0.10173104738985288,0.10155872615964143,0.05075055344608402,0.04028165212812622,0.13099685810053074,0.34653021920120963
4634,4.768427673447785,0.10173104623300017,0.10155872471151842,0.05075054519843386,0.040280834529809094,0.13098257130886165,0.34652921852346585
4635,4.768427673447785,0.10173104507652452,0.10155872326386742,0.050750522758176084,0.04028001781423741,0.13096829475893348,0.3465282181718887
4636,4.768427673447785,0.10173104392042573,0.10155872181668817,0.050750500325231034,0.040279201980865716,0.13095401727756936,0.3465272181463015
4637,4.768427673447784,0.10173104276470361,0.10155872036998041,0.05075048281852506,0.04027838702914901,0.13093974444787593,0.34652621844652726
4638,4.768427673447784,0.10173104201190346,0.1015587189237439,0.050750461674455016,0.0402775729585427,0.13092547626733142,0.3465252190723894
4639,4.768427673447784,0.1017310408568902,0.10155871747797837,0.05075043926274965,0.04027675976850265,0.13091121273341605,0.3465242200237116
4640,4.768427673447785,0.10173103970225301,0.10155871603268357,0.05075041685834138,0.04027594745848517,0.13089695384361186,0.34652322130031726
4641,4.768427673447784,0.1017310406736195,0.10155871625556902,0.05075039446122626,0.04027513392773884,0.13088269959540286,0.3465222229020303
4642,4.768427673447784,0.10173104053466846,0.1015587154381051,0.05075037207140034,0.04027432030475066,0.13086844998627495,0.34652122482867453
4643,4.768427673447784,0.10173103938081639,0.1015587139939712,0.050750349688859664,0.04027350017624585,0.13085420501371595,0.3465202270800741
4644,4.768427673447784,0.10173103822733968,0.1015587125503071,0.050750327313600296,0.040272680928994324,0.13083996929407768,0.34651922965605314
4645,4.768427673447784,0.10173103707423815,0.10155871110711255,0.0507503049456183,0.0402718625624527,0.13082573358662497,0.34651823255643593
4646,4.768427673447785,0.10173103592151156,0.10155870966438726,0.050750282584909726,0.040271045076078024,0.1308115025082161,0.34651723578104693
4647,4.768427673447785,0.10173103476915972,0.10155870822213103,0.05075026023147064,0.04027022846932776,0.13079732257865334,0.34651623932971065
4648,4.768427673447784,0.10173103361718243,0.10155870678034355,0.05075024009529048,0.04026941274165984,0.13078317675247617,0.34651524320225185
4649,4.768427673447784,0.10173103246557948,0.10155870533902461,0.05075021775613834,0.0402685978925326,0.13076906044959072,0.3465142473984954
4650,4.768427673447784,0.10173103131435068,0.10155870389817394,0.05075019542424398,0.040267777780137834,0.1307548478380472,0.34651325191826626
4651,4.768427673447783,0.10173103016349581,0.10155870245779129,0.050750173099603474,0.04026695854719654,0.13074072268190598,0.3465122567613895
4652,4.768427673447784,0.10173102901301471,0.10155870101787641,0.05075015078221291,0.04026614019316726,0.13072651929196336,0.3465112619276904
4653,4.768427673447783,0.10173102786290714,0.10155869957842903,0.05075013219501605,0.04026532271750899,0.13071232051358292,0.34651026741699426
4654,4.768427673447783,0.1017310267131729,0.10155869813944891,0.05075011755512337,0.04026450611968115,0.13069812634427339,0.3465092732291266
4655,4.768427673447783,0.10173102556381179,0.1015586967009358,0.05075009525822298,0.04026369039914359,0.13068393678154522,0.34650827936391315
4656,4.768427673447783,0.10173102512198244,0.10155869526288945,0.05075007296855726,0.040262871881929986,0.1306697518229108,0.3465072858211795
4657,4.768427673447782,0.10173102397329026,0.10155869382530958,0.05075005068612233,0.040262054242119295,0.1306555714658844,0.3465062926007516
4658,4.768427673447783,0.10173102282497065,0.101558692388196,0.05075002841091428,0.04026123747917202,0.13064139570798225,0.34650529970245564
4659,4.768427673447783,0.10173102167702339,0.10155869095154839,0.050750006142929203,0.04026042159254907,0.13062722454672224,0.34650430712611757
4660,4.768427673447783,0.10173102052944827,0.10155868951536655,0.05074998388216321,0.04025960413618762,0.13061305797962436,0.34650331487156383
4661,4.768427673447783,0.10173101938224512,0.1015586880796502,0.0507499616286124,0.040258787555866274,0.13059892584393207,0.34650232293862077
4662,4.768427673447783,0.10173101823541371,0.1015586866443991,0.05074993938227289,0.04025797185104679,0.13058489390727984,0.34650133132711486
4663,4.768427673447784,0.10173101780731127,0.10155868520961299,0.05074991714314077,0.04025715662622752,0.1305707914489205,0.3465003400368729
4664,4.768427673447785,0.10173101666114494,0.10155868377529162,0.05074989780790268,0.04025634227596287,0.13055664874007897,0.3464993490677217
4665,4.768427673447784,0.10173101668836514,0.10155868234143475,0.05074987558285991,0.04025552614237196,0.13054250508378215,0.34649835841948806
4666,4.768427673447784,0.1017310155428139,0.10155868090804211,0.05074985336501301,0.04025471088312247,0.13052836600681345,0.3464973680919992
4667,4.768427673447784,0.10173101439763348,0.10155867947511346,0.050749831154358084,0.04025389649767777,0.1305142315067058,0.34649637808508227
4668,4.768427673447785,0.10173101325282369,0.10155867804264858,0.05074980895089127,0.04025308298550166,0.13050011159610886,0.34649538839856464
4669,4.768427673447784,0.1017310121083843,0.10155867661064717,0.05074979854236908,0.0402522679076277,0.13048598624124552,0.34649439903227375
4670,4.768427673447784,0.10173101096431514,0.10155867517910902,0.05074977635199124,0.04025145370274003,0.1304718654558536,0.34649340998603717
4671,4.768427673447784,0.101731009820616,0.10155867374803386,0.050749754168790316,0.040250640370303285,0.13045783988287885,0.3464924212596826
4672,4.768427673447783,0.10173100867728667,0.10155867231742143,0.05074973199276244,0.04024982790978255,0.13044377040994926,0.3464914328530379
4673,4.768427673447783,0.10173100753432696,0.10155867088727151,0.05074970982390377,0.04024901632064331,0.13042967374352565,0.34649044476593116
4674,4.768427673447783,0.10173100639173667,0.10155866945758382,0.05074968766221044,0.0402482056023515,0.13041557119595265,0.34648945699819045
4675,4.768427673447783,0.10173100524951562,0.10155866802835815,0.05074966550767859,0.040247395754373444,0.1304014732055764,0.3464884695496439
4676,4.768427673447783,0.10173100410766359,0.10155866659959423,0.05074964336030439,0.04024658251785248,0.13038737976994655,0.34648748242012006
4677,4.768427673447782,0.1017310029661804,0.1015586651712918,0.05074962122008396,0.0402457701519547,0.1303732908866145,0.3464864956094473
4678,4.768427673447782,0.10173100182506582,0.10155866374345066,0.050749599087013486,0.04024495865614698,0.13035920655313363,0.3464855091174542
4679,4.768427673447783,0.1017310006843197,0.1015586623160705,0.05074957696108911,0.04024414802989661,0.13034512676705903,0.34648452294396964
4680,4.768427673447782,0.1017309995439418,0.1015586608891511,0.05074956594833256,0.04024333827267132,0.13033105152594765,0.34648353708882246
4681,4.768427673447782,0.10173099840393192,0.10155866059041664,0.05074954383548984,0.04024252938393921,0.13031698082735835,0.34648255155184166
4682,4.768427673447782,0.1017309972642899,0.10155865916429631,0.05074952172978211,0.04024172136316887,0.13030295922554144,0.3464815663328565
4683,4.768427673447781,0.10173099794456733,0.101558657738636,0.05074951082346512,0.040240914209829254,0.13028895197318757,0.34648058143169597
4684,4.768427673447781,0.10173099680546407,0.10155865631343552,0.050749488730808305,0.0402401030689846,0.1302748948768624,0.3464795968481898
4685,4.768427673447781,0.10173099566672811,0.10155865488869459,0.050749466645275375,0.040239292189696255,0.13026084231331625,0.3464786125821673
4686,4.768427673447781,0.10173099452835926,0.10155865346441299,0.050749444566862506,0.04023848217800805,0.13024690009643888,0.3464776286334582
4687,4.76842767344778,0.10173099339035735,0.10155865204059046,0.05074943716148183,0.0402376730333897,0.13023295495537707,0.34647664500189235
4688,4.76842767344778,0.10173099225272215,0.10155865061722676,0.050749415095716656,0.04023686475531131,0.13021911364915514,0.34647566168729954
4689,4.768427673447781,0.10173099111545347,0.10155864919432163,0.05074939303706061,0.040236057343243446,0.1302051716416099,0.3464746786895099
4690,4.768427673447781,0.10173098997855112,0.10155864777187484,0.05074937098550987,0.040235250796657046,0.13019127419427548,0.3464736960083535
4691,4.768427673447781,0.10173098947708852,0.10155864634988612,0.05074934894106063,0.0402344451150235,0.13017736048525716,0.3464727136436606
4692,4.768427673447781,0.10173098834084984,0.10155864492835527,0.05074932690370909,0.0402336402978146,0.13016352170847287,0.34647173159526184
4693,4.768427673447782,0.10173098720497692,0.101558643507282,0.05074930487345145,0.04023283634450256,0.13014983161108842,0.34647074986298765
4694,4.768427673447781,0.10173098606946955,0.10155864208666607,0.0507492828502839,0.04023203325456,0.13013607354830783,0.3464697684466686
4695,4.768427673447782,0.10173098493432754,0.10155864066650727,0.05074926083420265,0.04023122934369087,0.13012212910326323,0.3464687873461356
4696,4.768427673447781,0.1017309837995507,0.10155863924680529,0.05074923882520389,0.040230421328883034,0.13010819539184065,0.34646780656121956
4697,4.768427673447781,0.10173098266513886,0.10155863782755996,0.050749216823283864,0.04022961417800391,0.1300943233128724,0.3464668260917516
4698,4.768427673447781,0.10173098153109178,0.10155863640877098,0.05074919482843875,0.040228807890526616,0.13008032926557817,0.3464658459375628
4699,4.768427673447781,0.1017309803974093,0.10155863499043814,0.05074917284066478,0.04022800246592473,0.13006639662351918,0.3464648660984845
4700,4.768427673447781,0.10173097926409119,0.10155863357256119,0.050749150859958174,0.040227197903672206,0.1300524435411711,0.3464638865743481
4701,4.768427673447781,0.10173097813113728,0.10155863215513987,0.05074912888631513,0.040226395961129494,0.13003848454012368,0.34646290736498525
4702,4.768427673447781,0.10173097699854738,0.10155863073817394,0.05074910691973189,0.04022559487932056,0.13002452331430311,0.34646192847022755
4703,4.768427673447781,0.10173097586632128,0.10155862932166318,0.05074908496020467,0.040224794657720914,0.13001055172428275,0.3464609498899069
4704,4.768427673447781,0.10173097473445879,0.1015586279056073,0.050749063428663393,0.040223995295806496,0.12999658462120797,0.3464599716238551
4705,4.768427673447781,0.10173097391029816,0.10155862649000612,0.05074904148319171,0.04022319679305365,0.12998262200268115,0.34645899367190436
4706,4.768427673447781,0.1017309727791293,0.10155862507485934,0.05074901954476476,0.04022239914893912,0.12996866386630634,0.3464580160338867
4707,4.768427673447782,0.10173097178749571,0.10155862366016674,0.05074899761337878,0.040221602362940076,0.1299547102096894,0.3464570387096346
4708,4.768427673447782,0.10173097065703782,0.1015586222459281,0.05074897568903002,0.04022079745194955,0.12994076103043806,0.34645606169898047
4709,4.768427673447782,0.10173096952694258,0.10155862083214315,0.05074895798411229,0.04021999340091173,0.12992681632616174,0.34645508500175687
4710,4.768427673447782,0.1017309683972098,0.10155861941881163,0.05074893607337471,0.04021919020930347,0.12991287609447164,0.34645410861779635
4711,4.768427673447781,0.10173096726783928,0.10155861800593334,0.050748914169663234,0.04021838787660206,0.12989894033298086,0.3464531325469319
4712,4.768427673447782,0.10173096613883087,0.10155861659350802,0.0507488922729741,0.04021758640228517,0.12988506394648322,0.3464521567889965
4713,4.768427673447782,0.10173096501018432,0.10155861518153544,0.050748870383303564,0.0402167857858309,0.1298712085647555,0.346451181343823
4714,4.768427673447782,0.10173096388189946,0.10155861377001532,0.050748848500647877,0.04021598602671772,0.12985730377422514,0.34645020621124467
4715,4.768427673447782,0.10173096275397611,0.10155861235894748,0.05074882662500331,0.040215187124424574,0.12984338585427133,0.34644923139109496
4716,4.768427673447782,0.10173096162641404,0.1015586109483316,0.05074880475636611,0.04021438427353692,0.12982947239261355,0.34644825688320713
4717,4.768427673447781,0.10173096049921311,0.10155861161486053,0.05074878289473256,0.04021358227996715,0.12981556338687553,0.34644728268741487
4718,4.768427673447781,0.10173095937237309,0.10155861020492551,0.05074876104009891,0.04021278114319458,0.12980169825909302,0.34644630880355176
4719,4.768427673447781,0.10173095824589377,0.10155860879544187,0.050748739192461444,0.04021198086269892,0.12978779815385075,0.34644533523145166
4720,4.768427673447781,0.10173095711977502,0.10155860738640932,0.050748717351816436,0.04021118143796031,0.12977390249741125,0.3464443619709485
4721,4.768427673447781,0.10173095599401663,0.10155860597782766,0.05074869551816016,0.04021038286845931,0.12976001128740527,0.3464433890218764
4722,4.768427673447782,0.10173095486861837,0.10155860456969663,0.05074867369148889,0.040209585153676834,0.12974612452146536,0.3464424163840694
4723,4.768427673447782,0.10173095578172656,0.10155860316201597,0.050748651871798896,0.040208788293094246,0.1297322421972258,0.3464414440573619
4724,4.768427673447782,0.10173095465682999,0.10155860175478547,0.050748638276140436,0.04020799228619331,0.1297183643123226,0.34644047204158823
4725,4.768427673447781,0.10173095353229308,0.10155860034800489,0.05074861646952307,0.0402071971324562,0.1297044908643936,0.3464395003365831
4726,4.768427673447781,0.10173095240811561,0.10155859894167399,0.05074859466987613,0.04020640348995096,0.12969069205680664,0.3464385289421811
4727,4.768427673447781,0.10173095128429742,0.10155859753579252,0.05074857287719592,0.040205611389181745,0.12967682746824116,0.346437557858217
4728,4.768427673447781,0.1017309501608383,0.10155859819978452,0.05074855109147873,0.040204820139594526,0.12966296730957627,0.3464365870845258
4729,4.768427673447782,0.10173094903773806,0.10155859679458007,0.05074852931272086,0.040204029740673296,0.1296491115784568,0.34643561662094247
4730,4.768427673447781,0.1017309479149965,0.1015585953898244,0.05074850754091859,0.04020324019190248,0.12963526214318158,0.3464346464673022
4731,4.768427673447782,0.10173094679261346,0.1015585939855173,0.05074848577606826,0.04020245149276691,0.12962141525989457,0.34643367662344027
4732,4.768427673447782,0.10173094570981245,0.1015585925816585,0.05074846401816616,0.0402016636427518,0.12960757279709806,0.3464327070891921
4733,4.768427673447782,0.10173094458814164,0.10155859117824777,0.0507484422672086,0.04020087690156957,0.1295937347524438,0.34643173786439324
4734,4.768427673447783,0.10173094346682876,0.10155858977528488,0.05074842052319189,0.04020009100839643,0.12957996022078253,0.3464307689488793
4735,4.768427673447782,0.10173094234587363,0.10155858837276958,0.05074839878611233,0.040199293007281145,0.12956621470797253,0.34642980034248605
4736,4.768427673447783,0.10173094122527605,0.10155858856614701,0.050748377055966264,0.0401984958572807,0.12955238988843665,0.3464288320450495
4737,4.768427673447782,0.10173094010503583,0.10155858716435599,0.05074835533274999,0.040197698365043895,0.12953866379118137,0.34642786405640547
4738,4.768427673447782,0.10173093898515277,0.10155858576301192,0.050748333616459834,0.04019690172327282,0.12952484777679069,0.34642689637639024
4739,4.768427673447782,0.1017309378656267,0.10155858525486972,0.050748311907092135,0.04019610593145316,0.12951105615158642,0.3464259290048401
4740,4.768427673447782,0.10173093674645745,0.10155858385432365,0.05074829020464322,0.04019531098907101,0.1294972489409249,0.3464249619415914
4741,4.768427673447782,0.10173093562764478,0.10155858245422385,0.050748268509109414,0.040194516895612854,0.12948354944586682,0.3464239951864806
4742,4.768427673447783,0.10173093450918853,0.10155858105457005,0.0507482637063683,0.04019372365056558,0.12946978307278598,0.3464230287393444
4743,4.768427673447782,0.10173093546785472,0.10155857965536204,0.05074824202285465,0.04019293125341648,0.12945598903899205,0.34642206260001945
4744,4.768427673447783,0.10173093434988952,0.10155857825659959,0.05074822680643259,0.0401921400308788,0.1294421993976386,0.34642109676834276
4745,4.768427673447783,0.10173093323228023,0.10155857685828246,0.050748205136036666,0.0401913496551109,0.12942841414639822,0.3464201312441512
4746,4.768427673447782,0.10173093211502666,0.10155857546041037,0.05074818347253834,0.04019056012560133,0.12941463328294528,0.34641916602728196
4747,4.768427673447782,0.10173093099812865,0.10155857406298316,0.05074816181593396,0.04018977144183904,0.12940093008068945,0.3464182011175722
4748,4.768427673447782,0.10173092988158598,0.10155857266600053,0.05074814016621987,0.04018898360331336,0.12938716068499329,0.34641723651485934
4749,4.768427673447783,0.10173092876539849,0.1015585712694623,0.05074811852339243,0.04018819660951405,0.1293734862143168,0.34641627221898086
4750,4.768427673447783,0.10173092764956597,0.10155856987336818,0.050748096887447976,0.04018740240713043,0.12935972286078953,0.34641530822977423
4751,4.768427673447783,0.10173092653408826,0.10155856847771799,0.050748075258382895,0.04018660905101432,0.1293460356909505,0.34641434454707737
4752,4.768427673447783,0.10173092541896513,0.10155856708251146,0.0507480688742126,0.040185816540655284,0.12933233795131985,0.3464133811707279
4753,4.768427673447783,0.10173092430419643,0.10155856568774838,0.05074804725727525,0.04018502309525452,0.12931858770574087,0.3464124181005639
4754,4.768427673447783,0.10173092318978194,0.10155856573840184,0.05074802564720685,0.040184230495156875,0.12930488684048122,0.34641145533642337
4755,4.768427673447783,0.10173092207572149,0.10155856434437134,0.05074800404400379,0.040183438739852834,0.12929114532631727,0.34641049287814457
4756,4.768427673447783,0.1017309209620149,0.10155856295078362,0.05074798244766243,0.040182647828833275,0.12927740817679054,0.34640953072556585
4757,4.768427673447783,0.10173091984866198,0.10155856155763843,0.05074796575576799,0.04018185776158944,0.12926368277633332,0.34640856887852556
4758,4.768427673447783,0.10173091873566252,0.10155856016493556,0.050747953155282036,0.040181068537613,0.12925000808691448,0.34640760733686227
4759,4.768427673447783,0.10173091762301636,0.10155855877267476,0.050747931578030245,0.04018027990177846,0.1292363659719484,0.34640664610041466
4760,4.768427673447783,0.10173091651072332,0.1015585573808558,0.05074791000762612,0.04017949210827662,0.12922269387211496,0.3464056851690215
4761,4.768427673447782,0.10173091539878318,0.10155855598947845,0.05074788844406606,0.04017870515660028,0.12920899303757766,0.34640472524245547
4762,4.768427673447783,0.10173091428719579,0.1015585545985425,0.050747866887346456,0.040177919046242655,0.12919535002080518,0.34640376492061387
4763,4.768427673447783,0.10173091317596093,0.10155855320804767,0.05074786211140092,0.040177133776697314,0.1291816433302585,0.3464028049033438
4764,4.768427673447784,0.10173091206507844,0.10155855181799377,0.05074784056657216,0.04017634934745826,0.12916794098595166,0.3464018451904846
4765,4.768427673447784,0.10173091095454811,0.10155855042838052,0.05074781902857359,0.04017556575801985,0.12915435789848995,0.3464008857818756
4766,4.768427673447784,0.10173090984436978,0.10155854903920773,0.0507477974974016,0.040174783151686946,0.12914072821713907,0.34639992667735636
4767,4.768427673447784,0.10173090873454324,0.10155854765047514,0.0507477759730526,0.04017400138409906,0.12912713649357158,0.3463989678767665
4768,4.768427673447783,0.10173090762506834,0.10155854626218254,0.05074775445552298,0.040173214440373556,0.12911353307326442,0.34639800937994575
4769,4.768427673447783,0.10173090651594485,0.10155854487432969,0.05074773294480916,0.0401724283362897,0.12909985238785454,0.3463970511867339
4770,4.768427673447783,0.10173090540717263,0.10155854348691637,0.050747711440907534,0.04017164307134285,0.12908624386812426,0.3463960932969711
4771,4.768427673447784,0.10173090429875147,0.10155854209994233,0.050747689943814525,0.04017085864502875,0.12907257183828302,0.3463951357104973
4772,4.768427673447785,0.10173090319068119,0.10155854071340734,0.05074767631778467,0.04017007384391509,0.1290589101096533,0.3463941784271527
4773,4.768427673447784,0.10173090208296158,0.10155853932731117,0.05074765483346553,0.040169289880810734,0.1290452467328118,0.34639322144677764
4774,4.768427673447784,0.10173090097559247,0.10155853794165359,0.05074763701409253,0.040168506755212385,0.12903165328802593,0.34639226476921264
4775,4.768427673447784,0.10173089986857371,0.10155853655643438,0.05074761554297893,0.04016772446661717,0.1290180602761586,0.34639130839429827
4776,4.768427673447785,0.10173089876190507,0.10155853517165331,0.05074759407865642,0.04016694301452259,0.1290045266391558,0.3463903523218751
4777,4.768427673447784,0.10173089765558638,0.10155853378731011,0.05074757262112141,0.040166162398426505,0.12899105774431585,0.346389396551784
4778,4.768427673447784,0.10173089654961748,0.1015585324034046,0.050747551170370345,0.040165382617827226,0.12897751287561374,0.3463884410838659
4779,4.768427673447785,0.10173089612536504,0.10155853101993653,0.050747529726399655,0.040164595672515915,0.12896387535025652,0.34638748591796187
4780,4.768427673447785,0.1017308950200231,0.10155852963690566,0.05074750828920577,0.040163809564227215,0.12895024213468206,0.346386531053913
4781,4.768427673447785,0.10173089391503039,0.10155852825431178,0.05074750249354621,0.040163024292459236,0.12893661322662406,0.34638557649156054
4782,4.768427673447785,0.10173089281038673,0.10155852687215462,0.05074748106824313,0.0401622380926496,0.12892298862381785,0.34638462223074584
4783,4.768427673447785,0.10173089170609194,0.101558525490434,0.0507474596497067,0.04016145214114144,0.12890945294213127,0.34638366827131056
4784,4.768427673447785,0.10173089060214585,0.10155852410914967,0.05074743823793336,0.04016066702539311,0.12889583693410364,0.34638271461309617
4785,4.768427673447785,0.10173088949854826,0.10155852272830139,0.05074741683291955,0.040159882744903876,0.12888222522454668,0.3463817612559445
4786,4.7684276734477855,0.10173088839529902,0.10155852134788897,0.05074740461993742,0.04015909753733153,0.12886861781120237,0.34638080819969735
4787,4.768427673447786,0.10173088729239792,0.10155851996791214,0.05074738322746246,0.04015831316457396,0.12885501469181437,0.3463798554441967
4788,4.768427673447786,0.10173088618984476,0.10155851858837069,0.05074736184173669,0.040157529626131304,0.12884141586412803,0.34637890298928464
4789,4.7684276734477855,0.10173088508763937,0.10155851720926437,0.05074734046275657,0.0401567469215041,0.12882782132589027,0.3463779508348033
4790,4.768427673447786,0.10173088398578159,0.10155851583059297,0.05074731909051856,0.04015596505019326,0.12881423107484974,0.3463769989805951
4791,4.768427673447786,0.10173088288427122,0.10155851445235625,0.05074729772501913,0.04015518107960286,0.12880064510875672,0.34637604742650246
4792,4.768427673447787,0.10173088178310807,0.10155851307455402,0.05074727636625474,0.04015439794225608,0.12878706342536314,0.3463750961723679
4793,4.768427673447788,0.101730880682292,0.10155851169718601,0.050747255014221865,0.04015361446573581,0.12877348602242258,0.34637414521803406
4794,4.768427673447788,0.10173087958182277,0.10155851032025201,0.05074723366891696,0.04015283123608718,0.12875991289769026,0.3463731945633437
4795,4.768427673447788,0.1017308784817002,0.10155850894375176,0.050747212330336494,0.04015204825318074,0.12874634404892302,0.34637224420813967
4796,4.768427673447787,0.10173087738192416,0.10155850756768509,0.05074719099847695,0.04015126610226434,0.1287327794738794,0.34637129415226514
4797,4.768427673447787,0.10173087628249441,0.10155850821683177,0.05074716967333481,0.040150483612392714,0.1287192191703196,0.3463703443955631
4798,4.768427673447787,0.10173087518341083,0.10155850684141826,0.05074714835490656,0.04014970195388547,0.1287056817106519,0.3463693949378768
4799,4.768427673447787,0.10173087408467318,0.10155850546643769,0.05074712704318867,0.04014892112624593,0.12869212994139093,0.3463684457790496
4800,4.768427673447787,0.1017308729862813,0.10155850409188984,0.05074710573817763,0.040148139374865915,0.12867858243690472,0.3463674969189251
4801,4.768427673447787,0.10173087188823504,0.10155850271777446,0.05074708443986992,0.04014735845391329,0.1286650828429283,0.3463665483573467
4802,4.768427673447787,0.1017308707905342,0.10155850134409136,0.05074706314826205,0.04014657836289222,0.1286515438567004,0.34636560009415823
4803,4.768427673447788,0.10173086969317857,0.10155849997084028,0.0507470418633505,0.04014579910130725,0.12863805215243615,0.3463646521292034
4804,4.768427673447787,0.10173086859616799,0.101558498598021,0.05074702058513176,0.040145020668663316,0.12862454278507965,0.34636370446232617
4805,4.768427673447787,0.10173086749950229,0.1015584972256333,0.05074699931360233,0.04014424306446575,0.128611083998572,0.3463627570933706
4806,4.768427673447787,0.1017308664031813,0.10155849585367696,0.050746978048758724,0.04014346628822023,0.1285976184540299,0.3463618100221808
4807,4.768427673447787,0.10173086530720479,0.10155849448215173,0.05074695679059744,0.04014269033943283,0.12858413089217693,0.34636086324860116
4808,4.768427673447787,0.10173086421157264,0.10155849311105743,0.050746935539114975,0.040141915217610034,0.12857061739811806,0.3463599167724759
4809,4.768427673447788,0.10173086515029614,0.10155849174039379,0.050746914294307846,0.040141140922258664,0.1285571081488018,0.3463589705936496
4810,4.768427673447788,0.10173086405513843,0.1015584903701606,0.05074689305617257,0.04014036691666505,0.12854360314200952,0.34635802471196686
4811,4.768427673447788,0.10173086296032455,0.10155848900035762,0.05074687182470563,0.04013959373672605,0.12853010237552417,0.34635707912727237
4812,4.768427673447788,0.10173086186585437,0.10155848763098467,0.050746850599903574,0.04013882138194953,0.12851666487583907,0.34635613383941105
4813,4.768427673447788,0.10173086077172769,0.10155848626204148,0.05074682938176291,0.04013804985184377,0.12850317257712607,0.3463551888482278
4814,4.768427673447789,0.10173085967794433,0.10155848489352785,0.05074682121196757,0.04013727914591742,0.1284897152525938,0.34635424415356764
4815,4.768427673447789,0.1017308585845041,0.10155848352544355,0.05074680000577065,0.04013650926367949,0.12847623141577963,0.3463532997552758
4816,4.768427673447789,0.10173085749140684,0.10155848215778834,0.05074677880622512,0.04013574020463938,0.12846283259552718,0.3463523556531975
4817,4.768427673447789,0.10173085639865236,0.10155848079056201,0.0507467576133275,0.04013497196830687,0.1284494649896194,0.34635141184717816
4818,4.768427673447789,0.10173085530624047,0.10155847942376435,0.050746736427074356,0.040134204554192116,0.12843599381415705,0.3463504683370634
4819,4.76842767344779,0.10173085421417101,0.10155847805739511,0.05074671524746218,0.04013343796180565,0.12842255668667582,0.34634952512269873
4820,4.76842767344779,0.10173085312244382,0.1015584766914541,0.050746694074487536,0.04013266109438181,0.12840910749561632,0.34634858220393
4821,4.76842767344779,0.10173085203105867,0.10155847532594106,0.050746672908146946,0.040131885051185194,0.12839574417140642,0.346347639580603
4822,4.76842767344779,0.10173085094001541,0.10155847396085578,0.050746651748436955,0.04013110983172566,0.12838248351234877,0.3463466972525636
4823,4.76842767344779,0.10173085187444446,0.10155847259619805,0.050746630595354114,0.04013033543551343,0.12836918360132515,0.34634575521965805
4824,4.768427673447789,0.10173085078387233,0.10155847123196761,0.05074661570713119,0.040129561862059085,0.1283558912054471,0.34634481348173246
4825,4.768427673447789,0.10173085101307913,0.10155846986816428,0.0507465945666369,0.04012878911087361,0.12834266821082804,0.3463438720386331
4826,4.768427673447789,0.10173084992305154,0.10155846850478784,0.050746578683822915,0.04012801732148912,0.12832936996309072,0.3463429308902064
4827,4.768427673447789,0.10173084883336501,0.10155846910173386,0.05074657736787634,0.040127246353352755,0.1283160782920043,0.34634199003629895
4828,4.76842767344779,0.10173084774401946,0.10155846773900537,0.05074655624459977,0.04012647620597663,0.12830273338285167,0.34634104947675737
4829,4.76842767344779,0.10173084665501465,0.10155846637670315,0.05074653688691503,0.040125706878873235,0.1282893717200246,0.3463401092114283
4830,4.768427673447789,0.1017308455663504,0.10155846501482697,0.05074651577666597,0.04012493837155543,0.12827595093703184,0.3463391692401588
4831,4.76842767344779,0.10173084447802655,0.10155846365337663,0.05074649669502115,0.04012417068353647,0.12826253435039536,0.34633822956279564
4832,4.768427673447789,0.10173084339004293,0.10155846229235188,0.05074647559775854,0.04012340381432996,0.12824912195793187,0.346337290179186
4833,4.768427673447789,0.10173084230239937,0.10155846093175253,0.050746454507089804,0.04012263776344989,0.12823571375745965,0.34633635108917704
4834,4.768427673447789,0.10173084122276686,0.10155845957157832,0.05074643342301151,0.04012187253041061,0.12822230974679852,0.3463354122926161
4835,4.768427673447788,0.10173084013580204,0.10155845821182906,0.05074641234552022,0.040121108114726856,0.12820893579723625,0.3463344737893506
4836,4.768427673447788,0.10173083904917674,0.1015584568525045,0.0507463944501092,0.04012034451591373,0.12819554015695991,0.3463335355792281
4837,4.768427673447788,0.10173083796289077,0.10155845549360447,0.05074637338544995,0.04011957176093433,0.12818214869996464,0.3463325976620961
4838,4.768427673447788,0.10173083687694397,0.1015584541351287,0.05074635232736755,0.04011879982497052,0.12816881207878586,0.3463316600378025
4839,4.768427673447788,0.10173083579133615,0.101558452777077,0.05074633127585858,0.04011802870753691,0.1281554707833496,0.3463307227061951
4840,4.768427673447788,0.10173083470606714,0.10155845141944914,0.05074631023091963,0.04011725840814845,0.12814213332372407,0.34632978566712186
4841,4.768427673447788,0.10173083362113677,0.10155845006224488,0.05074629052469597,0.04011648892632049,0.12812881370830892,0.3463288489204309
4842,4.768427673447787,0.10173083253654486,0.10155844870546403,0.0507462694927478,0.04011572026156874,0.12811544311541576,0.3463279124659704
4843,4.768427673447787,0.10173083145229123,0.10155844734910636,0.050746259403680896,0.04011495241340928,0.12810211863141713,0.34632697630358866
4844,4.768427673447788,0.1017308303683757,0.10155844599317164,0.05074623838370824,0.040114185568619724,0.12808875637252107,0.34632604043313403
4845,4.768427673447788,0.10173082928479811,0.10155844463765967,0.05074621737028896,0.04011341953939735,0.12807543726511786,0.3463251048544551
4846,4.768427673447788,0.1017308282015583,0.10155844328257022,0.05074619636341968,0.040112654325259366,0.1280621703194525,0.3463241695674006
4847,4.768427673447789,0.10173082711865604,0.10155844192790307,0.050746175363096974,0.040111889925723364,0.12804885348487144,0.34632323457181907
4848,4.768427673447789,0.10173082603609118,0.10155844057365798,0.05074615773360158,0.04011112634030729,0.1280355078602221,0.34632229986755947
4849,4.768427673447788,0.10173082495386356,0.10155843921983476,0.0507461367460113,0.040110363568529483,0.12802219331870482,0.34632136545447073
4850,4.768427673447789,0.10173082387197299,0.10155843786643319,0.050746115764957536,0.04010960160990863,0.1280089081664676,0.3463204313324019
4851,4.768427673447788,0.10173082279041931,0.10155843651345305,0.05074610095877045,0.040108840318069314,0.1279956275086045,0.3463194975012022
4852,4.768427673447788,0.10173082170920235,0.10155843516089409,0.05074607999013721,0.04010807983847085,0.12798239516575227,0.34631856396072097
4853,4.768427673447789,0.10173082144905533,0.10155843380875615,0.05074607079032604,0.04010732017063302,0.12796916331859812,0.34631763071080757
4854,4.768427673447788,0.10173082036842583,0.101558432457039,0.05074605965145399,0.04010656131407596,0.12795596203604145,0.34631669775131146
4855,4.768427673447788,0.10173081928813252,0.10155843110574235,0.050746038700144526,0.04010580326832016,0.1279426604210434,0.3463157650820823
4856,4.768427673447788,0.10173081820817524,0.10155842975486606,0.050746017755352195,0.040105046032886484,0.1279293479472281,0.3463148327029697
4857,4.768427673447787,0.10173081712855384,0.10155842840440989,0.05074599681707361,0.04010428960729617,0.12791603961354353,0.3463139006138237
4858,4.768427673447787,0.10173081604926812,0.10155842705437361,0.05074597588530542,0.04010353571764023,0.1279027594090548,0.34631296881449414
4859,4.768427673447788,0.10173081497031793,0.10155842570475704,0.05074595496004425,0.04010278263633448,0.12788950451704034,0.3463120373048311
4860,4.768427673447788,0.10173081389170308,0.10155842435555991,0.05074593404128672,0.04010203036290152,0.1278762865937653,0.3463111060846847
4861,4.768427673447787,0.10173081281342337,0.10155842300678204,0.05074591312902947,0.040101278896864316,0.1278629947838978,0.3463101751539052
4862,4.768427673447787,0.1017308117354787,0.1015584216584232,0.05074589222326915,0.04010052823774621,0.12784970710346882,0.346309244512343
4863,4.768427673447787,0.10173081065786882,0.10155842031048318,0.05074587575689374,0.04009977841757851,0.12783642665190734,0.34630831415984864
4864,4.768427673447788,0.10173080958059359,0.10155841896296175,0.05074586239710074,0.04009902940336756,0.12782314722363036,0.3463073840962726
4865,4.768427673447788,0.10173080850365286,0.10155841761585872,0.05074584150956832,0.04009828119463779,0.1278098871652255,0.3463064543214657
4866,4.768427673447789,0.10173080742704642,0.10155841626917385,0.050745820628519775,0.04009753379091398,0.12779661597931308,0.34630552483527866
4867,4.768427673447789,0.10173080635077411,0.10155841492290693,0.050745799753951784,0.04009678719172127,0.12778334891218135,0.3463045956375625
4868,4.768427673447789,0.10173080527483576,0.10155841357705775,0.05074577888586098,0.04009604139658519,0.1277700859617032,0.34630366672816815
4869,4.768427673447789,0.1017308041992312,0.10155841223162608,0.05074575802424403,0.04009529674464156,0.12775696797436015,0.34630273810694673
4870,4.768427673447789,0.10173080312396024,0.10155841088661172,0.05074573716909759,0.04009455289570132,0.12774380797856677,0.34630180977374947
4871,4.768427673447789,0.10173080204902273,0.10155840954201445,0.05074571632041831,0.04009380984929111,0.12773066601679767,0.3463008817284278
4872,4.76842767344779,0.10173080097441849,0.10155840819783404,0.05074569547820287,0.040093067604937936,0.12771752431435118,0.3462999539708332
4873,4.76842767344779,0.10173079990014734,0.10155840685407029,0.05074567464244791,0.04009232616216916,0.1277043547305622,0.3462990265008171
4874,4.76842767344779,0.10173079882620911,0.10155840551072298,0.050745653813150125,0.040091562208537525,0.1276911893768715,0.34629809931823125
4875,4.76842767344779,0.10173079775260363,0.1015584041677919,0.05074563299030617,0.040090799062769175,0.12767798194094127,0.3462971724229274
4876,4.768427673447789,0.10173079667933074,0.10155840282527683,0.05074561217391272,0.040090036724388836,0.12766475178289652,0.3462962458147575
4877,4.768427673447789,0.10173079560639026,0.10155840148317756,0.05074559136396646,0.040089275192921575,0.1276515812029561,0.34629531949357345
4878,4.76842767344779,0.10173079453378203,0.10155840014149388,0.050745575181432745,0.04008851446789284,0.1276384424716076,0.3462943934592274
4879,4.76842767344779,0.10173079346150585,0.10155839880022556,0.05074555438389235,0.040087754548828416,0.1276252672971821,0.34629346771157155
4880,4.76842767344779,0.10173079238956156,0.10155839745937241,0.05074553359278931,0.040086995435254465,0.12761218963561394,0.34629254225045814
4881,4.76842767344779,0.10173079131794903,0.1015583961189342,0.05074551280812034,0.04008623712669751,0.12759902324177508,0.3462916170757397
4882,4.768427673447789,0.10173079024666802,0.1015583947789107,0.05074549202988209,0.04008547962268443,0.1275859334890532,0.34629069218726866
4883,4.768427673447789,0.1017307891757184,0.10155839343930174,0.05074547125807128,0.04008472914067207,0.12757287316228502,0.34628976758489766
4884,4.768427673447789,0.10173078810510001,0.10155839210010707,0.05074545049268459,0.0400839774226904,0.12755988002698557,0.34628884326847953
4885,4.768427673447789,0.10173078703481266,0.10155839076132649,0.05074542973371872,0.040083226868182706,0.1275468736231923,0.346287919237867
4886,4.768427673447789,0.10173078596485617,0.10155838942295979,0.05074540898117035,0.040082477114926865,0.12753377829279697,0.34628699549291303
4887,4.768427673447788,0.1017307848952304,0.10155838808500676,0.050745388235036194,0.04008172816245225,0.12752059297840088,0.3462860720334708
4888,4.768427673447788,0.10173078382593514,0.10155838674746717,0.05074536749531295,0.04008098001028863,0.1275074323854244,0.34628514885939327
4889,4.768427673447789,0.10173078275697027,0.10155838541034082,0.05074534676199732,0.0400802326579661,0.12749425521577576,0.3462842259705338
4890,4.768427673447789,0.10173078168833559,0.10155838407362751,0.050745326035086025,0.04007948610501512,0.1274810821164272,0.3462833033667459
4891,4.768427673447789,0.10173078062003092,0.101558382737327,0.05074530531457574,0.040078740350966494,0.1274679130852866,0.3462823810478828
4892,4.768427673447788,0.1017307814917017,0.10155838140143908,0.050745284600463195,0.0400779953953514,0.12745474812026336,0.34628145901379814
4893,4.768427673447789,0.10173078042385629,0.10155838009618258,0.05074526389274511,0.04007725123770137,0.1274415872192684,0.3462805372643457
4894,4.768427673447789,0.10173077935634045,0.10155837876111612,0.05074526030221663,0.04007650787754826,0.12742843038021404,0.3462796157993792
4895,4.768427673447789,0.10173077828915403,0.10155837742646162,0.05074527285651628,0.04007576531442432,0.12741532012510584,0.3462786946187526
4896,4.768427673447789,0.10173077722229684,0.10155837609221888,0.05074525216276491,0.04007502354786213,0.1274021713992877,0.3462777737223198
4897,4.768427673447789,0.10173077615576871,0.10155837475838768,0.05074523147539647,0.040074282577394635,0.1273890635553292,0.346276853109935
4898,4.768427673447789,0.10173077508956947,0.10155837342496782,0.05074521079440767,0.040073542402555125,0.127375922935007,0.34627593278145236
4899,4.768427673447789,0.101730774023699,0.10155837209195907,0.050745190119795267,0.040072803022877246,0.1273627863662124,0.34627501273672623
4900,4.768427673447789,0.10173077295815706,0.10155837075936124,0.0507451791164622,0.040072064437894996,0.12734966336351944,0.346274092975611
4901,4.768427673447789,0.10173077189294352,0.10155836942717411,0.05074515845359639,0.040071326647142726,0.127336620538277,0.3462731734979612
4902,4.768427673447789,0.10173077082805822,0.10155836809539746,0.05074513779709745,0.040070589650155135,0.127323646373644,0.3462722543036314
4903,4.768427673447789,0.10173076976350097,0.1015583667640311,0.050745117146962136,0.04006985344646729,0.12731063474539206,0.34627133539247645
4904,4.768427673447789,0.10173076869927161,0.10155836543307481,0.050745096503187176,0.04006911883533085,0.1272975990780009,0.3462704167643511
4905,4.768427673447789,0.10173076763536996,0.10155836410252836,0.0507450849924489,0.040068385016319034,0.1272845218657423,0.3462694984191103
4906,4.768427673447789,0.10173076657179587,0.10155836277239155,0.05074506436044496,0.040067651988968084,0.12727141355112565,0.3462685803566091
4907,4.768427673447789,0.10173076550854915,0.1015583614426642,0.050745043734791884,0.04006691975281458,0.12725830927146414,0.3462676625767027
4908,4.768427673447789,0.10173076444562967,0.10155836011334608,0.05074502311548644,0.040066188307395466,0.12724520902469105,0.3462667450792464
4909,4.768427673447788,0.10173076338303724,0.10155835878443696,0.05074500985944033,0.04006545765224801,0.12723214037587652,0.3462658278640953
4910,4.768427673447788,0.10173076232077169,0.10155835745593667,0.05074501088720595,0.04006472778690985,0.12721918150688294,0.34626491093110506
4911,4.768427673447788,0.10173076125883285,0.10155835612784497,0.050744990283941256,0.04006398635482305,0.1272060933298377,0.34626399428013127
4912,4.768427673447789,0.10173076019722058,0.10155835480016168,0.05074496968701212,0.04006324571542138,0.12719303589056713,0.34626307791102956
4913,4.768427673447788,0.10173075913593466,0.10155835347288654,0.05074494909641528,0.04006250586824157,0.1271799557579981,0.3462621618236556
4914,4.768427673447789,0.10173075807497498,0.10155835214601938,0.05074492851214752,0.04006176681282071,0.127166879645954,0.34626124601786545
4915,4.76842767344779,0.10173075701434132,0.10155835081956001,0.050744913084261295,0.04006102854869623,0.12715380755237843,0.34626033049351496
4916,4.768427673447789,0.10173075595403355,0.10155834949350817,0.05074489251211266,0.040060291075405895,0.1271407394752164,0.34625941525046017
4917,4.76842767344779,0.1017307548940515,0.10155834816786369,0.050744871946283535,0.040059554392487845,0.12712767541241451,0.3462585002885573
4918,4.76842767344779,0.101730753834395,0.10155834684262635,0.05074485138677071,0.0400588006759651,0.12711461536192073,0.34625758560766273
4919,4.76842767344779,0.1017307527750639,0.10155834551779595,0.05074483083357095,0.04005804779711827,0.12710158241641542,0.34625667120763276
4920,4.768427673447791,0.101730751716058,0.10155834419337226,0.050744810286681034,0.0400572957127172,0.12708853038201612,0.34625575708832385
4921,4.76842767344779,0.10173075065737715,0.10155834286935508,0.05074478974609773,0.040056544422298626,0.12707549433386545,0.3462548432495926
4922,4.768427673447791,0.10173074959902118,0.10155834154574422,0.05074476921181782,0.04005579392539963,0.1270624503085135,0.3462539296912958
4923,4.768427673447791,0.10173074854098993,0.10155834022253946,0.05074474868383808,0.04005504422155763,0.12704948157074109,0.34625301641329015
4924,4.768427673447791,0.10173074748328322,0.1015583388997406,0.050744735613932036,0.040054295310310406,0.12703655275362047,0.34625210341543267
4925,4.768427673447791,0.1017307464259009,0.1015583375773474,0.05074471509777856,0.04005358487099714,0.12702355445038718,0.34625122954560517
4926,4.768427673447791,0.1017307453688428,0.10155833625535969,0.05074469458791585,0.04005287521180166,0.12701052639930097,0.34625031710363047
4927,4.768427673447791,0.10173074431210875,0.10155833493377726,0.050744674084340705,0.040052166455317055,0.1269975023421285,0.3462494049413764
4928,4.768427673447791,0.10173074325569859,0.10155833361259987,0.0507446535870499,0.04005145847800228,0.12698451983273007,0.34624849305870026
4929,4.768427673447791,0.10173074219961215,0.10155833229182737,0.05074463309604025,0.040050751279402774,0.12697150375342478,0.3462475814554595
4930,4.768427673447791,0.10173074114384928,0.1015583309714595,0.05074461261130854,0.04005004485906428,0.12695849166192655,0.3462466701315115
4931,4.768427673447791,0.1017307400884098,0.1015583296514961,0.05074459213285157,0.04004933921653289,0.12694548355620233,0.346245759086714
4932,4.768427673447791,0.10173073903329355,0.10155832833193691,0.05074457166066614,0.04004863435135505,0.12693247943422056,0.34624484832092467
4933,4.768427673447791,0.10173073797850037,0.10155832701278178,0.05074455734799174,0.04004793026307753,0.12691947929395112,0.34624393783400137
4934,4.768427673447791,0.10173073692403008,0.10155832569403046,0.050744536887709746,0.04004722695124746,0.1269065169668688,0.34624302762580195
4935,4.768427673447791,0.10173073586988253,0.10155832437568278,0.0507445164336899,0.040046524415412295,0.12689352478047558,0.3462421176961844
4936,4.768427673447792,0.10173073675520683,0.10155832305773851,0.05074449598592903,0.04004582265511984,0.12688053656971396,0.34624120804500697
4937,4.768427673447792,0.10173073570150581,0.10155832174019745,0.05074447554442393,0.040045121669918214,0.12686755233255956,0.34624029867212774
4938,4.768427673447792,0.1017307346481271,0.1015583204230594,0.050744455109171416,0.04004442145935592,0.12685465568906598,0.34623938957740513
4939,4.768427673447793,0.10173073359507052,0.10155831910632415,0.05074443468016833,0.04004372333741547,0.12684171027375057,0.3462384807606975
4940,4.768427673447792,0.10173073254233593,0.10155831778999148,0.05074441425741146,0.04004302598881041,0.12682876172477348,0.3462375722218634
4941,4.768427673447792,0.10173073148992315,0.10155831647406122,0.050744393840897656,0.04004232941309045,0.12681579334769377,0.34623666396076147
4942,4.768427673447792,0.101730730437832,0.10155831515853313,0.050744373430623727,0.04004163360980564,0.12680289210051068,0.3462357559772504
4943,4.768427673447791,0.10173072938606234,0.10155831384340702,0.050744353026586496,0.04004093052143833,0.12679014064889915,0.34623484827118906
4944,4.768427673447791,0.10173072833461401,0.10155831252868269,0.0507443326287828,0.040040228207068713,0.12677725659305,0.3462339408424363
4945,4.768427673447791,0.10173072728348682,0.10155831121435994,0.05074431223720946,0.04003952666624659,0.1267643040227196,0.3462330336908513
4946,4.76842767344779,0.10173072623268065,0.10155830990043856,0.05074429185186333,0.04003882089502887,0.12675143175715442,0.34623212681629295
4947,4.768427673447789,0.1017307251821953,0.10155830858691835,0.05074427147274122,0.04003811589798691,0.1267386194093395,0.3462312202186207
4948,4.76842767344779,0.1017307241320306,0.10155830727379908,0.05074425109983999,0.04003741167467073,0.12672580271054462,0.3462303138976937
4949,4.768427673447789,0.10173072308218643,0.10155830596108059,0.05074423073315647,0.0400367082246307,0.126713001909129,0.34622940785337153
4950,4.768427673447789,0.1017307220326626,0.10155830464876266,0.05074421063091266,0.04003596173765256,0.1267001200529193,0.34622850208551365
4951,4.76842767344779,0.1017307223012707,0.1015583034292466,0.05074419027662875,0.040035216036417416,0.1266872539975494,0.3462275965939797
4952,4.76842767344779,0.10173072125225263,0.10155830211771975,0.05074416992855308,0.04003447112046987,0.12667443782214435,0.3462266913786294
4953,4.76842767344779,0.10173072020355443,0.10155830080659282,0.05074414958668251,0.040033725316169846,0.12666157439142986,0.34622578643932245
4954,4.76842767344779,0.10173071915517598,0.10155829949586564,0.0507441292510139,0.040032980296757746,0.12664879954729089,0.34622488177591887
4955,4.76842767344779,0.1017307181071171,0.101558298185538,0.050744108921544094,0.04003223606177894,0.1266360556393219,0.3462239773882788
4956,4.76842767344779,0.10173071705937763,0.1015582968756097,0.050744088598269954,0.04003149261077911,0.1266233021083529,0.3462230732762622
4957,4.768427673447791,0.1017307160119574,0.10155829556608054,0.05074406828118833,0.040030749943304286,0.12661054123359003,0.34622216943972944
4958,4.768427673447791,0.10173071496485626,0.1015582942569503,0.05074404797029609,0.040030008058900834,0.12659775521513755,0.34622126587854063
4959,4.76842767344779,0.10173071391807403,0.1015582929482188,0.05074402766559009,0.04002926695711548,0.12658500588157787,0.34622036259255634
4960,4.76842767344779,0.10173071287161059,0.10155829163988585,0.0507440073670672,0.0400285275759522,0.12657223275257745,0.34621945958163713
4961,4.76842767344779,0.10173071182546571,0.1015582903319512,0.05074398707472427,0.040027783585826024,0.12655934305174948,0.3462185568456435
4962,4.76842767344779,0.1017307107796393,0.10155828902441467,0.05074396678855819,0.04002704037831534,0.12654645727445382,0.3462176543844362
4963,4.76842767344779,0.10173070973413116,0.10155828771727608,0.05074394650856583,0.04002629684094835,0.12653357541870316,0.3462167521978762
4964,4.76842767344779,0.10173070868894113,0.10155828641053521,0.05074392623474406,0.04002555352981728,0.12652069748251155,0.34621585028582413
4965,4.76842767344779,0.10173070764406905,0.10155828510419186,0.05074390596708975,0.0400248110004521,0.12650782346389444,0.3462149486481412
4966,4.76842767344779,0.10173070659951479,0.10155828379824583,0.05074388570559978,0.04002407011478139,0.12649501694600873,0.3462140472846885
4967,4.768427673447791,0.10173070555527815,0.10155828249269692,0.05074386545027104,0.04002333000971092,0.12648216071951662,0.3462131461953272
4968,4.768427673447791,0.101730704511359,0.10155828118754495,0.05074385927993738,0.04002259068478963,0.12646934960714185,0.3462122453799187
4969,4.768427673447792,0.10173070346775716,0.10155827988278969,0.05074386191647488,0.040021852139566806,0.12645657349546524,0.3462113448383243
4970,4.768427673447791,0.10173070242447245,0.10155827857843092,0.05074384167585424,0.040021114373592036,0.12644390565576008,0.34621044457040545
4971,4.768427673447792,0.10173070138150475,0.10155827727446849,0.05074383066952323,0.04002037738641528,0.12643127484988448,0.34620954457602393
4972,4.768427673447792,0.10173070033885387,0.10155827597090215,0.050743830333193726,0.04001964117758681,0.12641861110520491,0.3462086448550413
4973,4.768427673447792,0.10173069929651968,0.10155827466773176,0.050743810108055176,0.04001890574665724,0.12640600632133392,0.3462077454073194
4974,4.768427673447792,0.10173069825450197,0.10155827336495706,0.050743789889058095,0.040018171093177526,0.12639330928439582,0.3462068462327201
4975,4.768427673447792,0.10173069721280062,0.10155827206257788,0.050743769676199396,0.04001743025921452,0.1263805807202297,0.34620594733110543
4976,4.768427673447792,0.10173069617141547,0.10155827076059402,0.05074375113929498,0.0400166902039161,0.12636784183311633,0.3462050487023375
4977,4.768427673447792,0.10173069513034635,0.10155826945900527,0.050743730938534244,0.040015950926833146,0.1263550548990146,0.34620415034627844
4978,4.768427673447791,0.1017306940895931,0.10155826815781144,0.05074371074390264,0.040015212427516884,0.12634223148532742,0.34620325226279053
4979,4.768427673447792,0.10173069304915557,0.10155826685701234,0.050743698722370154,0.040014472492007284,0.12632941196162198,0.3462023544517363
4980,4.768427673447791,0.10173069200903358,0.10155826555660774,0.05074367853915903,0.04001373333403914,0.1263166054627451,0.34620145691297805
4981,4.768427673447791,0.10173069096922696,0.10155826425659746,0.05074365836206802,0.04001299495316434,0.12630391294209378,0.34620055964637836
4982,4.768427673447791,0.10173068992973561,0.1015582629569813,0.05074363819109402,0.0400122573489351,0.12629129441596024,0.3461996626518
4983,4.76842767344779,0.1017306888905593,0.10155826165775905,0.050743618026233964,0.04001152052090397,0.12627867722488997,0.34619876592910576
4984,4.76842767344779,0.10173068785169795,0.10155826035893055,0.05074359786748476,0.04001078446862382,0.12626605625068238,0.34619786947815845
4985,4.76842767344779,0.10173068681315134,0.10155825906049555,0.05074357771484333,0.04001004919164788,0.12625333691600027,0.346196973298821
4986,4.76842767344779,0.10173068577491935,0.1015582577624539,0.0507435705548374,0.040009314689529674,0.12624072774842215,0.3461960773909566
4987,4.768427673447789,0.10173068473700177,0.10155825646480536,0.05074355041308669,0.04000858096182308,0.12622802706454822,0.34619518175442826
4988,4.768427673447789,0.10173068369939847,0.10155825516754975,0.05074353027743492,0.04000784800808232,0.12621543272778962,0.34619428638909927
4989,4.768427673447789,0.10173068266210931,0.10155825387068688,0.05074351014787901,0.040007115827861914,0.1262028428572346,0.34619339129483306
4990,4.768427673447789,0.10173068162513413,0.10155825257421654,0.050743504318331877,0.040006384420716745,0.12619021863825677,0.346192496471493
4991,4.768427673447789,0.10173068058847275,0.10155825270756257,0.05074348419951164,0.040005653786202,0.12617752807005592,0.3461916019189427
4992,4.768427673447789,0.10173067955212502,0.10155825141173205,0.050743464086778496,0.0400049236025958,0.1261647968011637,0.3461907076370458
4993,4.76842767344779,0.10173067851609079,0.10155825011629352,0.05074344398012938,0.040004194190828596,0.12615210416410633,0.3461898136256659
4994,4.76842767344779,0.10173067748036987,0.10155824882124675,0.050743423879561225,0.04000346555045653,0.12613945655060507,0.34618891988466693
4995,4.768427673447789,0.10173067644496213,0.10155824752659158,0.05074340378507099,0.04000273768103607,0.12612687091863392,0.3461880264139128
4996,4.76842767344779,0.10173067540986741,0.1015582462323278,0.0507433942665968,0.040002010582124006,0.1261142889840913,0.34618713321326755
4997,4.76842767344779,0.10173067437508557,0.10155824493845524,0.050743374183184586,0.04000128425327748,0.12610161765821848,0.3461862402825953
4998,4.76842767344779,0.10173067334061642,0.10155824364497366,0.050743354105841444,0.04000055869405393,0.12608895331981435,0.3461853476217603
4999,4.768427673447789,0.1017306723064598,0.10155824235188288,0.0507433340345643,0.039999833904011135,0.12607645427762826,0.3461844552306267
5000,4.76842767344779,0.1017306713867871,0.10155824105918271,0.05074331396935012,0.03999910988270722,0.12606395790195626,0.34618356310905907
