iteration,theta_const,theta_depot_age1,theta_depot_age2,theta_depot_age3,theta_lab_shortfall,theta_imbalance,theta_exp_risk
1,5.080686348753312,0.017502566613889426,0.16847720464822402,0.07002326535122237,0.007138426196977641,0.01329738853039935,0.4047039500319609
2,5.080686348753312,0.017502566613889426,0.16755079688370914,0.07206185677494138,0.007251123469529059,0.013852142400307577,0.4021654981594302
3,5.080686348753312,0.017502566613889426,0.16025486961324092,0.06221900666923552,0.007347546580866467,0.01837853777175664,0.3946909206452445
4,5.080686348753312,0.017502566613889426,0.15609401417309016,0.055749293007239964,0.00743328856009427,0.020910873325544234,0.3876073369286666
5,5.080686348753312,0.017502566613889426,0.15245460075500275,0.049237978243885816,0.007511313041333899,0.023245918572971595,0.3820462556224524
6,5.080686348753312,0.017502566613889426,0.1498005225832606,0.04469095809429701,0.0075834177457025625,0.02649877651547287,0.37607034052099664
7,5.080686348753311,0.017502566613889423,0.14670457034410916,0.04130498699344938,0.0076507917424865745,0.029933781851961903,0.3698065429684905
8,5.080686348753311,0.017502566613889426,0.14272609220930926,0.038667715858940424,0.007714270582282611,0.033705981768691516,0.36471834543628506
9,5.080686348753312,0.017502566613889426,0.13953786518239528,0.036544288341946105,0.007774468315337571,0.0367982488711466,0.35910392341466646
10,5.080686348753312,0.017502566613889426,0.1352599693930997,0.03479043667454351,0.00783185209179014,0.03938965605416592,0.3542560512576164
11,5.080686348753312,0.017502566613889426,0.1316306676143583,0.03331228669246036,0.007886787223836053,0.0413767690154833,0.3499304765299268
12,5.080686348753312,0.017502566613889426,0.12810257882296866,0.032045919291793304,0.007848286756629349,0.04269621631608864,0.3458197150872149
13,5.080686348753312,0.017502566613889426,0.12441403141163788,0.030946184736804393,0.007819878668406692,0.044289251169135506,0.3420223840405571
14,5.080686348753312,0.017502566613889426,0.12081471199085217,0.029980209774385785,0.007799390522582961,0.046036629855416344,0.33807244695126343
15,5.080686348753312,0.017502566613889426,0.11722551761161833,0.029123442460070644,0.0077852179526296875,0.04815494078854758,0.3344551557955016
16,5.080686348753311,0.017502566613889426,0.11386283395408783,0.028376093550867454,0.007776150595647851,0.050007072193145624,0.330693635224629
17,5.080686348753311,0.017502566613889426,0.11061653641715491,0.027685025691040626,0.007771258436195795,0.05136330138652143,0.32720184539905645
18,5.080686348753311,0.017502566613889426,0.10763500865276791,0.027058398036773956,0.00776981539453148,0.05251213593684662,0.3236151083441552
19,5.080686348753311,0.017502566613889426,0.10482902722000982,0.026486966343584332,0.007771246634171662,0.054182877579646245,0.32015494127636224
20,5.080686348753311,0.017502566613889426,0.10225722114345574,0.02596322392543293,0.00777509140843272,0.05578712039947527,0.31691527066569225
21,5.08068634875331,0.01750256661388943,0.09988931731235351,0.025481005732639346,0.007780976343163213,0.05730999255648558,0.3138251183473378
22,5.08068634875331,0.01750256661388943,0.09770019955855126,0.02503519691507454,0.007788595884781182,0.05896998398301647,0.31065205259429535
23,5.08068634875331,0.01750256661388943,0.09566883843740785,0.02462151487449397,0.007797697765646547,0.060514869914230114,0.3076550062811365
24,5.08068634875331,0.017502566613889426,0.09377747937297735,0.0242646172182326,0.00780807204535277,0.06195136155410174,0.304667452255633
25,5.080686348753309,0.017502566613889426,0.09201101877700785,0.023904227036671725,0.007819542741635606,0.06349191772869824,0.3018120201415784
26,5.080686348753309,0.017502566613889426,0.09035651893837218,0.023566678891754806,0.00783196136401044,0.06500247890232648,0.2991070954045503
27,5.080686348753309,0.01750256661388943,0.08880282673101082,0.023249697342334303,0.007845201864039966,0.06645667822865396,0.29653165886203803
28,5.08068634875331,0.01750256661388943,0.08734027094404447,0.022961238472323058,0.007859156653156103,0.06783119923765993,0.2939894805495021
29,5.080686348753309,0.017502566613889426,0.08596041982356495,0.02271917097111977,0.007873733433970142,0.06910444835385314,0.29153102878348097
30,5.080686348753309,0.01750256661388943,0.08465588520572839,0.022452081608691835,0.00788885265785693,0.0703493642958935,0.2891480893388029
31,5.080686348753309,0.01750256661388943,0.08342016304827458,0.022199080853740803,0.007904445469277191,0.0715959549239603,0.2868005928777873
32,5.08068634875331,0.017502566613889433,0.08224750265104865,0.021958991312568652,0.00792045203173331,0.07293874759321367,0.28451578764860613
33,5.08068634875331,0.017502566613889433,0.08113279867657933,0.021730767722511195,0.007936820155408085,0.07432911507831569,0.28228342757404384
34,5.080686348753311,0.017502566613889433,0.08007150143077554,0.02151347858288043,0.007953504165111614,0.07580432679469823,0.28011863075779786
35,5.080686348753311,0.017502566613889433,0.07905954187357524,0.021306290801705468,0.007970463961017535,0.07707613364260595,0.2780098625630219
36,5.08068634875331,0.01750256661388943,0.07809326859238941,0.021108456791726436,0.00798766423510277,0.07833037605101015,0.2759357913627473
37,5.08068634875331,0.01750256661388943,0.07716939455284565,0.02091930356818478,0.008005073814129673,0.07948533770507145,0.27382034684607104
38,5.08068634875331,0.01750256661388943,0.07628495188844547,0.020738223492494295,0.008022665106079001,0.08069846423249136,0.27167253228403715
39,5.08068634875331,0.01750256661388943,0.07543725333712409,0.020564666376793533,0.008040413631626891,0.08196530699055306,0.2696109917451857
40,5.08068634875331,0.017502566613889426,0.07462385920301484,0.020398132719724203,0.008058297625901297,0.08327710937494616,0.2675925321667703
41,5.080686348753309,0.017502566613889426,0.07384254893414684,0.020238167887271976,0.008076297698605054,0.08459930240736172,0.2656383236045988
42,5.08068634875331,0.017502566613889426,0.07309129657483568,0.020084357086908814,0.008094396542839688,0.08595120536441445,0.26373442938675834
43,5.080686348753309,0.017502566613889426,0.07236824948527307,0.01993632101065894,0.00811257868474577,0.08728338493779773,0.26188718502104796
44,5.080686348753309,0.017502566613889423,0.0716717098279038,0.019793712044634676,0.008130830267496525,0.08859103438513247,0.2600656362644188
45,5.080686348753309,0.017502566613889423,0.07100011840639683,0.019664829673037378,0.008149138864320936,0.08990138839397437,0.25827313801539126
46,5.080686348753309,0.017502566613889423,0.07035204051280451,0.019532038379595208,0.0081674933161513,0.0911949474620579,0.2565163311100669
47,5.08068634875331,0.017502566613889423,0.06972615349528044,0.01940379400121503,0.008185883590234557,0.09256400425140186,0.2548014809406469
48,5.08068634875331,0.017502566613889423,0.06912123580514073,0.01927984624232074,0.008204300656652912,0.09398126339937467,0.2531171256873925
49,5.08068634875331,0.017502566613889423,0.0685361573201704,0.019159963540638484,0.0082227363801948,0.09534093770691975,0.2514283444352756
50,5.08068634875331,0.017502566613889423,0.06796987077252109,0.019043931310771135,0.008241183425424603,0.09670191084892032,0.24977280067346452
51,5.080686348753311,0.017502566613889423,0.06742140413559206,0.018931550384268653,0.008259635173135355,0.09808589690710184,0.24814267355688233
52,5.080686348753311,0.017502566613889423,0.06688985384594984,0.01882263562079803,0.008278085646646888,0.09945108469985427,0.24655072178414425
53,5.080686348753311,0.017502566613889423,0.06637437875442925,0.01871701466872263,0.008296529446643167,0.10078183424701917,0.2449957108318986
54,5.08068634875331,0.017502566613889426,0.06587419471571633,0.018614526856506657,0.008314961693435504,0.10211014817319584,0.24342007501248683
55,5.080686348753311,0.017502566613889426,0.06538856973846131,0.018515022198972258,0.008333377975700043,0.10340232485286366,0.24188065423497176
56,5.08068634875331,0.017502566613889423,0.0649168196287275,0.01841836050464135,0.008351774304873553,0.1047807729326387,0.2403119558920443
57,5.080686348753311,0.017502566613889426,0.06445830406869024,0.018324410572260218,0.008370147074506144,0.10618052449329685,0.23874985011258804
58,5.08068634875331,0.017502566613889423,0.06401242308023583,0.01823304946619018,0.008388493023966178,0.10755891688397294,0.23719322918107688
59,5.08068634875331,0.017502566613889423,0.06357861382970088,0.018144161861698073,0.008406809205974825,0.10888435440584293,0.2356681489606142
60,5.080686348753309,0.017502566613889426,0.06315634773562338,0.018057639452333813,0.008425092957517425,0.11022445853600016,0.2341712305993742
61,5.080686348753309,0.017502566613889423,0.06274512784620202,0.01797338041257129,0.00844334187373844,0.11158278083799451,0.23271347064276032
62,5.08068634875331,0.017502566613889426,0.06234448645730524,0.017891288909737936,0.008461553784477634,0.11295067554140843,0.23129321109617637
63,5.08068634875331,0.017502566613889423,0.061953982945443124,0.017811274659990207,0.008479726733148838,0.11433561851542609,0.22990888996494244
64,5.08068634875331,0.017502566613889426,0.061573201793198896,0.017736564824129285,0.008497858957700112,0.11572173876441653,0.22855903425451948
65,5.08068634875331,0.017502566613889423,0.06120271015117595,0.017660426537974647,0.008515948873426554,0.11707661706797717,0.22724225358268935
66,5.08068634875331,0.017502566613889423,0.06084021078302086,0.01758612474665469,0.008533995057434825,0.11841194690470436,0.2259572343415973
67,5.08068634875331,0.017502566613889423,0.0604863207881822,0.017513587625609353,0.00852814425308505,0.11973754912878609,0.22470273435470883
68,5.08068634875331,0.017502566613889423,0.06014070852220566,0.01744274719740419,0.008522805215892815,0.12107260011418743,0.22347757797996098
69,5.080686348753309,0.017502566613889423,0.05980305984205295,0.01737353907188428,0.008517955756117272,0.12241948821599963,0.22228065161583022
70,5.080686348753309,0.017502566613889423,0.05947307694117592,0.01730590220739841,0.008511796405252231,0.12373948067497213,0.22111089957180202
71,5.080686348753309,0.017502566613889423,0.059150477277701285,0.017239778691108234,0.008506125605676783,0.12506297898255433,0.2199673202689069
72,5.08068634875331,0.017502566613889426,0.058834992587075974,0.017175113536609388,0.008500923125053813,0.12637432192547407,0.21884896273965995
73,5.080686348753309,0.017502566613889423,0.058526367971436094,0.017111854497278686,0.00849616979079304,0.12769671693192267,0.217754923399977
74,5.08068634875331,0.017502566613889423,0.05822436105876703,0.01705605006246018,0.008491847421625578,0.1290024566867028,0.2166843430684921
75,5.08068634875331,0.017502566613889423,0.05792874122563413,0.0169993798225234,0.008487938764434513,0.1302953430785422,0.21563640421122582
76,5.080686348753309,0.017502566613889423,0.05763928887789334,0.01694446865194506,0.008480191164035316,0.1315394904304937,0.21461032839178595
77,5.080686348753309,0.017502566613889423,0.057355794784349844,0.01688625872360984,0.008473699247786723,0.1327607646837183,0.2136053739092626
78,5.080686348753309,0.017502755773320274,0.05707907078502063,0.016834837077598648,0.008467642591934017,0.13395878129208608,0.21262083360774028
79,5.080686348753309,0.017502754473430186,0.056806896962997136,0.016783253993650347,0.008462004856789261,0.13514436506660266,0.2116560328429149
80,5.080686348753309,0.01750275319926776,0.056540110055437444,0.016738470025808208,0.008456770481454103,0.1363124535925286,0.21071032759269884
81,5.080686348753309,0.01750275195000419,0.05627853652426135,0.016685679557599496,0.008451924637971368,0.13748441752612842,0.20978310269994263
82,5.080686348753308,0.01750275072484735,0.05602201051279441,0.016632870721776105,0.008447453188692769,0.13860270552519807,0.20887377023651582
83,5.080686348753308,0.01750274952303975,0.05577037341575124,0.01658106832532969,0.008443342646601288,0.13971623901068625,0.2079817679789852
84,5.080686348753308,0.017503293438163606,0.05552347347819906,0.016530241127758433,0.008439580138350933,0.1407929049856336,0.20710655798702238
85,5.080686348753308,0.017503288809762266,0.05528116542122628,0.016480359221724084,0.008436153369808241,0.14185512781552362,0.20624762527647494
86,5.080686348753308,0.01750328426641387,0.05504331009224371,0.016431393961062486,0.008433050593899212,0.1428340858820234,0.2054044765797558
87,5.080686348753308,0.017503279805571186,0.05480977413802959,0.016389269725148058,0.00843026058058295,0.143792472605451,0.20457663918685415
88,5.080686348753309,0.01750327542479193,0.05458042969879414,0.01634201997010498,0.008427772588788943,0.14469242133593188,0.20376365986085665
89,5.080686348753309,0.01750327112173327,0.0543551541216883,0.016295608485828655,0.008425576340169121,0.14554400765444298,0.20296510382239447
90,5.080686348753309,0.01750326689414671,0.05413384519975379,0.016250011020689525,0.008423661994528634,0.1463945851507384,0.2021805537979084
91,5.080686348753309,0.01750326273987327,0.053916358798373164,0.01620520428860585,0.008422020126810908,0.1472274686323626,0.2014096091270561
92,5.080686348753309,0.01750325865683898,0.053702601941130135,0.016161165920355075,0.00842064170552296,0.14808887763870152,0.20065188492497496
93,5.080686348753309,0.01750325464305063,0.053492470278911596,0.016117874417844784,0.008419518072496484,0.1489204867855123,0.1999070112954684
94,5.080686348753308,0.017503250696591807,0.053285863482347665,0.016075309111133466,0.008418640923888795,0.1497622352677012,0.19917463259150492
95,5.080686348753308,0.017503246815619117,0.053082685045606294,0.016033450118008108,0.008411377944762197,0.15058400815445797,0.1984544067197102
96,5.080686348753309,0.01750324299835869,0.05288284210173706,0.015992278305941156,0.008404454584088304,0.15139954500817315,0.1977460044857987
97,5.080686348753309,0.017503239243102823,0.0526862452487708,0.015951775256263415,0.008397860583301048,0.15220416198913483,0.1970491089781324
98,5.08068634875331,0.017503235548206878,0.0524928083858438,0.01591192323040223,0.008391586080531798,0.15298355885405224,0.196363414986815
99,5.080686348753309,0.017503231912086324,0.05230244855867222,0.01587270513804599,0.008385665846324483,0.15376590928345935,0.19568862845593
100,5.08068634875331,0.017503228333213945,0.05211508581375365,0.01583410450710661,0.008380045804716886,0.15454601402498627,0.19502446596671566
101,5.080686348753309,0.01750322481011721,0.05193064306072068,0.01579610545536148,0.008374717191988507,0.15531493716768371,0.19437065424963626
102,5.08068634875331,0.017503221341375802,0.05174904594231398,0.01575869266366525,0.008369671570635718,0.15607694216902,0.19372692972346345
103,5.08068634875331,0.01750321792561926,0.051570222711482525,0.015721851350629874,0.008364900814322644,0.15683606034896305,0.19309303805962183
104,5.08068634875331,0.01750321456152476,0.05139410411515467,0.015685567248679037,0.008360397093661766,0.15757868840882527,0.19246873377018112
105,5.08068634875331,0.017503211247815013,0.051220623284256986,0.015649826581389765,0.008356152862771127,0.15833877437117164,0.19185377981799573
106,5.08068634875331,0.017503207983256282,0.05104971562958892,0.015614616042040414,0.008352160846558803,0.15911194278534074,0.19124794724760152
107,5.08068634875331,0.01750320476665649,0.05088131874318855,0.015579922773289963,0.008348414028688937,0.15988268390780108,0.1906510148355779
108,5.08068634875331,0.017503201596863454,0.05071537230485156,0.015545734347918982,0.008344905640186903,0.16065718292252046,0.1900627687591765
109,5.08068634875331,0.017503198472763153,0.05055181799348849,0.015512038750567357,0.008341629148644102,0.16141970070555894,0.18948300228210102
110,5.08068634875331,0.017503195393278163,0.0503905994030278,0.015478824360408603,0.008338578247985746,0.16218984032847883,0.18891151545640075
111,5.08068634875331,0.01750319235736611,0.05023166196259227,0.015446079934704501,0.0083357468487675,0.16293991266854652,0.1883481148395124
112,5.08068634875331,0.017503189364018224,0.05007495286069494,0.015413794593187915,0.008333129068969224,0.16366830352485773,0.18779261322555008
113,5.08068634875331,0.017503186412257968,0.049920420973217916,0.015386141895946254,0.008330719225256173,0.1643756858066838,0.18724482939000514
114,5.080686348753309,0.017503183501139725,0.049768016794953525,0.01535472380625286,0.008328511824680123,0.16506630492340793,0.18670458784707336
115,5.080686348753308,0.017503180629747567,0.04961769237450154,0.015323734458200507,0.00832474853986756,0.16574310378465495,0.1861717186188792
116,5.080686348753309,0.017503177797194056,0.04946940125233045,0.015293164274166427,0.008321200963731835,0.16640827287502047,0.18564605701591574
117,5.080686348753309,0.01750317500261912,0.049323098401822654,0.01526300397192275,0.008317863603633435,0.16708879678500602,0.18512744342806164
118,5.080686348753309,0.017503172245188995,0.049178740173135685,0.015233244553063519,0.008314731144088268,0.16775875754030914,0.1846157231255811
119,5.08068634875331,0.017503169524095186,0.04903628423972199,0.01520387729197975,0.008311798439690918,0.16842434515210802,0.18411074606954736
120,5.08068634875331,0.0175031668385535,0.048895689547360226,0.01517489372535224,0.008309060508375968,0.16908643091694225,0.18361236673116876
121,5.08068634875331,0.017503164187803136,0.0487569162655598,0.015146285642133625,0.00830651252499857,0.1697394282212677,0.18312044391952834
122,5.08068634875331,0.017503161571105753,0.04861992574120968,0.015118045073993093,0.00830414981521671,0.17038839612586154,0.18263484061727794
123,5.08068634875331,0.01750315898774468,0.048484680454350094,0.015090164286198733,0.008301967849658663,0.1710535182105203,0.1821554238238583
124,5.08068634875331,0.017503156437024072,0.04835114397595333,0.015062635768914047,0.008299962238360143,0.17170364354050055,0.18168206440584025
125,5.08068634875331,0.017503153918268163,0.04821928092760691,0.015035452228886654,0.008298128725456688,0.17235015154481098,0.18121463695401033
126,5.08068634875331,0.0175031514308205,0.04808905694299884,0.015008606581508469,0.008296463184117624,0.17299865287758354,0.18075301964684343
127,5.08068634875331,0.017503148974043276,0.04796043863111059,0.014982091943227966,0.008294961611708845,0.17364556573073447,0.1802970941200298
128,5.08068634875331,0.01750314654731664,0.04783339354102937,0.014955901624296206,0.008293620125172346,0.17429314417578598,0.1798467453417416
129,5.08068634875331,0.017503144150038046,0.04770789012829605,0.014930029121829494,0.008292434956611267,0.1749458456531358,0.17940186149334325
130,5.08068634875331,0.01750314178162166,0.04758389772271056,0.014904468113172458,0.008291182617590095,0.17561227533580653,0.17896233385526814
131,5.08068634875331,0.017503139441497742,0.04746138649752067,0.014879212449546318,0.008290082015586927,0.1762769788718065,0.17852805669779923
132,5.08068634875331,0.01750313712911212,0.047340327439924744,0.014854256149968045,0.008289129652159475,0.17694998996791544,0.17809892717650727
133,5.08068634875331,0.01750313484392561,0.04722069232282266,0.014829593395426811,0.008288322129611038,0.17762192009611938,0.17767484523211377
134,5.08068634875331,0.01750313258541354,0.04710245367775325,0.014805218523305054,0.008287656147407412,0.17828253583900316,0.17725571349455968
135,5.08068634875331,0.017503130353065218,0.04698558476895986,0.014781126022032088,0.008287128498746117,0.17894669696390647,0.17684143719107295
136,5.08068634875331,0.01750341484099873,0.046870473579652225,0.01475967825761864,0.008286736067270411,0.17960351884514267,0.17643192405803987
137,5.080686348753309,0.017503411545718692,0.04675626513527937,0.014739417296129863,0.00828649965644734,0.18024710083237547,0.17602708425649555
138,5.080686348753309,0.017503408287766045,0.046643350390800004,0.014720305663617329,0.008286392219007501,0.18087398386584158,0.17562683029106002
139,5.080686348753309,0.01750340506644705,0.046531705302289776,0.014697252807861218,0.008286410896576293,0.18148987823382817,0.17523107693215495
140,5.080686348753309,0.01750340188108579,0.04642130644396297,0.014674457277931442,0.008286552909263317,0.182095614176137,0.1748397411413457
141,5.080686348753309,0.017503398731023613,0.046312130987951096,0.01465191436025245,0.00828681555300547,0.18269866276640342,0.1744527419996617
142,5.080686348753309,0.017503395615618554,0.04620415668488238,0.014629619460698656,0.008287196197017496,0.1832926119675944,0.17407000063875566
143,5.080686348753309,0.017503392534244797,0.0460973618452251,0.014607568100742136,0.00828769228134491,0.18387985099605142,0.17369144017477048
144,5.080686348753309,0.017503389486292167,0.0459917253213594,0.0145877211507062,0.008288301314514565,0.18445436953767613,0.1733169856447884
145,5.080686348753308,0.017503386471165627,0.04588722649034441,0.014566136677465634,0.008289020871278288,0.18502319387727595,0.17294656394574476
146,5.080686348753308,0.017503383488284795,0.04578384523734897,0.014544783042528457,0.008289848590445311,0.18557524437986025,0.17258010377569427
147,5.080686348753308,0.0175033805370835,0.04568156193971611,0.014525263674969788,0.00829078217279943,0.18611957286843736,0.17221753557732355
148,5.080686348753308,0.017503377617009323,0.04558035745163283,0.014504353888729535,0.008291819379097039,0.18666718777939623,0.17185879148360952
149,5.080686348753308,0.017503374727523176,0.0454802130893782,0.014483663134321614,0.008292958028142396,0.18721391720557656,0.17150380526552747
150,5.080686348753307,0.0175033718680989,0.045381110617124264,0.014463187644054768,0.008294195994936627,0.1877642200466136,0.17115251228171924
151,5.080686348753307,0.017503369038222857,0.045283032233265574,0.014442923739952148,0.008295531208897219,0.18829158494098347,0.17080484943003452
152,5.080686348753308,0.017503366237393566,0.04518596055725403,0.01442286783103125,0.008296961652144847,0.1888214915348902,0.17046075510086395
153,5.080686348753308,0.017503363465121324,0.045089878616917364,0.014403016410683813,0.008298485357854593,0.18936752696549228,0.17012016913218633
154,5.080686348753309,0.01750336072092786,0.04499476983624038,0.014383366054151303,0.008300100408668732,0.18990730924867996,0.16978303276625625
155,5.080686348753309,0.017503358004346,0.0449006180235891,0.014363913416091908,0.008301804935168414,0.19043911037255984,0.16944928860786154
156,5.080686348753309,0.017503355314919315,0.04480740736035905,0.014344655228235173,0.0083035971144017,0.19097455560883234,0.16911888058408464
157,5.080686348753308,0.01750335265220184,0.04471512239002981,0.014325588297120573,0.008305475168465535,0.19151310067965063,0.16879175390550347
158,5.080686348753309,0.01750335001575775,0.044623748007608655,0.014306709501916459,0.008307437363139361,0.19205047632876654,0.16846785502877196
159,5.080686348753309,0.017503347405161063,0.04453326944944721,0.0142880157923161,0.00830948200656817,0.19258394317826139,0.16814713162052283
160,5.080686348753309,0.017503344819995367,0.04444367228341566,0.014269504186507569,0.008307339484715386,0.1931204441120477,0.16782953252253732
161,5.08068634875331,0.017503342259853543,0.04435494239941965,0.014251171769214453,0.00830531746297311,0.19364156558058773,0.16751500771813033
162,5.08068634875331,0.017503339724337492,0.044267066000246,0.014233015689804496,0.008303413711914632,0.19416267527382505,0.1672035082997007
163,5.08068634875331,0.01750333721305789,0.044180029592723824,0.014215033160463403,0.008301626054148444,0.19468129695822414,0.16689498643739978
164,5.08068634875331,0.017503334725633955,0.04409381997918838,0.014197400992315654,0.008299952362812614,0.19518172396724098,0.16658939534887254
165,5.080686348753309,0.017503332261693167,0.04400842424923527,0.014180860725422312,0.008298390560121372,0.195685152989251,0.16628668927002876
166,5.080686348753309,0.017503329820871084,0.043923829771753714,0.014163378631956495,0.008296938615961777,0.19617908120652558,0.1659868234268029
167,5.080686348753309,0.017503327402811093,0.04384002418722757,0.014146059569232065,0.008295594546538443,0.19667837439983213,0.165689754007863
168,5.080686348753309,0.017503325007164207,0.04375699540029371,0.014128901037650052,0.008294097994034827,0.19716805703592324,0.1653954381382323
169,5.080686348753308,0.01750332263358885,0.04367473157254752,0.014111900590713924,0.00829270786329841,0.19765725266991366,0.1651038338537862
170,5.080686348753308,0.017503320281750653,0.04359322111558609,0.014095055833591903,0.00829142226573961,0.19814864053519268,0.1648149000765926
171,5.080686348753308,0.017503317951322275,0.04351245268427964,0.014078364421726455,0.00829023935486615,0.19864491699159054,0.16452859659106048
172,5.080686348753309,0.01750331564198321,0.04343241517026262,0.014061824059489192,0.0082891573251208,0.199136636462745,0.16424488402086762
173,5.080686348753309,0.01750331335341959,0.04335321656890204,0.014045432498879358,0.008288174410757545,0.1996289206729699,0.1639637238066366
174,5.08068634875331,0.017503311085324033,0.043274608119080925,0.014029187538264357,0.008287288884754726,0.20010036800155412,0.16368507818433098
175,5.080686348753309,0.017503308837395443,0.043196698623278657,0.01401439910685824,0.008286499057763711,0.20056784895003876,0.16340891016434403
176,5.08068634875331,0.017503306609338885,0.04311947785915525,0.013998436982043718,0.008284819119563903,0.20103438334044585,0.16313518351125458
177,5.08068634875331,0.017503304400865383,0.04304293581160318,0.013982615153155409,0.008283240260719202,0.2015020977751594,0.16286386272422435
178,5.08068634875331,0.0175033022116918,0.0429670626673917,0.013966931591723172,0.008281760773860605,0.20197708615303672,0.16259491301801335
179,5.08068634875331,0.017503300041540673,0.04289184880997895,0.013951384309933973,0.00828037898792275,0.202447550560363,0.16232830030459036
180,5.08068634875331,0.01750329789014006,0.04281728481448581,0.013935971359592937,0.008279093267187069,0.20292085471248397,0.16206399117531659
181,5.08068634875331,0.01750329575722341,0.04274336144282556,0.0139213659883896,0.008277902010355134,0.20339183370291464,0.16180195288368157
182,5.08068634875331,0.01750329364252944,0.0426700696389836,0.013908159445367588,0.008276803649651148,0.2038545588340941,0.16154215332857116
183,5.080686348753311,0.01750329154580197,0.042597400524441935,0.013893130629529,0.008275796649952453,0.20431937207846,0.16128456103804845
184,5.08068634875331,0.017503289466789824,0.04252534539374307,0.013878228792671227,0.008274879507947086,0.20478642734057856,0.16102914515362904
185,5.08068634875331,0.01750328740524669,0.042453895710188476,0.013863452169305988,0.00827405075131736,0.2052501319783129,0.1607758754150333
186,5.08068634875331,0.017503285360931004,0.04238304310166672,0.013848799027983525,0.008273308937948571,0.20571815533171503,0.16052472214539812
187,5.080686348753311,0.017503283333605842,0.0423127793566067,0.013834267670455685,0.008272652655161887,0.20616750293597114,0.16027565623693246
188,5.080686348753311,0.017503281323038793,0.04224309642005168,0.013819856430863973,0.0082720805189706,0.20661619991395316,0.16002864913700057
189,5.080686348753311,0.017503279329001854,0.04217398638984971,0.013805563674951702,0.008271591173358886,0.20706575379682543,0.15978367283461817
190,5.080686348753311,0.017503277351271326,0.04210544151295655,0.013791387799299393,0.008271183289582271,0.20751459462833038,0.15954069984734742
191,5.08068634875331,0.017503275389627707,0.04203745418184708,0.013777327230582602,0.00827085556548907,0.20795987850979425,0.15929970320857628
192,5.08068634875331,0.017503273443855598,0.041970016931031556,0.013763380424851453,0.008270657584190622,0.20840305040502866,0.15906065645516956
193,5.080686348753311,0.017503271513743594,0.04190312243367306,0.013749545866831078,0.008270536826106935,0.20884663044496482,0.15882353361547868
194,5.080686348753311,0.0175032695990842,0.04183676349830265,0.013735822069242282,0.00827049207041565,0.20928590166869968,0.1585883091976978
195,5.080686348753311,0.01750326769967374,0.04177093306562903,0.013722207572141739,0.008270522120268598,0.20971306758539773,0.15835495817855505
196,5.080686348753311,0.017503346588486745,0.041705624205439405,0.013708700942281053,0.00827062580220993,0.21014385047468098,0.15812345599232672
197,5.08068634875331,0.017503344503008427,0.04164095823024863,0.013695300772484065,0.008270801965611165,0.2105747998163929,0.15789377852016445
198,5.080686348753311,0.01750334243388353,0.04157667188495281,0.013682005681041786,0.008271049482122575,0.21099287829128902,0.1576659020797245
199,5.08068634875331,0.017503340380900893,0.04151288706894626,0.013670368377267494,0.008271367245140356,0.2114088735721233,0.1574398034150888
200,5.08068634875331,0.01750333834385313,0.04144959733902503,0.013657275305060456,0.008271159628603135,0.2118212520334131,0.1572154596869691
201,5.080686348753311,0.01750333632253656,0.041386796366834205,0.013644283344680947,0.00827102469991355,0.21222159997548104,0.1569928484631834
202,5.08068634875331,0.017503334316751107,0.04132447793625589,0.013631391210168655,0.008270961356264702,0.2126251299942841,0.15677194770939742
203,5.080686348753311,0.017503332326300233,0.04126263594086925,0.013618597638256872,0.008270968515642347,0.21301740013938536,0.15655273578012124
204,5.080686348753311,0.017503572814098454,0.0412012643814804,0.013605901387861481,0.008271045116340253,0.21340362193143125,0.15633519140995328
205,5.08068634875331,0.017503570231387412,0.04114040460519616,0.013593301239583902,0.008271190116489061,0.21377433082070957,0.15611929370506364
206,5.08068634875331,0.017503567668129265,0.041079956216525534,0.013580795995227577,0.008271402493598267,0.21414313210666114,0.1559050221349093
207,5.080686348753311,0.017503565124082666,0.04101996088683533,0.013568384477327533,0.008271757203779666,0.2145067903496832,0.1556923565241733
208,5.080686348753311,0.017503562599010425,0.0409604130224451,0.013556065528692615,0.008272176735775075,0.21487620133075938,0.1554812770449211
209,5.080686348753311,0.017503560092679404,0.040901307125521424,0.013544261936748977,0.008272660129567731,0.2152464169990547,0.15527176420896735
210,5.080686348753311,0.01750355760486045,0.04084263779198187,0.013532123672379676,0.008273206442691526,0.21561474812055295,0.1550637988604462
211,5.080686348753311,0.017503555135328298,0.040784399709454695,0.01352056885184295,0.008273814749834959,0.21598356036287436,0.15485736216857884
212,5.080686348753311,0.017503552683861483,0.0407265876552924,0.0135086067267938,0.008274484142455773,0.21635273662044016,0.15465243562063227
213,5.08068634875331,0.01750355025024227,0.040669196494637495,0.013496731690516028,0.008275213728405964,0.21671340642492878,0.15444900101506304
214,5.08068634875331,0.017503547834256564,0.04061222117853901,0.013484942698310845,0.008276002631566814,0.2170728353352768,0.15424704045484064
215,5.080686348753311,0.01750354543569383,0.04055565674211794,0.013473238722875132,0.008276951270809301,0.21743656720499607,0.15404653634094473
216,5.080686348753311,0.017503543054347027,0.04049949830278031,0.013461618753931702,0.008277956794758626,0.21780116148613657,0.15384747136603105
217,5.080686348753311,0.01750354069001253,0.04044374105847644,0.013450081797869103,0.008279018381888062,0.21816523285667105,0.1536498285082608
218,5.080686348753311,0.017503538342490056,0.04038838028600477,0.013438626877390678,0.00828013522519344,0.21852772830135012,0.1534535910252884
219,5.080686348753311,0.017503536011582596,0.04033341133935922,0.013427253031172582,0.008281306531876843,0.21889092337914134,0.1532587424484033
220,5.080686348753311,0.01750353369709634,0.04027882964811851,0.013415959313530538,0.008282531523038573,0.21925404153879935,0.15306526657682046
221,5.080686348753312,0.01750353139884063,0.040224630715876314,0.013404744794094998,0.008283809433377072,0.2196237183144346,0.15287314747211606
222,5.080686348753312,0.017503529116627867,0.04017081011871105,0.01339517773598806,0.008285139510896615,0.2199915949358876,0.15268236945280306
223,5.080686348753311,0.01750352685027347,0.04011736350369405,0.013386024685143284,0.008286521016622523,0.22036214883726105,0.15249291708904317
224,5.080686348753311,0.017503528867680317,0.04006428658743505,0.013376698771946938,0.008287953224323649,0.22073066296115498,0.1523047751974911
225,5.080686348753312,0.01750352662254232,0.040011575154663845,0.013365780064333662,0.008289435420241959,0.22108570976493544,0.15211792883626693
226,5.080686348753312,0.017503524392794664,0.03995922505684709,0.013354936204063944,0.008290966902828946,0.22144562566295725,0.15193236330005305
227,5.0806863487533125,0.017503522178263432,0.03990723221083922,0.013344166345350255,0.008292546982488741,0.221802540842541,0.15174806411531216
228,5.080686348753312,0.01750351997877744,0.03985559259756652,0.013333469655676979,0.00829417498132766,0.222151995277852,0.15156501703562247
229,5.080686348753312,0.017503517794168182,0.039804302260743295,0.013323253472714859,0.008294438509131417,0.2224978138716032,0.15138320803712726
230,5.080686348753312,0.017503515624269765,0.039753357305619366,0.013312699744223598,0.008294758140806355,0.22284352060512577,0.15120262331409473
231,5.0806863487533125,0.017503513468918874,0.039702753897757834,0.013302216770472735,0.008294471245893473,0.22318011513462507,0.15102324927458594
232,5.080686348753312,0.017503511327954697,0.03965248826184243,0.013291803769369852,0.008294243385682847,0.22351744744410246,0.15084507253622678
233,5.080686348753312,0.01750350920121891,0.039602556680513434,0.01328199782379182,0.008294073786308967,0.22385064313735542,0.150668079922082
234,5.080686348753312,0.017503507088555595,0.03955295549323144,0.013272119222410375,0.00829396168653854,0.22418336094144037,0.1504922584566275
235,5.080686348753312,0.017503504989811215,0.039503681095168275,0.01326190947994044,0.008293906337515292,0.22449694942621892,0.15031759536181893
236,5.080686348753312,0.01750350290483455,0.039454729936124075,0.013251766713167204,0.008293907002510932,0.2248133817752786,0.15014407805325297
237,5.080686348753312,0.017503500833476675,0.03940609851947006,0.013241690197583,0.008293962956682156,0.2251301360996074,0.14997169413642
238,5.080686348753312,0.017503498775590893,0.039357783401116085,0.013231679219566259,0.008294073486833458,0.225447808132515,0.14980043140304414
239,5.0806863487533125,0.017503496731032703,0.03930978118850244,0.0132217330761726,0.008294237891185639,0.22575357559071732,0.14963027782750962
240,5.080686348753312,0.017503494699659762,0.03926208853961505,0.013211851074930796,0.0082944554791498,0.2260396789926543,0.14946122156336994
241,5.080686348753312,0.017503492681331834,0.039214702162023655,0.013202032533643469,0.008294725571106732,0.22633444845877854,0.14929325093993842
242,5.0806863487533125,0.017503490675910758,0.03916761881194215,0.013192276780192401,0.008295047498191486,0.22663444486588966,0.14912635445895758
243,5.0806863487533125,0.0175034886832604,0.039120835293310584,0.013182583152348314,0.008295420602083036,0.2269328715570501,0.14896052079134486
244,5.080686348753312,0.01750348670324663,0.03907434845689824,0.013173543200893567,0.008295844234798866,0.2272259765019855,0.14879573877401345
245,5.080686348753312,0.017503484735737266,0.03902815519942715,0.013163970609845097,0.008296317758494341,0.22752532259874034,0.1486319974067653
246,5.080686348753312,0.017503482780602053,0.03898225246271555,0.013154458223176532,0.008296840545266757,0.2278244698474059,0.14846928584925517
247,5.0806863487533125,0.01750348083771262,0.03893663723284077,0.013145005416315131,0.008297411976963919,0.22812732446652867,0.148307593418023
248,5.080686348753312,0.01750347890694244,0.03889130653932096,0.01313561644000055,0.008298031444997146,0.22842048590264863,0.1481469095835936
249,5.0806863487533125,0.017503476988166813,0.03884625745431527,0.013126280944643312,0.008298698350158555,0.22870998711424628,0.14798722396764147
250,5.0806863487533125,0.017503475081262813,0.03880148709184182,0.013117887280668131,0.008299412102442543,0.22899868525539488,0.14782852634021856
251,5.0806863487533125,0.017503473186109272,0.0387569926070132,0.013108664870516894,0.008300172120871334,0.229287402645517,0.1476708066170447
252,5.080686348753312,0.017503471302586733,0.03871277119528887,0.013099499060462918,0.008300977833324475,0.22956419528188746,0.1475140548568573
253,5.080686348753312,0.017503469430577425,0.03866882009174414,0.013090389277417892,0.008301828676372209,0.22982957852626085,0.14735826125882018
254,5.080686348753312,0.017503467569965247,0.03862513657035521,0.01308133495635651,0.008302724095112589,0.23009567505069722,0.1472034161599892
255,5.0806863487533125,0.017503465720635714,0.03858171794329989,0.013073538621885148,0.008303663543012253,0.23036249304240683,0.14704951003283367
256,5.0806863487533125,0.017503463882475936,0.03853856156027364,0.013064591101630756,0.008304646481750754,0.23063202059985533,0.14689653348281176
257,5.0806863487533125,0.01750346205537461,0.038495664807820414,0.013055697410025753,0.008305672381068361,0.23089963175508746,0.14674447724599862
258,5.080686348753312,0.017503460239221953,0.03845302510867812,0.013046857012731918,0.008306740718617242,0.2311658454424409,0.14659333218676618
259,5.080686348753312,0.017503458433909706,0.038410639921138086,0.013038069382782253,0.008307732832459412,0.23142647389863685,0.1464430892955127
260,5.080686348753312,0.0175034566393311,0.03836850673841843,0.01302933400045105,0.00830876706544934,0.23168678382384986,0.14629373968644152
261,5.0806863487533125,0.017503454855380827,0.03832662308805073,0.01302065035312674,0.008309842911222505,0.23195069682150002,0.14614527459538706
262,5.080686348753312,0.01750345308195501,0.038284986531279916,0.013012017935187461,0.008310959870857022,0.23221037892325472,0.1459976853776874
263,5.080686348753312,0.017503451318951188,0.03824359466247676,0.01300343624787928,0.008312117452738825,0.23246289282870441,0.14585096350610202
264,5.080686348753312,0.017503449566268287,0.03820244510856299,0.012994904799196965,0.008313315172429744,0.23271381321950202,0.1457051005687738
265,5.080686348753312,0.017503447823806584,0.038161535528448365,0.012986423103767308,0.008314552552538454,0.2329676200967494,0.14556008826723377
266,5.080686348753312,0.017503446091467714,0.03812096556926605,0.012977990682734876,0.008315829122594192,0.2332229361158823,0.14541591841444795
267,5.080686348753312,0.01750344436915461,0.038080528839022104,0.012969607063650159,0.008317144418923181,0.23347851960500188,0.14527258293290513
268,5.080686348753312,0.017503442656771513,0.03804032524693348,0.012961271780360065,0.008318497984527709,0.23373147440516365,0.1451300738527443
269,5.080686348753311,0.017503440954223924,0.03800035257445507,0.012952984372900671,0.008319889368967761,0.2339816903169958,0.1449883833099214
270,5.080686348753311,0.017503439261418605,0.03796060863238748,0.01294474438739221,0.008321318128245188,0.23423206488235115,0.1448475035444136
271,5.080686348753312,0.017503437578263534,0.03792109126038094,0.012936551375936209,0.008322783824690297,0.23448306954978768,0.14470742689846094
272,5.080686348753312,0.017503435904667908,0.0378817983264494,0.012928404896514758,0.008324286026850853,0.23473119783658894,0.1445681458148438
273,5.080686348753312,0.017503434240542105,0.037842727726494566,0.012920304512891834,0.008325824309383407,0.23498278344787962,0.1444296528351961
274,5.080686348753312,0.017503432585797674,0.03780387738383971,0.01291224979451663,0.008327398252946875,0.2352372967704462,0.1442919405983524
275,5.080686348753312,0.01750343094034731,0.03776524524877286,0.012904240316428863,0.00832900744409837,0.23549334401112607,0.1441550018387289
276,5.080686348753312,0.017503429304104846,0.037726829298099326,0.012896275659165993,0.00833065147519117,0.23574805136460586,0.14401882938473726
277,5.080686348753312,0.017503427676985216,0.037688627534703194,0.012888355408672308,0.008332329944274805,0.23599853811927995,0.14388341615723008
278,5.080686348753312,0.01750342605890445,0.037650637987117666,0.012880479156209846,0.008334042454997206,0.23624695848204477,0.14374875516797803
279,5.080686348753312,0.017503424449779648,0.037612858709104004,0.0128726464982711,0.008335788616508872,0.23649655941113423,0.1436148395181774
280,5.0806863487533125,0.017503422849528976,0.03757528777923887,0.012865056821119979,0.008337568043368979,0.23674822653651564,0.14348166239698726
281,5.0806863487533125,0.017503421258071635,0.03753792330050988,0.012857309790868696,0.008339152612642077,0.23699414249155573,0.14334921708009574
282,5.0806863487533125,0.01750341967532785,0.037500763399919194,0.012849961767349486,0.00834077093918036,0.23723688110675692,0.14321749692831492
283,5.080686348753313,0.017503418101218846,0.03746380622809485,0.012842298528798425,0.00834202166626016,0.23748062862231162,0.1430864953862034
284,5.0806863487533125,0.01750341653566684,0.037427049958909886,0.01283467694832819,0.008343307573477335,0.23772557160788324,0.14295620598071582
285,5.0806863487533125,0.01750341497859504,0.037390492789108776,0.012827096652025508,0.008344628270535778,0.23797283928852986,0.1428266223198789
286,5.080686348753313,0.01750341342992759,0.037354132937941285,0.012819557270643673,0.008345983372404813,0.23821893474507155,0.1426977380914935
287,5.0806863487533125,0.01750341188958958,0.037317968646803375,0.0128120584395281,0.00834737249923174,0.23845896995755783,0.14256954706186187
288,5.0806863487533125,0.017503410357507045,0.03728199817888515,0.012805321441333133,0.008348795276256094,0.2386967326066126,0.14244204307453956
289,5.0806863487533125,0.01750340883360692,0.037246219818825525,0.012797901331419493,0.008350251333725614,0.23893586253857904,0.14231522004911137
290,5.0806863487533125,0.017503407317817042,0.0372106318723736,0.01279052071157459,0.008351740306813876,0.23917477862376657,0.14218907197999117
291,5.0806863487533125,0.017503405810066132,0.037175232666056525,0.012783179234735221,0.008353261835539548,0.23940988505241081,0.14206359293524443
292,5.080686348753313,0.017503404310283785,0.03714002054685374,0.012775876558079793,0.008354815564687215,0.23964468903624656,0.14193877705543348
293,5.0806863487533125,0.01750340281840045,0.03710499388187736,0.012768612342962051,0.008356401143729765,0.2398792486561422,0.14181461855248473
294,5.0806863487533125,0.017503401334347423,0.03707015105805871,0.012761386254846076,0.00835801822675229,0.24011628374814273,0.1416911117085775
295,5.0806863487533125,0.01750339985805683,0.03703549048184078,0.012754197963242477,0.00835966647237745,0.24034931188720252,0.14156825087505367
296,5.0806863487533125,0.017503398389461612,0.037001010578876434,0.012747047141645823,0.008361345543692297,0.24057677135964292,0.14144603047134816
297,5.0806863487533125,0.01750339692849552,0.036966709793732344,0.012739933467473244,0.008363055108176505,0.24080056364823432,0.1413244449839394
298,5.0806863487533125,0.017503395475093105,0.03693258658959844,0.012732856622004162,0.008364794837631976,0.24102994184195686,0.14120348896531942
299,5.0806863487533125,0.01750339402918968,0.03689863944800287,0.012725816290321176,0.008366564408113805,0.24125620879521353,0.1410831570329834
300,5.080686348753313,0.017503392590721343,0.03686486686853212,0.01271908309547287,0.008368363499862554,0.24147974641716785,0.14096344386843768
301,5.080686348753313,0.017503391159624942,0.03683126736855647,0.012712114392109931,0.008370191797237829,0.2417012939276493,0.14084434421622655
302,5.080686348753313,0.01750338973583808,0.03679783948296046,0.012705181282422652,0.008372048988653097,0.2419196058356786,0.14072585288297687
303,5.0806863487533125,0.01750338831929908,0.036764581763878326,0.012698283466116476,0.008373934766511762,0.24213577745901857,0.14060796473646017
304,5.080686348753313,0.017503386909947002,0.03673149278043429,0.012691420646420653,0.008375848827144424,0.24235238563436273,0.1404906747046722
305,5.080686348753313,0.017503385507721615,0.03669857111848766,0.012684592530035371,0.008377790870747337,0.24256859531564168,0.14037397777492927
306,5.080686348753313,0.017503384112563386,0.03666581538038251,0.01267779882707984,0.008379849125220572,0.2427885813832388,0.14025786899298104
307,5.080686348753313,0.01750338272441348,0.03663322418470194,0.012671039251041325,0.008381934329729513,0.24300919544800553,0.14014234346213938
308,5.080686348753313,0.01750350006363661,0.03660079616602684,0.012664313518725117,0.00838404619939957,0.24322892007625144,0.14002739634242334
309,5.080686348753313,0.017503498489068785,0.03656852997469893,0.01265835907356397,0.008386184452944279,0.24344767564541234,0.13991302284971907
310,5.080686348753314,0.01750349692233292,0.03653642427658814,0.012651698951821682,0.008388348812609912,0.24366422987459369,0.1397992182549554
311,5.080686348753314,0.017503495363364648,0.03650447775286409,0.012645556060664042,0.008390539004121093,0.2438740090148136,0.13968597788329376
312,5.080686348753314,0.017503493812100354,0.036472689099771784,0.012639989915578992,0.008392754756627424,0.2440804570599864,0.13957329711333297
313,5.080686348753314,0.017503492268477142,0.036441057028411154,0.012633425526763978,0.008394995802651085,0.24428213520939832,0.13946117137632796
314,5.080686348753314,0.01750349073243283,0.03640958026452065,0.012626893367852856,0.008397261878035389,0.24448484282624477,0.13934959615542267
315,5.080686348753314,0.01750348920390593,0.03637825754826458,0.012620829444274445,0.008399552721894276,0.24468536547006953,0.13923856698489603
316,5.080686348753313,0.017503487682835668,0.03634708763402425,0.012614360244514688,0.008401868076562744,0.24488802577788063,0.13912807944942188
317,5.080686348753313,0.017503486169161937,0.0363160692901928,0.012607922502629505,0.008404207687548132,0.2450900404821207,0.1390181291833415
318,5.080686348753313,0.017503484662825308,0.03628520129897359,0.012602331544347712,0.008406571303482336,0.24529096338637943,0.13890871186994913
319,5.080686348753313,0.017503483163767018,0.036254482456182166,0.012595954631052411,0.00840895867607485,0.24549117146418784,0.13879982324078977
320,5.080686348753313,0.017503481671928958,0.036223911571051606,0.012589608432233603,0.008411369560066656,0.24569510937823968,0.13869145907496963
321,5.080686348753313,0.01750348018725367,0.036193487466041396,0.012583402906437552,0.008413803713184958,0.2458981045399274,0.13858361519847806
322,5.080686348753313,0.01750347870968432,0.0361632089766494,0.012577117227705764,0.00841626089609869,0.24610086609324783,0.13847628748352167
323,5.080686348753313,0.01750347723916472,0.036133074951227334,0.012570861539046845,0.00841874087237485,0.24630279451508805,0.13836947184786966
324,5.080686348753313,0.017503475775639273,0.03610308425079919,0.012564635604014478,0.00842124340843558,0.24650569898718408,0.13826316425421054
325,5.080686348753313,0.017503474319053015,0.036073235748882944,0.012559182466900375,0.008423768273516033,0.2467077656197644,0.1381573607095202
326,5.080686348753313,0.017503472869351576,0.03604352833131522,0.01255301415302651,0.008426315239622948,0.24690860332590608,0.13805205726444003
327,5.080686348753313,0.017503471426481183,0.03601396089607901,0.012546874904451086,0.008428884081493991,0.247101283809675,0.13794725001266664
328,5.080686348753313,0.017503469990388633,0.03598453235313424,0.012540764494843114,0.00843147457655777,0.24729523554203126,0.13784293509035106
329,5.080686348753313,0.017503468561021314,0.03595524162425132,0.012535086181913308,0.008434086504894585,0.24748875641044354,0.1377391086755088
330,5.080686348753314,0.01750346713832718,0.035926087642847465,0.012529032144587188,0.008436738052035084,0.24768205062052434,0.13763576698743946
331,5.080686348753314,0.01750346572225474,0.0358970693538257,0.01252300628477599,0.008439410514757642,0.24787378845666158,0.13753290628615644
332,5.080686348753314,0.01750346431275306,0.0358681857134167,0.012517008385733384,0.008442103681527636,0.24806128847094475,0.13743052287182597
333,5.080686348753313,0.017503462909771745,0.03583943568902319,0.012511038233033,0.008444817343304708,0.24824826000536762,0.13732861308421576
334,5.080686348753314,0.017503461513260953,0.03581081825906699,0.012505478640452797,0.008447551293506883,0.24843474112959976,0.13722717330215264
335,5.080686348753314,0.017503460123171354,0.03578233241283859,0.01249956275130698,0.008450305327975291,0.24861862556830738,0.13712619994298955
336,5.080686348753314,0.01750345873945415,0.035753977150349205,0.012493673981556461,0.008453079244939507,0.24879539630828046,0.13702568946208096
337,5.080686348753314,0.017503457362061058,0.03572575148218533,0.012487812125721628,0.008455872844983477,0.24897064994201845,0.1369256383522674
338,5.080686348753314,0.017503455990944307,0.035697654429365656,0.012482386989261945,0.008458685931012016,0.24914834416937526,0.1368260431433683
339,5.080686348753313,0.017503454626056625,0.035669685023200344,0.012476577724234229,0.00846151830821789,0.24932780957244016,0.136726900401683
340,5.080686348753314,0.017503453267351234,0.035641842305152646,0.012471316677561803,0.008464369784049441,0.24950893991624687,0.13662820672950052
341,5.080686348753314,0.01750345191478185,0.03561412532670273,0.012466350289259073,0.008467252877468613,0.24969172454367156,0.1365299587646165
342,5.080686348753314,0.017503450568302666,0.03558653314921377,0.012460617378894647,0.008470154633824131,0.2498761685387254,0.13643215317985888
343,5.080686348753314,0.017503449227868353,0.03555906484380022,0.012454910205806854,0.008473074867568197,0.2500573605936213,0.1363347866826207
344,5.080686348753314,0.017503447893434054,0.03553171949119818,0.01244922857899745,0.008476013395280053,0.25023802033579245,0.13623785601440086
345,5.080686348753314,0.017503446564955366,0.03550449618163792,0.012443572309440817,0.008478970035636305,0.25042142803091555,0.1361413579503519
346,5.080686348753314,0.01750344524238836,0.0354773940147184,0.012437941210057903,0.00848194460938173,0.2506029732987073,0.13604528929883558
347,5.080686348753314,0.01750344392568954,0.035450412099283846,0.01243233509569057,0.008484936939300566,0.25078590607429657,0.13594964690098515
348,5.080686348753314,0.017503442614815866,0.035423549553302285,0.012426753783076361,0.008487946850188284,0.2509704527786969,0.13585442763027494
349,5.080686348753314,0.01750344130972474,0.03539680550374607,0.012421197090823677,0.008491035472279942,0.25115268661299867,0.13575962839209665
350,5.080686348753315,0.01750344001037399,0.035370179086474184,0.012415664839387322,0.008494141061214515,0.25133613112965475,0.13566524612334246
351,5.080686348753315,0.01750343871672187,0.03534366944611661,0.012410156851044466,0.008497263449617102,0.25151927253324147,0.13557129232686138
352,5.080686348753315,0.01750343742872706,0.03531727573596034,0.012404672949870988,0.008500402471995837,0.2516935806734346,0.1354777349101228
353,5.080686348753314,0.017503436146348663,0.03529099711783731,0.01239981886761833,0.00850355796471615,0.25186531228163855,0.1353845854585112
354,5.080686348753314,0.01750343486954619,0.03526483276201404,0.01239479503415891,0.008506729765975463,0.2520345236982827,0.135291841030882
355,5.080686348753314,0.017503433598279553,0.03523878184708304,0.012389380865603546,0.008509917715778277,0.2521997836575373,0.13519949871560344
356,5.080686348753314,0.01750343233250907,0.03521284355985593,0.012383990104493734,0.00851312165591168,0.25236546951034594,0.13510755563017804
357,5.080686348753314,0.01750343107219545,0.03518701709525817,0.012378622583510617,0.008516341429921238,0.25253177797224047,0.1350160089208692
358,5.080686348753313,0.017503429817299805,0.03516130165622548,0.012373278137000121,0.008519576883087285,0.25270009756708456,0.13492485576233434
359,5.080686348753313,0.01750342856778362,0.035135696453601865,0.012367956600951743,0.008522157791309404,0.2528711558504533,0.1348340933572632
360,5.080686348753314,0.017503427323608767,0.03511020070603921,0.012362657812977695,0.008524756938726024,0.2530403437644401,0.13474371893602197
361,5.080686348753314,0.01750342608473749,0.03508481363989841,0.012357381612292362,0.008527374155437634,0.2532063409310526,0.13465372975630296
362,5.080686348753313,0.01750342485113241,0.035059534489152076,0.012352127839692063,0.008530009273387552,0.2533724602908229,0.13456412310277946
363,5.080686348753313,0.017503423622756514,0.03503436249528869,0.01234711808117779,0.008532662126337548,0.2535364171039932,0.1344748962867663
364,5.080686348753314,0.01750342239957315,0.03500929690721822,0.012341908376876895,0.008535332549843825,0.2537016366537742,0.1343860466458851
365,5.080686348753314,0.017503421181546016,0.03498433698117921,0.012336796836601471,0.008538020381233408,0.25386562572324733,0.134297571543735
366,5.080686348753313,0.017503419968639175,0.0349594819806473,0.012331630793266995,0.008540786697971352,0.2540293964435656,0.13420946836956835
367,5.080686348753314,0.017503418760817034,0.03493473117624507,0.0123264864068108,0.00854356984574534,0.25419322156636937,0.13412173453797116
368,5.080686348753314,0.01750341755804434,0.034910083845653306,0.012321363527100832,0.008546369668836425,0.25435468890406293,0.1340343674885486
369,5.080686348753314,0.017503416360286194,0.03488553927352362,0.012316262005453897,0.008549186013188466,0.2545172285192756,0.1339473646856152
370,5.080686348753314,0.017503415167508012,0.03486109675139231,0.01231118169461777,0.008552018726386465,0.25467673508675065,0.13386072361788953
371,5.080686348753314,0.017503413979675562,0.0348367555775956,0.012306122448753568,0.0085548676576353,0.25483700367196577,0.13377444179819376
372,5.080686348753313,0.017503412796754925,0.0348125150571861,0.012301084123418392,0.008557732657738763,0.2549928225145189,0.13368851676315757
373,5.080686348753314,0.017503411618712515,0.03478837450185053,0.012296580001983326,0.008560613579078922,0.25514498996948054,0.13360294607292653
374,5.080686348753314,0.017503410445515063,0.034764333229828685,0.012292344499422219,0.0085635102755958,0.2552966585235977,0.13351772731087463
375,5.080686348753314,0.017503409277129615,0.03474039056583356,0.01228736631755923,0.008566422602767366,0.25545231903844706,0.1334328580833215
376,5.080686348753314,0.01750340811352353,0.03471654584097272,0.012282408499295799,0.00856935041758985,0.2556085358056218,0.13334833601925344
377,5.080686348753314,0.01750340695466447,0.03469279839267081,0.012277470906868615,0.008572293578558324,0.255757018047462,0.13326415877004877
378,5.080686348753314,0.0175034281694065,0.034669147564593154,0.012272553403811944,0.008575251945647618,0.2559032905191692,0.13318032400920712
379,5.080686348753314,0.017503426989306334,0.03464559270657057,0.012267655854941975,0.008578225380293484,0.2560456004747072,0.1330968294320829
380,5.080686348753314,0.01750342581398201,0.034622133174525234,0.012262778126341429,0.008579977935721381,0.2561829220606741,0.13301367275562237
381,5.080686348753315,0.017503424643401554,0.03459876833039763,0.012258106438439163,0.008581750273890465,0.2563223347365887,0.13293085171810487
382,5.080686348753315,0.017503423477533305,0.034575497542074576,0.012253267700404212,0.008583542227210555,0.2564609381177714,0.1328483640788876
383,5.080686348753315,0.01750342231634588,0.0345523201833183,0.012248448389351798,0.00858535362978946,0.25660156503260345,0.13276620761815427
384,5.080686348753315,0.017503421159808203,0.034529235633696566,0.012243648376274298,0.008587184317411855,0.2567435775605098,0.1326843801366673
385,5.080686348753315,0.017503420007889472,0.03450624327851373,0.01223886753335691,0.008589034127518477,0.2568883221477851,0.13260287945552374
386,5.080686348753315,0.017503418860559183,0.03448334250874292,0.012234105733963552,0.008590902899185637,0.2570353511553003,0.1325217034159144
387,5.080686348753316,0.017503417717787094,0.03446053272095908,0.012229362852622936,0.008592740683160563,0.2571822635895879,0.13244084987888693
388,5.080686348753315,0.017503416579543254,0.03443781331727301,0.012224638765014856,0.008594597308968202,0.25732601094250634,0.13236031672511184
389,5.080686348753315,0.017503415445797983,0.03441518370526641,0.012219933347956681,0.008596472619178444,0.25746720591787925,0.13228010185465222
390,5.080686348753315,0.017503414316521873,0.034392643297927766,0.01221524647939002,0.008598366457929541,0.25760997262973895,0.13220020318673653
391,5.080686348753316,0.017503413191685784,0.03437019151358919,0.012210959719808862,0.008600278670908946,0.2577496159731568,0.13212061865953473
392,5.080686348753316,0.017503412071260837,0.03434782777586419,0.012206585397381354,0.008602209105334418,0.2578903336102837,0.13204134622993755
393,5.080686348753315,0.017503410955218415,0.03432555151358622,0.012201952585065484,0.008604157609935414,0.2580329287665343,0.131962383873339
394,5.080686348753315,0.017503409843530163,0.034303362160748245,0.01219733784737627,0.00860612403493475,0.25817719724423094,0.1318837295834218
395,5.080686348753315,0.017503408736167982,0.03428125915644304,0.01219274106766138,0.008608108232030514,0.2583202729778128,0.13180538137194586
396,5.080686348753316,0.01750340763310402,0.03425924194480436,0.012188162130316867,0.008610110054378268,0.25846395190970217,0.13172733726853997
397,5.080686348753316,0.017503406534310675,0.034237309974949004,0.0121836009207751,0.008612129356573475,0.2586013569692664,0.131649595320496
398,5.080686348753315,0.017503405439760596,0.03421546270091956,0.012179057325492874,0.008614165994634201,0.25873925761546307,0.13157215359256638
399,5.080686348753315,0.017503463544741693,0.034193699581628094,0.012174749256353574,0.008616219825984069,0.25887570034214696,0.13149501016676424
400,5.080686348753315,0.01750346238184889,0.034172020080800496,0.012170652782509927,0.008618302022167592,0.2590101662080488,0.13141816314216623
401,5.080686348753315,0.01750346122341289,0.03415042366692171,0.01216616054375181,0.00862040108728095,0.2591447943993609,0.1313416106347183
402,5.080686348753315,0.01750346006940543,0.034128909813181625,0.012161685478208515,0.008622516883139392,0.25928136313580696,0.131265350777044
403,5.080686348753315,0.017503458919798508,0.034107477997421795,0.012157227477266618,0.008624649272895477,0.25941740595925755,0.1311893817182555
404,5.080686348753316,0.017503457774564354,0.034086127702082816,0.012153073791681988,0.008626798121023219,0.2595538951734038,0.1311137016237673
405,5.080686348753316,0.017503456633675453,0.03406485841415253,0.012149037271082715,0.008628963293302469,0.25968961025286624,0.13103830867511226
406,5.080686348753316,0.01750345549710453,0.034043669625114834,0.01214462895974995,0.00863112044373438,0.2598231780994748,0.1309632010697605
407,5.080686348753316,0.017503454364824547,0.034022560830899246,0.012140237291278668,0.008633293745146124,0.2599560063916444,0.1308883770209404
408,5.080686348753315,0.017503453236808696,0.03400153153183117,0.012136092479012747,0.00863548306657253,0.2600897678857961,0.1308138347574623
409,5.080686348753315,0.017503452113030418,0.03398058123258282,0.012131733493375067,0.008637688278298914,0.2602241739953321,0.13073957252354476
410,5.080686348753316,0.017503483880337588,0.03395970944212475,0.01212739084252503,0.008640049537776568,0.26035755468057353,0.13066558857864258
411,5.080686348753315,0.017503482723478632,0.03393891567367819,0.012123524890609994,0.008642425907407365,0.26049005262169256,0.13059188119727777
412,5.080686348753315,0.017503481570933576,0.03391819944466789,0.012119214027062323,0.008644817264384787,0.26062315121870433,0.13051844866887255
413,5.080686348753315,0.0175034804226758,0.033897560276675634,0.012114919199229142,0.008647223487067647,0.26075926689986745,0.1304452892975846
414,5.080686348753315,0.017503479278678916,0.03387699769539445,0.012110640308411368,0.008649644454966575,0.26089431201472446,0.13037240140214454
415,5.080686348753315,0.017503478138916766,0.033856511230583315,0.012106377256756022,0.008652080048730703,0.26102564711562476,0.13029978331569564
416,5.080686348753315,0.017503477003363407,0.033836100416022585,0.012102129947246926,0.008654530150134527,0.26115809332351597,0.13022743338563555
417,5.080686348753314,0.017503475871993125,0.033815764789469925,0.01209789828369555,0.008656994642064961,0.2612899918498974,0.13015534997346034
418,5.080686348753315,0.017503474744780423,0.033795503892616915,0.012093682170731975,0.008659473408508561,0.2614229237633927,0.13008353145461052
419,5.080686348753315,0.017503473621700016,0.03377531727104612,0.012089788194102986,0.008661966334538918,0.26155704766441146,0.13001197621831898
420,5.080686348753315,0.01750347250272684,0.03375520447418887,0.012085602521084496,0.008664473306304238,0.2616891700169745,0.12994068266746114
421,5.080686348753315,0.017503471387836037,0.03373516505528348,0.012081432118747425,0.008666994211015081,0.26182381020529377,0.12986964921840716
422,5.080686348753314,0.017503470277002962,0.03371520878007133,0.012077276894899921,0.008669528936932272,0.2619571972232376,0.12979887430087567
423,5.080686348753314,0.017503469170203175,0.0336953147793036,0.012073136758125389,0.008672077373354972,0.26208746592650795,0.1297283563577899
424,5.080686348753314,0.017503468067412445,0.033675492838680786,0.012069186469853816,0.008674639410608915,0.2622176892649445,0.12965809384513555
425,5.080686348753314,0.01750346696860674,0.033655742526262473,0.012065076022902918,0.008677214940034803,0.26234896426673954,0.12958808523182036
426,5.080686348753314,0.017503465873762225,0.03363606341371464,0.012060980394112073,0.008679803853976846,0.26247960446800456,0.12951832899953564
427,5.080686348753314,0.01750346478285528,0.03361645507627115,0.012056899495078698,0.00868240604577149,0.2626062960156202,0.12944882364261975
428,5.080686348753314,0.01750346369586246,0.03359691709269569,0.012052833238134834,0.008685021409736248,0.2627332757974217,0.12937956766792313
429,5.080686348753314,0.01750346261276052,0.03357744904524418,0.012048910440798208,0.00868764984115872,0.26286161226573324,0.1293105595946751
430,5.080686348753314,0.017503461533526422,0.03355805051962775,0.012044873052663102,0.008690291236285745,0.2629910022117645,0.1292417979543526
431,5.080686348753314,0.0175034604581373,0.033538721104976126,0.012040850048496901,0.008692945492312696,0.2631205715982737,0.12917328129055033
432,5.080686348753315,0.017503459386570486,0.03351946039380149,0.012036841343489736,0.00869561250737292,0.2632494432783661,0.12910500815885292
433,5.080686348753314,0.017503458318803497,0.03350026798196287,0.01203284685352831,0.008698292180527315,0.26337636757458954,0.12903697712670834
434,5.080686348753314,0.01750345725481403,0.03348114346863091,0.012028866495188563,0.008700984411754058,0.263503734608449,0.12896918677330324
435,5.080686348753313,0.01750345619457997,0.03346208645625312,0.01202490018572845,0.008703689101938451,0.26363209929322096,0.12890163568943974
436,5.080686348753313,0.01750345513807938,0.0334430965505196,0.012020947843080804,0.00870640615286291,0.26375667255859025,0.12883432247741394
437,5.080686348753313,0.017503454085290495,0.03342417336032915,0.01201700938584627,0.008709135467197088,0.26388196286955823,0.1287672457508957
438,5.080686348753313,0.01750345303619174,0.03340531649775586,0.012013084733286375,0.008711876948488123,0.2640074006418543,0.1287004041348103
439,5.080686348753314,0.017503451990761705,0.03338652557801606,0.012009173805316624,0.008714630501151012,0.26413291416282775,0.1286337962652213
440,5.080686348753314,0.017503450948979156,0.03336780021943577,0.012005276522499744,0.008717396030459125,0.2642596618887984,0.12856742078921515
441,5.080686348753314,0.017503449910823025,0.0333491400434185,0.012001392806038978,0.00872017344253482,0.26438470886242216,0.12850127636478695
442,5.080686348753314,0.017503448876272427,0.033330544674413466,0.011997522577771461,0.008722962644340195,0.2645055888452435,0.12843536166072791
443,5.080686348753314,0.01750344784530663,0.033312013739884246,0.011993831635382857,0.008725763543667962,0.26462567413973254,0.12836967535651417
444,5.080686348753313,0.017503446817905072,0.03329354687027775,0.0119899879581273,0.008728576049132436,0.2647458277321091,0.12830421614219695
445,5.080686348753313,0.017503445794047365,0.033275143698993696,0.011986157538981988,0.008731400070160633,0.2648643802641113,0.128238982718294
446,5.080686348753314,0.01750344477371327,0.0332568038623543,0.011982340302251367,0.008734235516983489,0.2649879088361856,0.12817397379568274
447,5.080686348753313,0.017503443756882717,0.033238526999574546,0.011978536172841971,0.008737082300627199,0.26510649672906605,0.12810918809549415
448,5.0806863487533125,0.01750344274353579,0.03322031275273263,0.011974745076256291,0.008739940332904653,0.26522693310438317,0.1280446243490088
449,5.0806863487533125,0.017503441733652737,0.033202160766740936,0.011970966938586711,0.008742809526406997,0.2653497288126489,0.1279802812975532
450,5.0806863487533125,0.01750344072721396,0.03318407068931725,0.011967201686509539,0.008745689794495288,0.2654731636799959,0.12791615769239836
451,5.0806863487533125,0.017503439724200015,0.03316604217095639,0.011963449247279087,0.008748581051292267,0.265595179441828,0.12785225229465888
452,5.0806863487533125,0.017503438724591605,0.03314807486490217,0.011960126675758454,0.008751483211674224,0.2657146995196407,0.12778856387519372
453,5.080686348753312,0.01750343772836959,0.033130168427119716,0.011956399169778335,0.008754396191262982,0.2658334022561811,0.12772509121450798
454,5.080686348753312,0.017503436735514986,0.03311232251626811,0.011952684263428551,0.008757319906417975,0.26595146963407623,0.1276618331026561
455,5.080686348753312,0.017503435746008947,0.03309453679367339,0.011948981886208805,0.008758558835042899,0.26606757039326234,0.1275987883391459
456,5.080686348753312,0.017503434759832775,0.03307681092330183,0.011945291968168402,0.008759814039598808,0.2661804922379119,0.12753595573284407
457,5.080686348753312,0.017503433776967923,0.03305914457173362,0.011941862867805946,0.008761085406827893,0.2662931243829491,0.12747333410188283
458,5.080686348753312,0.017503432797395982,0.03304154112758038,0.011938197379812054,0.008762372824425943,0.2664066913042692,0.12741092227356748
459,5.080686348753312,0.017503431821098692,0.033023992819492864,0.011934544145326699,0.008763676181032458,0.2665209600286066,0.12734871908428524
460,5.080686348753312,0.017503430848057937,0.03300650304538782,0.011931202864934176,0.008764995366220881,0.26663521212008695,0.12728672337941538
461,5.080686348753312,0.017503429878255723,0.03298907148204369,0.011927812162784527,0.008766330270488962,0.2667506651201672,0.1272249340132399
462,5.080686348753312,0.01750342891167421,0.03297169780872575,0.011924194681656139,0.008767680785249228,0.2668676500737494,0.12716334984885586
463,5.080686348753312,0.017503427948295694,0.03295438170716158,0.011920589187902496,0.00876625450533739,0.26698172182157187,0.12710196975808843
464,5.080686348753311,0.017503426988102606,0.032937122861516864,0.011916995615761764,0.008764784641317457,0.2670956563835338,0.1270407926214051
465,5.080686348753311,0.017503426031077497,0.03291992095837147,0.011913918496990783,0.00876333947470712,0.2672082731904446,0.1269798173278309
466,5.08068634875331,0.017503425077203073,0.03290279661590907,0.011910348012739623,0.008761918849100924,0.2673203999121953,0.12691904277486454
467,5.080686348753311,0.017503424126462164,0.032885707643861874,0.011906789257652078,0.008760522609353378,0.26743143356623267,0.12685846786839572
468,5.08068634875331,0.017503423178837723,0.03286867468837977,0.011903242167937702,0.008759150601566304,0.26754319242311553,0.12679809152262336
469,5.08068634875331,0.017503422234312834,0.03285169744546541,0.011899706680289463,0.008757802673076328,0.26765383965088185,0.12673791265997467
470,5.08068634875331,0.017503421292870715,0.032834775613420256,0.011896182731879052,0.008756437443323783,0.26776450236974764,0.1266779302110254
471,5.080686348753311,0.01750342035449471,0.03281790889282228,0.011892670260352243,0.008755096125472784,0.2678689242628912,0.1266181431144209
472,5.08068634875331,0.017503419419168286,0.03280109698650401,0.011889169203824313,0.008753778569766831,0.2679729466737321,0.12655855031679805
473,5.080686348753311,0.01750341848687503,0.03278433959953075,0.011885744495069503,0.008752484627641152,0.2680753745333531,0.12649915077270826
474,5.08068634875331,0.01750341755759866,0.0327676364391791,0.011882266013840851,0.008751214151710878,0.26817697165924115,0.12643994344454126
475,5.080686348753311,0.017503416631323016,0.03275098721491574,0.011878798764957862,0.0087494834015288,0.2682754354378706,0.12638092730245
476,5.080686348753311,0.017503415708032044,0.03273439163837643,0.011875342688367848,0.008747777384520086,0.2683752662231294,0.126322101324276
477,5.08068634875331,0.01750341478770983,0.03271784942334525,0.011871897724465518,0.008746095948456609,0.26847562854199697,0.1262634644954759
478,5.08068634875331,0.017503413870340566,0.03270136028573414,0.011868463814088721,0.008744438942306063,0.26857372634473703,0.12620501580904905
479,5.08068634875331,0.01750341295590856,0.03268492394356262,0.011865040898514204,0.008742806216220226,0.2686671992466388,0.12614675426546532
480,5.08068634875331,0.01750341204439825,0.03266854011693775,0.01186162891945346,0.008741197621523391,0.2687589187433338,0.1260886788725943
481,5.08068634875331,0.017503411135794168,0.032652208528034334,0.011858227819048595,0.008739613010700906,0.2688512964348586,0.12603078864563513
482,5.08068634875331,0.017503410230080976,0.03263592890107539,0.011854837539868254,0.008738052237387864,0.2689409880753755,0.12597308260704712
483,5.080686348753309,0.01750340932724345,0.032619700962312766,0.011851458024903597,0.008736515156357927,0.26902822551292915,0.12591555978648117
484,5.08068634875331,0.017503408427266463,0.03260352444000806,0.011848089217564322,0.008735001623512272,0.2691127719254573,0.1258582192207121
485,5.08068634875331,0.01750340753013501,0.032587399064413686,0.011844731061674713,0.008733511495868665,0.2691970905964893,0.12580105995357152
486,5.080686348753309,0.017503406635834197,0.032571324567754203,0.011841383501469767,0.008732044631550676,0.26927880153631073,0.1257440810358817
487,5.08068634875331,0.017503405744349235,0.03255530068420787,0.011838046481591345,0.008730600889777009,0.2693604490179321,0.12568728152539008
488,5.080686348753309,0.017503404855665438,0.032539327149888365,0.01183474897698974,0.008729180130850953,0.2694419370300736,0.12563066048670452
489,5.08068634875331,0.01750340396976823,0.03252340370282673,0.011831432842618086,0.008727782216149971,0.2695237310543191,0.12557421699122945
490,5.08068634875331,0.01750340308664315,0.03250753008295352,0.011828127084997872,0.008726407008115384,0.2696053570161177,0.12551795011710237
491,5.08068634875331,0.01750340220627583,0.03249170603208122,0.011824831650360303,0.008725054370242206,0.26968832725629005,0.12546185894913156
492,5.08068634875331,0.017503401328652007,0.03247593129388672,0.01182154648532486,0.008723724167069067,0.2697716562697631,0.12540594257873416
493,5.080686348753311,0.01750340045375753,0.032460205613894115,0.011818586674411895,0.008722416264168274,0.2698514468853905,0.12535020010387496
494,5.080686348753311,0.017503399581578333,0.03244452873945764,0.011815424153061731,0.00872113052813596,0.2699306443228603,0.12529463062900603
495,5.080686348753311,0.01750339871210047,0.03242890041974483,0.011812383807218559,0.008719678176085032,0.27000726969752886,0.12523923326500702
496,5.080686348753311,0.01750339784531008,0.032413320405719835,0.011809138536361492,0.0087182483102288,0.2700792346461035,0.12518400712912592
497,5.080686348753311,0.017503396981193412,0.032397788450126905,0.01180604506079705,0.00871660598705618,0.27015100575505324,0.12512895134492072
498,5.080686348753311,0.0175033961197368,0.032382304307474144,0.011802819612570015,0.008714986607165374,0.27022287759657476,0.12507406504220162
499,5.080686348753311,0.017503438234746135,0.03236686773401736,0.011799604073317748,0.008713390035500932,0.2702934594864608,0.12501934735697393
500,5.080686348753311,0.01750343733416753,0.03235147848774413,0.011796398392627475,0.008711816138021633,0.2703656383585832,0.12496479743138149
501,5.080686348753311,0.01750343643634445,0.03233613632835807,0.011793202520443889,0.00871026478169098,0.27043783737672245,0.12491041441365089
502,5.080686348753311,0.01750343554126293,0.03232084101726319,0.011790357746589307,0.0087087358344678,0.2705077737727771,0.12485619745803617
503,5.080686348753311,0.017503434648909112,0.032305592317548495,0.011787460956810198,0.008707229165296954,0.2705771730034913,0.12480214572476415
504,5.080686348753311,0.017503433759269226,0.032290389993972816,0.011784969294559132,0.00870574464410015,0.27064562325637237,0.1247482583799805
505,5.080686348753311,0.017503432872329597,0.03227523381294962,0.011782688216600392,0.00870428214176685,0.27071529042729786,0.12469453459569617
506,5.080686348753311,0.01750343198807666,0.032260123542532174,0.011779538431197539,0.008702841530145307,0.27078549323528917,0.12464097354973466
507,5.080686348753311,0.01750343110649693,0.03224505895239879,0.011776398167999646,0.008701422682033657,0.27085400195864473,0.12458757442567966
508,5.080686348753311,0.017503430227577027,0.03223003981383821,0.011773412304148715,0.008700025471171161,0.27092201950484446,0.1245343364128234
509,5.080686348753311,0.01750342935130366,0.03221506589973521,0.011770290795617346,0.008698649772229495,0.27099186439927714,0.12448125870611548
510,5.080686348753311,0.01750342847766363,0.032200136984556336,0.01176717866770113,0.008697295460804187,0.2710607709207922,0.12442834050611236
511,5.080686348753311,0.01750342760664383,0.03218525284433574,0.011764075873711456,0.008695962413406099,0.2711298885743419,0.12437558101892722
512,5.080686348753311,0.017503426738231243,0.032170413256661284,0.0117609823672836,0.008694650507453045,0.271197141149268,0.12432297945618062
513,5.08068634875331,0.017503425872412947,0.03215561800066071,0.011757898102373843,0.008693359621261476,0.27125939930375703,0.12427053503495145
514,5.080686348753311,0.017503425009176104,0.03214086685698797,0.011754823033256631,0.008692089634038272,0.2713168856767041,0.12421824697772857
515,5.08068634875331,0.017503424148507963,0.03212615960780973,0.011751919039677636,0.008690840425872605,0.2713743176695197,0.12416611451236288
516,5.08068634875331,0.01750342329039587,0.03211149603679197,0.011748862064193235,0.008689611877727918,0.27143324945534075,0.12411413687201998
517,5.08068634875331,0.017503443616558843,0.03209687592908684,0.011745814149685927,0.00868840387143397,0.2714917638131265,0.12406231329513331
518,5.080686348753309,0.017503442742408365,0.032082299071319494,0.011742775251672583,0.008687216289678975,0.27155040644508216,0.12401064302535775
519,5.08068634875331,0.017503469623470363,0.03206776525157521,0.011739745325974457,0.008686049016001833,0.27161015861208365,0.12395912531152377
520,5.080686348753309,0.017503468726914828,0.03205327425938656,0.011736724328714528,0.00868451245444907,0.2716664632346643,0.12390775940759208
521,5.080686348753309,0.01750491677351144,0.032040056546964624,0.011733712216314869,0.008682997116048835,0.2717231382138245,0.1238596438579074
522,5.080686348753309,0.0175050845277294,0.03202619082258357,0.011730708945494021,0.008681502881266234,0.2717777363122941,0.1238113178008229
523,5.080686348753309,0.017505082042380566,0.032011825316545166,0.011727714473264414,0.00868002963142469,0.2718310054470662,0.12376289836821394
524,5.080686348753309,0.01750507956429894,0.031997501815525665,0.011724925281813663,0.008678577248698242,0.2718791551324128,0.12371366181311017
525,5.08068634875331,0.017505077093449325,0.03198322011608211,0.011721948085734237,0.00867706290061629,0.27192703748004937,0.12366363871736641
526,5.08068634875331,0.017505074629796766,0.03196898001614505,0.011719046511292516,0.00867556942745139,0.2719753113945653,0.12361351491265542
527,5.080686348753309,0.017505072173306525,0.031954781315006626,0.011716086551657366,0.00867409671272169,0.27202244795918407,0.12356318062847073
528,5.080686348753309,0.01750506972394413,0.03194062381330883,0.011713135180743118,0.008672644640773837,0.2720698175421884,0.12351299239597997
529,5.080686348753308,0.017505067281675304,0.03192650731303186,0.011710192357269195,0.00867121309677562,0.2721131227535984,0.1234629495132045
530,5.080686348753308,0.01750506484646603,0.03191243161748263,0.011707258040231589,0.008669801966708695,0.27215692787793416,0.12341305128286888
531,5.080686348753309,0.017505062418282508,0.03189839653128339,0.011704332188900497,0.008668411137361394,0.2721974531127465,0.12336329701236044
532,5.080686348753309,0.01750505999709115,0.03188440237374637,0.011701414762817969,0.0086670404963216,0.2722377338981884,0.12331368601368936
533,5.080686348753309,0.01750505758285861,0.031870447924821715,0.011698505721795576,0.008665689931969704,0.27227558521521106,0.12326421760344915
534,5.080686348753309,0.017505055175551756,0.03185653350689495,0.011695605025912116,0.008664359333471632,0.27231342576005685,0.12321489110277745
535,5.080686348753309,0.017505099937850918,0.031842658929738046,0.01169271263551134,0.008662887450561018,0.2723491580363477,0.12316570583731744
536,5.080686348753308,0.017505097498890974,0.03182882400438311,0.011689828511199693,0.008661435774683708,0.27238386904578593,0.12311666113717945
537,5.080686348753308,0.01750509506688816,0.03181502854311169,0.011686952613844085,0.008659972269397211,0.2724148670665505,0.12306775633690306
538,5.080686348753308,0.017505092641809595,0.031801272359444195,0.011684084904569689,0.008658528841416407,0.272444653556337,0.12301899077541958
539,5.080686348753308,0.01750509022362263,0.031787555268129396,0.011681225344757754,0.008657105381152686,0.2724725498715591,0.12297036379601492
540,5.080686348753308,0.017505087812294807,0.03177387708513408,0.011678373896043441,0.00865570177977964,0.2725008869465674,0.12292187474629278
541,5.080686348753308,0.01750508540779391,0.0317602376276328,0.011675664995195418,0.008654317929226451,0.2725308060428928,0.12287352297813837
542,5.080686348753308,0.01750508301008791,0.031746636713997675,0.01167282952657666,0.00865295372217134,0.27255906871139657,0.1228253078476824
543,5.080686348753308,0.017505080619145002,0.0317330741637884,0.011670002055824297,0.008651609052035098,0.27258408996287575,0.12277722871526535
544,5.080686348753308,0.017505078234933583,0.03171954979774225,0.011667412321075111,0.008650283812974668,0.2726092507295492,0.12272928494540226
545,5.080686348753308,0.017505075857422257,0.031706063437764234,0.011664600516676386,0.008648977899876805,0.2726357906236868,0.12268147590674788
546,5.080686348753307,0.017505073486579828,0.03169261490691739,0.011661796599366364,0.008647691208351802,0.2726626031993868,0.12263380097206206
547,5.080686348753307,0.017505071122375312,0.03167920402941309,0.011659000532494442,0.008646423634727275,0.272687532604912,0.1225862595181755
548,5.080686348753307,0.01750506876477792,0.031665830630601514,0.011656212279647448,0.00864517507604201,0.27271089941483245,0.12253885092595601
549,5.080686348753307,0.017505066413757056,0.0316524945369622,0.011653431804647674,0.008643945430039891,0.2727346774684777,0.1224915745802749
550,5.080686348753307,0.017505064069282334,0.03163919557609467,0.011650659071550919,0.008642734595163867,0.2727586334473964,0.12244442986997386
551,5.080686348753307,0.017505061731323553,0.03162593357670917,0.011647894044644561,0.008641542470549993,0.27278430024203043,0.12239741618783213
552,5.080686348753307,0.01750505939985071,0.031612708368617536,0.011645422143041961,0.008640368956021542,0.27281031862259936,0.12235053293053393
553,5.080686348753307,0.017505057074833998,0.03159951978272405,0.011642672156052362,0.008639213952083155,0.27283363418256124,0.1223037794986364
554,5.080686348753307,0.017505054756243796,0.031586367651016536,0.011639929770221666,0.008638077359915064,0.2728578111685603,0.12225715529653759
555,5.080686348753307,0.017505102009218846,0.03157366647102803,0.011637194950741274,0.008636959081367381,0.2728812316654956,0.12221472375224882
556,5.080686348753307,0.01750509965741753,0.0315605863633078,0.011634467663024818,0.00863585901895443,0.2729048851108138,0.12217194365276941
557,5.080686348753307,0.01750509731208139,0.0315475422132068,0.01163174787270634,0.008634777075849143,0.27292913619968234,0.12212869284116429
558,5.080686348753307,0.017505094973180976,0.0315345338569539,0.011629035545638503,0.008633713155877515,0.27295347821017735,0.12208501402758005
559,5.080686348753307,0.017505092640687028,0.03152156113181795,0.011626330647890794,0.00863266716351312,0.27297738901503177,0.12204123261042267
560,5.080686348753307,0.01750509031457048,0.031508623876099255,0.011623633145747771,0.008631639003871663,0.27300222382317924,0.12199676979745389
561,5.080686348753307,0.01750508799480244,0.03149572192912118,0.01162124979658301,0.008630628582705616,0.2730278521573294,0.1219521235289876
562,5.080686348753307,0.017505085681354195,0.03148285513122191,0.011618566703864075,0.008629635806398875,0.27305468325463395,0.12190726341027341
563,5.080686348753307,0.017505083374197223,0.03147002332374622,0.011615890907642016,0.008628660581961501,0.2730830296271582,0.12186204110328494
564,5.080686348753307,0.01750513275140118,0.031457226349037304,0.01161322237504092,0.008627702817024503,0.27310996073682486,0.1218167836659007
565,5.080686348753307,0.01750513040958121,0.03144446405042879,0.011610561073391392,0.00862676241983466,0.2731365883748168,0.12177152550969436
566,5.080686348753307,0.017505128074095565,0.0314317362722367,0.01160790697022891,0.008625839299249415,0.2731624167364134,0.12172638977112193
567,5.080686348753308,0.01750512574491586,0.03141904285975161,0.011605260033292163,0.008624933364731809,0.27318677374697437,0.12168137590154689
568,5.080686348753308,0.01750512342201389,0.031406383659230805,0.011602620230521428,0.008624044526345465,0.27321098985129794,0.12163648335576081
569,5.080686348753308,0.01750512110536161,0.03139375851789053,0.011599987530056957,0.008623172694749631,0.2732355256338988,0.12159171159195613
570,5.080686348753308,0.01750511879493117,0.031381167283898344,0.011597361900237375,0.008622250268215845,0.27325638935436486,0.12154706007169876
571,5.080686348753308,0.01750511649069487,0.031368609806365536,0.011594743309598097,0.008621285035137259,0.27327721046311093,0.1215025282599013
572,5.080686348753308,0.017505114192625206,0.03135608593533959,0.011592356528951634,0.008620336884630866,0.27329816199950485,0.12145811562479635
573,5.080686348753308,0.017505111900694828,0.03134359552179674,0.011589983450712648,0.00861934786078844,0.27331859171884926,0.12141382163791009
574,5.080686348753309,0.017505109614876557,0.03133113841763461,0.011587385380960167,0.008618375897387901,0.2733393331821113,0.12136964577403615
575,5.080686348753309,0.017507233909294203,0.031321024125443325,0.011584794227557423,0.008617420906388477,0.2733598728191028,0.1213301128023579
576,5.080686348753309,0.01750722973256193,0.031310840457589244,0.011582209959995768,0.008616482800325006,0.27337730961541123,0.12129005786754327
577,5.080686348753309,0.01750722556690966,0.0312996901207126,0.011579632547954204,0.008615561492303258,0.27339609468927517,0.12124982184164645
578,5.080686348753309,0.017507221412288672,0.031288566506795526,0.011577061961297886,0.008614656895995283,0.273414920793108,0.12120943290826305
579,5.080686348753309,0.017507217268650573,0.03127626761536119,0.011574498170076676,0.008613768925634816,0.27343117009488543,0.12116878621553157
580,5.080686348753309,0.017507213135947247,0.03126400115853666,0.011571941144523677,0.008612897496012725,0.273447584563467,0.12112801636605676
581,5.080686348753309,0.017507209014130883,0.03125176701577046,0.011569390855053804,0.0086120425224725,0.273464442980523,0.12108709206635854
582,5.08068634875331,0.017507204903153953,0.031239565046003583,0.011566847272262365,0.008611203196648862,0.27348177548931446,0.12104610163848264
583,5.08068634875331,0.017507200802969223,0.031227395109035636,0.011564310366923635,0.008610380161135455,0.27349941645380593,0.12100487702583698
584,5.08068634875331,0.017507196713529745,0.031215257065518094,0.011561780109989482,0.008609573332898758,0.273516157658845,0.12096194193048646
585,5.080686348753309,0.017507194584281034,0.031203150776947693,0.011559256472587964,0.008608782629440318,0.2735311845115783,0.12091900986871237
586,5.080686348753309,0.017507190514477983,0.03119107610565987,0.011556739426021975,0.008608007968792469,0.27354642985624494,0.12087618735488215
587,5.080686348753309,0.017507186455285508,0.03117903291482221,0.011554228941767879,0.008607249269514063,0.27356111877543643,0.12083347648566571
588,5.080686348753308,0.01750718240665777,0.03116702106842805,0.011552044319280232,0.008606506450686275,0.2735756423766182,0.1207908767787189
589,5.080686348753308,0.0175071783685492,0.03115504043129006,0.011550108381968596,0.008605779431908423,0.2735895514928169,0.12074838775460328
590,5.080686348753308,0.017507174340914512,0.031143090869033937,0.011547622806079329,0.008605068133293835,0.2736037938909818,0.12070600893676381
591,5.080686348753308,0.017507170323708684,0.03113117224809211,0.011545137516610994,0.008604372475465765,0.2736170883680968,0.12066373985150654
592,5.080686348753308,0.017507166316886966,0.03111928443569757,0.011542658651389093,0.008603692379553335,0.273628587718497,0.12062158002797661
593,5.080686348753309,0.017507162320404876,0.031107427299877692,0.011540186182894492,0.008603027767187523,0.2736409192844196,0.12057952899813654
594,5.080686348753309,0.0175071583342182,0.031095600709448164,0.011537720083772431,0.00860237856049719,0.27365403845010083,0.12053758629674446
595,5.080686348753309,0.017507154358282984,0.031083804534006942,0.01153526032683127,0.00860174468210514,0.2736673605449708,0.12049575146133285
596,5.080686348753309,0.017507150392555536,0.031072038643928265,0.011532806885041247,0.008601126055124225,0.27368099576536564,0.12045402403218725
597,5.080686348753308,0.017507146436992426,0.031060308455760223,0.011530359731533232,0.008600522603153476,0.2736944813384678,0.12041240355232531
598,5.080686348753308,0.01750714249155048,0.03104863887090376,0.011527918839597515,0.00859993425027428,0.2737080658062023,0.12037088956747598
599,5.080686348753309,0.017507138556186786,0.031036963030999076,0.011525484182682582,0.008599360921046592,0.2737188536315541,0.12032948162605885
600,5.080686348753309,0.017507134630858675,0.031025316965690563,0.011523055734393928,0.008598802540505176,0.2737270406794487,0.12028817927916373
601,5.080686348753309,0.017507130715523733,0.03101370054914579,0.011520633468492858,0.008598259034155896,0.27373336888737215,0.12024698208053049
602,5.080686348753309,0.0175071268101398,0.03100211365627388,0.011518217358895307,0.00859773032797202,0.27373874832309575,0.12020588958652889
603,5.080686348753309,0.017507122914664965,0.03099055616271994,0.011515807379670678,0.008597216348390587,0.2737440620093376,0.12016490135613885
604,5.08068634875331,0.017507119029057553,0.030979027944859502,0.011513403505040681,0.00859672336538906,0.2737456081772042,0.12012401695093064
605,5.08068634875331,0.017507115153276145,0.030967528879793,0.011511005709378188,0.008596244947200389,0.27374288584323214,0.12008323593504547
606,5.08068634875331,0.017507111287279564,0.030956058845340362,0.011508613967206096,0.008595781021698565,0.2737409328619089,0.12004255787517613
607,5.08068634875331,0.01750710743102686,0.030944617720035577,0.0115062282531962,0.008595331517206697,0.27373874719007757,0.12000198234054785
608,5.08068634875331,0.017507103584477345,0.030933205383121377,0.011503848542168082,0.008594783891596392,0.27373409385042974,0.11996150890289935
609,5.08068634875331,0.01750709974759054,0.030921821714543895,0.011501474809088003,0.008594250827507992,0.273730403443594,0.11992113713646399
610,5.08068634875331,0.017507095920326222,0.030910466594947467,0.011499107029067805,0.008593669828213284,0.2737277341482371,0.11988086661795125
611,5.08068634875331,0.0175070921026444,0.03089913990566939,0.011496745177363835,0.008593103404126324,0.27372453379543393,0.11984069692652813
612,5.08068634875331,0.017507088294505303,0.030887841528734767,0.011494389229375856,0.008592551483953017,0.27372200369069094,0.11980062764380099
613,5.08068634875331,0.0175070844958694,0.030876571346851418,0.011492039160645996,0.00859201399683847,0.273718934402062,0.11976065835379737
614,5.080686348753311,0.01750708070669739,0.030865329243404797,0.011489859214123398,0.008591490872363635,0.273713623306987,0.11972078864294801
615,5.080686348753311,0.01750707692695019,0.03085411510245298,0.01148752069355579,0.00859098204054196,0.27370667860647957,0.1196810181000691
616,5.08068634875331,0.017507073156588948,0.030842928808721706,0.01148518798005787,0.008590487431816094,0.2736993436190859,0.11964134631634467
617,5.08068634875331,0.01750706939557503,0.030831770247599418,0.011482861049729325,0.008590006977054608,0.27369071924881966,0.11960177288530902
618,5.08068634875331,0.017507072432565576,0.030820639305132416,0.011480539878807025,0.008589540607548754,0.2736823645898326,0.11956229740282948
619,5.08068634875331,0.01750706868448426,0.03080953586801999,0.011478224443664014,0.008589088255009248,0.27367387136116145,0.11952291946708922
620,5.08068634875331,0.01750706494564964,0.03079845982360965,0.011475954347535148,0.008588649851563084,0.27366382374122883,0.11948363867857026
621,5.080686348753311,0.017507061216023904,0.030787411059892328,0.011473650280754498,0.008588225329750381,0.27365333619266674,0.11944445464003654
622,5.08068634875331,0.01750705886034028,0.03077638946549772,0.011471351879760132,0.00858781462252125,0.27364380594077786,0.11940536695651731
623,5.080686348753311,0.017507055147891876,0.030765394929689594,0.011469059121459542,0.008587417663232707,0.273634615301397,0.11936637523529056
624,5.080686348753311,0.01750705144454298,0.03075442734236115,0.011466771982891475,0.008587034385645584,0.27362546200431437,0.11932747908586652
625,5.080686348753311,0.01750704775025662,0.030743486594030457,0.011464490441224991,0.008586664723921505,0.2736140521428975,0.11928867811997151
626,5.08068634875331,0.017507044064996036,0.030732572575835886,0.011462214473758505,0.008586308612619858,0.27360000658940997,0.11924997195153174
627,5.080686348753311,0.017507040388724686,0.03072168517953163,0.01145994405791885,0.008585965986694817,0.2735877861642513,0.11921136019665739
628,5.080686348753311,0.01750703672140622,0.03071082429748322,0.011457679171260348,0.008585636781492368,0.2735754601899383,0.11917284247362671
629,5.080686348753311,0.017507033063004496,0.030699989822663098,0.011455618711146219,0.008585320932747388,0.2735628665522483,0.11913441840287038
630,5.08068634875331,0.017507029413483578,0.03068918164864625,0.011453364653481707,0.008585018376580732,0.27354985664579157,0.11909608760695597
631,5.080686348753311,0.01750702577280774,0.030678399669605845,0.011451151649269938,0.008584729049496349,0.27353714735226453,0.11905784971057246
632,5.08068634875331,0.017507022140941447,0.030667643780308916,0.011448908466659042,0.008584464428180779,0.27352664835604357,0.11901970434051493
633,5.080686348753311,0.01750701851784936,0.03065691387611211,0.011446670703341998,0.008584212882214323,0.27351608164518987,0.11898165112566958
634,5.080686348753311,0.01750701490349634,0.03064620985295743,0.011444438337617106,0.008583906348994653,0.27350556764004935,0.11894368969699849
635,5.080686348753311,0.017507011297847458,0.030635531607368066,0.011442211347903871,0.008583543106364083,0.27349409731618274,0.11890581968752492
636,5.080686348753311,0.01750700770086796,0.030624879036444206,0.011440037162711353,0.008583193084427692,0.27348260306206384,0.11886804073231844
637,5.08068634875331,0.01750700411252329,0.030614252037858922,0.011437820822421443,0.008582676111040202,0.27346921298536914,0.11883035246848031
638,5.08068634875331,0.017507000532779097,0.030603650509854096,0.011435609794212195,0.0085821726654687,0.2734558471142931,0.11879275453512907
639,5.08068634875331,0.01750699696160121,0.03059307435123635,0.011433404056978971,0.008581682684270174,0.2734402380390137,0.1187552465733861
640,5.08068634875331,0.017506993398955645,0.030582523461373034,0.011431203589734075,0.00858120610437604,0.27342374834281796,0.11871782822636132
641,5.08068634875331,0.017506989844808613,0.030571997740188234,0.011429189038875168,0.00858074286308939,0.27340750538453507,0.11868050985839255
642,5.080686348753309,0.01750698629912651,0.030561497088158855,0.011427056080201536,0.008580292898082272,0.2733909126176819,0.11864326966942543
643,5.08068634875331,0.017506982761875914,0.03055102140631066,0.011424871107912992,0.00857985614739298,0.2733748836502325,0.11860611803631783
644,5.08068634875331,0.01750697923302359,0.03054059879389987,0.011422691323266607,0.008579432549423381,0.2733588492282175,0.118569054609994
645,5.08068634875331,0.017506975712536482,0.030530172735170787,0.011420516705845313,0.00857902204293627,0.27334268208805634,0.11853207904329742
646,5.080686348753311,0.01750697220038172,0.030519771353008117,0.011418347235344118,0.008578624567052722,0.27332728865035183,0.11849519099097716
647,5.08068634875331,0.017506968696526615,0.030509394550594485,0.011416182891569317,0.008578240061249503,0.27331158362204455,0.11845839010967457
648,5.080686348753311,0.01750696520093865,0.030499042231642338,0.011414023654437711,0.008577868465356476,0.2732960799358653,0.11842167605791006
649,5.080686348753311,0.017506961713585494,0.030488714300390206,0.011411869503975835,0.00857750971955404,0.2732785002817022,0.11838504849606965
650,5.080686348753311,0.017506958234434985,0.030478410661599033,0.011409720420319179,0.008577163764370592,0.27326169198498,0.1183485070863922
651,5.080686348753311,0.01750695476345514,0.03046813122054854,0.01140762812073518,0.00857683054068001,0.273243804682065,0.11831205149295632
652,5.080686348753311,0.01750695130061415,0.030457875883033562,0.011405489070700022,0.008576509989699157,0.2732271370137313,0.11827568138166743
653,5.080686348753311,0.017506947845880385,0.030447644555360497,0.011403355028618339,0.008576202052985413,0.27321008020261567,0.11823939642024522
654,5.080686348753311,0.017506944399222367,0.030437444025613297,0.011401225975053554,0.008575906672434207,0.273191957965031,0.11820319627821094
655,5.080686348753312,0.01750694096060881,0.030427260433166608,0.011399101890674303,0.00857563326596483,0.27317436034056547,0.11816708062687478
656,5.080686348753311,0.017506937530008586,0.03041710057252741,0.011396982756253709,0.008575372278371228,0.2731578680438389,0.11813104913932361
657,5.080686348753312,0.017506975117843406,0.030406964352012927,0.01139486855266866,0.008575123652633831,0.2731406940723801,0.1180951014904086
658,5.080686348753312,0.01750697167111367,0.030396851680434423,0.011392759260899095,0.008574887332061057,0.27312321445329674,0.11805923735673295
659,5.080686348753312,0.017506968232379266,0.030386762467093775,0.011390654862027283,0.00857466326028699,0.27310484981773053,0.11802345641663992
660,5.080686348753311,0.017506964801609456,0.030376696621780126,0.011388555337237124,0.008574451381269044,0.2730831593540152,0.11798775835020074
661,5.080686348753311,0.01750696137877365,0.030366654054766497,0.011386460667813448,0.00857425163928566,0.273061879646455,0.11795214283920274
662,5.080686348753311,0.01750695796384143,0.030356634676806472,0.011384370835141322,0.008574063978934024,0.27304142401900544,0.11791660956713755
663,5.080686348753311,0.01750695455678255,0.030346638399130904,0.011382285820705357,0.008573888345127798,0.27302066611172815,0.11788115821918936
664,5.080686348753311,0.017506984280682245,0.03033666513344463,0.011380398862178743,0.008573724683094874,0.2730002202822323,0.11784578848222338
665,5.080686348753311,0.017506980863659496,0.030326714791923233,0.011378495323806468,0.008573572938375148,0.2729800323777092,0.11781050004477427
666,5.080686348753311,0.017506977454479083,0.030316787287209837,0.011376424371961357,0.008573433056818316,0.2729571419675277,0.11777529259703479
667,5.080686348753311,0.017506974053111163,0.030306882532411893,0.01137435816591902,0.00857330498458168,0.27293256994544324,0.11774016583084443
668,5.080686348753311,0.017506970659526052,0.030297000441098027,0.011372296687649218,0.008573188668127979,0.2729057021229396,0.11770511943967826
669,5.080686348753311,0.017506967273694232,0.030287140927294908,0.011370239919217278,0.008573084054223237,0.2728793381329632,0.11767015311863571
670,5.080686348753311,0.01750696389558633,0.030277303905484124,0.011368187842783413,0.00857299108993463,0.27285307811290155,0.1176352665644296
671,5.080686348753311,0.017506960525173143,0.030267489290599112,0.011366140440602105,0.008572909722628367,0.27282740880306855,0.1176004594753752
672,5.080686348753311,0.0175069571624256,0.030257696998022075,0.011364218010310163,0.0085728398999676,0.2728020669614716,0.11756573155137931
673,5.080686348753311,0.017506953807314804,0.03024792694358097,0.011362179811830301,0.008572781569910332,0.2727776671359856,0.11753108249392956
674,5.080686348753311,0.017506950459811998,0.030238179043546483,0.01136014623513409,0.008572734680707366,0.2727503281324984,0.11749651200608373
675,5.080686348753311,0.01750694711988858,0.03022845321462905,0.011358117262845921,0.008572699180900253,0.27272297092591447,0.11746201979245914
676,5.080686348753312,0.0175069437875161,0.030218749373975895,0.011356092877681303,0.008572675019319265,0.2726954291038086,0.11742760555922216
677,5.080686348753312,0.017506940462666255,0.030209067439168093,0.011354073062446256,0.008571689330032283,0.2726683667544641,0.11739326901407776
678,5.080686348753312,0.01750693714531089,0.030199407328217655,0.011352057800036699,0.00857071707029323,0.2726417991638578,0.11735900986625926
679,5.080686348753312,0.017506933835421987,0.030189768959564645,0.01135004707343785,0.008569632368410579,0.272614727552725,0.117324827826518
680,5.080686348753311,0.0175069305329717,0.030180152252074308,0.01134804086572363,0.008568561262129527,0.2725897037146459,0.11729072260711328
681,5.080686348753311,0.017506927237932297,0.03017055712503424,0.011346039160056068,0.008567503692530785,0.2725651097459279,0.11725669392180216
682,5.080686348753311,0.017506923950276213,0.030160983498151557,0.011344041939684708,0.0085664596010196,0.27253856342490274,0.11722274148582953
683,5.080686348753311,0.01750693381768304,0.0301514312915501,0.011342049187946039,0.00856542892932352,0.2725115579698676,0.11718886501591826
684,5.08068634875331,0.01750693053482823,0.03014190042576768,0.011340060888262898,0.008564411619490188,0.27248557023243697,0.1171550642302592
685,5.08068634875331,0.017506927259296916,0.030132390821753306,0.011338157077787736,0.008563407613885141,0.2724598367056613,0.11712133884850164
686,5.08068634875331,0.017506923991062018,0.03012290240086446,0.011336177572827816,0.008562416855189646,0.2724351948223124,0.11708768859174341
687,5.080686348753311,0.017506958594610048,0.030113435084864405,0.011334255675958619,0.008561437849099273,0.27241069610753543,0.11705411318252147
688,5.08068634875331,0.017506955312592054,0.030103988795919485,0.011332284920941824,0.008560471979411807,0.2723862172672519,0.11702061234480227
689,5.08068634875331,0.017506952037852797,0.03009456345659648,0.011330405111849165,0.008559519189731057,0.2723620557810925,0.11698718580397234
690,5.08068634875331,0.017506948770365512,0.030085158989859948,0.011328443017586955,0.008558587645887912,0.27233548443963007,0.11695383328682901
691,5.080686348753311,0.01750694551010357,0.030075775319069617,0.011326660902201732,0.008557531066016703,0.2723071307360573,0.11692055452157098
692,5.080686348753311,0.01750694225704048,0.03006641236797777,0.011324707339044377,0.008556487685365727,0.27227839747836385,0.11688734923778919
693,5.080686348753311,0.017506939011149882,0.03005707006072669,0.011322758083187825,0.008555457447706225,0.2722492105433248,0.11685421716645764
694,5.080686348753311,0.017506935772405557,0.030047748321846087,0.011320813118885331,0.008554440297113813,0.2722205057514645,0.11682115803992434
695,5.080686348753311,0.01750693254078142,0.03003844707625056,0.011318872430470462,0.00855343617796642,0.27219257610582,0.11678817159190236
696,5.08068634875331,0.01750692931625151,0.030029166249237096,0.011316936002356564,0.00855244503494226,0.27216524130501346,0.11675525755746076
697,5.08068634875331,0.01750692609879001,0.030019905766482557,0.01131500381903625,0.008551466813017801,0.27213844642526674,0.11672241567301594
698,5.080686348753311,0.017506922888371225,0.03001066555404121,0.01131307586508087,0.008550501457465765,0.2721124113555683,0.11668964567632266
699,5.080686348753311,0.017506919684969598,0.03000144553834227,0.01131115212514001,0.008549569835651983,0.27208459332796403,0.11665694730646547
700,5.08068634875331,0.01750691648855969,0.02999224564618746,0.011309232583940983,0.0085486509259731,0.27205703230200295,0.11662432030384996
701,5.08068634875331,0.0175069132991162,0.029983065804748597,0.011307317226288315,0.008547744674743982,0.27202973182941803,0.11659176441019427
702,5.08068634875331,0.01750691011661396,0.02997390594156519,0.011305406037063254,0.008546851028567053,0.2720028504808165,0.11655927936852058
703,5.08068634875331,0.01750690694102791,0.029964765984542063,0.011303499001223268,0.008545969934330367,0.27197647232251637,0.11652686492314655
704,5.080686348753309,0.017506903772333132,0.029955645861946986,0.011301723644808876,0.008545101339205713,0.27195054618535586,0.11649452081967708
705,5.080686348753309,0.017506900610504833,0.029946545502408353,0.011299987294697925,0.008544245190646725,0.2719246095235142,0.11646224680499596
706,5.080686348753309,0.017506897455518332,0.02993746483491282,0.011298376377217095,0.008543282231851008,0.271896686135743,0.11643004262725762
707,5.080686348753308,0.017506894307349086,0.029928403788803036,0.011296749153911,0.008542331872941837,0.27186997126847523,0.1163979080358789
708,5.080686348753308,0.017506891165972666,0.029919362293775342,0.011294862054388389,0.008541312809039385,0.2718421296077093,0.11636584278153109
709,5.080686348753308,0.01750688803136477,0.029910340279877497,0.01129297902087817,0.008540306415101678,0.27181259174678524,0.11633384661613168
710,5.080686348753308,0.01750688490350121,0.029901337677506423,0.011291100038853112,0.008539312638424537,0.2717837616706243,0.11630191929283652
711,5.080686348753308,0.017506881782357934,0.029892354417405988,0.011289225093858385,0.008538331426582285,0.2717547556951172,0.11627006056603183
712,5.080686348753307,0.017506878667910987,0.029883390430664764,0.011287354171511112,0.008537362727425887,0.2717236682479765,0.11623827019132639
713,5.080686348753306,0.017506875560136553,0.029874445648713853,0.01128548725749991,0.008536406489081149,0.2716928473358801,0.11620654792554365
714,5.080686348753306,0.01750688252887837,0.029865520003324687,0.01128362433758442,0.0085354626599469,0.2716640784232999,0.11617686788680501
715,5.080686348753306,0.017506879427141006,0.029856613426606858,0.011281765397594868,0.008534531188693208,0.27163519352032667,0.11614527969523641
716,5.080686348753307,0.017506876332020825,0.029847725851005986,0.011279910423431612,0.008533612024259592,0.27160512007473314,0.11611375889329928
717,5.080686348753307,0.01750687324349442,0.029838857209301583,0.0112780594010647,0.008532705115853268,0.2715749439634563,0.11608230524258842
718,5.080686348753307,0.017506870161538502,0.02983000743460492,0.011276212316533422,0.008531810412947394,0.27154492426249327,0.11605091850587537
719,5.080686348753306,0.01750686708612988,0.029821176460356952,0.011274369155945875,0.008530927865279333,0.27151464227203415,0.11601959844710086
720,5.080686348753306,0.017506864017245497,0.029812364220326217,0.011272529905478536,0.008530057422848934,0.2714834827450186,0.11598834483136743
721,5.080686348753306,0.017506860954862404,0.029803570648606777,0.011270694551375816,0.008529199035916821,0.27145276903753607,0.11595715742493216
722,5.080686348753306,0.017506857898957753,0.029794795679616157,0.011268863079949641,0.008528352655002697,0.27142306023413454,0.11592603599519931
723,5.080686348753306,0.01750685484950882,0.02978603924809333,0.011267035477579028,0.008527364953257406,0.27139214566720277,0.11589498031071319
724,5.080686348753305,0.01750685180649299,0.029777301289096676,0.011265211730709657,0.008526379335163007,0.27136172512161477,0.11586399014115092
725,5.080686348753305,0.01750684876988776,0.029768581738001985,0.011263513458765034,0.008525405919783341,0.2713314769759527,0.11583306525731538
726,5.080686348753305,0.01750684573967073,0.02975988053050047,0.011261697296427684,0.008524444657457358,0.27130147342038385,0.11580220543112808
727,5.080686348753305,0.017506842715819617,0.02975119760259679,0.011259884949505278,0.008523495498780653,0.2712723176737167,0.11577141043562227
728,5.0806863487533045,0.017506839698312238,0.02974253289060709,0.01125808468447678,0.00852259126785628,0.2712432583897243,0.11574068004493586
729,5.0806863487533045,0.017506836687126527,0.029733886331157065,0.01125627992273693,0.008521698973666376,0.2712153274480997,0.11571001403430466
730,5.0806863487533045,0.017506833682240524,0.029725257861180025,0.011254529470049898,0.008520818567805882,0.2711867670878008,0.11567941218005544
731,5.0806863487533045,0.017506830683632364,0.029716647417914976,0.011252960477539332,0.00851995000211868,0.27115821302167187,0.11564887425959916
732,5.0806863487533045,0.0175068276912803,0.029708054938904726,0.011251166808167746,0.008519093228696012,0.271130633015066,0.11561840005142425
733,5.0806863487533045,0.01750682470516269,0.029699480361994005,0.011249376875837306,0.008518248199874885,0.2711033026391278,0.11558798933508994
734,5.080686348753305,0.017506821725257984,0.02969092362532758,0.01124759066763581,0.008517282570485469,0.27107498826593635,0.11555764189121961
735,5.080686348753305,0.017506818751544757,0.02968238466734841,0.011245808170713299,0.00851632886598317,0.27104715501527016,0.11552735750149418
736,5.0806863487533045,0.01750681578400166,0.02967386342679578,0.011244299608849987,0.008515387038485754,0.2710191450613638,0.11549713594864552
737,5.0806863487533045,0.017506812822607475,0.029665359842703524,0.011242524307845395,0.008514457040355085,0.2709911696130179,0.11546697701645016
738,5.0806863487533045,0.01750680986734106,0.029656873854398146,0.011240752680329275,0.008513538824195591,0.2709621553415599,0.11543688048972262
739,5.080686348753305,0.0175068069181814,0.02964840540149706,0.011238984713695499,0.008512632342852709,0.27093397966521393,0.11540684615430913
740,5.080686348753305,0.017506803975107555,0.029639954423906784,0.011237517453842206,0.00851173754941136,0.2709062726168106,0.11537687379708134
741,5.080686348753305,0.017506801038098707,0.029631520861821168,0.011235756565498006,0.00851085439719444,0.27087913397929064,0.11534696320592988
742,5.080686348753305,0.017506798107134118,0.029623104655719643,0.011234191939687657,0.008509982839761305,0.27085227663356226,0.11531711416975826
743,5.080686348753305,0.01750679518219317,0.029614705746365454,0.011232438153513902,0.00850912283090628,0.2708245977770699,0.11528732647847657
744,5.080686348753305,0.01750679226325532,0.029606324074803944,0.011230845637062776,0.008508176652910539,0.27079540290554394,0.11525759992299538
745,5.080686348753306,0.017506789350300145,0.029597959582360816,0.011229098928834686,0.008507242131969083,0.2707652997887049,0.11522793429521959
746,5.080686348753306,0.0175067864433073,0.02958961221064043,0.011227355795827386,0.008506319221891816,0.27073387952173145,0.1151983293880424
747,5.080686348753306,0.01750678354225655,0.029581281901524113,0.011225616225904293,0.008505407876720978,0.2707031040111162,0.11516878499533931
748,5.080686348753306,0.017506780647127754,0.02957296859716846,0.011223880206986305,0.008504508050729687,0.2706718352777431,0.11513930091196203
749,5.080686348753306,0.017506777757900854,0.02956467224000366,0.011222147727051454,0.008503619698420489,0.2706393515989022,0.11510987693373273
750,5.080686348753305,0.017506774874555903,0.029556392772731865,0.011220418774134567,0.008502742774523925,0.27060601388844274,0.11508051285743799
751,5.080686348753305,0.01750677199707304,0.029548130138325517,0.011218827178867413,0.008501877233997115,0.2705724842239653,0.11505120848082306
752,5.080686348753305,0.017506769125432493,0.029539884280025717,0.011217105152922143,0.00850102303202233,0.27053690030751687,0.11502196360258606
753,5.0806863487533045,0.017506766259614597,0.029531655141340606,0.01121538661862192,0.008500180124005595,0.27050165737685505,0.11499277802237212
754,5.0806863487533045,0.017506763399599768,0.02952344266604376,0.011213671564224682,0.008499348465575299,0.27046513492092195,0.1149636515407678
755,5.0806863487533045,0.017506760545368514,0.029515246798172565,0.011211959978043468,0.008498528012580808,0.27042860158103194,0.11493458395929536
756,5.080686348753305,0.01750675769690144,0.02950706748202667,0.011210251848446073,0.008497718721091093,0.2703903728342003,0.1149055750804071
757,5.080686348753305,0.01750675485417924,0.029498904662166377,0.01120875298463251,0.008496904044359202,0.27035223812236897,0.11487662470747978
758,5.080686348753306,0.017506752017182693,0.029490758283411092,0.011207051594106359,0.008496132777598834,0.2703121314870253,0.11484773264480916
759,5.080686348753306,0.017506749185892675,0.029482628290837774,0.011205353625873177,0.00849537251000738,0.2702721460154442,0.11481889869760438
760,5.080686348753305,0.01750674636029015,0.029474514629779385,0.011203659068515627,0.008494623198624963,0.27022994911012765,0.11479012267198255
761,5.080686348753306,0.017506743540356164,0.029466417245823367,0.011201967910669516,0.008493884800704121,0.27018832737016923,0.11476140437496331
762,5.080686348753306,0.01750674072607186,0.029458336084810112,0.011200280141023483,0.008493157273708479,0.2701469703838945,0.11473274361446345
763,5.080686348753306,0.01750673791741846,0.029450271092831472,0.011198595748318682,0.008492440575311462,0.27010416912433916,0.11470414019929155
764,5.080686348753305,0.017506735114377277,0.02944222221622925,0.01119691472134847,0.008491734663395001,0.2700608288235268,0.11467559393914267
765,5.080686348753305,0.017506732316929716,0.02943418940159371,0.011195237048958097,0.00849103949604825,0.2700178752101813,0.11464710464459313
766,5.080686348753305,0.01750672952505726,0.029426172595762117,0.011193562720044403,0.008490293331155812,0.26997612824436756,0.11461867212709519
767,5.080686348753305,0.017506726738741485,0.029418171745817262,0.011191891723555501,0.008489557950430628,0.26993502251004925,0.11459029619897189
768,5.080686348753306,0.01750672395796404,0.029410186799086,0.011190224048490481,0.008488833312170556,0.2698928062850484,0.11456197667341196
769,5.080686348753306,0.01750672118270667,0.029402217703137827,0.011188559683899106,0.008488139092806544,0.2698507188673194,0.11453371336446458
770,5.080686348753305,0.017506718412951202,0.029394264405783424,0.011186898618881516,0.00848723927026378,0.2698075551987715,0.11450550608703441
771,5.080686348753305,0.017506715648679536,0.02938632685507325,0.011185240842587924,0.008486350455436232,0.26976351444068186,0.11447735465687646
772,5.080686348753305,0.017506712889873672,0.02937840499929613,0.011183586344218325,0.008485472606152691,0.26971829449859724,0.11444925889059114
773,5.080686348753305,0.017506710136515682,0.029370498786977842,0.011182163034488718,0.008484605680446953,0.26967327453337536,0.11442121860561924
774,5.080686348753305,0.01750670738858772,0.029362608166879734,0.01118051490861035,0.00848374963655657,0.26962860776183123,0.11439323362023703
775,5.080686348753305,0.017506704646072024,0.029354733087997336,0.011178870028849456,0.00848290443292162,0.2695848476901397,0.1143653037535513
776,5.0806863487533045,0.017506701908950914,0.029346873499558983,0.011177228384601284,0.008482070028183476,0.2695427798167865,0.11433742882549461
777,5.0806863487533045,0.01750669917720679,0.029339029351024472,0.011175589965309422,0.008481246381183603,0.2695006025558143,0.1143096086568203
778,5.0806863487533045,0.017506696450822132,0.02933123183119168,0.01117395476046552,0.008480436962586923,0.2694586899500132,0.1142818430690978
779,5.0806863487533045,0.017506693729779494,0.02932341839118061,0.011172479045300472,0.008479638213126256,0.2694170937012915,0.11425413188470784
780,5.0806863487533045,0.017506691014061517,0.029315620240868222,0.011170850135179424,0.00847885009225847,0.26937503634879933,0.1142264749268377
781,5.080686348753304,0.01750668830365092,0.029307837330626543,0.011169224408467827,0.008478072559635634,0.26933336634884697,0.11419887201947652
782,5.080686348753304,0.017506685598530497,0.029300069611052373,0.011167601854846138,0.008477305575103863,0.26929259749154605,0.1141713229874107
783,5.0806863487533045,0.017506682898683117,0.029292317032965982,0.011165982464041489,0.008476549098702135,0.2692501485339807,0.11414382765621918
784,5.0806863487533045,0.017506680204091737,0.02928457954740982,0.011164366225827425,0.008475803090661147,0.2692086131646366,0.11411638585226885
785,5.0806863487533045,0.017506677514739385,0.029276857105647227,0.011162753130023626,0.008475067511402168,0.26916763934542365,0.11408899740271007
786,5.080686348753305,0.017506674830609158,0.029269149659161157,0.011161143166495652,0.008474278124611954,0.2691254335535474,0.114061662135472
787,5.080686348753305,0.01750667215168424,0.029261457159652907,0.011159639098296998,0.008473499212509939,0.2690831772875516,0.11403437987925825
788,5.080686348753305,0.017506669477947885,0.029253779559040856,0.011158035302168383,0.008472730735681824,0.26903865689439055,0.11400715046354232
789,5.080686348753305,0.017506666809383425,0.02924611680945922,0.011156434608314331,0.008471972654901176,0.26899333369480527,0.11397997371856317
790,5.080686348753305,0.017506664145974266,0.029238468863256803,0.01115483700678085,0.008471224931128311,0.26894617204037136,0.11395284947532082
791,5.080686348753305,0.017506661487703884,0.029230835672995756,0.011153245313119101,0.008470487525509182,0.2688987665611435,0.11392577756557201
792,5.0806863487533045,0.017506658834555835,0.029223217191450383,0.01115165386471211,0.008469794143884227,0.26885137542059084,0.1138987578218258
793,5.0806863487533045,0.017506656186513744,0.029215613371605876,0.011150065479033614,0.00846911093831643,0.2688034408429875,0.1138717900773393
794,5.0806863487533045,0.017506653543561318,0.029208024166657156,0.01114866722084254,0.008468437870709411,0.268755722730054,0.11384487416611337
795,5.0806863487533045,0.017506650905682323,0.02920044953000764,0.011147084810586901,0.008467775370897832,0.2687086238906719,0.11381800992288833
796,5.0806863487533045,0.017506648272860605,0.02919288941526806,0.011145505434089882,0.008467122932497526,0.26866126696241843,0.11379119718313978
797,5.0806863487533045,0.01750664564508008,0.02918534377625528,0.011143929081703407,0.008466267514779587,0.26861309156303764,0.1137644357830744
798,5.0806863487533045,0.017506643022324738,0.02917781256699114,0.011142355743822215,0.008465422490871111,0.2685657364106667,0.11373772555962579
799,5.0806863487533045,0.01750664040457864,0.029170295741701248,0.011140785410883631,0.008464587822277643,0.26851788695109124,0.1137110663504503
800,5.0806863487533045,0.01750663779182591,0.02916279325481386,0.011139218073367296,0.00846375852716052,0.26846914692307566,0.11368445799392295
801,5.0806863487533045,0.017506635184050753,0.02915530506095871,0.011137653721794953,0.00846293952032884,0.2684215614994762,0.11365790032913334
802,5.0806863487533045,0.017506632581237438,0.029147831114965883,0.011136092346730199,0.008462130763797683,0.2683730663150236,0.1136313931958816
803,5.0806863487533045,0.017506629983370298,0.029140371371864652,0.01113453393877824,0.00846133221975993,0.26832422476642664,0.11360493643467437
804,5.0806863487533045,0.017506627390433748,0.029132925786882386,0.011133013201531502,0.008460543850585225,0.26827372161413293,0.1135785298867208
805,5.0806863487533045,0.01750662480241226,0.029125494315443402,0.011131587519724645,0.008459765618818945,0.26822292575588585,0.11355217339392856
806,5.080686348753304,0.01750662221929038,0.029118076913167878,0.01113003785433591,0.00845899748718118,0.2681720656826425,0.11352586679889996
807,5.080686348753304,0.01750661964105272,0.029110673535870737,0.0111284911190867,0.008458239418565707,0.26812000051873186,0.11349960994492798
808,5.080686348753304,0.01750661706768396,0.02910328413956054,0.011126947304786194,0.008457491376038994,0.26806776822944883,0.11347340267599239
809,5.0806863487533045,0.01750661449916885,0.02909590868043843,0.0111254885508056,0.008456753322839185,0.2680156477461859,0.11344724483675592
810,5.080686348753304,0.0175066119354922,0.02908854711489701,0.011123981608234308,0.008456025222375116,0.267963710475661,0.11342113627256038
811,5.080686348753304,0.01750660937663889,0.02908119939951931,0.01112248284738637,0.00845530703822532,0.2679113531058744,0.11339507682942292
812,5.080686348753304,0.01750660682259387,0.02907386549107768,0.011120950531293725,0.00845459873413705,0.267858692449506,0.11336906635403218
813,5.080686348753304,0.017506604273342146,0.029066545346532774,0.011119421090971974,0.008453900274025308,0.2678064896235407,0.11334310469374455
814,5.080686348753304,0.017506601728868795,0.029059238923032464,0.011117894517467775,0.008453215102723238,0.26775323352500574,0.11331719169658051
815,5.080686348753303,0.017506599189158964,0.029051946177910803,0.011116370801866683,0.008452539697210736,0.26769883434950703,0.1132913272112208
816,5.080686348753303,0.017506596654197855,0.029044667068687004,0.011114849935292942,0.008451713617994912,0.2676443457058768,0.11326551108700283
817,5.080686348753303,0.017506594123970737,0.02903740155306439,0.01111333190890926,0.00845089753314922,0.2675900862852061,0.11323974317391704
818,5.080686348753303,0.017506591598462948,0.029030149588929383,0.011111816713916603,0.008450091406505043,0.26753481552821157,0.11321402332260318
819,5.080686348753303,0.01750658907765988,0.029022911134350484,0.01111030434155398,0.00844929520205973,0.26747949329434423,0.11318835138434678
820,5.080686348753303,0.017506586561547,0.029015686147577262,0.011108794783098229,0.008448508883975653,0.2674244386571743,0.11316272721107558
821,5.080686348753304,0.017506584050109828,0.029008474587039347,0.011107288029863813,0.008447732416579246,0.26737016389951584,0.1131371506553559
822,5.080686348753303,0.017506581543333948,0.029001276411345443,0.011105784073202608,0.008446965764360086,0.2673155872139138,0.11311162157038915
823,5.080686348753304,0.017506579041205006,0.02899409157928233,0.011104282904503696,0.008446208891969958,0.26725868593390834,0.11308613981000838
824,5.080686348753304,0.017506576543708716,0.0289869200498139,0.011102784515193162,0.008445461764221923,0.2672025554905677,0.11306070522867465
825,5.080686348753304,0.017506574050830843,0.028979761782080147,0.011101288896733893,0.008444724346089413,0.26714724787453487,0.11303531768147372
826,5.080686348753303,0.017506571562557225,0.02897261673539623,0.011099796040625364,0.008443996602705313,0.2670924008012944,0.11300997702411253
827,5.080686348753304,0.017506569078873747,0.028965484869251504,0.011098305938403453,0.008443278499361056,0.26703787948085717,0.11298468311291579
828,5.080686348753304,0.017506566599766366,0.02895836614330854,0.011096818581640227,0.008442570001505724,0.2669820239751395,0.11295943580482261
829,5.080686348753303,0.017506564125221093,0.0289512605174022,0.01109533396194375,0.008441871074745162,0.2669260679948646,0.11293423495738313
830,5.080686348753303,0.017506561655224,0.02894416795153869,0.011094079849204064,0.00844118168484108,0.2668704787473437,0.11290908042875512
831,5.080686348753303,0.01750655918976122,0.028937088405894613,0.01109282916700655,0.008440501797710182,0.26681557253342864,0.11288397207770075
832,5.080686348753303,0.017506556728818935,0.02893002184081604,0.011091531877160618,0.008439831379423291,0.2667609856680573,0.11285890976358322
833,5.080686348753303,0.017506573985404367,0.028922968216817595,0.01109034245375051,0.008439170396204475,0.2667064411192827,0.11283389334636347
834,5.080686348753303,0.017506571521340702,0.02891592749458153,0.011089069092012193,0.008438518814430189,0.26665214737193627,0.11280892268659701
835,5.080686348753304,0.017506569061778603,0.0289088996349568,0.011087600034200751,0.008437876600628412,0.26659784722630053,0.11278399764543055
836,5.080686348753304,0.01750656660670443,0.02890188459895818,0.011086235528628302,0.008437079526634101,0.26654342754289984,0.1127591180845989
837,5.080686348753303,0.017506564156104597,0.028894882347765355,0.01108477176142419,0.008436292053362281,0.26648986148309756,0.11273428386642172
838,5.080686348753303,0.01750656170996557,0.028887892842722,0.011083310658705407,0.00843551414688564,0.26643472312494404,0.11270949485380033
839,5.080686348753304,0.017506559268273884,0.028880916045334944,0.011081852212425247,0.008434745773428853,0.2663807689713316,0.11268475091021463
840,5.080686348753304,0.017506556831016123,0.02887395191727323,0.011080494200327343,0.008433986899367711,0.2663270845564097,0.1126600518997199
841,5.080686348753304,0.017506554398178924,0.02886700042036729,0.011079040983299768,0.0084332374912283,0.26627294714237815,0.11263539768694374
842,5.080686348753304,0.017506551969748988,0.028860061516608027,0.011077590398881463,0.008432467631981234,0.26621864325492417,0.1126107881370829
843,5.080686348753304,0.01750654954571307,0.028853135168145985,0.01107629137707182,0.00843170722622734,0.2661646198761693,0.11258622311590033
844,5.080686348753303,0.017506562397611083,0.02884622133729047,0.011074845943687166,0.008430956240776239,0.2661108761659622,0.11256170248972201
845,5.080686348753303,0.017506559973057237,0.02883931998650871,0.011073403119437103,0.008430214642585192,0.26605631005876246,0.11253722612543404
846,5.080686348753304,0.0175065853091214,0.028832431078424984,0.011071962896507713,0.00842943175186733,0.26600121483959516,0.11251279389047951
847,5.0806863487533045,0.0175065828764955,0.028825554575819794,0.01107052526711774,0.008428658273968154,0.265945280739768,0.11248840565285559
848,5.080686348753304,0.01750658044824504,0.028818690441629043,0.011069175928678385,0.008427894176010486,0.26588850920834756,0.1124640612811105
849,5.0806863487533045,0.017506578024356966,0.028811838638943172,0.011067798938430157,0.008427139425262698,0.26583059577790513,0.11243976064434068
850,5.080686348753304,0.01750657560481827,0.02880499913100635,0.011066368958139903,0.008426393989137896,0.2657718608394767,0.1124155036121877
851,5.080686348753304,0.017506573189616,0.028798171881215643,0.011064941540739772,0.008425618057542073,0.2657124979398537,0.11239129005483545
852,5.080686348753304,0.017506570778737275,0.02879135685312023,0.011063516678608755,0.008424851447033825,0.26565200573487113,0.11236711984300723
853,5.080686348753303,0.017506568372169243,0.028784554010420547,0.011062094364157466,0.008424094125244216,0.26559276532195253,0.11234299284796284
854,5.080686348753303,0.017506565969899118,0.028777763316967516,0.011060734259002149,0.008423346059946766,0.2655330373442617,0.11231890894149577
855,5.080686348753303,0.017506575850488936,0.02877098473676171,0.011059316981490633,0.008422607219056667,0.2654732917332494,0.1122948679959303
856,5.080686348753304,0.017506573449423034,0.028764218233952612,0.011057916993900513,0.008421877570630013,0.26541410624683154,0.1122708698841188
857,5.080686348753303,0.017506571052630083,0.028757463772837766,0.011056504750419173,0.008421157082863017,0.265354308187015,0.11224691447943878
858,5.080686348753303,0.017506568660097456,0.028750721317862032,0.011055095017218287,0.008420445724091256,0.26529364323067367,0.1122230016557902
859,5.080686348753303,0.017506566271812598,0.0287439908336168,0.01105368778689451,0.008419743462788907,0.2652323962834837,0.11219913128759271
860,5.080686348753303,0.01750656388776299,0.0287372722848392,0.011052507579189743,0.008419050267567982,0.2651708213879722,0.11217530324978282
861,5.080686348753304,0.01750656150793617,0.028730565636411343,0.011051105198856877,0.008418342016325079,0.26510867870832167,0.1121515174178113
862,5.080686348753304,0.017506559132319736,0.02872387085335957,0.011049812074809174,0.0084176428114196,0.26504619950845487,0.11212777366764036
863,5.080686348753304,0.017506556760901324,0.02871718790085366,0.01104841458594398,0.008416952621747485,0.2649827864051397,0.112104071875741
864,5.080686348753304,0.01750655439366862,0.028710516744206105,0.011047019563740141,0.008416271416340056,0.26491970241610785,0.11208041191909031
865,5.080686348753303,0.01750655203060937,0.028703857348871344,0.011045627000973755,0.008415599164363274,0.26485517465119646,0.11205679367516883
866,5.080686348753304,0.017506549671711367,0.028697209680445018,0.011044236890450435,0.008414935835117017,0.2647907585277527,0.11203321702195794
867,5.080686348753304,0.01750654731696245,0.028690573704663245,0.011043047733821287,0.008414281398034355,0.26472484879583613,0.11200968183793714
868,5.080686348753304,0.017506544966350516,0.028683966346094193,0.011041662389098513,0.008413635822680825,0.2646598472138025,0.11198618800208159
869,5.080686348753304,0.017506542619863497,0.028677353643365593,0.011040279475416996,0.008412999078753716,0.26459306745265265,0.1119627353938593
870,5.080686348753304,0.017506540277489383,0.02867075253134289,0.01103889898569833,0.008412371136081367,0.26452647741288654,0.11193932389322882
871,5.080686348753304,0.01750653793921622,0.0286641629763167,0.011037585532972486,0.008411751964622446,0.2644593540714443,0.11191595338063644
872,5.080686348753304,0.01750653560503209,0.028657584944714477,0.011036209832078158,0.008411141534465262,0.26439119973405945,0.11189262373701381
873,5.0806863487533045,0.01750653327492513,0.028651032155554295,0.01103483653414981,0.008410539815827062,0.2643225827584468,0.11186933484377531
874,5.0806863487533045,0.017506530948883523,0.02864447706256175,0.011033572381851058,0.008409946779053334,0.26425441561066004,0.11184608658281563
875,5.0806863487533045,0.017506528626895498,0.0286379333931035,0.011032203806464224,0.00840936239461713,0.2641862302626917,0.11182287883650718
876,5.0806863487533045,0.017506526308949336,0.028631401114147227,0.011030837613343296,0.008408786633118373,0.26411844085810654,0.11179971148769768
877,5.0806863487533045,0.01750652399503336,0.02862488019279392,0.011029516950182843,0.00840821946528318,0.2640510336794626,0.1117765844197077
878,5.0806863487533045,0.017506521685135945,0.02861837059627721,0.01102815547579044,0.008407660861963187,0.2639835848233293,0.11175349751632815
879,5.0806863487533045,0.017506524903703944,0.028611872291962652,0.011026796363148727,0.008407110794134887,0.2639158211850611,0.11173045066181791
880,5.0806863487533045,0.01750652259859179,0.028605385247347088,0.011025439605459706,0.008406569232898946,0.26384852162179295,0.11170746411452452
881,5.0806863487533045,0.017506520297469158,0.02859890943005791,0.011024085195952688,0.008406036149479558,0.2637809435303733,0.1116844970005383
882,5.0806863487533045,0.017506518000324597,0.028592454432707047,0.011022733127884153,0.008405511515223781,0.2637134168721507,0.11166156959100208
883,5.0806863487533045,0.0175065157071467,0.02858600096788611,0.011021383394537614,0.00840499530160088,0.26364556432016917,0.11163868177202245
884,5.080686348753304,0.017506513417924092,0.028579558634060222,0.011020035989223477,0.008404452875757038,0.263578268785727,0.11161583343016201
885,5.080686348753304,0.017506511132645463,0.028573127399372424,0.011018763223994867,0.008403918873466714,0.2635115819045425,0.11159302445243703
886,5.080686348753304,0.01750650885129953,0.028566707232093008,0.011017420412957482,0.008403393266391496,0.26344271646811684,0.1115702547263151
887,5.0806863487533045,0.017506506573875067,0.028560298100618872,0.011016079910115585,0.008402876026313283,0.26337424129818404,0.11154752413971288
888,5.0806863487533045,0.01750650430036089,0.028553899973472872,0.011014741708885566,0.008402367125133666,0.2633046286244072,0.11152483258099373
889,5.0806863487533045,0.017506502030745857,0.0285475128193032,0.011013552250601214,0.008401866534873279,0.26323468641725506,0.11150217993896551
890,5.0806863487533045,0.01750649976501887,0.0285411366068827,0.011012218548634798,0.008401374227671178,0.26316538979120674,0.1114795661028782
891,5.0806863487533045,0.017506497503168877,0.028534771305108276,0.011010887128830454,0.00840089017578422,0.2630956541981757,0.11145699096242172
892,5.0806863487533045,0.017506495245184873,0.02852841688300024,0.011009557984708205,0.00840032241664709,0.26302526771626034,0.1114344544077237
893,5.0806863487533045,0.017506492991055892,0.02852207330970168,0.01100827916307711,0.008399763014648868,0.2629538536565498,0.11141195632934721
894,5.0806863487533045,0.01750649074077101,0.028515740554477836,0.011006954523441458,0.00839921194195143,0.2628820988132886,0.11138949661828854
895,5.0806863487533045,0.01750648849431935,0.028509418586715497,0.011005753698452502,0.008398669170833747,0.2628109640402031,0.11136707516597504
896,5.0806863487533045,0.01750648625169008,0.028503107375922362,0.011004433495814002,0.00839813467369128,0.2627387191590767,0.11134469186426293
897,5.0806863487533045,0.017506484012872404,0.028496806891726442,0.011003127468739235,0.008397608423035356,0.2626663424345299,0.11132234660543511
898,5.0806863487533045,0.017506481777855576,0.028490517103875453,0.011001811740624277,0.00839709039149258,0.26259306133277166,0.11130003928219898
899,5.0806863487533045,0.017506479546628883,0.02848423798223619,0.01100049824371886,0.008396580551804221,0.2625191422963456,0.1112777697876843
900,5.0806863487533045,0.017506477319181663,0.028477969496793952,0.010999186971744361,0.008396078876825612,0.2624453046376181,0.11125553801544114
901,5.080686348753304,0.01750647509550329,0.028471711617651937,0.010998012694999301,0.008395585339525568,0.2623704345444407,0.11123334385943766
902,5.080686348753304,0.017506472875583184,0.028465464315030626,0.010996810025216217,0.008395099912985782,0.2622949326450801,0.11121118721405804
903,5.080686348753304,0.017506470659410807,0.02845922755926723,0.010995746931558492,0.008394622570400244,0.26221965942742204,0.11118906797410034
904,5.0806863487533045,0.017506468446975655,0.028453001320815064,0.010994444224718425,0.008394153285074658,0.2621449476793922,0.11116698603477455
905,5.0806863487533045,0.017506466238267272,0.028446785570243004,0.010993143712242297,0.00839369203042586,0.26207004913149395,0.11114494129170037
906,5.0806863487533045,0.017506464033275247,0.028440580278234873,0.010991845387996333,0.00839323877998124,0.2619956097470061,0.11112293364090524
907,5.0806863487533045,0.01750646183198919,0.028434385415588882,0.01099054924587068,0.008392793507378178,0.2619216398529814,0.1111009629788223
908,5.0806863487533045,0.01750645963439878,0.028428200953217058,0.010989255279779307,0.00839235618636347,0.26184740336377516,0.11107902920228828
909,5.080686348753304,0.017506457440493707,0.028422026862144668,0.010987963483659869,0.008391926790792753,0.26177219419384423,0.11105713220854159
910,5.080686348753304,0.01750645525026372,0.028415863113509656,0.010986673851473602,0.008391505294629958,0.26169744825113084,0.11103527189522022
911,5.080686348753304,0.01750645306369861,0.02840970967856209,0.010985386377205197,0.008391091671946748,0.26162344525401354,0.11101344816035986
912,5.080686348753304,0.017506450880788192,0.028403566528663587,0.010984101054862692,0.008390685896921955,0.2615488795875466,0.11099166090239179
913,5.080686348753304,0.017506448701522334,0.028397433635286764,0.01098281787847734,0.008390287943841042,0.2614724404778198,0.11096991002014098
914,5.0806863487533045,0.017506446525890937,0.0283913109700147,0.010981653864321223,0.008389874443646656,0.26139621669832125,0.11094819541282411
915,5.0806863487533045,0.01750644435388394,0.028385198504540365,0.010980374896526266,0.008389468753172785,0.2613193186665215,0.11092651698004768
916,5.0806863487533045,0.017506442185491328,0.02837909621066609,0.01097909805702945,0.008389070846913971,0.26124237876023915,0.110904874621806
917,5.080686348753304,0.017506440020703114,0.02837300406030302,0.010977823339953483,0.008388680699469627,0.2611651081757131,0.11088326823847927
918,5.080686348753304,0.01750643785950936,0.02836692202547057,0.010976550739443727,0.008388044260083206,0.261086676271225,0.11086169773083179
919,5.080686348753304,0.01750643570190016,0.02836085007829591,0.01097531539883747,0.008387376904538233,0.2610087549573261,0.1108401630000099
920,5.080686348753304,0.01750643354786565,0.028354788191013402,0.010974222058914358,0.008386717717086937,0.26093079564471006,0.11081866394754017
921,5.080686348753304,0.017506431397395997,0.028348736335964096,0.010972955656307688,0.00838606667140978,0.2608523782751836,0.11079720047532753
922,5.080686348753304,0.017506429250481414,0.028342694485595194,0.010971691347266253,0.008385423741294553,0.26077376026648014,0.1107757724856534
923,5.080686348753304,0.017506427107112147,0.028336662612459533,0.0109704291260465,0.008384788900635837,0.260695607954299,0.11075437988117386
924,5.080686348753304,0.01750642496727848,0.028330659041107976,0.01096929768950785,0.008384162123434449,0.2606177803198249,0.11073302256491768
925,5.080686348753304,0.017506422830970734,0.02832467586991853,0.010968039555528131,0.00838354338379692,0.2605399316621221,0.11071170044028472
926,5.0806863487533045,0.017506420698179266,0.028318673738753155,0.010966783492388263,0.008382932655934943,0.26046151302963033,0.11069041341104387
927,5.0806863487533045,0.017506418568894476,0.02831268147612122,0.010965529494431704,0.00838232991416485,0.26038340047993014,0.11066916138133137
928,5.080686348753305,0.01750641644310679,0.028306699055095877,0.010964277556023482,0.00838173513290708,0.2603056724033023,0.11064794425564903
929,5.080686348753305,0.017506414320806685,0.028300726448852818,0.010963027671550094,0.008381148286685656,0.2602271316020342,0.11062676193886237
930,5.080686348753305,0.017506412201984657,0.028294763630669812,0.010961779835419383,0.008380569350127657,0.26014919348054,0.11060561433619885
931,5.080686348753305,0.017506410086631247,0.02828881057392618,0.010960534042060458,0.008379950493394728,0.26007060027379403,0.11058450135324618
932,5.080686348753306,0.01750640797473704,0.02828286725210231,0.010959290285923571,0.008379339574060384,0.2599915793124177,0.11056342289595048
933,5.080686348753306,0.017506405866292638,0.02827693363877917,0.010958048561480022,0.008378736566845624,0.2599134727598793,0.11054237887061456
934,5.080686348753306,0.017506403761288692,0.02827100970763781,0.01095680886322206,0.00837814144657325,0.25983456300878477,0.11052136918389621
935,5.080686348753306,0.017506401659715887,0.028265095432458878,0.010955571185662769,0.008377554188167359,0.2597553062846548,0.11050039374280644
936,5.080686348753306,0.017506399561564943,0.02825919078712214,0.010954335523335986,0.008376974766652837,0.25967639351339705,0.11047945245470779
937,5.080686348753306,0.01750639746682661,0.028253295745605995,0.01095314887600824,0.008376405643796658,0.25959711455115786,0.1104585452273126
938,5.080686348753306,0.017506395375491677,0.028247410281986993,0.010952116778967291,0.008375844304141802,0.25951824557617165,0.11043767196868133
939,5.080686348753307,0.017506393287550968,0.02824153437043938,0.010950886995292206,0.008375290723023386,0.2594378132254543,0.1104168325872209
940,5.080686348753306,0.017506391202995342,0.028235667985234594,0.010949659205408347,0.008374744875875261,0.25935746750346866,0.11039602699168298
941,5.080686348753306,0.017506389121815687,0.028229811100740833,0.010948433403951173,0.008374206738229533,0.25927756437528793,0.11037525509116233
942,5.080686348753306,0.01750638704400293,0.028223963691422552,0.010947209585576288,0.008373676285716067,0.2591987321849782,0.11035451679509517
943,5.080686348753307,0.01750638496954804,0.028218125731840026,0.010945987744959352,0.008373153494062006,0.25912016056566356,0.1103338120132575
944,5.080686348753308,0.017506382898442,0.028212297196648868,0.010944767876795975,0.008372638339091274,0.25904167654401683,0.11031314065576348
945,5.080686348753307,0.01750638083067584,0.028206478060599595,0.010943549975801633,0.008372130796724114,0.25896323344766964,0.11029250263306378
946,5.080686348753307,0.017506378766240623,0.028200668298537148,0.010942334036711564,0.008371630842976594,0.2588855043357877,0.11027189785594409
947,5.080686348753307,0.017506376705127447,0.028194867885400453,0.010941120054280676,0.008371138453960144,0.2588080871163105,0.1102513262355233
948,5.080686348753307,0.01750639819537639,0.02818907679622197,0.01093990802328345,0.00837047267586257,0.2587293281564625,0.11023078768325209
949,5.080686348753307,0.01750639612817615,0.028183295006127245,0.010938697938513852,0.008369814705532799,0.25865047816722875,0.11021028211091122
950,5.080686348753307,0.017506394064291816,0.028177522490334447,0.010937489794785236,0.00836916451859125,0.25856936693711874,0.11018980943061002
951,5.080686348753307,0.017506392003714552,0.028171759224153953,0.010936283586930247,0.008368524747219509,0.2584882423340531,0.11016936955478478
952,5.080686348753306,0.017506389946435566,0.028166005182987893,0.01093507930980074,0.008367892706513357,0.25840674600518276,0.11014896239619723
953,5.080686348753306,0.0175063878924461,0.02816026034232972,0.010934020591900726,0.008367268372392184,0.2583252608717815,0.11012858786793298
954,5.080686348753307,0.017506385841737415,0.028154524677763755,0.01093305516574203,0.008366651720870281,0.2582440484093109,0.11010824588339993
955,5.080686348753307,0.01750638379430082,0.028148798164964784,0.010932124079502746,0.008366024153957695,0.25816180012296785,0.11008793635632677
956,5.080686348753306,0.01750638175012765,0.028143080779697616,0.010930927128192831,0.008365404251561223,0.2580790955026441,0.1100676592007615
957,5.080686348753306,0.01750637970920927,0.028137372497816643,0.010929732082703413,0.008364791989898774,0.25799641569360654,0.11004741433106982
958,5.080686348753306,0.017506400524663138,0.02813167329526543,0.010928538937998207,0.008364187345281606,0.25791275619948023,0.11002720166193371
959,5.080686348753306,0.017506398478029022,0.028125983148076284,0.010927347689059508,0.008363590294113866,0.25782809903162485,0.11000702110834987
960,5.080686348753307,0.017506400656233434,0.028120302032369853,0.010926158330888098,0.008363000812892141,0.2577437034218558,0.10998687258562827
961,5.080686348753306,0.017506398613838813,0.028114629924354678,0.010925072003555119,0.008362418878205002,0.25765945967092824,0.10996675600939067
962,5.080686348753306,0.017506396574679117,0.028108966800326797,0.010923886358170874,0.008361844466732554,0.257574987756675,0.1099466712955691
963,5.080686348753306,0.01750641753448522,0.0281033305463576,0.010922702588751516,0.008361277555246,0.25749042864516136,0.10992661836040445
964,5.080686348753305,0.017506415489558634,0.028097685310029895,0.010921579192804011,0.00836073087343387,0.25740576312897023,0.10990659712044498
965,5.080686348753306,0.017506413447860834,0.02809204898711347,0.01092039912951991,0.008360192418378582,0.2573215678969771,0.1098866074925449
966,5.080686348753305,0.017506411409383364,0.028086421554250195,0.010919220927524714,0.00835966137283097,0.2572370357816774,0.10986664939386294
967,5.080686348753306,0.01750640937411779,0.028080802988167394,0.010918044581945879,0.008359137713978036,0.25715272985447707,0.10984672274186083
968,5.080686348753305,0.01750640734205571,0.028075193265677444,0.010916870087928672,0.008358621419095472,0.2570679922323615,0.10982682745430199
969,5.080686348753305,0.01750640531318876,0.02806959236367738,0.010915697440636076,0.008358112465547247,0.2569834498823202,0.10980696344925009
970,5.0806863487533045,0.017506403287508597,0.028064000259148486,0.010914526635248724,0.008357610830785159,0.25689952107943165,0.10978713064506757
971,5.0806863487533045,0.01750640126500692,0.028058416929155915,0.0109133576669648,0.008357116492348424,0.25681513432876535,0.10976732896041436
972,5.0806863487533045,0.017506399245675444,0.02805284235084829,0.010912190530999965,0.00835662942786325,0.25672941759417345,0.10974755831424635
973,5.0806863487533045,0.017506397229505928,0.028047276501457313,0.010911025222587276,0.008355988587742037,0.2566437943566018,0.10972781862581416
974,5.0806863487533045,0.01750639521649015,0.028041719358297384,0.010909861736977108,0.008355355228966747,0.2565581696895596,0.10970810981466166
975,5.0806863487533045,0.017506393206619925,0.028036170898765204,0.010908700069437057,0.008354729328768106,0.25647304004202026,0.1096884318006246
976,5.0806863487533045,0.017506391199887093,0.02803063110033941,0.010907546245268906,0.008354110864464546,0.25638760953561207,0.10966878450382932
977,5.0806863487533045,0.01750638919628353,0.028025099940580174,0.010906388196581464,0.008353473998111469,0.2563003862580626,0.10964916784469136
978,5.0806863487533045,0.017506387195801127,0.02801957739712884,0.010905231951874468,0.008352844562766273,0.25621274940492145,0.10962958174391414
979,5.080686348753304,0.017506385198431822,0.02801406344770754,0.010904077506483643,0.00835222253590399,0.2561253285716717,0.10961002612248755
980,5.0806863487533045,0.01750638320416757,0.028008558070118816,0.01090292485576155,0.008351607895086053,0.2560378744977093,0.10959050090168672
981,5.0806863487533045,0.017506381213000362,0.028003061242245258,0.010901852469055107,0.008351000617959884,0.2559501623639756,0.10957100600307064
982,5.0806863487533045,0.017506379224922212,0.027997572942049125,0.010900703352896344,0.008350400682258485,0.2558620406140317,0.10955154134848087
983,5.0806863487533045,0.01750637723992517,0.027992093147571978,0.010899672732731836,0.008349808065800032,0.2557740610689066,0.10953210686004024
984,5.080686348753304,0.01750637525800131,0.027986621836934324,0.010898719237552697,0.008349222746487462,0.25568581707005034,0.1095127024601515
985,5.080686348753304,0.017506373279142732,0.027981158988335232,0.010897575289905037,0.008348644702308073,0.2555970814900747,0.10949332807149609
986,5.080686348753304,0.017506371303341567,0.02797570458005199,0.010896433109701467,0.008348016553791457,0.25550790637062243,0.10947398361703284
987,5.0806863487533045,0.017506369330589976,0.02797025859043974,0.010895292692409441,0.008347395725163279,0.2554173002447597,0.10945466901999665
988,5.0806863487533045,0.017506367360880144,0.027964820997931107,0.010894154033512649,0.008346782194434724,0.25532697985881,0.10943538420389731
989,5.0806863487533045,0.01750636539420429,0.027959391781035865,0.010893017128510927,0.008346175939700561,0.25523759406209046,0.10941612909251816
990,5.080686348753305,0.017506373968654627,0.027953970918340572,0.010891881972920198,0.008345576939138741,0.2551481515246452,0.10939690360991487
991,5.080686348753305,0.017506372002581736,0.027948558388508207,0.010890834401481777,0.008344985171010007,0.2550581654204365,0.10937770768041415
992,5.0806863487533045,0.017506370039527985,0.027943154170277835,0.010889702687043578,0.008344362753615433,0.2549680814579873,0.10935854122861256
993,5.080686348753305,0.017506368079485687,0.027937758242464267,0.010888572708727793,0.008343747583501964,0.2548775616664059,0.10933940417937527
994,5.080686348753305,0.017506366122447173,0.02793237058395768,0.010887444462113746,0.008343139639028486,0.25478624348295564,0.10932029645783478
995,5.080686348753306,0.0175063641684048,0.027926991173723315,0.010886317942796483,0.008342538898635649,0.2546956321373881,0.1093012179893898
996,5.080686348753306,0.017506362217350954,0.027921619990801106,0.010885193146386689,0.008341945340845482,0.25460431534355216,0.10928216869970392
997,5.080686348753306,0.0175063800017531,0.02791625701430534,0.010884070068510622,0.008341358944261008,0.2545129085479857,0.10926314851470446
998,5.080686348753306,0.017506378046536257,0.02791090222342435,0.010882948704810042,0.008340779687565868,0.2544217689403129,0.10924415736058131
999,5.080686348753307,0.01750637609430069,0.027905555597420126,0.010881829050942139,0.008340207549523937,0.2543318250952605,0.10922519516378563
1000,5.080686348753307,0.01750637414503885,0.02790021711562803,0.010880711102579465,0.00833964250897895,0.25424238895686424,0.10920626185102879
1001,5.080686348753306,0.017506372198743222,0.02789488675745643,0.010879594855409862,0.00833908454485413,0.2541533036146146,0.10918735734928106
1002,5.080686348753306,0.01750637025540631,0.027889564502386395,0.010878480305136396,0.008338533636151814,0.2540647921405388,0.10916848158577055
1003,5.080686348753306,0.017506368315020657,0.027884250329971334,0.01087736744747728,0.008337989761953078,0.2539763814803345,0.10914963448798198
1004,5.080686348753306,0.017506366377578814,0.027878944219836707,0.010876256278165818,0.00833745290141738,0.25388823160244034,0.10913081598365555
1005,5.080686348753306,0.017506364443073373,0.027873646151679667,0.010875146792950327,0.008336923033782181,0.2538010456483039,0.10911202600078573
1006,5.080686348753306,0.017506362511496943,0.02786835610526875,0.010874038987594072,0.008336400138362591,0.2537137174785463,0.10909326446762016
1007,5.080686348753306,0.017506360582842165,0.02786307406044355,0.01087298615736163,0.008335884194551006,0.2536267812768703,0.10907453131265853
1008,5.080686348753306,0.017506358657101706,0.02785779999711441,0.01087188167201938,0.008335375181816745,0.253539651476855,0.10905582646465138
1009,5.080686348753306,0.017506356734268255,0.027852533895262085,0.010870778853956016,0.00833487307970569,0.25345313727395363,0.10903714985259903
1010,5.080686348753306,0.017506354814334525,0.027847275734937435,0.010869712010348705,0.008334377867839936,0.2533669478761875,0.10901850140575041
1011,5.080686348753306,0.017506352897293256,0.02784202549626111,0.010868612496961125,0.008333889525917437,0.2532811143916,0.10899988105360195
1012,5.080686348753306,0.01750635098313722,0.027836783159423242,0.010867523937983046,0.008333408033711647,0.2531951017663263,0.10898128872589652
1013,5.080686348753306,0.017506349071859207,0.02783154870468312,0.010866427725395934,0.008332933371071181,0.25310869424899785,0.10896272435262225
1014,5.080686348753306,0.017506347163452035,0.027826322112368886,0.010865333159377693,0.008332465517919458,0.2530218024606339,0.1089441878640115
1015,5.080686348753306,0.01750634525790854,0.027821103362877242,0.010864240235822949,0.00833200445425436,0.25293317165629764,0.10892567919053972
1016,5.080686348753305,0.0175063433552216,0.027815892436673116,0.010863148950640618,0.008331550160147883,0.25284423473815165,0.10890719826292437
1017,5.080686348753305,0.017506341455384097,0.027810689314289382,0.010862059299753849,0.008331102615745803,0.2527546581028591,0.10888874501212388
1018,5.080686348753305,0.017506339558388956,0.027805493976326538,0.010860971279099947,0.00833050325246729,0.2526648022756327,0.10887031936933651
1019,5.080686348753305,0.017506337664229106,0.027800306403452418,0.010859931060788103,0.00832991083637589,0.25257530788122995,0.10885192126599932
1020,5.080686348753305,0.01750633577289753,0.027795126576401884,0.010858912130545401,0.008329325347248749,0.25248627802612106,0.10883355063378711
1021,5.080686348753306,0.017506333884387205,0.027789954475976535,0.010857828920228709,0.00832874676493747,0.2523982480697253,0.10881520740461137
1022,5.080686348753306,0.017506331998691144,0.027784790083044405,0.010856747324118137,0.008328175069367779,0.25231031959568234,0.10879689151061916
1023,5.080686348753307,0.0175063301158024,0.027779633378539666,0.010855667338220668,0.008327610240539182,0.25222112965145194,0.1087786028841922
1024,5.080686348753307,0.01750632823571402,0.02777448434346234,0.0108547093054699,0.008327052258524625,0.25213253221896703,0.10876034145794564
1025,5.080686348753307,0.017506326358419096,0.027769342958878007,0.010853632468013708,0.008326459056502688,0.25204361204118597,0.1087421071647272
1026,5.080686348753307,0.017506324483910738,0.027764209205917514,0.01085257427513566,0.00832587272407217,0.25195495990731037,0.10872389993761604
1027,5.080686348753307,0.01750632261218208,0.027759083065776676,0.01085150062206202,0.008325293241370555,0.2518660821469927,0.10870571970992178
1028,5.080686348753306,0.017506320743226278,0.027753964519716012,0.010850428559543318,0.008324720588607965,0.2517772782298634,0.1086875664151835
1029,5.080686348753306,0.017506318877036516,0.027748853549060443,0.010849358083668123,0.008324130877852495,0.2516887955629438,0.10866943998716866
1030,5.080686348753307,0.017506317013606002,0.027743750135199002,0.010848289190538428,0.008323547992963087,0.25160096356750106,0.10865134035987212
1031,5.080686348753306,0.017506315152927953,0.027738654259584564,0.0108472218762696,0.0083229600209401,0.25151254497734027,0.10863326746751516
1032,5.080686348753306,0.01750631329499563,0.027733565903733572,0.010846156136990318,0.008322378853084171,0.2514250314495267,0.1086152212445445
1033,5.080686348753306,0.0175063114398023,0.027728485049225735,0.01084510189597305,0.00832179718207194,0.25133787382441874,0.10859720162563123
1034,5.080686348753305,0.017506309587341264,0.02772341167770376,0.010844090822047169,0.008321222286909903,0.2512509964168292,0.10857920854566991
1035,5.0806863487533045,0.01750630773760584,0.02771834577087309,0.010843164125627353,0.008320660654706094,0.25116412590650167,0.10856124193977755
1036,5.0806863487533045,0.017506305890589376,0.02771328731050161,0.010842104551191977,0.008320111539229484,0.2510773155287213,0.10854330174329263
1037,5.0806863487533045,0.017506304046285236,0.027708236278419375,0.010841046532729132,0.00831956912343738,0.25099053763712326,0.10852538789177414
1038,5.0806863487533045,0.017506302204686804,0.02770319265651836,0.010839990066445804,0.008319033388139555,0.2509047981634202,0.10850750032100062
1039,5.0806863487533045,0.01750630036578749,0.02769815642675215,0.010839038851982613,0.008318504314215242,0.25081824187291774,0.10848963896696917
1040,5.0806863487533045,0.01750629852958073,0.027693127571135706,0.010837985427730972,0.008317982003812265,0.25073204706155755,0.10847180376589456
1041,5.0806863487533045,0.017506296696059978,0.02768810607174509,0.010836933544431642,0.008317402478381836,0.2506449836564975,0.10845399465420824
1042,5.080686348753305,0.017506294865218718,0.027683091910717182,0.010835883198342732,0.008316829650491846,0.25055729280943145,0.10843621156855734
1043,5.0806863487533045,0.01750629303705044,0.027678085070249426,0.010834967615729387,0.00831626350107038,0.25046972636678566,0.10841845444580382
1044,5.0806863487533045,0.017506291211548668,0.027673085532599583,0.010834121600754743,0.008315704011114203,0.2503821982611632,0.10840072322302353
1045,5.080686348753304,0.01750628938870695,0.027668093280085435,0.010833075680266945,0.008315151161688452,0.2502942311385349,0.10838301783750523
1046,5.080686348753304,0.01750628756851885,0.02766310829508456,0.010832031282386629,0.008314604933926328,0.2502060483395736,0.10836533822674968
1047,5.080686348753304,0.017506285750977953,0.02765813056003404,0.010830988403434208,0.008314065309028793,0.2501179366104236,0.10834768432846874
1048,5.080686348753303,0.01750628393607787,0.02765316005743022,0.010829947039742516,0.00831349160941212,0.2500283079144753,0.10833005608058446
1049,5.080686348753302,0.01750628212381223,0.027648196769828454,0.010828907187656748,0.008312924534282949,0.24993882240863166,0.1083124534212281
1050,5.080686348753302,0.017506280314174685,0.027643240679842855,0.010827868843534408,0.00831236406490149,0.24984885598958645,0.10829487628873935
1051,5.080686348753302,0.01750628464157328,0.027638291770146012,0.010826842526053447,0.008311810182594987,0.2497591802503739,0.10827732462166531
1052,5.080686348753302,0.017506282834190947,0.02763335002346877,0.010825807181864402,0.008311262868757427,0.24967009195822568,0.10825979835875965
1053,5.080686348753302,0.017506281029422106,0.02762841542259996,0.010824773334792006,0.008310722104849226,0.2495808303267488,0.10824229743898173
1054,5.080686348753301,0.017506279227260477,0.02762348795038616,0.010823740981242454,0.008310187872396955,0.24949110078317963,0.10822482180149567
1055,5.080686348753302,0.017506277427699817,0.02761856758973144,0.010822710117633978,0.008309664238314092,0.24940028063369157,0.10820737138566955
1056,5.080686348753303,0.017506275630733887,0.027613654323597116,0.01082170010024103,0.00830914709304704,0.24930883858222236,0.10818994613107441
1057,5.080686348753303,0.01750627383635648,0.027608748135001505,0.010820672196451282,0.008308636418333133,0.24921632113627248,0.10817254597748348
1058,5.080686348753302,0.017506272044561403,0.02760384900701967,0.01081964577194255,0.008308132195974637,0.2491231885188644,0.10815517086487127
1059,5.080686348753302,0.01750627025534249,0.027598956922783205,0.010818620823180712,0.00830763440783846,0.24902906342068895,0.10813782073341273
1060,5.080686348753303,0.017506268468693593,0.02759407186547996,0.010817597346643419,0.008307143035855865,0.24893553391197729,0.10812049552348238
1061,5.080686348753303,0.017506266684608574,0.027589193818353817,0.010816575338820071,0.008306658062022184,0.2488409422591912,0.10810319517565341
1062,5.080686348753304,0.017506264903081336,0.027584322764704454,0.010815554796211758,0.008306179468396537,0.2487467321027604,0.10808591963069691
1063,5.080686348753303,0.01750626312410579,0.027579458687887092,0.01081459984389796,0.008305707237101551,0.24865268477992475,0.108068668829581
1064,5.080686348753302,0.01750626134767586,0.02757460157131227,0.010813582190451244,0.008305241350323081,0.24855904115081787,0.1080514427134699
1065,5.080686348753301,0.017506259573785505,0.027569751398445606,0.01081256599183651,0.008304781790309926,0.24846569512578123,0.10803424122372327
1066,5.080686348753302,0.017506257802428704,0.027564908152807568,0.010811681420884053,0.00830432853937356,0.24837304610147712,0.10801706430189523
1067,5.080686348753302,0.01750625603359944,0.027560071817973222,0.010810668059205563,0.008303881579887849,0.24828021920186133,0.10799991188973357
1068,5.080686348753302,0.01750625426729173,0.02755524237757202,0.010809713617416228,0.008303440894288775,0.24818793741463166,0.10798278392917895
1069,5.080686348753302,0.017506252503499607,0.027550419815287563,0.010808703114022523,0.008302986202131631,0.2480934408985359,0.10796568036236409
1070,5.080686348753303,0.017506250742217122,0.02754560411485736,0.010807694048438558,0.008302537777749803,0.24799921009492196,0.1079486011316129
1071,5.080686348753304,0.017506248983438343,0.027540811588064325,0.010806686417267992,0.008302095603695901,0.24790476502337727,0.1079315461794397
1072,5.080686348753304,0.01750624722715737,0.027536009554982192,0.010805797870001882,0.008301659662583803,0.2478105165924425,0.10791451544854844
1073,5.080686348753304,0.017506245473368303,0.027531214335299134,0.010804793041453016,0.008301235066591263,0.2477160514426615,0.10789750888183182
1074,5.080686348753304,0.01750624372206528,0.027526425912966043,0.010803789637275036,0.008300816661679795,0.24762081034283118,0.10788052642237062
1075,5.080686348753304,0.01750624197324245,0.027521644271986587,0.010802787654115943,0.008300404430662572,0.24752468567996427,0.10786356801343279
1076,5.0806863487533045,0.017506240226893982,0.027516869396417003,0.010801787088634753,0.008299996470588766,0.24742737660666178,0.10784663359847273
1077,5.080686348753304,0.01750623848301406,0.02751210127036587,0.010800787937501449,0.008299594652881426,0.2473303688409285,0.10782972312113039
1078,5.080686348753304,0.017506236741596893,0.027507339877993885,0.010799923867908094,0.008299198960527122,0.2472333280952163,0.10781283652523067
1079,5.0806863487533045,0.01750623500263671,0.02750258520351365,0.01079892747218912,0.008298809376571794,0.24713597516467292,0.10779597375478252
1080,5.0806863487533045,0.017506233266127748,0.027497837231189443,0.010797932480982608,0.008298425884120513,0.24703892735441438,0.10777913475397811
1081,5.080686348753305,0.017506231532064275,0.027493095945337026,0.010796938891001752,0.008298048466337218,0.24694225649111332,0.1077623194671923
1082,5.080686348753305,0.01750622980044058,0.0274883613303234,0.010795946698970483,0.008297500560679983,0.24684500612449792,0.10774552783898154
1083,5.0806863487533045,0.01750622884400561,0.0274836333705666,0.010794955901623418,0.008296958944357426,0.24674799117754986,0.107728765127914
1084,5.0806863487533045,0.017506227116879946,0.027478912050535487,0.01079396649570584,0.008296423600129426,0.24665128768109912,0.10771202064874025
1085,5.080686348753304,0.01750622539217752,0.027474197354749534,0.01079297847797362,0.008295894510815603,0.24655356625298383,0.10769529966289768
1086,5.080686348753304,0.017506223669892695,0.027469489267778615,0.010791991845193208,0.008295380416142684,0.2464560581754445,0.1076786021156623
1087,5.080686348753304,0.017506221950019843,0.027464787774242775,0.01079100659414156,0.008294872529937854,0.24635755600020778,0.1076619279524881
1088,5.0806863487533045,0.017506220232553354,0.02746009285881206,0.010790025639415323,0.008294370835226926,0.24625915301257154,0.10764527711900633
1089,5.0806863487533045,0.01750621851748764,0.02745542070227116,0.010789043140824264,0.008293885587201642,0.246160316598686,0.10762864956102473
1090,5.0806863487533045,0.017506216804817124,0.02745073888966402,0.010788062014357423,0.008293406482551823,0.24606193935005619,0.10761204522452684
1091,5.080686348753304,0.017506215094536263,0.02744606360948048,0.010787082256833391,0.008292933504511657,0.2459631246484861,0.10759546405567123
1092,5.080686348753304,0.017506213386639515,0.0274413948465884,0.010786103865081054,0.008292466636373095,0.2458643288733153,0.10757890600079081
1093,5.080686348753303,0.017506211681121358,0.027436732585904573,0.010785126835939556,0.008292005861485601,0.245766056577032,0.10756237100639204
1094,5.080686348753304,0.017506209977976302,0.027432076812394537,0.010784151166258261,0.008291510652897278,0.24566803020394234,0.10754585901915431
1095,5.080686348753304,0.017506208277198856,0.02742742751107237,0.010783176852896694,0.008291021560745682,0.24556866433709595,0.1075293699859291
1096,5.080686348753304,0.017506206578783566,0.02742278466700049,0.010782203892724523,0.008290538568421376,0.24546935908311343,0.1075129038537394
1097,5.080686348753303,0.01750620488272497,0.02741814826528946,0.010781232282621494,0.008290061659371876,0.24537026259145592,0.10749646056977885
1098,5.080686348753303,0.017506203189017654,0.027413518291097783,0.010780262019477406,0.008289590817101416,0.2452717009813976,0.1074800400814112
1099,5.080686348753304,0.0175062014976562,0.027408894729631702,0.010779293100192062,0.008289055413487161,0.24517354768839525,0.10746364233616947
1100,5.080686348753304,0.017506199808635218,0.02740427756614501,0.010778325521675229,0.008288520750752273,0.24507457234335764,0.10744726728175533
1101,5.080686348753304,0.017506198121949316,0.027399666785938845,0.010777359280846593,0.00828799221058615,0.24497587633105486,0.10743091486603835
1102,5.080686348753304,0.017506196437593147,0.02739506237436151,0.010776394374635725,0.008287469776476592,0.2448775389363792,0.10741458503705538
1103,5.080686348753304,0.017506194755561366,0.027390464316808246,0.010775430799982038,0.008286953431967677,0.24477858831224308,0.10739827774300979
1104,5.080686348753304,0.01750619307584865,0.027385872598721092,0.010774468553834746,0.00828644514065123,0.24467936802964285,0.10738199293227084
1105,5.0806863487533045,0.01750619139844969,0.027381287205588647,0.010773581226479763,0.008285942903464115,0.24457952691116389,0.10736573055337297
1106,5.0806863487533045,0.017506189723359194,0.02737670812294589,0.010772727214361568,0.008285446704124079,0.2444798666222992,0.10734949055501505
1107,5.080686348753305,0.017506188050571886,0.027372135336374,0.010771924211669162,0.008284956526404185,0.24437996209674107,0.10733327288605991
1108,5.080686348753305,0.017506186380082507,0.027367568831500162,0.01077096709495714,0.008284472354132577,0.24427972881928903,0.10731707749553343
1109,5.080686348753305,0.017506184711885815,0.027363008593997373,0.010770049655200047,0.00828399417119225,0.24417973120080383,0.10730090433262404
1110,5.080686348753305,0.01750618304597659,0.027358454609584262,0.010769095145050393,0.008283521961520813,0.2440799154834013,0.10728475334668197
1111,5.080686348753305,0.01750618138234962,0.027353906864024904,0.010768258764072312,0.008283055709110265,0.24398028757762485,0.1072686244872186
1112,5.080686348753305,0.017506191985465512,0.027349365343128623,0.010767306812570904,0.00828259539800676,0.2438812131869979,0.10725251770390588
1113,5.080686348753306,0.017506190320755864,0.027344830032749824,0.010766356162860584,0.008282141012310383,0.2437834337086595,0.10723643294657556
1114,5.080686348753306,0.017506188658320647,0.02734030562881956,0.010765406811985696,0.00828169253617492,0.24368492016266285,0.10722037016521858
1115,5.080686348753306,0.01750618699815469,0.027335782695059443,0.010764458756999946,0.008281249953807631,0.2435856113922502,0.10720432930998447
1116,5.080686348753305,0.017506185340252865,0.027331265929651558,0.010763511994966384,0.008280813249469032,0.24348692000287456,0.10718831033118066
1117,5.080686348753305,0.017506183684610037,0.02732675531862876,0.010762566522957342,0.008280382407472659,0.243388517512663,0.10717231317927182
1118,5.080686348753306,0.017506182031221097,0.027322250848068063,0.010761622338054418,0.00827995741218486,0.24329049963355734,0.1071563378048793
1119,5.080686348753307,0.017506180380080952,0.027317752504090475,0.010760679437348427,0.008279538248024564,0.24319210320443355,0.10714038415878038
1120,5.080686348753307,0.017506178731184523,0.027313260272860802,0.010759737817939366,0.008279124899463057,0.24309412187848992,0.10712445219190775
1121,5.080686348753306,0.017506177084526748,0.02730877414058748,0.010758797476936375,0.008278717351023777,0.24299631108606334,0.10710854185534875
1122,5.080686348753307,0.017506189488309218,0.0273042940935224,0.010757858411457705,0.008278315587282085,0.2428987418065837,0.10709265310034495
1123,5.080686348753307,0.01750618783972099,0.027299820117960734,0.010756920618630676,0.008277919592865052,0.2428006644160976,0.1070767858782913
1124,5.080686348753307,0.017506186193364977,0.02729535220024073,0.010755984095591644,0.008277529352451239,0.24270234875303365,0.10706094014073562
1125,5.080686348753307,0.017506184549236165,0.027290890326743596,0.010755048839485963,0.008277144850770484,0.24260422265625603,0.10704511583937804
1126,5.080686348753306,0.01750618290732955,0.02728643448389327,0.010754228657075888,0.008276766072603694,0.24250619201262183,0.10702931292607024
1127,5.080686348753307,0.017506181267640145,0.027281984658156292,0.010753538974838144,0.008276393002782625,0.24240838621634253,0.107013531352815
1128,5.080686348753306,0.017506179630162978,0.0272775408360416,0.010752836414489094,0.008276025626189672,0.24231072097448558,0.10699777107176543
1129,5.080686348753306,0.017506177994893096,0.02727310300410037,0.010751906557929968,0.008275663927757665,0.2422120843141295,0.10698203203522452
1130,5.080686348753306,0.017506176361825557,0.027268671148925852,0.010751055490486126,0.008275307892469646,0.2421135535256611,0.10696631419564441
1131,5.080686348753306,0.01750617473095543,0.0272642452571532,0.01075012747652757,0.008274957505358673,0.24201477942498,0.10695061750562587
1132,5.080686348753306,0.017506173102277818,0.027259825315459302,0.010749200710172076,0.008274612751507607,0.24191549794010664,0.10693494191791768
1133,5.080686348753306,0.017506171475787816,0.02725541131056261,0.010748275188634793,0.00827427361604891,0.2418159295820605,0.10691928738541603
1134,5.080686348753306,0.01750616985148055,0.02725100322922297,0.010747350909139548,0.008273940084164431,0.24171632604306031,0.10690365386116395
1135,5.080686348753306,0.017506168229351162,0.027246601058241476,0.010746445611778756,0.008273612141085213,0.24161711254358406,0.10688804129835071
1136,5.080686348753306,0.017506166609394795,0.02724220478446028,0.010745523800093122,0.008273289772091278,0.24151748212431562,0.10687244965031119
1137,5.080686348753306,0.017506164991606617,0.027237814394762444,0.010744603222183426,0.008272972962511435,0.2414181182290842,0.10685687887052543
1138,5.080686348753306,0.01750616337598181,0.02723342987607177,0.010743683875307844,0.008272661697723074,0.24131884779015392,0.10684132891261791
1139,5.080686348753307,0.017506161762515574,0.027229051215352643,0.010742765756733068,0.008272355963151965,0.2412197529375017,0.106825799730357
1140,5.080686348753307,0.01750616015120312,0.02722467839960986,0.010741848863734261,0.00827205574427206,0.24112075821634,0.10681029127765448
1141,5.080686348753307,0.017506158542039667,0.027220311415888484,0.010740933193595028,0.008271693208137337,0.24102175038156787,0.10679480350856486
1142,5.080686348753306,0.017506156935020462,0.02721595025127367,0.010740018743607383,0.008271336249155149,0.2409227484377265,0.1067793363772849
1143,5.080686348753307,0.01750615533014076,0.027211594892890524,0.01073910551107171,0.008270984852742861,0.2408231500434637,0.10676388983815296
1144,5.080686348753307,0.017506153727395835,0.027207245327903903,0.010738193493296739,0.008270642901574586,0.2407238717041291,0.1067484638456485
1145,5.080686348753308,0.017506152126780968,0.02720290154351832,0.010737328255350962,0.00827030647877537,0.2406247598301612,0.10673305835439152
1146,5.080686348753308,0.01750615052829146,0.02719856352697772,0.010736418638741812,0.008270003145565427,0.2405256197679199,0.10671767331914195
1147,5.080686348753308,0.01750614893192262,0.02719423126556539,0.010735510228896216,0.008269705275332561,0.24042669128406835,0.10670230869479914
1148,5.080686348753309,0.017506147337669788,0.02718990474660375,0.010734603023155879,0.008269412853824185,0.24032729922489116,0.10668696443640134
1149,5.080686348753308,0.017506145745528296,0.027185583957454216,0.01073369701887068,0.008269125866834474,0.24022819889316244,0.10667164049912507
1150,5.080686348753308,0.017506144155493505,0.02718126888551706,0.010732792213398642,0.008268844626041156,0.24012926826697403,0.10665633683828461
1151,5.080686348753308,0.017506142567560782,0.02717695951823125,0.010731918696094729,0.008268342876904837,0.2400297525831084,0.10664105340933151
1152,5.080686348753308,0.017506140981725524,0.02717265584307428,0.010731016267010571,0.00826784537495134,0.23993035789234887,0.10662579016785396
1153,5.080686348753308,0.01750613939798312,0.027168357847562035,0.010730115028879817,0.008267353550381929,0.2398309000116427,0.1066105470695763
1154,5.080686348753308,0.017506137816328985,0.027164069542247933,0.010729280329517886,0.008266867388566012,0.23973174698396774,0.10659532407035849
1155,5.080686348753309,0.017506136236758556,0.02715978286694619,0.01072838143656768,0.008266392409601229,0.23963217285070088,0.10658012112619554
1156,5.080686348753308,0.017506134659267265,0.027155501834067994,0.010727498359748244,0.008265923056986311,0.23953212846118685,0.10656493819321704
1157,5.080686348753308,0.017506133083850576,0.027151226431281275,0.010726601824123367,0.008265459316248903,0.23943137327516503,0.10654977522768658
1158,5.080686348753308,0.01750613151050395,0.027146956646291596,0.01072575982119756,0.008265001172963648,0.23933041534161717,0.10653463218600122
1159,5.080686348753307,0.017506144862722856,0.027142692466842023,0.010724977838984349,0.008264548612752004,0.23922962346433355,0.10651950902469103
1160,5.080686348753307,0.017506143286930807,0.027138433880712957,0.010724084756841253,0.008264101621282055,0.23912977270708557,0.1065044057004185
1161,5.080686348753307,0.01750614171320393,0.027134180875722006,0.01072319284513704,0.008263638547845266,0.23903014689669985,0.10648932216997804
1162,5.080686348753307,0.017506140141537733,0.027129933439723832,0.010722302101324667,0.008263181042956744,0.2389308404078822,0.10647425839029555
1163,5.080686348753307,0.017506138571927732,0.027125691560610007,0.010721412522864843,0.008262729092361726,0.23883161589953156,0.10645921431842773
1164,5.080686348753308,0.01750613700436946,0.02712145522630886,0.010720524107225973,0.008262282681851505,0.23873196269859823,0.10644418991156171
1165,5.080686348753308,0.017506135438858466,0.02711722442478535,0.010719636851884148,0.00826184179726326,0.2386326627785113,0.10642918512701452
1166,5.080686348753307,0.017506133875390312,0.02711299914404092,0.010718750754323112,0.008261401076073758,0.23853320953718513,0.10641419992223256
1167,5.080686348753307,0.017506132313960567,0.02710877937211334,0.010717865812034228,0.008260965859590599,0.23843285178263054,0.1063992342547911
1168,5.080686348753307,0.01750613075456482,0.027104565097076583,0.010716982022516449,0.008260536133772397,0.2383318535678427,0.1063842880823938
1169,5.080686348753306,0.017506129197198673,0.027100372503713208,0.01071609938327629,0.00826011188462295,0.23823110951487522,0.10636936136287216
1170,5.080686348753306,0.017506127641857737,0.027096169179753007,0.010715218679112029,0.008259702542888556,0.2381299107462605,0.1063544540541851
1171,5.080686348753306,0.01750612608853764,0.027091971317130516,0.01071433833263334,0.00825929863769397,0.23802926584376263,0.1063395661144184
1172,5.080686348753306,0.017506124537234026,0.02708777890406307,0.010713459128997337,0.008258900155203964,0.23792816787374224,0.10632469750178423
1173,5.080686348753306,0.01750612298794254,0.02708359192880351,0.010712581065740488,0.008258507081627692,0.2378276005754249,0.10630984817462069
1174,5.080686348753306,0.017506121440658856,0.027079410379640047,0.010711704140406677,0.00825811940321853,0.23772727836140542,0.10629501809139129
1175,5.080686348753307,0.01750611989537865,0.027075234244896104,0.010710828350547175,0.00825773710627389,0.23762653662360686,0.10628020721068446
1176,5.080686348753306,0.017506118352097613,0.02707106351293021,0.010709953693720612,0.008257360177135043,0.2375259665447897,0.10626541549121307
1177,5.080686348753306,0.017506116810811448,0.02706689817213584,0.01070908016749295,0.008256988602186953,0.23742592351076897,0.106250642891814
1178,5.080686348753306,0.017506115271515882,0.02706273821094129,0.010708207769437452,0.008256622367858095,0.23732618143102893,0.1062358893714476
1179,5.080686348753306,0.01750611373420664,0.02705858361780955,0.01070733649713466,0.008256261460620282,0.23722661761564118,0.10622115488919726
1180,5.080686348753306,0.01750611219887947,0.027054434381238158,0.01070646634817235,0.008255905866988496,0.23712706621596927,0.10620643940426887
1181,5.080686348753306,0.017506110665530122,0.02705029048975907,0.01070559732014553,0.008255555573520715,0.23702749434957715,0.10619174287599045
1182,5.080686348753306,0.01750610913415437,0.02704615193193854,0.010704729410656394,0.008255210566817746,0.23692838552939668,0.10617706526381158
1183,5.080686348753306,0.017506107604747995,0.02704201869637697,0.010703862617314297,0.008254870833523045,0.23682994296248264,0.10616240652730304
1184,5.080686348753307,0.017506106077306793,0.027037890771708793,0.01070299693773573,0.00825453636032256,0.23673144546760197,0.10614776662615619
1185,5.080686348753306,0.017506104551826565,0.027033768146602327,0.010702132369544292,0.008254055325831011,0.23663275065046216,0.10613314552018266
1186,5.080686348753307,0.017506103028303136,0.027029650809759675,0.010701268910370668,0.008253574908382544,0.23653409214174165,0.10611854316931386
1187,5.080686348753307,0.017506101506732336,0.027025538749916554,0.010700406557852591,0.008253099911821599,0.23643650100714683,0.10610395953360044
1188,5.080686348753307,0.01750609998711001,0.027021431955842213,0.010699545309634826,0.008252630322575718,0.23633853830740856,0.10608939457321191
1189,5.080686348753307,0.017506098469432012,0.02701733041633926,0.01069875819356289,0.008252166127115365,0.2362409041053622,0.10607484824843616
1190,5.080686348753307,0.017506096953694216,0.027013234120243566,0.010697899115566232,0.008251707311953752,0.2361423245106963,0.10606032051967904
1191,5.080686348753306,0.017506095439892497,0.02700914305642413,0.0106970411348861,0.008251253863646675,0.23604400567912506,0.10604581134746384
1192,5.080686348753307,0.017506093928022753,0.027005057213782952,0.010696184249195015,0.008250777090216415,0.23594516071549387,0.10603132069243093
1193,5.080686348753307,0.017506092418080887,0.027000976581254898,0.01069532845617239,0.00825030092474973,0.2358459323265704,0.10601684851533723
1194,5.080686348753307,0.017506090910062822,0.026996901147807593,0.010694473753504508,0.008249836930343653,0.2357461726267834,0.10600239477705586
1195,5.080686348753308,0.017506089403964486,0.02699283090244128,0.010693620138884493,0.008249378283257211,0.23564640812949297,0.1059879594385756
1196,5.080686348753307,0.017506087899781815,0.02698876583418871,0.0106928636575237,0.008248928478128801,0.23554681654543316,0.10597354246100049
1197,5.080686348753307,0.017506086397510768,0.026984705932115,0.01069201217112969,0.008248483989293136,0.235447195116519,0.10595914380554945
1198,5.080686348753306,0.017506084897147306,0.026980651185317544,0.010691161765955744,0.00824804480353779,0.2353473655199105,0.10594476343355577
1199,5.080686348753307,0.017506083398687415,0.026976601582925853,0.01069031243972199,0.008247610907691787,0.2352478957472348,0.10593040130646673
1200,5.080686348753307,0.017506081902127078,0.026972557114101445,0.010689464190155262,0.008247182288625428,0.23514878291453908,0.10591605738584306
1201,5.080686348753307,0.0175060804074623,0.02696851776803775,0.01068861701498909,0.008246758933250147,0.2350489921085027,0.10590173163335871
1202,5.080686348753308,0.01750607891468909,0.026964483533959947,0.010687770911963665,0.008246340828518335,0.23494913569083123,0.1058874240108002
1203,5.080686348753308,0.017506077423803473,0.02696045440112488,0.010686925878825812,0.008245927961423193,0.23484940554045497,0.10587313448006638
1204,5.080686348753308,0.01750607593480149,0.026956430358820917,0.010686081913328977,0.008245520318998558,0.23474980139223678,0.10585886300316785
1205,5.080686348753308,0.017506074447679185,0.026952411396367844,0.010685239013233185,0.00824511788831876,0.23465044757328465,0.1058446095422267
1206,5.080686348753308,0.017506072962432617,0.02694839750311673,0.010684397176305031,0.008244720656498457,0.2345510945843256,0.10583037405947594
1207,5.080686348753308,0.017506071479057857,0.026944388668449837,0.01068360275479764,0.008244328610692478,0.23445235286219715,0.10581615651725919
1208,5.080686348753309,0.017506077703920573,0.026940384881780473,0.010682763017936631,0.008243941738095669,0.23435324982867167,0.10580195687803022
1209,5.080686348753309,0.017506076221022935,0.0269363861325529,0.010681924337606829,0.008243560025942735,0.23425427148354835,0.10578777510435251
1210,5.080686348753309,0.017506074739989483,0.02693239241024219,0.010681086711600778,0.008243183461508086,0.234155417566311,0.10577361115889891
1211,5.080686348753308,0.017506073260816317,0.026928403704354148,0.010680250137717473,0.00824281203210569,0.2340568181317797,0.10575946500445114
1212,5.080686348753308,0.017506071783499565,0.026924420004425166,0.010679414613762322,0.00824244572508891,0.2339586070819748,0.10574533660389951
1213,5.080686348753308,0.01750607030803536,0.026920441300022115,0.010678621262362537,0.008242084527850359,0.23386012467184858,0.10573122592024235
1214,5.080686348753307,0.017506068834419835,0.026916467580742228,0.010677787814408816,0.008241728427821742,0.23376198443446652,0.10571713291658573
1215,5.080686348753308,0.01750606736264915,0.02691249883621301,0.010676955409859391,0.008241377412473709,0.2336641562686028,0.10570305755614305
1216,5.080686348753308,0.017506065892719466,0.02690853505609209,0.010676124046545053,0.008241031469315705,0.23356604300694683,0.10568899980223455
1217,5.080686348753308,0.017506064424626964,0.026904576230067145,0.010675293722302895,0.00824069366389462,0.23346805237129414,0.10567495961828702
1218,5.080686348753309,0.01750606295836783,0.026900637194001372,0.010674464434976279,0.008240360901954407,0.2333702227214527,0.10566093696783332
1219,5.080686348753309,0.017506061493938258,0.02689668823913267,0.010673636182414823,0.008240033171127972,0.2332730381141397,0.10564693181451203
1220,5.08068634875331,0.017506060031334456,0.02689274420760975,0.010672808962474377,0.008239710459086393,0.23317633246861777,0.10563294412206703
1221,5.08068634875331,0.017506058570552648,0.026888805089239257,0.010671982773016985,0.00823939275353878,0.23307893596637802,0.10561897385434715
1222,5.08068634875331,0.017506057111589063,0.0268848738020404,0.010671157611910884,0.008239080042232127,0.23298164790605094,0.10560502097530575
1223,5.080686348753311,0.01750605565443994,0.026880944478290113,0.010670333477030464,0.008238772312951167,0.23288438699004446,0.10559108544900031
1224,5.08068634875331,0.017506054199101537,0.02687702003729015,0.010669510366256256,0.008238469553518224,0.2327873982818093,0.1055771672395921
1225,5.08068634875331,0.017506052745570114,0.026873100468964406,0.010668688277474896,0.008238171751793076,0.23269076824746895,0.10556326631134573
1226,5.08068634875331,0.017506051293841945,0.026869185763265815,0.010667867208579122,0.008237878895672807,0.2325941972312084,0.10554938262862887
1227,5.08068634875331,0.017506049843913317,0.026865275910176244,0.010667047157467732,0.008237590973091659,0.23249741790286063,0.10553551615591172
1228,5.08068634875331,0.017506048395780526,0.026861370899706388,0.010666228122045575,0.008237307972020899,0.23240106305384237,0.10552166685776677
1229,5.080686348753311,0.017506046949439875,0.026857470721895666,0.010665474946481887,0.008237032278376653,0.23230477841183267,0.10550783469886836
1230,5.080686348753311,0.017506045504887685,0.0268535753668121,0.010664657909261641,0.008236761479330721,0.23220847659389357,0.10549401964399227
1231,5.080686348753311,0.017506051819860882,0.026849684824552224,0.010663841881514473,0.008236495562970677,0.23211234612723003,0.10548022165801542
1232,5.080686348753311,0.017506050375659943,0.02684579908524098,0.01066302900349987,0.008236234517420539,0.23201616332749203,0.10546644070591545
1233,5.080686348753311,0.017506048933240443,0.0268419181390316,0.010662214987604004,0.008235978330840627,0.23192009917028772,0.10545267675277036
1234,5.08068634875331,0.01750604749259873,0.026838041976105526,0.010661401974986315,0.008235726991427427,0.231824440524154,0.10543892976375817
1235,5.08068634875331,0.017506046053731166,0.02683417058667227,0.010660589963593283,0.008235480487413455,0.2317290047781505,0.10542519970415648
1236,5.08068634875331,0.017506044616634124,0.026830303960969352,0.010659778951377258,0.008235238807067115,0.23163388616417094,0.1054114865393422
1237,5.080686348753309,0.017506043181303985,0.026826442089262163,0.010658968936296438,0.008235001938692567,0.2315386928562958,0.10539779023479108
1238,5.080686348753309,0.017506041747737143,0.026822584961843886,0.010658159916314849,0.008234769870629592,0.2314439425291656,0.10538411075607748
1239,5.080686348753309,0.017506040315929998,0.026818732569035372,0.010657387315890415,0.008234542591253453,0.231348796537413,0.10537044806887386
1240,5.080686348753308,0.01750603888587896,0.026814884901185065,0.010656688912853186,0.008234320088974761,0.23125405226215834,0.10535680213895049
1241,5.080686348753308,0.01750603745758046,0.02681104194866888,0.010655882806753447,0.008234119110058741,0.23115951221899006,0.10534317293217516
1242,5.080686348753308,0.017506036031030927,0.026807203701890124,0.010655077687739453,0.008233922864646779,0.2310656309863246,0.1053295604145127
1243,5.080686348753307,0.0175060346062268,0.02680337015127936,0.010654273553803897,0.008233731341296466,0.23097195710899154,0.10531596455202474
1244,5.080686348753307,0.017506033183164543,0.02679954128729435,0.010653470402945177,0.008233544528600095,0.2308777786070987,0.10530238531086925
1245,5.080686348753307,0.017506031761840613,0.02679571710041993,0.010652668233167375,0.008233362415184528,0.23078415638298738,0.10528882265730027
1246,5.080686348753307,0.017506036725340283,0.026791897581167907,0.010651940857328722,0.008233184989711062,0.23069060965555394,0.10527527655766752
1247,5.080686348753306,0.01750603530486956,0.02678808272007699,0.01065114061353191,0.008233012240875307,0.23059637139496286,0.10526174697841607
1248,5.080686348753306,0.017506033886129792,0.026784272507712654,0.010650341344898938,0.00823284415740705,0.23050248205198404,0.10524823388608597
1249,5.080686348753306,0.017506032469117486,0.026780466934667083,0.010649543049456336,0.008232680728070131,0.23040858045095763,0.10523473724731192
1250,5.080686348753306,0.017506031053829144,0.026776665991559034,0.010648745725236197,0.008232521941662315,0.2303144926845137,0.10522125702882294
1251,5.080686348753306,0.017506029640261288,0.026772869669033767,0.010648061066340817,0.00823236778701516,0.23022051929502868,0.10520779319744204
1252,5.080686348753306,0.017506030060196274,0.026769077957762934,0.010647265633146425,0.00823221825299389,0.23012666005159063,0.1051943457200858
1253,5.080686348753306,0.01750602864931277,0.02676529084844451,0.010646471165359323,0.00823207332849728,0.2300333767060165,0.10518091456376413
1254,5.080686348753306,0.017506027240140262,0.026761508331802648,0.010645677661033604,0.008231933002457514,0.22994033795762284,0.10516749969557986
1255,5.080686348753306,0.017506025832675305,0.026757738317340404,0.010644885118228847,0.008231797263840074,0.22984681934432757,0.10515410108272845
1256,5.080686348753306,0.01750602442691446,0.026753964955110517,0.010644093535010083,0.008231666101643609,0.22975341396043877,0.1051407186924976
1257,5.080686348753305,0.0175060230228543,0.0267501961578899,0.010643302909447783,0.008231539504899806,0.22966012572645034,0.10512735249226703
1258,5.080686348753306,0.017506021620491415,0.026746431916506608,0.010642513239617837,0.008231417462673278,0.22956694611728837,0.105114002449508
1259,5.080686348753305,0.017506020219822394,0.02674267222181442,0.010641724523601537,0.008231299964061432,0.22947387905640831,0.10510066853178307
1260,5.080686348753306,0.01750601882084384,0.026738917064692776,0.010640936759485553,0.008231186998194353,0.22938092431804077,0.1050873507067458
1261,5.080686348753306,0.017506017423552362,0.026735166436046665,0.010640149945361917,0.008231078554234677,0.22928808167704873,0.1050740489421403
1262,5.080686348753306,0.01750601602794458,0.026731420326806532,0.010639364079327996,0.00823097462137747,0.22919562306449684,0.10506076320580103
1263,5.080686348753306,0.01750602989858366,0.026727678727928195,0.010638579159486485,0.008230875188850111,0.2291030038353843,0.10504749346565241
1264,5.080686348753306,0.01750603628611291,0.026723941630392746,0.010637795183945385,0.008230780245912173,0.22901049603214135,0.10503423968970853
1265,5.080686348753306,0.017506034886238572,0.02672020902520648,0.010637012150817976,0.008230689781855293,0.22891850466332028,0.1050210018460728
1266,5.080686348753307,0.017506033488045684,0.02671648090340078,0.010636230058222802,0.008230603786003071,0.22882679014992524,0.10500777990293762
1267,5.080686348753307,0.01750603209153088,0.026712757256032033,0.010635506413566826,0.008230522247710932,0.22873536014451545,0.10499457382858411
1268,5.080686348753306,0.017506030696690822,0.026709038074181547,0.010634726173265488,0.00823044515636602,0.22864408124025812,0.10498138359138176
1269,5.080686348753306,0.017506029303522175,0.02670532334895547,0.010633946867911165,0.008230372501387077,0.22855237625879785,0.10496820915978812
1270,5.080686348753306,0.01750602791202161,0.02670161307148468,0.01063316849564322,0.008230304272224329,0.22846140309515128,0.10495505050234846
1271,5.080686348753306,0.017506026522185816,0.026697907232924707,0.010632391054606189,0.008230240458359364,0.22837058293265103,0.10494190758769553
1272,5.080686348753307,0.01750602513401148,0.026694205824455655,0.010631640123934838,0.008230181049305018,0.22828000020463704,0.10492878038454916
1273,5.080686348753307,0.017506023747495304,0.026690508837282096,0.010630864529558456,0.008230126034605266,0.22818978180809898,0.10491566886171598
1274,5.080686348753307,0.017506022362634,0.026686830068614525,0.010630089860889681,0.008230075403835097,0.22809980396778534,0.10490257298808917
1275,5.080686348753307,0.017506020979424285,0.026683141892217117,0.010629316116093529,0.008230029146600402,0.22801006772278398,0.10488949273264803
1276,5.080686348753307,0.017506019597862885,0.026679458110881498,0.010628543293340096,0.008229987252537874,0.22792051452464074,0.10487642806445782
1277,5.080686348753307,0.017506018217946544,0.02667577871590928,0.01062777139080454,0.008229949711314868,0.22783085040496365,0.10486337895266934
1278,5.080686348753307,0.017506016839672008,0.0266721036986261,0.010627000406667059,0.008229916512629318,0.22774076202675828,0.10485034536651866
1279,5.080686348753306,0.017506015463036033,0.02666843305038157,0.010626230339112887,0.008229887646209598,0.2276504426105833,0.10483732727532684
1280,5.080686348753306,0.017506014088035378,0.02666476676254917,0.01062546118633226,0.00822986310181443,0.2275604639954373,0.10482432464849961
1281,5.080686348753305,0.017506012714666824,0.02666110482652617,0.010624692946520404,0.008229842869232763,0.22747066767819898,0.10481133745552708
1282,5.080686348753306,0.01750601134292715,0.026657447233733554,0.010623925617877523,0.008229826938283662,0.22738114512237864,0.10479836566598343
1283,5.080686348753306,0.01750600997281315,0.026653793975615913,0.010623226642953834,0.008229815298816199,0.22729216761703133,0.10478540924952658
1284,5.080686348753307,0.01750600860432162,0.026650145043641382,0.0106224779617265,0.008229807940709348,0.22720303408099574,0.10477246817589798
1285,5.080686348753307,0.017506007237449377,0.026646500429301563,0.010621713322374278,0.008229804853871864,0.22711410264244192,0.10475954241492226
1286,5.080686348753307,0.017506005872193225,0.026642860124111416,0.010620949587080788,0.008229806028242187,0.22702543540092557,0.10474663193650689
1287,5.080686348753307,0.017506004508550003,0.0266392241196092,0.010620256449172676,0.00822981145378833,0.2269367558488033,0.10473373671064203
1288,5.080686348753307,0.017506003146516538,0.026635592407356377,0.010619494489063725,0.00822982112050776,0.22684734219271419,0.10472085670740006
1289,5.080686348753307,0.01750600863181755,0.026631964978937536,0.01061873342773485,0.008229835018427308,0.2267579264967346,0.10470799189693542
1290,5.080686348753306,0.01750600727028624,0.026628341825960317,0.010617973263425267,0.008229853137603048,0.22666834245491976,0.10469514224948427
1291,5.080686348753306,0.017506005910358433,0.026624722940055322,0.010617213994379017,0.008229875468120198,0.2265787860944,0.10468230773536426
1292,5.080686348753306,0.017506004552030996,0.02662110831287603,0.01061645561884494,0.008229902000093013,0.22648930029878037,0.10466948832497414
1293,5.080686348753306,0.01750601259940158,0.02661749793609874,0.01061569813507666,0.008229932723664674,0.22639991972856446,0.10465668398879356
1294,5.080686348753306,0.017506011240557222,0.026613891801422446,0.010614941541332563,0.008229976436029829,0.22631092698986183,0.10464389469738274
1295,5.080686348753305,0.01750600988330823,0.026610289900568813,0.010614185835875797,0.008230024310026583,0.22622212273315287,0.1046311204213822
1296,5.080686348753305,0.017506008527651495,0.026606692225282058,0.010613431016974234,0.008230076335904444,0.22613305635273048,0.10461836113151254
1297,5.080686348753305,0.017506007173583915,0.026603098767328887,0.01061267708290047,0.008230132503941376,0.22604409437935077,0.10460561679857408
1298,5.080686348753305,0.017506005821102396,0.026599509518498408,0.0106119240319318,0.008230192804443696,0.22595523660973968,0.10459288739344653
1299,5.080686348753305,0.017506004470203847,0.026595924470602064,0.0106111718623502,0.008230257227745973,0.2258664828411759,0.10458017288708892
1300,5.0806863487533045,0.017506003120885193,0.026592343615473545,0.010610420572442322,0.008230325764210924,0.22577788925529302,0.10456747325053911
1301,5.0806863487533045,0.017506001773143366,0.026588766944968718,0.010609670160499463,0.00823039840422932,0.22568972877816823,0.10455478845491362
1302,5.0806863487533045,0.01750600042697531,0.02658519445096554,0.010608920624817561,0.008230475138219867,0.22560164624448775,0.10454211847140733
1303,5.0806863487533045,0.01750599908237797,0.02658162612536399,0.01060821395544662,0.008230555956629125,0.22551373808425987,0.10452946327129321
1304,5.080686348753304,0.017505997739348297,0.026578061960085986,0.010607466150762695,0.008230417450239164,0.22542580350714708,0.10451682282592205
1305,5.080686348753304,0.017505996397883257,0.02657450194707532,0.01060671921727433,0.008230283269505728,0.22533766891768992,0.1045041971067222
1306,5.080686348753304,0.01750599505797983,0.026570946078297568,0.010605973153295806,0.008230107006653392,0.22524981193653126,0.10449158608519925
1307,5.080686348753304,0.01750599371963499,0.02656739434574002,0.01060522795714596,0.008229935103508544,0.22516204974504106,0.10447898973293587
1308,5.080686348753304,0.017505992382845725,0.026563846741411615,0.010604571468997074,0.008229767550050324,0.22507423494218215,0.10446640802159142
1309,5.080686348753304,0.017505991047609037,0.02656030325734284,0.010603827969241775,0.00822960433628675,0.22498650941834425,0.10445384092290175
1310,5.080686348753304,0.017505989713921928,0.026556763885585682,0.010603085332338578,0.008229445452254625,0.22489888570241176,0.10444128840867893
1311,5.080686348753304,0.01750598838178141,0.026553228618213538,0.010602343556624313,0.008229290888019417,0.2248113635981469,0.10442875045081097
1312,5.080686348753304,0.0175059870511845,0.02654969744732115,0.01060160264044028,0.008229140633675174,0.22472394290984035,0.10441622702126156
1313,5.080686348753303,0.01750598572212824,0.026546170365024525,0.010600862582132253,0.008228994679344412,0.22463664409328551,0.10440371809206986
1314,5.080686348753303,0.01750598439460966,0.026542647363460868,0.010600123380050444,0.008228853015178015,0.22454942564385363,0.10439122363535015
1315,5.080686348753304,0.017505983068625806,0.0265391284347885,0.010599385032549497,0.008228715631355134,0.22446230802641304,0.10437874362329161
1316,5.080686348753303,0.017505981744173726,0.02653561357118679,0.010598647537988478,0.008228360555449767,0.22437529104734946,0.1043662780281581
1317,5.080686348753304,0.01750598042125049,0.026532102764856087,0.010597910894730849,0.008228009996546118,0.22428837451356806,0.10435382682228786
1318,5.080686348753304,0.01750597909985316,0.026528596008017637,0.010597175101144458,0.008227663944416314,0.22420171770286543,0.10434138997809324
1319,5.080686348753304,0.017505977779978813,0.026525093292913523,0.010596440155601527,0.008227322388861659,0.22411500142075202,0.1043289674680605
1320,5.080686348753303,0.017505976461624537,0.026521594611806577,0.01059570605647863,0.00822698531971253,0.22402838500780484,0.1043165592647495
1321,5.080686348753303,0.01750597514478742,0.02651809995698034,0.010595092371966049,0.008226652726828286,0.22394186827298818,0.10430416534079352
1322,5.080686348753303,0.017505973829464568,0.026514609320738947,0.010594559131897281,0.008226324600097156,0.2238554510257767,0.10429178566889889
1323,5.080686348753302,0.01750597251565308,0.026511122695407098,0.010593897629920163,0.008226000929436136,0.2237693123338136,0.10427942022184486
1324,5.080686348753302,0.017505971203350082,0.026507640073329956,0.010593256148204826,0.00822568170479089,0.2236833916656514,0.10426706897248328
1325,5.080686348753302,0.01750596989255269,0.0265041614468731,0.010592526072926198,0.008225366916135646,0.22359751131162528,0.10425473189373838
1326,5.080686348753302,0.01750596858325804,0.026500686808422443,0.010591841561889208,0.008225056553473102,0.2235120451675422,0.10424240895860651
1327,5.080686348753302,0.017505967275463264,0.02649721615038416,0.010591113141784927,0.008224716219155213,0.22342669144464702,0.1042301001401559
1328,5.080686348753301,0.017505965969165514,0.026493752310374007,0.010590385555498205,0.00822438033028375,0.22334134234339476,0.10421780541152639
1329,5.080686348753301,0.01750596466436194,0.02649028958936763,0.01058965880144372,0.00822396349923257,0.2232556153281869,0.10420552474592926
1330,5.0806863487533,0.01750596476049822,0.02648683082611433,0.010588932878040356,0.008223551191264632,0.22317005887093047,0.10419325811664686
1331,5.080686348753301,0.01750596345813815,0.02648337601310065,0.010588207783711197,0.008223143396263758,0.22308452760706762,0.10418100549703253
1332,5.0806863487533,0.017505962157264368,0.026479925142833066,0.010587483516883503,0.008222740104142324,0.22299909395429268,0.10416876686051017
1333,5.080686348753301,0.01750596085787407,0.02647647820783792,0.010586808384693476,0.008222341304841162,0.2229140454090602,0.1041565421805742
1334,5.080686348753301,0.017505959559964444,0.026473035200661327,0.010586085749694617,0.00822194698832946,0.2228294554530537,0.10414433143078915
1335,5.080686348753301,0.01750595826353268,0.026469596113869124,0.010585363937524996,0.008221557144604659,0.2227446494218064,0.10413213458478948
1336,5.080686348753301,0.01750595696857599,0.026466160940046824,0.010584745760551349,0.008221171763692362,0.22265965525209194,0.10411995161627942
1337,5.080686348753301,0.01750595567509158,0.026462729671799495,0.01058422788258927,0.008220790835646226,0.22257470638419463,0.10410778249903263
1338,5.080686348753302,0.01750595438307668,0.02645930230175175,0.010583508413270371,0.008220414350547869,0.22248985402511487,0.10409562720689199
1339,5.080686348753302,0.017505953092528503,0.026455878822547647,0.010582789760712601,0.008220002174346057,0.2224050979927396,0.10408348571376938
1340,5.080686348753303,0.017505951803444296,0.026452459226850633,0.010582071923375878,0.008219594466854567,0.22232059706396087,0.10407135799364547
1341,5.080686348753304,0.017505956598127502,0.02644904350734348,0.010581354899724178,0.008219191218152552,0.2222360330801108,0.10405924402056946
1342,5.080686348753303,0.017505955309651173,0.026445631656728218,0.010580638688225522,0.008218792418346953,0.2221517071155929,0.1040471437686588
1343,5.080686348753303,0.01750595402263317,0.026442223667726066,0.010579923287351956,0.008218398057572419,0.22206733852855837,0.10403505721209905
1344,5.080686348753303,0.017505952737070753,0.02643881953307738,0.010579208695579543,0.0082180081259912,0.22198306129899306,0.10402298432514362
1345,5.080686348753304,0.017505951452961188,0.026435419245541575,0.010578494911388353,0.008217622613793052,0.2218988793136084,0.10401092508211349
1346,5.080686348753304,0.017505950170301748,0.026432022797897064,0.010577792260670665,0.008217241511195137,0.22181479239361723,0.10399887945739707
1347,5.080686348753304,0.017505948889089712,0.02642863018294119,0.010577080083187487,0.008216864808441936,0.22173080036070134,0.10398684742544986
1348,5.080686348753303,0.017505947609322368,0.026425241393490184,0.01057636870875401,0.008216492495805148,0.2216469030370096,0.10397482896079437
1349,5.080686348753304,0.01750594633099701,0.026421856422379073,0.010575658135866165,0.008216093467429346,0.22156310024515666,0.10396282403801975
1350,5.080686348753304,0.01750594505411094,0.026418475262461622,0.010574978384623705,0.008215698844806302,0.22147939180822107,0.10395083263178165
1351,5.0806863487533045,0.017505943778661465,0.026415097906610303,0.0105742693989967,0.00821529214622866,0.2213957775497441,0.10393885471680198
1352,5.0806863487533045,0.0175059425046459,0.02641172434771618,0.010573561210439413,0.008214889852523893,0.22131284118964678,0.10392689026786868
1353,5.0806863487533045,0.017505941232061572,0.026408354578688887,0.010572853817463411,0.008214491953998673,0.22123009423903592,0.10391493925983551
1354,5.0806863487533045,0.0175059399609058,0.026404988592456553,0.010572170609580243,0.008214098440986587,0.22114729806987102,0.10390300166762181
1355,5.0806863487533045,0.01750594822689136,0.026401626381965745,0.010571464794512648,0.008213709303848057,0.2210646521113852,0.10389107746621233
1356,5.080686348753305,0.01750594695499816,0.02639828044866529,0.01057082562614657,0.008213324532970225,0.22098201276977028,0.10387916663065694
1357,5.080686348753305,0.017505945684529563,0.026394925763869433,0.010570121367152997,0.00821294411876688,0.22089897874285255,0.1038672691360704
1358,5.080686348753305,0.01750594441548293,0.026391574833770016,0.010569417896394057,0.008212568051678356,0.2208160177350709,0.10385538495763229
1359,5.080686348753305,0.01750594314785561,0.02638822765138672,0.01056871521240435,0.008212196322171446,0.22073314951176892,0.10384351407058662
1360,5.0806863487533045,0.017505941881644966,0.026384884209757327,0.010568039563764536,0.008211828920739307,0.22065037889894346,0.10383165645024173
1361,5.0806863487533045,0.017505940616848372,0.026381544501937707,0.010567422568181174,0.008211437494407243,0.22056769572607252,0.10381981207197002
1362,5.080686348753304,0.017505939353463205,0.026378208521001725,0.010566722194417294,0.00821105040884438,0.22048510482192113,0.10380798091120773
1363,5.0806863487533045,0.017505938091486848,0.0263748762600412,0.010566022601645051,0.008210667654563799,0.2204028158573337,0.10379616294345478
1364,5.080686348753304,0.01750593683091669,0.02637154771216583,0.010565323788417857,0.008210289222104736,0.2203204088995156,0.10378435814427452
1365,5.080686348753304,0.017505947371225333,0.026368222870503145,0.010564625753292872,0.008209915102032493,0.2202380936987411,0.1037725664892935
1366,5.080686348753304,0.017505946109054562,0.026364901728198446,0.01056392849483098,0.008209545284938351,0.22015639459306025,0.10376078795420131
1367,5.080686348753303,0.0175059448482871,0.026361584278414733,0.010563324758455006,0.008209179761439473,0.22007461545256066,0.10374902251475032
1368,5.080686348753303,0.01750594358892036,0.02635827051433267,0.010562649237466215,0.008208818522178824,0.21999257417928686,0.10373727014675556
1369,5.080686348753303,0.01750594233095175,0.026354960429150504,0.010561954258326123,0.008208461557825081,0.21991064584585016,0.10372553082609437
1370,5.080686348753303,0.017505941074378695,0.026351654016084018,0.010561275789880314,0.008208108859072541,0.21982890906673389,0.10371380452870635
1371,5.080686348753302,0.017505939819198624,0.026348351268366474,0.010560608336514088,0.008207760416641034,0.21974727351592813,0.10370209123059301
1372,5.080686348753302,0.017505938565408972,0.02634505217924854,0.010559915650577796,0.008207416221275842,0.2196657777128154,0.10369039090781769
1373,5.080686348753302,0.017505937313007182,0.026341756741998266,0.010559223731397801,0.008207076263747603,0.21958418999961396,0.10367870353650525
1374,5.080686348753302,0.017505936061990697,0.026338464949900987,0.010558608291205005,0.00820674053485223,0.2195026925323115,0.10366702909284196
1375,5.080686348753302,0.017505934812356974,0.026335176796259293,0.010557920010455963,0.008206409025410831,0.21942128514509496,0.10365536755307524
1376,5.080686348753302,0.01750593356410348,0.02633189227439296,0.01055723035425927,0.008206013231245996,0.2193399676725768,0.10364371889351347
1377,5.080686348753302,0.017505932317227677,0.026328611377638887,0.010556541459233069,0.008205621713850206,0.21925888285751463,0.10363208309052574
1378,5.080686348753302,0.017505931071727036,0.02632533409935107,0.010555888925686437,0.00820523446398102,0.2191777969637851,0.1036204601205418
1379,5.080686348753301,0.017505929827599045,0.026322060432900515,0.010555201535653383,0.008204851472421193,0.21909705107276475,0.10360884996005171
1380,5.080686348753301,0.017505928584841186,0.026318790371675182,0.010554514902629613,0.008204457412303448,0.2190160914296174,0.10359725258560568
1381,5.080686348753301,0.017505927343450956,0.026315523909079958,0.01055383349002499,0.008204067608992602,0.21893528623372832,0.10358566797381391
1382,5.080686348753301,0.017505926103425853,0.026312261038536573,0.01055314836522148,0.008203682053315687,0.2188545045921996,0.10357409610134637
1383,5.080686348753302,0.01750593241657357,0.02630900175348355,0.010552463993285223,0.008203289287559404,0.21877381171968371,0.10356253694493259
1384,5.080686348753302,0.01750593117648889,0.026305746047376163,0.010551780372841983,0.008202900763737262,0.21869357476633133,0.10355099048136147
1385,5.080686348753302,0.01750592993776492,0.02630249391368637,0.010551097502521025,0.008202516472727928,0.21861369579633466,0.10353945668748112
1386,5.080686348753302,0.017505928700399194,0.0262992505471106,0.010550415380955112,0.00820213640543482,0.2185339747893723,0.10352793554019862
1387,5.080686348753302,0.01750592746438923,0.026296005536826216,0.010549765673052384,0.008201760552786014,0.21845443907022505,0.10351642701647984
1388,5.080686348753301,0.017505926229732564,0.026292764079476977,0.01054908503327569,0.008201388905734165,0.21837507216908225,0.1035049310933493
1389,5.080686348753301,0.017505924996426735,0.026289526168601043,0.010548405138185887,0.008201021455256429,0.2182951552365756,0.10349344774788988
1390,5.080686348753302,0.01750592376446929,0.026286291797753,0.01054772598642957,0.008200658192354366,0.21821507789592218,0.10348197695724272
1391,5.080686348753302,0.017505922533857774,0.02628306096050377,0.01054714780022362,0.00820029910805387,0.21813508804096848,0.10347051869860696
1392,5.080686348753301,0.017505921304589746,0.02627983365044063,0.010546470094376056,0.008199910145733342,0.2180551855129462,0.1034590729492396
1393,5.080686348753301,0.01750592007666277,0.026276609861167075,0.010545793127862378,0.008199521607745914,0.21797537015348945,0.10344763968645533
1394,5.080686348753302,0.017505918850074423,0.02627338958630282,0.010545164780481668,0.008199137262773153,0.21789567250966513,0.10343621888762626
1395,5.080686348753302,0.01750591762482227,0.02627017281948373,0.010544489271119051,0.00819875710186287,0.21781652335264556,0.1034248105301818
1396,5.080686348753302,0.0175059164009039,0.026266959554361764,0.010543814497100129,0.008198391093031191,0.21773745817427506,0.10341341459160841
1397,5.080686348753301,0.017505915178316896,0.026263749784604933,0.010543140457095203,0.008198029239577029,0.21765842342581737,0.10340203104944953
1398,5.080686348753301,0.017505913957058857,0.026260543503897244,0.01054246714977794,0.008197671532639903,0.2175794881319012,0.1033906598813053
1399,5.080686348753302,0.017505912737127382,0.02625734070593865,0.010541794573825352,0.008197317963383154,0.21750039135565744,0.10337930106483241
1400,5.080686348753301,0.017505911518520073,0.02625414138444497,0.010541122727917785,0.00819696852299386,0.2174217692816628,0.10336795457774388
1401,5.080686348753302,0.01750591030123455,0.026250945533147902,0.010540451610738917,0.00819662320268277,0.21734303129576973,0.10335662039780891
1402,5.080686348753302,0.017505909085268428,0.0262477531457949,0.010539781220975738,0.00819628199368421,0.21726460500618722,0.10334529850285272
1403,5.080686348753302,0.01750590787061933,0.026244564216149166,0.01053911155731854,0.008195944887256012,0.21718617649922559,0.10333398887075632
1404,5.080686348753301,0.017505906657284888,0.02624137873798959,0.010538442618460916,0.008195611874679433,0.21710730813039553,0.10332269147945634
1405,5.080686348753301,0.01750590544526274,0.026238196705110697,0.010537774403099737,0.008195282947259082,0.21702852506231288,0.10331140630694492
1406,5.080686348753301,0.017505904234550528,0.026235018111322603,0.01053710690993515,0.008194958096322834,0.21694982714172384,0.10330013333126943
1407,5.080686348753301,0.017505903025145892,0.026231842950450945,0.010536498756465913,0.008194637313221753,0.21687130977860278,0.1032888725305323
1408,5.0806863487533,0.017505901817046494,0.02622867121633686,0.010535832682582381,0.008194254863963218,0.21679278166017407,0.10327762388289095
1409,5.0806863487533,0.017505900610249994,0.02622550290283691,0.0105351673270383,0.00819387653619397,0.21671433823181782,0.10326638736655751
1410,5.080686348753299,0.01750589940475406,0.026222338003823047,0.010534503921991917,0.008193502321207205,0.2166360622553704,0.10325516295979865
1411,5.080686348753299,0.017505898200556355,0.026219176513182563,0.010533839998823567,0.008193132210319322,0.21655828909321478,0.10324395064093553
1412,5.080686348753299,0.017505896997654563,0.026216019920268733,0.01053317679014407,0.008192766194869841,0.21648042872648346,0.10323275038834337
1413,5.080686348753299,0.01750589579604637,0.026212865227558398,0.010532514294676151,0.00819240426622134,0.21640232221515227,0.10322156218045155
1414,5.080686348753299,0.01750589459572946,0.026209713924975404,0.010531852511145717,0.008192046415759366,0.21632453311390007,0.10321038599574327
1415,5.080686348753299,0.01750589339670153,0.02620656600646789,0.010531191438281864,0.008191692634892356,0.21624659423981044,0.10319922181275544
1416,5.080686348753299,0.017505892198960274,0.026203421465999088,0.01053059503185704,0.008191342915051577,0.2161687390021088,0.10318806961007848
1417,5.080686348753299,0.017505891002503406,0.026200280297547274,0.010529942923142499,0.008190964103681475,0.21609096725170426,0.10317692936635617
1418,5.080686348753299,0.017505889807328638,0.02619714249510572,0.010529283948977765,0.008190589371784716,0.21601327883987698,0.1031658010602855
1419,5.080686348753299,0.017505888613433686,0.02619400805268264,0.01052862568045509,0.00819021871079735,0.21593567361827723,0.1031546846706164
1420,5.080686348753299,0.017505887420816272,0.026190876964301155,0.010527968116319257,0.008189841111086602,0.21585815143892423,0.10314358017615172
1421,5.080686348753299,0.01750588622947413,0.026187749223999236,0.010527311255318174,0.008189467576988801,0.2157807121542049,0.10313248755574693
1422,5.080686348753298,0.01750588503940499,0.02618462482582965,0.010526655096202854,0.008189098099986913,0.21570343300297135,0.10312140678831003
1423,5.080686348753298,0.01750588385060659,0.026181503763859935,0.010525999637727414,0.008188732671586407,0.21562666634557887,0.10311033785280134
1424,5.080686348753298,0.017505884630912787,0.026178386032172332,0.010525344878649057,0.008188371283315187,0.21554999556979915,0.10309928072823338
1425,5.080686348753298,0.017505883443945155,0.026175271624863748,0.010524690817728066,0.008188013926723513,0.21547316415194276,0.10308823539367065
1426,5.080686348753297,0.01750588225824227,0.026172173139086416,0.010524037453727791,0.00818766059338393,0.2153961366445417,0.1030772018282295
1427,5.080686348753297,0.0175058810738019,0.026169065358382843,0.010523384785414647,0.008187285777677902,0.21531919115427908,0.10306618001107794
1428,5.080686348753297,0.017505879890621804,0.026165960884441314,0.010522820310391381,0.008186911360785842,0.21524232753608233,0.10305516992143551
1429,5.080686348753298,0.017505878708699758,0.026162859711416915,0.010522168998551086,0.00818654097294303,0.21516554564523735,0.1030441715385731
1430,5.080686348753297,0.017505877528033537,0.026159761833479164,0.01052153168415814,0.008186174605755759,0.21508884533738737,0.10303318484181277
1431,5.080686348753298,0.017505876348620927,0.02615666724481197,0.010520881750432289,0.008185816627753039,0.21501223225812302,0.10302220981052763
1432,5.080686348753298,0.017505875170459716,0.02615357593961358,0.01052023250630927,0.008185462649040496,0.21493591595493597,0.1030112464241416
1433,5.080686348753299,0.0175058739935477,0.026150487912096534,0.010519583950573588,0.008185112661298557,0.21485972481935792,0.10300029466212932
1434,5.080686348753298,0.017505872817882673,0.026147403156487625,0.010518986971616736,0.008184766656229471,0.21478343794070215,0.10298935450401597
1435,5.080686348753299,0.017505871643462446,0.026144321667027855,0.010518339770944338,0.008184424625557242,0.21470716987987967,0.10297842592937717
1436,5.080686348753298,0.017505870470284825,0.02614124343797238,0.01051769325504983,0.008184053330257299,0.21463117596985123,0.10296750891783865
1437,5.080686348753297,0.017505869298347628,0.02613816846359048,0.010517047422729598,0.008183682427535354,0.21455561131192025,0.1029566034490763
1438,5.080686348753297,0.01750586812764868,0.026135096738165497,0.01051640227278298,0.008183315513390079,0.21447968384676122,0.10294570950281585
1439,5.0806863487532965,0.017505876105730914,0.026132028255994803,0.010515757804012264,0.008182952579563522,0.21440393335943322,0.10293482705883282
1440,5.0806863487532965,0.017505874934263966,0.026128963011389762,0.01051511401522267,0.008182593617819298,0.21432857580187062,0.10292395609695229
1441,5.080686348753296,0.017505873764032176,0.026125900998675664,0.01051447090522235,0.008182238619942512,0.21425276267471388,0.1029130965970488
1442,5.080686348753296,0.017505872595033372,0.0261228422121917,0.010513867303004673,0.008181887577739695,0.21417722714439244,0.10290224853904612
1443,5.080686348753296,0.017505871427265406,0.02611978664629091,0.010513225533303073,0.00818154048303873,0.214101573565635,0.1028914119029172
1444,5.080686348753296,0.01750587026072612,0.026116734295340144,0.010512584438847105,0.008181172282582385,0.21402599958669075,0.10288058666868397
1445,5.080686348753296,0.01750586909541337,0.026113685153720013,0.010511944018456506,0.0081808080396806,0.21395050506842772,0.10286977281641708
1446,5.080686348753296,0.017505867931325008,0.026110639215824856,0.010511304270953903,0.008180447746178916,0.21387508987205375,0.10285897032623595
1447,5.080686348753296,0.0175058667684589,0.02610759647606268,0.01051073360821493,0.00818009139394406,0.21379983792973967,0.10284817917830844
1448,5.080686348753296,0.017505865606812915,0.026104556928855136,0.010510235381132644,0.008179738974863881,0.21372469057488935,0.10283739935285081
1449,5.080686348753296,0.017505864446384925,0.02610152056863747,0.010509756737219678,0.008179390480847287,0.21364951244668232,0.10282663083012752
1450,5.080686348753296,0.01750586328717281,0.026098487389858465,0.010509319069046666,0.008179045903824164,0.21357441308864306,0.10281587359045107
1451,5.080686348753296,0.01750586212917445,0.026095457386980422,0.010508682469228673,0.00817870523574532,0.21349948411562705,0.10280512761418187
1452,5.080686348753296,0.017505860972387738,0.026092430554479108,0.010508046535502871,0.008178368468582416,0.21342456867746715,0.10279439288172808
1453,5.0806863487532965,0.017505859816810566,0.026089406886843712,0.010507411266711442,0.008178035594327893,0.21334979462817738,0.10278366937354551
1454,5.0806863487532965,0.01750585866244083,0.0260863863785768,0.010506776661699383,0.00817767117899984,0.2132750089100051,0.10277295707013735
1455,5.0806863487532965,0.01750585750927644,0.026083369024194288,0.010506220617571319,0.008177310677617428,0.21320036714207305,0.10276225595205418
1456,5.080686348753296,0.017505856357315303,0.026080354818225376,0.010505587309396306,0.008176954082170881,0.21312573744143273,0.1027515659998937
1457,5.0806863487532965,0.01750585520655533,0.026077343755212538,0.01050495466158087,0.008176590802679162,0.21305118555825853,0.10274088719430063
1458,5.0806863487532965,0.017505854056994445,0.02607433582971145,0.010504322672981115,0.00817623142419209,0.2129767707671607,0.10273021951596657
1459,5.080686348753296,0.017505852908630565,0.026071331036290966,0.010503691342455915,0.008175875938742621,0.2129023740940991,0.10271956294562984
1460,5.0806863487532965,0.017505851761461633,0.0260683303565255,0.010503060668866906,0.008175524338384232,0.2128281476590222,0.10270891746407537
1461,5.080686348753296,0.01750585061548557,0.026065331810681006,0.01050243065107847,0.008175176615190849,0.2127542321379603,0.10269828305213445
1462,5.080686348753296,0.01750584947070032,0.026062336380702687,0.010501801287957737,0.008174835496612846,0.21268057588881045,0.10268765969068475
1463,5.080686348753296,0.017505848327103828,0.02605934406121169,0.010501172578374568,0.008174498236568389,0.21260691087095376,0.10267704736065002
1464,5.080686348753296,0.017505847184694043,0.026056354846842135,0.010500593833824552,0.00817416482719727,0.2125332847012239,0.10266644604300004
1465,5.080686348753295,0.017505846043468918,0.026053368732241077,0.01049996641078241,0.00817383526065947,0.2124594001672753,0.10265585571875047
1466,5.080686348753296,0.017505844903426417,0.02605038571206846,0.010499354481687205,0.008173509529135089,0.21238570991758293,0.10264527636896266
1467,5.080686348753296,0.0175058437645645,0.02604740578099707,0.010498792141240238,0.008173187624824269,0.2123121950482475,0.10263470797474354
1468,5.080686348753295,0.01750584262688113,0.026044428933712508,0.010498318769003012,0.008172869539947149,0.21223884632474438,0.10262415051724551
1469,5.080686348753295,0.01750584149037429,0.026041455164913165,0.010497693859936121,0.008172555266743788,0.21216521691579174,0.10261360397766622
1470,5.080686348753294,0.017505840355041956,0.02603848446931015,0.01049706959667204,0.008172244797474111,0.21209166359803658,0.10260306833724854
1471,5.080686348753294,0.017505839220882113,0.026035516841627263,0.010496445978102027,0.008171938124417836,0.21201841111645536,0.1025925435772803
1472,5.080686348753293,0.017505838087892744,0.02603255227660097,0.01049582300312,0.008171635239874414,0.2119450095116459,0.10258202967909424
1473,5.080686348753293,0.01750583734558247,0.02602959076898034,0.01049520067062253,0.008171336136162973,0.21187168360714342,0.10257152662406784
1474,5.080686348753294,0.01750583621479338,0.02602663231352703,0.010494578979508826,0.008171041113691933,0.21179843327324827,0.1025610343936232
1475,5.080686348753295,0.0175058350851689,0.02602367690501524,0.010493957928680733,0.008170749856432607,0.2117256812974073,0.10255055296922683
1476,5.080686348753294,0.017505833956707035,0.026020731376121764,0.010493337517042725,0.008170462356763298,0.21165306937945708,0.10254008233238963
1477,5.080686348753294,0.017505832829405803,0.02601778204350631,0.010492717743501896,0.008170178607081736,0.21158033570667195,0.10252962246466668
1478,5.080686348753295,0.017505831703263218,0.02601483574223221,0.010492109755403607,0.008169898599805015,0.2115073859502122,0.1025191733476571
1479,5.080686348753294,0.017505830578277298,0.026011892467123418,0.010491491250947648,0.008169622327369518,0.21143454280929394,0.10250873496300393
1480,5.080686348753294,0.017505841227065975,0.026008952213016242,0.010490873381329714,0.008169349782230875,0.2113617427684155,0.10249830729239404
1481,5.080686348753294,0.01750584010033675,0.026006014974759288,0.010490256145467286,0.008169080956863882,0.21128901739932113,0.10248789031755792
1482,5.080686348753294,0.017505838974762444,0.026003080747213456,0.010489710537033304,0.00816881584376246,0.21121636657476744,0.10247748402026961
1483,5.080686348753294,0.017505837850341082,0.026000149525251846,0.010489094541050008,0.008168554435439582,0.211143790167814,0.10246708838234651
1484,5.080686348753294,0.017505836727070706,0.025997221303759775,0.010488479175615066,0.00816829672442721,0.21107128805182232,0.10245670338564927
1485,5.080686348753294,0.01750583560494936,0.025994296077634732,0.010487874554614451,0.00816804270327625,0.210998860100455,0.1024463290120817
1486,5.080686348753294,0.017505834483975084,0.025991373841786302,0.01048726044359335,0.008167792364556477,0.21092678729696446,0.10243596524359057
1487,5.080686348753294,0.01750584169513711,0.02598845459113617,0.01048670963545887,0.008167545700856486,0.21085471767764039,0.10242561206216554
1488,5.080686348753294,0.01750584057359823,0.02598553832061806,0.010486096756595382,0.008167302704783622,0.21078251129680986,0.10241526944983896
1489,5.080686348753293,0.017505839453203505,0.025982625025177727,0.01048553073132859,0.008167063368963936,0.21071039019973484,0.10240493738868583
1490,5.080686348753293,0.017505838333950995,0.025979714699772883,0.01048491908607156,0.008166827842359923,0.2106383310149616,0.10239461586082357
1491,5.080686348753294,0.017505837215838767,0.025976807339373194,0.010484308063951496,0.00816659596115778,0.2105663452432347,0.10238430484841202
1492,5.080686348753293,0.017505836098864892,0.02597390293896021,0.0104836976639137,0.008166367718039563,0.21049461649220416,0.10237400433365314
1493,5.080686348753294,0.017505834983027442,0.02597100149352735,0.010483127824068891,0.00816614486033644,0.2104228862424155,0.102363714298791
1494,5.080686348753293,0.017505833868324494,0.025968102998079886,0.01048251865141995,0.008165925624352694,0.2103511198656055,0.10235343472611166
1495,5.080686348753293,0.017505832754754137,0.025965207447634864,0.010481910097717966,0.008165710002828607,0.21027942640667954,0.10234316559794301
1496,5.080686348753293,0.017505831642314458,0.025962314837221088,0.010481302161918152,0.008165497988522742,0.21020810646525143,0.10233290689665459
1497,5.080686348753293,0.01750583053100355,0.025959425161879105,0.010480694842978186,0.008165289574211887,0.21013655837076936,0.10232265860465758
1498,5.080686348753293,0.017505829420819505,0.02595653841666112,0.010480088139858196,0.008165090228188818,0.21006508282588693,0.10231242070440458
1499,5.080686348753294,0.01750582831176043,0.025953654596631022,0.010479482051520765,0.008164741255330179,0.20999367970838612,0.1023021931783895
1500,5.080686348753294,0.01750582720382443,0.025950773696864292,0.010478876576930916,0.008164396010509608,0.2099223488963365,0.10229197600914747
1501,5.080686348753295,0.017505826097009614,0.025947895712447995,0.010478315038011273,0.00816405448632454,0.20985117739732187,0.10228176917925469
1502,5.080686348753294,0.0175058249913141,0.025945020638480764,0.010477710773125192,0.008163716675390937,0.20978040730146189,0.10227157267132832
1503,5.080686348753295,0.017505823886736004,0.025942148470072722,0.01047710711891119,0.008163382570343236,0.2097097930373665,0.10226138646802635
1504,5.080686348753295,0.017505822783273454,0.02593927920234549,0.010476504074343956,0.008163052163834296,0.2096396864783191,0.10225121055204747
1505,5.080686348753295,0.01750582310952331,0.025936412830432107,0.010475901638400587,0.008162725448535331,0.20956923324081986,0.10224104490613095
1506,5.080686348753295,0.017505822007802915,0.02593354934947704,0.010475299810060575,0.008162378913025639,0.20949833288533637,0.1022308895130565
1507,5.080686348753294,0.017505820907192948,0.02593069196579426,0.010474698588305804,0.008162036077813095,0.20942750399061072,0.10222074435564421
1508,5.080686348753294,0.017505819807691555,0.02592783425114974,0.01047419236485788,0.008161696935583987,0.2093567464369813,0.10221060941675437
1509,5.080686348753294,0.017505818709296874,0.025924979412966124,0.010473592321358405,0.008161361479042825,0.2092863235522437,0.10220048467928738
1510,5.080686348753294,0.017505817612007053,0.02592212744643315,0.010472992881436155,0.008161029700912288,0.20921570823405067,0.10219037012618358
1511,5.080686348753294,0.01750581651582025,0.02591927834675182,0.010472408487944136,0.008160684894663926,0.2091451638997343,0.10218026574042317
1512,5.080686348753294,0.01750581542073462,0.02591643210913432,0.010471896482686005,0.008160343769101087,0.20907469043074745,0.10217017150502614
1513,5.080686348753294,0.01750581432674833,0.025913588728804015,0.010471298813552193,0.008160011528833706,0.2090042877088196,0.10216008740305203
1514,5.080686348753295,0.017505813233859545,0.025910748200995412,0.010470712708298349,0.008159682949538945,0.20893395561595593,0.10215001341759994
1515,5.080686348753295,0.017505812142066434,0.02590791052095411,0.010470182273274115,0.008159372936153339,0.2088638144665286,0.10213994953180831
1516,5.080686348753295,0.01750581105136717,0.025905075683936782,0.01046958637403955,0.008159029834570022,0.2087940157560322,0.10212989572885484
1517,5.080686348753295,0.017505809961759933,0.025902243685211154,0.010468991071430416,0.008158690394242732,0.2087241886218566,0.1021198519919564
1518,5.080686348753294,0.01750580887324291,0.02589941452005594,0.010468396364454267,0.00815835460798212,0.20865413760005216,0.10210981830436887
1519,5.080686348753295,0.017505807785814287,0.025896588183760828,0.010467802252120972,0.00815802246861665,0.20858415662171637,0.10209979464938707
1520,5.080686348753295,0.017505806699472257,0.02589376467162645,0.010467208733442694,0.008157693968992512,0.20851424557049134,0.10208978101034459
1521,5.080686348753295,0.01750580561421501,0.025890943978964343,0.010466615807433893,0.008157369101973594,0.20844459520451897,0.10207977737061369
1522,5.080686348753295,0.017505804530040758,0.025888126101096916,0.01046602347311131,0.008157047860441417,0.20837483929860381,0.10206978371360523
1523,5.080686348753296,0.017505803446947694,0.025885311033357426,0.010465431729493968,0.00815673023729508,0.20830513726418093,0.1020598000227685
1524,5.080686348753296,0.017505802364934032,0.02588249877108993,0.010464840575603162,0.008156416225451208,0.20823558516501106,0.10204982628159111
1525,5.080686348753295,0.017505801283997983,0.025879689309649262,0.010464250010462452,0.008156076155370555,0.2081662055021177,0.1020398624735989
1526,5.080686348753296,0.017505800204137764,0.025876882644401022,0.010463660033097658,0.008155739712000355,0.20809671142809213,0.10202990858235587
1527,5.080686348753296,0.01750579975980125,0.02587409019365447,0.01046307064253685,0.008155406888260669,0.2080272864743449,0.10201996459146397
1528,5.080686348753296,0.017505798681875833,0.025871289103122263,0.010462481837810345,0.008155077677088984,0.2079579305266559,0.102010030484563
1529,5.080686348753295,0.017505797605021137,0.025868490794947158,0.010461967695933036,0.008154752071440152,0.20788864347106872,0.10200010624533058
1530,5.080686348753295,0.01750579652923539,0.025865695264537407,0.010461380035310143,0.00815443006428635,0.2078194251938899,0.101990191857482
1531,5.080686348753296,0.017505795454516828,0.02586290250731184,0.010460852332673486,0.00815411164861701,0.20775043922474618,0.10198028730477006
1532,5.080686348753296,0.017505794380863693,0.025860112518699834,0.010460265817272668,0.008153796817438781,0.2076813581099368,0.10197039257098499
1533,5.080686348753296,0.017505793308274235,0.0258573252941413,0.010459742694943324,0.008153485563775471,0.2076123454340789,0.10196050763995436
1534,5.080686348753296,0.017505792236746694,0.02585454082908664,0.010459157319853897,0.008153177880667991,0.20754340108452282,0.10195063249554298
1535,5.080686348753296,0.01750579116627933,0.02585175911899672,0.010458648286857265,0.008152873761174313,0.20747452494887794,0.10194076712165272
1536,5.080686348753296,0.017505790096870394,0.025848980159342835,0.010458064044035865,0.008152573198369399,0.2074057169150119,0.10193091150222247
1537,5.080686348753296,0.017505789028518154,0.025846203945606674,0.010457480378510619,0.00815227618534517,0.2073372192029445,0.10192106562122798
1538,5.080686348753296,0.017505790162662162,0.02584343047328032,0.010456897289333791,0.008151982715210445,0.20726871996293525,0.10191122946268184
1539,5.0806863487532965,0.01750578909568945,0.025840659737866162,0.010456314775559814,0.008151692781090888,0.20720011542673572,0.10190140301063325
1540,5.0806863487532965,0.017505788029768956,0.025837891734876918,0.010455783444729048,0.008151406376128958,0.20713168017582595,0.101891586249168
1541,5.0806863487532965,0.017505786964898958,0.025835126459835586,0.010455202062203618,0.008151123493483858,0.2070632108070847,0.10188177916240829
1542,5.0806863487532965,0.01750578590107774,0.025832363908275403,0.010454681534580514,0.008150844126331488,0.20699482243941675,0.10187198173451274
1543,5.080686348753297,0.01750578483830358,0.02582960407573983,0.010454101276408514,0.008150568267864387,0.20692648782491999,0.10186219394967613
1544,5.0806863487532965,0.017505783776574763,0.02582684695778251,0.010453521588979919,0.008150292078158641,0.2068582204245227,0.10185241579212942
1545,5.080686348753297,0.017505782715889588,0.02582409254996726,0.01045299085080407,0.008150019387340798,0.206790226950991,0.10184264724613962
1546,5.0806863487532965,0.017505781656246347,0.025821340847868007,0.010452412286126181,0.008149686087001813,0.2067220935813735,0.10183288829600959
1547,5.080686348753297,0.01750578059764334,0.02581859184706879,0.010451834289415584,0.008149356334966726,0.20665411181082158,0.10182313892607803
1548,5.080686348753297,0.01750577954007887,0.025815845543163702,0.010451256859745902,0.008149030124401777,0.20658615474511927,0.10181339912071939
1549,5.0806863487532965,0.017505778483551244,0.025813101931756895,0.01045067999619288,0.00814870744848979,0.20651829026123394,0.10180366886434372
1550,5.0806863487532965,0.017505777428058776,0.025810361008462523,0.010450103697834365,0.008148388300430139,0.20645042371524508,0.10179394814139653
1551,5.0806863487532965,0.017505776373599777,0.025807622768904716,0.010449560591466622,0.008148072673438679,0.206382623619832,0.10178423693635875
1552,5.0806863487532965,0.01750577532017257,0.025804887208717566,0.010448985410030785,0.008147760560747709,0.20631488986689273,0.10177453523374665
1553,5.0806863487532965,0.017505774267775474,0.02580215432354508,0.010448410791046022,0.008147451955605919,0.20624765239133994,0.10176484301811158
1554,5.0806863487532965,0.01750577321640682,0.025799424109041163,0.010447836733598524,0.008147146851278337,0.20618053021229701,0.1017551602740401
1555,5.080686348753297,0.017505772166064925,0.025796696560869577,0.010447263236776548,0.008146845241046287,0.2061134103166576,0.10174548698615367
1556,5.080686348753297,0.01750577111674814,0.025793971674703937,0.010446690299670425,0.008146515141589391,0.20604613258890275,0.10173582313910869
1557,5.080686348753297,0.01750577006845479,0.025791249446227658,0.010446117921372544,0.008146188554027411,0.20597889185916968,0.10172616871759632
1558,5.080686348753297,0.017505769021183223,0.02578852987113392,0.010445614706810161,0.008145865471639707,0.20591173675627542,0.10171652370634243
1559,5.080686348753297,0.017505767974931787,0.02578581294512568,0.010445043421000097,0.008145545887721858,0.2058446279956968,0.10170688809010744
1560,5.080686348753297,0.017505766929698824,0.025783098663915593,0.010444472691309574,0.008145229795585596,0.20577742045877806,0.10169726185368623
1561,5.080686348753297,0.01750576588548269,0.025780387023226027,0.010443902516839144,0.008144917188558773,0.20571045717923425,0.10168764498190813
1562,5.080686348753297,0.017505764842281737,0.025777678018789003,0.010443332896691379,0.008144608059985299,0.20564370585971786,0.10167803745963666
1563,5.080686348753297,0.017505763800094335,0.02577497164634619,0.010442782523469573,0.008144305856767568,0.2055771057114464,0.10166843927176965
1564,5.080686348753298,0.017505762758918842,0.025772267901648865,0.010442214003195368,0.008144007221069982,0.20551015876779327,0.10165885040323888
1565,5.080686348753297,0.01750576171875362,0.025769566780457873,0.0104416460345696,0.008143712040503058,0.205443276784316,0.10164927083901015
1566,5.080686348753297,0.01750576067959705,0.025766868278543634,0.010441128462986924,0.008143420308480056,0.20537645965628656,0.10163970056408322
1567,5.080686348753298,0.017505759641447505,0.025764172391686088,0.010440561578790693,0.008143132018430048,0.20530978768436564,0.10163013956349155
1568,5.080686348753298,0.01750576961601254,0.02576147911567467,0.010439995243596512,0.008142847163797873,0.20524309992787365,0.10162059136944838
1569,5.080686348753298,0.01750576857629771,0.025758788446308294,0.010439429456520984,0.008142565738044087,0.20517647671408312,0.10161104887161097
1570,5.080686348753297,0.017505767537588503,0.0257561003793953,0.010438864216682702,0.008142287734644923,0.20510999942978803,0.10160151560341216
1571,5.080686348753298,0.017505766499883307,0.02575341491075348,0.01043829952320224,0.0081419622934816,0.2050435049638493,0.10159199155001965
1572,5.080686348753298,0.017505765463180514,0.025750732036209978,0.010437735375202139,0.008141637166686639,0.2049770747299705,0.10158247669663437
1573,5.080686348753298,0.017505764427478508,0.025748051751601334,0.010437171771806919,0.008141315494848273,0.2049107086250605,0.10157297102849051
1574,5.080686348753298,0.017505772069401036,0.025745374052773398,0.0104366674578468,0.00814099727142142,0.20484441917890903,0.10156347453085536
1575,5.080686348753297,0.017505771032890135,0.02574269893558134,0.010436180684289316,0.008140673081663594,0.20477818101950226,0.1015539871890292
1576,5.080686348753297,0.017505772720197623,0.02574002639588962,0.010435618666015146,0.008140352336338858,0.20471213903284827,0.10154450898834527
1577,5.080686348753298,0.017505771684803183,0.02573735642957194,0.010435089982869019,0.008140028769789195,0.20464602837069604,0.10153503991416962
1578,5.080686348753297,0.017505770650405077,0.025734689032511245,0.010434529035473922,0.008139708640685498,0.20457998132555616,0.10152557995190102
1579,5.080686348753297,0.017505769617001725,0.025732024200599668,0.010433995254698515,0.00813939194253628,0.20451399779571452,0.1015161290869709
1580,5.080686348753298,0.017505768584591526,0.02572936192973853,0.010433435376748637,0.008139069305558857,0.20444807767968418,0.1015066873048432
1581,5.080686348753299,0.017505767553172902,0.025726702215838292,0.01043287603652993,0.008138750095592175,0.20438222087620475,0.10149725459101437
1582,5.080686348753298,0.017505766522744267,0.02572404505481855,0.010432317233184281,0.008138434306176614,0.2043164272842418,0.10148783093101313
1583,5.080686348753298,0.01750576549330404,0.02572139044260799,0.010431758965855487,0.008138121930867895,0.20425069680298613,0.10147841631040051
1584,5.080686348753297,0.01750576446485065,0.02571873837514437,0.010431201233689258,0.00813781296323704,0.20418546224558326,0.10146901071476976
1585,5.080686348753298,0.017505763437382527,0.0257160888483745,0.010430644035833204,0.00813750739687033,0.20412040110514368,0.10145961412974615
1586,5.080686348753298,0.017505762410898094,0.025713441858254204,0.010430087371436829,0.008137205225369249,0.20405485903990145,0.10145022654098693
1587,5.080686348753299,0.017505761385395793,0.025710797400748296,0.010429531239651532,0.00813690644235045,0.2039893837661387,0.10144084793418129
1588,5.080686348753298,0.017505760360874062,0.025708155471830568,0.010428975639630595,0.008136611041445705,0.20392437070476513,0.10143147829505023
1589,5.080686348753298,0.01750575933733134,0.025705516067483745,0.010428420570529185,0.008136319016301859,0.2038594930881343,0.10142211760934641
1590,5.080686348753298,0.017505758314766074,0.02570287918369948,0.010427866031504343,0.00813603036058079,0.20379490939220876,0.10141276586285417
1591,5.080686348753298,0.017505757293176716,0.025700255986230307,0.010427372810135848,0.00813574506795936,0.20373052130215494,0.10140342304138936
1592,5.080686348753298,0.017505756272561717,0.02569762412800873,0.010426826540345702,0.00813546313212938,0.2036663632646096,0.10139408913079925
1593,5.080686348753298,0.017505755252919527,0.025694994778381303,0.010426273564773816,0.008135184546797547,0.20360199845451712,0.10138476411696254
1594,5.080686348753298,0.017505754234248612,0.025692367933375086,0.010425721115946009,0.008134909305685428,0.20353813945526159,0.10137544798578912
1595,5.080686348753298,0.01750575321654744,0.025689743589025926,0.010425169193028584,0.008134637402529387,0.2034746685338773,0.1013661407232201
1596,5.080686348753297,0.017505752199814463,0.025687121741378445,0.010424617795189689,0.008134368831080565,0.20341146417790862,0.10135684231522768
1597,5.080686348753297,0.017505751184048155,0.02568450238648599,0.010424148732421045,0.00813410358510482,0.20334846882181837,0.10134755274781503
1598,5.080686348753297,0.017505750169247,0.02568188552041064,0.010423598356181007,0.008133817496782348,0.20328526410783965,0.10133827200701627
1599,5.080686348753297,0.017505749155409464,0.025679271139223157,0.010423048502559706,0.008133534744451715,0.20322251562636295,0.10132900007889632
1600,5.080686348753297,0.017505748142534028,0.025676660341197834,0.01042253941174282,0.008133255321886504,0.20315987774753558,0.10131973694955086
1601,5.080686348753297,0.017505747130619174,0.025674064691799302,0.010422079792336341,0.0081329389072066,0.2030974803490547,0.10131048260510618
1602,5.080686348753297,0.017505746119663393,0.025671475444894894,0.010421577224585539,0.008132625848093397,0.2030351671499924,0.10130123703171917
1603,5.080686348753298,0.01750574510966517,0.02566887095379047,0.010421029397571968,0.00813231003175187,0.20297187200387368,0.1012920002155772
1604,5.080686348753298,0.017505744100623,0.02566626892806705,0.010420482089125082,0.008131994514358424,0.2029082567506165,0.10128277214289802
1605,5.080686348753298,0.017505743092535376,0.02566366936384701,0.010419935298429262,0.008131682342503567,0.20284475034812885,0.10127355279992965
1606,5.080686348753298,0.01750574459144848,0.02566107225726127,0.010419389024670687,0.008131371062869267,0.2027811549417798,0.10126434217295041
1607,5.080686348753298,0.01750574358447139,0.025658477604449222,0.010418843267037322,0.008131067296376809,0.20271721571653126,0.10125514024826869
1608,5.080686348753298,0.017505742578445106,0.02565588540155875,0.01041829802471891,0.008130766855192297,0.2026532924231238,0.10124594701222296
1609,5.080686348753298,0.01750574157336814,0.02565329564474618,0.01041775329690698,0.008130469733149131,0.20258916004597463,0.10123676245118164
1610,5.080686348753297,0.017505740569238995,0.025650708330176252,0.010417209082794825,0.008130175924095115,0.20252508814818238,0.10122758655154303
1611,5.080686348753297,0.017505739566056194,0.025648123454022127,0.01041666538157751,0.008129885421892418,0.20246134115324613,0.10121841929973523
1612,5.080686348753297,0.017505738563818256,0.025645541012465335,0.010416160334295124,0.008129572250436385,0.2023973898465196,0.10120926068221608
1613,5.080686348753297,0.017505737562523698,0.025642961001695767,0.010415617644419426,0.008129262398043824,0.20233363761109788,0.10120011068547304
1614,5.0806863487532965,0.017505736562171047,0.02564038341791164,0.010415075465045637,0.008128955858581512,0.2022698065579226,0.10119096929602306
1615,5.0806863487532965,0.017505735562758827,0.025637808257319466,0.010414533795375823,0.00812865262593051,0.20220603551245528,0.10118183650041261
1616,5.0806863487532965,0.01750573456428557,0.025635235516134062,0.01041399263461379,0.00812835269398612,0.2021425194020636,0.10117271228521754
1617,5.0806863487532965,0.017505733566749816,0.025632665190578507,0.010413451981965086,0.008128056056657841,0.20207886802959943,0.10116359663704298
1618,5.0806863487532965,0.0175057325701501,0.025630097276884097,0.01041291183663699,0.008127762707869328,0.20201534092117923,0.1011544895425233
1619,5.080686348753297,0.01750573157448496,0.025627531771290363,0.010412372197838506,0.008127468999964553,0.20195212820653688,0.10114539098832194
1620,5.0806863487532965,0.017505730579752937,0.025624968670045014,0.01041183306478036,0.008127178571902004,0.20188865561577704,0.10113630096113148
1621,5.0806863487532965,0.017505729585952583,0.025622407969403932,0.010411294436675005,0.008126891417642251,0.20182524247353598,0.1011272194476734
1622,5.0806863487532965,0.017505728593082446,0.025619849665631154,0.0104107563127366,0.008126610030230151,0.20176188868729625,0.10111814643469813
1623,5.0806863487532965,0.017505727601141077,0.02561729375499884,0.010410218692181016,0.008126331902246233,0.20169859416474156,0.10110908190898486
1624,5.0806863487532965,0.01750572661012704,0.025614740233787237,0.010409681574225827,0.008126057027696598,0.2016354171267834,0.10110002585734157
1625,5.0806863487532965,0.017505725620038888,0.02561218909828468,0.010409144958090305,0.00812578540060122,0.20157269961193805,0.1010909782666048
1626,5.080686348753297,0.017505724630875186,0.025609640344787563,0.010408673242348716,0.008125476233781272,0.20150997385281597,0.10108193912363975
1627,5.080686348753297,0.017505723642634495,0.0256070939696003,0.01040813760736458,0.008125167355453128,0.20144691518151525,0.10107290841534004
1628,5.080686348753297,0.017505722655315394,0.02560454996903533,0.010407602471886873,0.008124861747500822,0.20138411893497257,0.10106388612862777
1629,5.080686348753297,0.017505721668916445,0.02560200833941307,0.010407067835141589,0.008124559403936252,0.2013213437485022,0.1010548722504533
1630,5.080686348753297,0.017505720683436227,0.025599469077061916,0.010406533696356392,0.008124260318785133,0.20125846110469486,0.10104586676779528
1631,5.080686348753297,0.01750571969887332,0.025596932178318196,0.010406000054760627,0.008123966669970072,0.20119563699358875,0.10103686966766054
1632,5.080686348753297,0.017505718715226302,0.025594397639526163,0.010405466909585302,0.008123676265629615,0.2011328713246524,0.101027880937084
1633,5.080686348753297,0.01750571773249376,0.025591865457037972,0.010404934260063082,0.008123369093619028,0.20107020899432554,0.10101890056312858
1634,5.080686348753297,0.017505716750674277,0.025589335627213657,0.010404402105428293,0.008123065172824696,0.2010076648522978,0.10100992853288514
1635,5.080686348753297,0.017505715769766447,0.025586808146421114,0.010403870444916917,0.008122764497315249,0.2009450739219595,0.10100096483347246
1636,5.080686348753297,0.017505714789768863,0.025584283011036067,0.01040333927776658,0.008122467061172946,0.20088255782607461,0.10099200945203704
1637,5.080686348753297,0.017505713810680123,0.02558176021744205,0.01040280860321655,0.008122172858493646,0.2008200829650449,0.10098306237575311
1638,5.080686348753298,0.017505712832498823,0.025579239762030383,0.010402299238205796,0.008121881883386759,0.20075766600713427,0.10097412359182255
1639,5.080686348753297,0.017505716467547502,0.02557672164120018,0.01040176954011437,0.008121594129975214,0.2006953068631694,0.10096587098029847
1640,5.0806863487532965,0.0175057154897451,0.025574205851358275,0.010401240332356862,0.008121309592395421,0.20063300544416893,0.10095750985946664
1641,5.0806863487532965,0.017505722170182304,0.02557169238891925,0.010400782609820487,0.008121028264797232,0.20057076764812926,0.1009491301643473
1642,5.080686348753297,0.017505721191813553,0.025569181250305387,0.01040028194871192,0.008120750141343896,0.2005086498463789,0.10094070287613038
1643,5.080686348753297,0.017505720214348798,0.025566672431946644,0.010399754176896783,0.008120475216212028,0.20044705700709556,0.10093220744456748
1644,5.0806863487532965,0.017505719237786654,0.025564165930280654,0.010399226892436629,0.008120204026677935,0.20038522590128569,0.10092365800701462
1645,5.0806863487532965,0.017505718262125734,0.02556166174175268,0.010398700094583668,0.008119936023357288,0.20032353060085628,0.10091506421931216
1646,5.0806863487532965,0.01750571728736466,0.025559159862815612,0.0103981737825917,0.008119671200467336,0.20026193110304583,0.1009064272082543
1647,5.080686348753296,0.017505726537924968,0.02555666028992994,0.010397647955716132,0.008119409552238534,0.20020065896257175,0.10089863381960085
1648,5.0806863487532965,0.017505725561801043,0.02555416301956374,0.010397122613213967,0.008119151072914515,0.20013932853376964,0.10089079403903836
1649,5.0806863487532965,0.017505724586575747,0.025551668048192637,0.010396597754343791,0.00811889575675204,0.20007807270084574,0.10088262651901819
1650,5.080686348753297,0.017505723612247698,0.025549175372299796,0.010396108289789843,0.008118643598020978,0.20001702316226538,0.10087437680148896
1651,5.080686348753297,0.01750572263881552,0.02554668498837589,0.010395584385201127,0.008118394591004247,0.19995605132028843,0.10086612842967453
1652,5.080686348753297,0.017505721666277854,0.025544196892919115,0.01039506096203956,0.0081181487299978,0.19989500268616034,0.10085782872558045
1653,5.080686348753297,0.01750572069463333,0.025541711082435106,0.010394538019570026,0.008117847010115286,0.19983376488937482,0.10084949108894813
1654,5.080686348753297,0.01750571972388058,0.02553922755343698,0.01039401555705899,0.008117548479023552,0.19977298907171362,0.10084103365192928
1655,5.080686348753298,0.017505718754018254,0.025536746302445287,0.010393493573774474,0.008117253130974809,0.19971191372028052,0.10083232002554032
1656,5.080686348753298,0.017505717785044988,0.02553426732598797,0.010392972068986059,0.008116960960234329,0.1996508361596354,0.10082352733615685
1657,5.080686348753297,0.017505716816959428,0.02553179062060039,0.010392451041964885,0.008116671961080393,0.19958997257599842,0.1008147409778088
1658,5.080686348753297,0.017505715849760226,0.02552931618282528,0.010391930491983642,0.008116386127804267,0.19952938054715508,0.1008059626640412
1659,5.080686348753297,0.017505714883446027,0.025526844009212707,0.010391410418316567,0.008116103454710154,0.19946905564812203,0.10079719238261509
1660,5.080686348753297,0.017505713918015496,0.02552437409632009,0.010390916942564077,0.008115822722522552,0.1994088447130211,0.10078843012131755
1661,5.080686348753297,0.01750571295346728,0.025521906440712155,0.010390397811348555,0.008115523181697962,0.19934862395726474,0.1007796758679616
1662,5.080686348753297,0.017505711989800044,0.02551944103896092,0.010389879154286463,0.008115226805208799,0.1992887512399765,0.10077092961038618
1663,5.080686348753297,0.01750571102701245,0.025516982345937553,0.010389360970658174,0.008114933587378553,0.19922862397633637,0.10076219133645599
1664,5.080686348753297,0.017505710065103167,0.025514521440281032,0.010388848562999311,0.008114643522543543,0.19916842790815178,0.10075346103406144
1665,5.080686348753297,0.01750570910407086,0.025512062778242084,0.010388331322464502,0.008114345068288724,0.19910791974836,0.10074473869111865
1666,5.080686348753298,0.017505708143914202,0.025509606356421705,0.010387814553215226,0.008114049766251887,0.1990474782656464,0.10073602429556933
1667,5.080686348753298,0.017505707184631864,0.025507152171428082,0.01038729825453793,0.008113757610791705,0.19898735355505529,0.10072731783538069
1668,5.080686348753298,0.017505706226222523,0.025504700219876577,0.010386782425720576,0.008113468596279571,0.1989275186098581,0.10071861929854543
1669,5.080686348753298,0.017505705268684862,0.025502250498389722,0.010386267066052625,0.008113182717099562,0.19886735961740684,0.1007099286730816
1670,5.080686348753297,0.0175057133419483,0.025499808839770613,0.010385752174825043,0.008112895824347129,0.19880716313924265,0.10070124594703259
1671,5.080686348753297,0.017505712383399367,0.02549736356653134,0.010385237751330293,0.008112612059496703,0.1987466029670909,0.10069257110846704
1672,5.080686348753297,0.017505711425720674,0.02549492051326864,0.010384723794862329,0.008112331416964514,0.19868609777536464,0.10068390414547874
1673,5.080686348753297,0.0175057104689109,0.025492479676633453,0.010384210304716599,0.008112035106061167,0.19862564748112055,0.10067524504618666
1674,5.080686348753297,0.017505709512968735,0.025490041053283796,0.010383715465251134,0.008111741923379991,0.19856525200159014,0.10066659379873474
1675,5.080686348753297,0.017505708557892873,0.02548760463988471,0.010383202900115993,0.008111451863349108,0.19850491125417927,0.10065795039129194
1676,5.080686348753297,0.017505707603682006,0.025485170433108273,0.010382742125894469,0.008111164920409135,0.1984446251564677,0.10064931481205211
1677,5.0806863487532965,0.017505706650334834,0.02548273842963355,0.010382230472927032,0.008110881089013167,0.1983847012508458,0.10064068704923393
1678,5.080686348753297,0.017505705697850062,0.025480308626146607,0.010381719282800331,0.008110600363626727,0.19832452411265197,0.1006320670910809
1679,5.080686348753297,0.017505704746226387,0.025477881019340457,0.01038120855481863,0.008110322738727731,0.19826440137801976,0.10062345492586118
1680,5.080686348753297,0.017505703795462523,0.02547545560591507,0.010380698288287657,0.008110028282021117,0.19820433296521975,0.10061485054186758
1681,5.0806863487532965,0.01750570284555717,0.025473032382577337,0.010380252251448247,0.008109736932788233,0.19814437558432832,0.10060625392741751
1682,5.080686348753297,0.017505701896509053,0.025470611346041068,0.010379742886444766,0.00810944868551699,0.19808441555350442,0.10059766507085287
1683,5.080686348753297,0.017505700948316872,0.02546819249302695,0.010379262559627659,0.008109163534707614,0.19802456886621372,0.10058908396054
1684,5.080686348753298,0.01750570000097935,0.025465775820262538,0.010378754104085973,0.00810888147487261,0.1979647168918045,0.10058051058486962
1685,5.080686348753298,0.01750569905449521,0.025463361324482257,0.010378258928835638,0.008108602500536735,0.1979049188331758,0.10057194493225675
1686,5.080686348753298,0.017505698108863176,0.02546094900242736,0.010377751384790065,0.008108326606236959,0.19784521533730673,0.10056338699114069
1687,5.080686348753298,0.017505697164081964,0.025458538850845907,0.010377244297404446,0.008108053786522434,0.19778552485599898,0.10055483674998487
1688,5.080686348753299,0.01750569622015031,0.025456130866492763,0.010376737665996012,0.008107784035954458,0.19772588804886757,0.1005462941972769
1689,5.080686348753299,0.017505695277066937,0.02545372504612957,0.010376231489883425,0.008107517349106436,0.1976664356301644,0.10053775932152835
1690,5.080686348753298,0.017505694334830586,0.02545132138652473,0.01037572576838677,0.008107253720563864,0.19760695901714193,0.10052923211127486
1691,5.080686348753299,0.017505693393439988,0.025448919884453403,0.010375220500827549,0.008106993144924274,0.19754759768856922,0.10052071255507597
1692,5.080686348753299,0.017505692452893885,0.02544652053669745,0.01037471568652868,0.008106735616797214,0.19748817468790958,0.10051220064151506
1693,5.080686348753299,0.017505691513191018,0.025444123340045456,0.01037421132481449,0.008106481130804212,0.19742880496216667,0.10050369635919928
1694,5.080686348753299,0.017505692609805695,0.025441735693752292,0.010373707415010716,0.008106224378095047,0.19736948843197105,0.10049519969675957
1695,5.0806863487533,0.017505691671174346,0.02543934278747798,0.010373203956444497,0.008105970661547923,0.1973102250181186,0.10048671064285052
1696,5.0806863487533,0.017505690733383015,0.02543695202271541,0.010372700948444372,0.008105719975813035,0.19725106452120283,0.10047822918615029
1697,5.0806863487533,0.017505689796430454,0.025434563396279815,0.010372198390340277,0.008105472315552448,0.19719190708812356,0.10046975531536062
1698,5.0806863487533,0.017505688860315418,0.02543217690499304,0.01037169628146354,0.008105227675440049,0.1971328457540962,0.1004612890192067
1699,5.080686348753299,0.01750568792503666,0.025429792545683526,0.01037123375314283,0.008104986050161524,0.19707388004451296,0.10045283028643716
1700,5.080686348753299,0.017505686990592947,0.025427410315186305,0.010370732529005186,0.008104747434414323,0.19701488097644876,0.10044437910582396
1701,5.080686348753299,0.017505686056983032,0.025425030210342963,0.010370279894990415,0.008104511822907627,0.19695593455299562,0.10043593546616235
1702,5.080686348753299,0.01750568717791568,0.025422652228001642,0.010369853584170714,0.008104279210362317,0.19689705544757355,0.10042749935627082
1703,5.080686348753299,0.017505686245355923,0.025420276365017012,0.01036941034408092,0.00810404959151094,0.19683821407491603,0.10041907076499104
1704,5.080686348753299,0.01750568531362681,0.025417902618250256,0.01036891649088099,0.008103822961097677,0.19677966372469413,0.10041064968118775
1705,5.080686348753298,0.017505684382727107,0.02541553098456905,0.010368417441286769,0.00810360329939088,0.19672092702507718,0.10040223609374874
1706,5.080686348753298,0.017505683452655595,0.02541316146084755,0.010367918835679552,0.008103386612099568,0.19666224258145176,0.1003938299915848
1707,5.080686348753297,0.01750568252341105,0.02541079404396638,0.010367420673402948,0.008103172894007875,0.1966037692780471,0.10038543136362967
1708,5.080686348753297,0.017505681594992245,0.025408432668601856,0.010366922953801918,0.008102962139911442,0.1965454308415534,0.10037704019883989
1709,5.080686348753297,0.017505680667397966,0.025406069454896332,0.010366425676222774,0.008102754344617363,0.1964874633614918,0.10036865648619482
1710,5.080686348753298,0.017505679740626993,0.02540370833871262,0.01036595885659978,0.008102549502944171,0.19642970723384712,0.10036028021469659
1711,5.080686348753297,0.017505678814678113,0.025401349316957013,0.0103654624521808,0.008102326234686697,0.19637143107530586,0.10035191137336996
1712,5.080686348753297,0.0175056820484319,0.025398992386542172,0.010364966487838643,0.008102105928670935,0.19631310898663443,0.10034354995126234
1713,5.080686348753297,0.017505681122888035,0.025396637544387125,0.010364470962924983,0.008101888579721616,0.19625478762217902,0.1003351959374437
1714,5.080686348753297,0.017505680198163735,0.025394284787417246,0.010363975876792835,0.008101602519516585,0.19619651790060905,0.10032684932100648
1715,5.0806863487532965,0.017505679274257776,0.02539193411256421,0.010363481228796538,0.008101319469481191,0.19613829974593305,0.10031851009106559
1716,5.0806863487532965,0.017505678351168973,0.02538958551676603,0.010362987018291761,0.008101039424380906,0.19608018855992593,0.10031017823675832
1717,5.080686348753297,0.017505677428896117,0.02538723899696699,0.010362536276255207,0.008100762758359031,0.1960224472043443,0.10030185374724429
1718,5.080686348753298,0.017505676507438013,0.02538489455011767,0.010362042926059328,0.008100489086502427,0.19596447767498196,0.10029353661170534
1719,5.080686348753298,0.017505675586793456,0.025382552173174887,0.010361550011441161,0.008100218403611359,0.19590646487603658,0.10028522681934557
1720,5.080686348753298,0.017505674666961263,0.02538021186310171,0.010361057531761636,0.008099950704497458,0.19584850326650013,0.10027692435939116
1721,5.080686348753298,0.017505673747940233,0.025377873616867445,0.01036060052485866,0.008099685983983697,0.19579059277131222,0.10026862922109044
1722,5.080686348753298,0.017505672829729188,0.02537553743144759,0.010360108902789973,0.008099424236904362,0.19573278755813167,0.10026034139371373
1723,5.080686348753298,0.017505671912326933,0.02537320330382384,0.010359617713759678,0.008099150661755454,0.1956752336193228,0.10025206086655333
1724,5.080686348753298,0.01750567099573229,0.02537087123098408,0.01035921076718062,0.008098880062768887,0.19561767430358815,0.10024378762892351
1725,5.080686348753297,0.017505670079944073,0.02536854120992234,0.010358871864868705,0.00809861243479363,0.19556036020368447,0.10023552167016027
1726,5.080686348753297,0.017505669164961105,0.025366213237638807,0.010358381901802861,0.008098347772689873,0.19550316784723484,0.10022726297962153
1727,5.080686348753297,0.01750566825078221,0.025363887311139782,0.010357892369308662,0.00809808607132901,0.19544583910865118,0.1002190115466869
1728,5.080686348753297,0.017505675798847892,0.025361563427437693,0.010357403266757317,0.008097827325593587,0.1953882838421038,0.10021076736075768
1729,5.080686348753297,0.017505674883783334,0.025359241583551056,0.010356952086283617,0.008097571530377294,0.19533077909534877,0.10020253041125679
1730,5.080686348753298,0.017505673969521518,0.025356921776504473,0.010356490572231878,0.008097324270486424,0.19527356431998033,0.10019430068762872
1731,5.080686348753298,0.017505673056061273,0.025354604003328608,0.010356002736869655,0.008097079946034442,0.19521623587490386,0.10018607817933949
1732,5.080686348753298,0.01750567214340143,0.02535228826106017,0.010355515328964471,0.008096838551955391,0.19515907874716662,0.10017786287587657
1733,5.080686348753298,0.017505671231540825,0.025349974546741903,0.010355028347893896,0.008096557138281406,0.19510177519397617,0.10016965476674883
1734,5.080686348753298,0.017505670320478294,0.025347662857422567,0.010354541793036765,0.00809627868246748,0.19504472901474168,0.10016145384148646
1735,5.080686348753298,0.017505669410212678,0.02534535319015693,0.010354055663773178,0.008096003179425906,0.19498775377767136,0.10015326008964102
1736,5.080686348753298,0.017505668500742817,0.025343045542005737,0.01035356995948449,0.008095730624079993,0.19493093167952186,0.10014507350078522
1737,5.080686348753298,0.017505675983812554,0.02534073991003571,0.01035308467955332,0.00809546101136405,0.1948740313439687,0.10013728058305015
1738,5.080686348753299,0.017505675073473864,0.025338436291319516,0.010352599823363536,0.00809519433622334,0.19481761759803076,0.10012938448038934
1739,5.080686348753299,0.017505674163929615,0.025336134682935774,0.010352115390300252,0.008094930593614066,0.19476089999904334,0.10012141830105649
1740,5.080686348753299,0.01750567325517865,0.02533383508196901,0.010351631379749838,0.008094669778503327,0.19470429455178806,0.10011338034583717
1741,5.080686348753299,0.017505672347219822,0.025331537485509686,0.010351147791099899,0.008094411885869103,0.19464777593245333,0.10010532497413673
1742,5.080686348753299,0.01750567144005198,0.02532924189065412,0.010350664623739285,0.008094156910700213,0.19459098485370127,0.10009719292954442
1743,5.080686348753299,0.017505670533673988,0.025326948294504534,0.010350181877058084,0.008093904847996294,0.19453417877907966,0.10008905587348302
1744,5.080686348753299,0.017505669628084693,0.025324656694169,0.010349699550447613,0.008093663120604132,0.1944774221352884,0.10008092589802771
1745,5.080686348753299,0.01750566872328296,0.025322367086761447,0.010349217643300424,0.008093424289248802,0.1944211921944273,0.10007280299293946
1746,5.080686348753299,0.01750566781926765,0.025320079469401627,0.010348736155010295,0.008093188348971552,0.19436484089295708,0.10006468714799995
1747,5.080686348753299,0.017505666916037624,0.02531779383921511,0.010348255084972226,0.008092955294824308,0.19430873617258,0.10005657835301149
1748,5.080686348753299,0.017505666013591752,0.02531551019333327,0.010347774432582443,0.008092725121869645,0.19425292999698016,0.10004847659779696
1749,5.0806863487533,0.017505665111928904,0.025313234731146016,0.01034731457621914,0.008092497825180766,0.19419702588419094,0.10004038187219978
1750,5.080686348753299,0.017505665931716565,0.02531095504348748,0.010346881969696011,0.008092273399841466,0.19414110604082044,0.10003229416608383
1751,5.080686348753299,0.01750566503111638,0.025308677331563965,0.010346469983758834,0.00809205184094611,0.19408515547273278,0.10002421346933346
1752,5.0806863487533,0.017505664131296273,0.02530640159252989,0.010345990956740535,0.008091833143599602,0.19402879065386244,0.10001613977185334
1753,5.0806863487533,0.017505663232255116,0.025304127823545408,0.010345518451056931,0.008091617302917352,0.19397247462858702,0.10000807306356846
1754,5.0806863487533,0.017505662333991787,0.025301856021776387,0.01034505670894497,0.008091404314025252,0.19391620732671153,0.10000001333442411
1755,5.0806863487533,0.017505661436505175,0.025299586184394384,0.01034457891764159,0.008091194172059652,0.19385998867818205,0.09999196057438577
1756,5.080686348753301,0.01750566053979416,0.025297318308576656,0.010344101539239307,0.008090986872167331,0.19380421217864097,0.09998391477343906
1757,5.0806863487533,0.017505659643857623,0.0252950523915061,0.010343680030303235,0.008090782409505459,0.19374837794141475,0.09997587592158973
1758,5.0806863487533,0.017505658748694457,0.025292793488161925,0.010343292336824203,0.00809058077924158,0.19369262847877436,0.09996784400886356
1759,5.080686348753299,0.017505657854303552,0.025290531478694117,0.010342872423058338,0.008090381976553582,0.19363685974900038,0.09995981902530642
1760,5.080686348753299,0.017505656960683805,0.025288271419557355,0.010342418748226346,0.00809018599662967,0.19358139182196843,0.09995180096098404
1761,5.0806863487533,0.017505656067834108,0.025286013307957073,0.010341975496454867,0.008089992834668332,0.19352601935777838,0.09994378980598208
1762,5.0806863487533,0.017505655175753355,0.0252837571411043,0.010341500509510135,0.008089802485878322,0.19347030781460028,0.09993578555040607
1763,5.080686348753299,0.01750565428444045,0.02528150291621565,0.010341025931403786,0.008089614945478623,0.19341447516820115,0.09992778818438129
1764,5.0806863487533,0.01750565339389429,0.025279250630513304,0.010340551761551011,0.008089430208698428,0.19335869055157218,0.09991979769805286
1765,5.080686348753299,0.017505652504113782,0.025277000281224992,0.010340077999368168,0.008089248270777108,0.1933029538960498,0.09991181408158549
1766,5.080686348753299,0.01750565161509783,0.025274751865583988,0.010339667740093962,0.008089069126964183,0.19324729647747968,0.09990383732516361
1767,5.080686348753299,0.01750565072684535,0.025272505380829088,0.010339194773337784,0.0080888927725193,0.19319165552970333,0.09989586741899122
1768,5.080686348753299,0.017505649839355243,0.025270260824204586,0.010338775311181981,0.00808871920271221,0.1931360623378723,0.09988790435329187
1769,5.080686348753299,0.017505648952626424,0.025268018192960293,0.010338405862815375,0.008088548412822725,0.19308055748617697,0.09987994811830862
1770,5.0806863487533,0.01750564806665781,0.025265777484351482,0.010337934067364203,0.008088380398140707,0.19302505959033656,0.09987199870430397
1771,5.0806863487533,0.017505647181448317,0.025263538695638903,0.010337462676159396,0.008088215153966039,0.19296960924650747,0.09986405610155977
1772,5.080686348753299,0.017505646296996857,0.02526130182408876,0.010336991688625334,0.008088052675608588,0.19291420638697893,0.0998561203003773
1773,5.0806863487533,0.017505645413302365,0.02525906686697269,0.010336521104187547,0.008087892958388196,0.1928589007356257,0.09984819129107712
1774,5.0806863487533,0.01750564515673323,0.025256833821567768,0.0103360509222727,0.008087735997634637,0.19280364491379254,0.09984026906399897
1775,5.0806863487533,0.017505644274369903,0.025254602685156464,0.010335581142308604,0.008087581788687596,0.19274838407299377,0.09983235360950185
1776,5.080686348753299,0.01750564339276046,0.025252373455026653,0.010335111763724203,0.00808743032689665,0.19269346453705127,0.09982444491796391
1777,5.080686348753299,0.017505642511903844,0.025250146128471606,0.010334642785949578,0.008087158634778498,0.1926382979746692,0.09981654297978236
1778,5.080686348753299,0.017505645255124973,0.025247920702789948,0.010334174208415935,0.008086889785494194,0.19258317849323725,0.09980864778537353
1779,5.080686348753299,0.01750564437473464,0.025245697175285672,0.010333768500459996,0.008086623774273967,0.19252810602598044,0.0998007593251727
1780,5.080686348753299,0.01750564674792973,0.02524348022071519,0.010333366299670911,0.008086360596358122,0.19247308050625614,0.09979287758963412
1781,5.080686348753299,0.01750565665009391,0.025241260480162914,0.010332975771066486,0.008086110323037441,0.1924181018675537,0.09978500256923095
1782,5.080686348753299,0.017505655767945487,0.02523904262973312,0.010332613296024154,0.00808586108025601,0.19236317853386864,0.09977713425445521
1783,5.080686348753299,0.0175056548865478,0.025236826666751092,0.010332146622923019,0.008085614649511231,0.19230829345578185,0.09976927263581772
1784,5.080686348753299,0.017505654005899776,0.02523461258854739,0.010331680346748797,0.008085371026093425,0.19225345505997568,0.09976141770384811
1785,5.080686348753299,0.017505653126000362,0.025232407823377743,0.010331214466940429,0.008085130205302838,0.19219875076811327,0.09975356944909468
1786,5.080686348753299,0.0175056522468485,0.025230197504626895,0.010330748982937961,0.008084892182449616,0.19214401187735744,0.09974572786212439
1787,5.080686348753299,0.017505651368443138,0.025227989062679472,0.010330283894182545,0.00808465695285378,0.1920893131062884,0.09973789293352285
1788,5.0806863487533,0.017505650490783214,0.02522578249488707,0.010329819200116438,0.008084424511845198,0.1920346607543595,0.09973006465389427
1789,5.0806863487533,0.017505649613867684,0.025223577798606497,0.010329354900182993,0.008084194854763561,0.191980054756104,0.0997222430138613
1790,5.0806863487533,0.017505648737695497,0.025221374971199764,0.010328891796233867,0.008083967976958355,0.19192549504618436,0.09971442800406519
1791,5.0806863487533,0.017505647862265602,0.025219174010034085,0.010328476600225641,0.008083743873788839,0.19187112253579114,0.0997066196151655
1792,5.0806863487533,0.01750564698757696,0.025216974912481867,0.010328113147728494,0.008083522540624014,0.19181685315741856,0.09969881783784025
1793,5.0806863487533,0.017505646113628526,0.025214777675920667,0.010327650376567722,0.008083303972842609,0.19176264973257726,0.09969102266278582
1794,5.080686348753299,0.017505645240419254,0.02521258229773321,0.01032718799680849,0.008083088165833033,0.19170863143056247,0.09968323408071682
1795,5.080686348753299,0.017505644367948114,0.025210388775307364,0.010326726007900645,0.008082875114993383,0.19165477749465887,0.09967545208236615
1796,5.0806863487533,0.017505643496214064,0.025208197106036133,0.010326264409295112,0.008082664815731383,0.19160067155603258,0.09966767665848493
1797,5.0806863487533,0.017505642625216065,0.025206007287317627,0.010325803200443894,0.008082457263464385,0.19154643360237814,0.09965990779984236
1798,5.0806863487533,0.017505641754953095,0.025203819316555062,0.010325342380800073,0.008082252453619331,0.19149225655300972,0.09965214549722583
1799,5.080686348753301,0.017505640885424115,0.025201633191156758,0.010324905487821449,0.008082050381632734,0.191438110072114,0.09964438974144076
1800,5.080686348753301,0.017505640016628094,0.0251994489085361,0.010324445438304047,0.00808185104295065,0.19138412287930193,0.09963664052331055
1801,5.0806863487533,0.01750563914856401,0.025197266466111545,0.01032401243917892,0.008081654433028648,0.19133006758708948,0.09962889783367665
1802,5.080686348753301,0.017505638281230838,0.025195085861306605,0.010323566680532647,0.008081460547331804,0.19127611979242518,0.09962116166339842
1803,5.080686348753301,0.017505637414627555,0.025192907091549838,0.010323107780788682,0.008081269381334652,0.1912223698768366,0.09961343200335308
1804,5.080686348753302,0.01750563654875314,0.02519073015427482,0.010322649267008125,0.008081071204287369,0.1911686664870575,0.09960570884443569
1805,5.080686348753302,0.017505635683606573,0.02518855504692015,0.010322191138651488,0.008080875746092977,0.19111515220817613,0.09959799217755909
1806,5.080686348753301,0.01750563481918684,0.02518638176692942,0.010321733395180333,0.008080683002242855,0.1910614895770942,0.09959028199365391
1807,5.080686348753301,0.017505633955492917,0.025184210311751224,0.010321276036057273,0.008080492968237773,0.19100800821660405,0.09958257828366847
1808,5.080686348753301,0.017505633092523804,0.025182040678839133,0.010320819060745967,0.00808030563958787,0.19095464280081437,0.09957488103856875
1809,5.080686348753301,0.017505632230278484,0.025179872865651674,0.010320362468711127,0.008080121011812632,0.19090096733266404,0.09956719024933834
1810,5.080686348753301,0.01750563136875595,0.02517771402454172,0.0103199062594185,0.008079939080440865,0.19084731890947282,0.09955950590697842
1811,5.0806863487533,0.01750563050795519,0.025175549841189325,0.010319487436063748,0.00807975984101067,0.19079371543256143,0.09955182800250763
1812,5.080686348753301,0.017505629647875207,0.02517338746996852,0.010319031980269478,0.008079510808725288,0.19074015683934883,0.09954415652696222
1813,5.0806863487533,0.01750562878851499,0.025171226908357568,0.010318576905629602,0.008079264520141642,0.19068664306737554,0.09953649147139576
1814,5.0806863487533,0.017505627929873546,0.02516906815383964,0.010318122211614005,0.008079020970741221,0.19063325214943078,0.09952883282687927
1815,5.0806863487533,0.017505627071949866,0.025166911203902808,0.010317667897693604,0.008078757372167495,0.19057982781115765,0.09952118058450111
1816,5.0806863487533,0.01750562621474296,0.025164756056040006,0.010317213963340347,0.008078496522803333,0.19052644810749153,0.09951353473536698
1817,5.080686348753299,0.01750562535825183,0.025162602707749053,0.010316760408027197,0.008078238418131815,0.19047311297645705,0.09950589527059982
1818,5.080686348753299,0.017505624502475486,0.025160451156532607,0.010316337270602422,0.008077983053645365,0.19041992199912697,0.09949826218133978
1819,5.080686348753299,0.017505623647412937,0.02515830139989818,0.010315884463392721,0.008077720329919238,0.19036674095237882,0.09949063545874426
1820,5.080686348753299,0.017505622793063186,0.02515615343535811,0.010315432033655163,0.008077460345806356,0.19031353912254023,0.0994830150939877
1821,5.080686348753298,0.017505621939425252,0.02515400726042955,0.010314988691485102,0.00807720309681537,0.19026038161866957,0.0994754010782617
1822,5.080686348753298,0.01750562108649815,0.025151862872634476,0.010314537012692287,0.008076948578464206,0.19020726837938964,0.09946779340277492
1823,5.080686348753298,0.01750562023428089,0.02514972026949964,0.010314085709807774,0.008076696786280027,0.19015419934344205,0.09946019205875298
1824,5.080686348753298,0.017505619382772494,0.02514757944855658,0.01031364752241448,0.008076447715799226,0.1901012694135114,0.09945259703743853
1825,5.080686348753299,0.017505618531971988,0.025145440407341624,0.010313196966237129,0.008076201362567394,0.19004828857446057,0.0994450083300911
1826,5.080686348753299,0.017505617681878385,0.025143303143395836,0.010312746784414229,0.008075940150880865,0.18999535175569843,0.0994374259279871
1827,5.080686348753299,0.017505616832490713,0.025141167654265037,0.010312296976428844,0.00807567915610831,0.18994245889643863,0.09942984982241981
1828,5.080686348753299,0.01750562024728432,0.02513903393749978,0.010311892025995988,0.008075420881927656,0.18988960993601212,0.09942228000469931
1829,5.080686348753298,0.017505619398119985,0.02513690199065535,0.010311549449198302,0.008075165323898088,0.18983680481386686,0.09941471646615245
1830,5.080686348753298,0.01750562383125144,0.025134771811291742,0.0103111511030042,0.008074912477587914,0.18978404346956754,0.09940715919812276
1831,5.080686348753299,0.017505622982027024,0.025132643396973648,0.010310738089424005,0.008074662338574548,0.18973132584279528,0.09939960819197048
1832,5.080686348753298,0.01750562213350588,0.02513051674527044,0.010310290077216485,0.008074412585359122,0.1896786518733473,0.09939206343907245
1833,5.080686348753298,0.01750562128568704,0.025128391853756187,0.010309842435820105,0.008074165532540352,0.1896260215011367,0.09938452493082213
1834,5.080686348753298,0.017505620438569538,0.02512626872000961,0.010309443409146822,0.008073921175720184,0.1895734346661921,0.09937699265862952
1835,5.080686348753298,0.017505628278028252,0.02512420215785824,0.010308996494471735,0.00807435241025945,0.18952101806448873,0.09936957463271347
1836,5.080686348753298,0.017505627429904427,0.025122082517216936,0.01030854994909154,0.008074785775997174,0.18946884876624837,0.09936206681334701
1837,5.080686348753299,0.017505626582481042,0.025119964627119906,0.010308103772499072,0.008075194617194088,0.18941639205778926,0.09935455316472216
1838,5.080686348753299,0.017505625735757133,0.025117848485164403,0.010307657964188146,0.008075605604381107,0.18936405731005537,0.0993470457179872
1839,5.080686348753299,0.017505624889731744,0.0251157340889523,0.010307212523653545,0.008076018733935528,0.189311687117714,0.09933954446463428
1840,5.080686348753299,0.017505624044403912,0.025113621436090056,0.010306767450391024,0.008076434002242141,0.18925936010534375,0.09933204939617181
1841,5.080686348753298,0.017505623199772682,0.02511151052418871,0.010306322743897301,0.008076851405693223,0.18920718696968494,0.0993245605041245
1842,5.080686348753299,0.017505622355837108,0.025109401350863897,0.010305895017877669,0.00807727094068851,0.1891553540920392,0.09931707778003329
1843,5.080686348753298,0.01750562151259623,0.025107293913735798,0.01030545103883081,0.008077692603635183,0.18910376122138936,0.09930960121545532
1844,5.080686348753299,0.0175056206700491,0.025105188210429154,0.010305007425052451,0.008078116390947843,0.1890521865117617,0.09930213080196384
1845,5.080686348753299,0.017505619828194763,0.025103084238573242,0.010304564176043146,0.008078510832684436,0.18900075195186122,0.09929466653114824
1846,5.080686348753298,0.017505618987032283,0.02510098199580187,0.0103041212913044,0.008078886537147357,0.18894913231207455,0.09928720839461397
1847,5.080686348753298,0.01750561814656071,0.02509888147975337,0.010303678770338678,0.008079264398239304,0.18889766733746705,0.09927975638398252
1848,5.080686348753298,0.0175056173067791,0.02509678268807057,0.010303236612649388,0.008079644412345724,0.1888460000618124,0.09927231049089139
1849,5.080686348753299,0.017505616467686516,0.02509468561840081,0.010302794817740891,0.0080800265758595,0.18879430075765927,0.09926487070699395
1850,5.080686348753298,0.01750561562928201,0.025092590268395908,0.010302353385118486,0.00808041088518094,0.188742401223265,0.0992574370239596
1851,5.080686348753298,0.017505614791564653,0.025090496635712153,0.010301912314288418,0.008080797336717762,0.1886908536101994,0.09925000943347355
1852,5.080686348753298,0.017505613954533504,0.025088404718010306,0.010301495025611276,0.008081185926885058,0.18863932078334206,0.09924258792723681
1853,5.080686348753298,0.01750561311818763,0.02508631451295557,0.010301054670460504,0.008081576652105292,0.18858771218132034,0.09923517249696627
1854,5.080686348753297,0.017505612282526093,0.0250842260182176,0.010300614675631696,0.008081969508808275,0.18853604811989796,0.09922776313439453
1855,5.080686348753297,0.017505611447547975,0.02508213923147047,0.010300175040634844,0.008082364493431143,0.18848436046318554,0.09922035983126995
1856,5.080686348753297,0.01750561061325234,0.025080054150392696,0.010299735764980862,0.008082761602418349,0.18843286830136205,0.09921296257935651
1857,5.080686348753298,0.017505612542005063,0.02507797077266718,0.010299296848181596,0.008083160832221633,0.1883812650407968,0.09920557137043384
1858,5.080686348753298,0.017505611708315535,0.02507588909598123,0.010298858289749817,0.008083562179300003,0.18832970391334408,0.09919818619629724
1859,5.080686348753297,0.01750561087530633,0.025073809118026553,0.010298420089199223,0.008083785267346766,0.18827818486182948,0.09919080704875752
1860,5.080686348753297,0.017505618306932764,0.02507173083649922,0.010297982246044437,0.00808401061272019,0.18822670782918705,0.09918343391964106
1861,5.080686348753297,0.017505617473023222,0.025069654249099675,0.010297544759800995,0.008084238211701582,0.18817527275845894,0.09917606680078966
1862,5.080686348753297,0.01750561663979308,0.02506757935353271,0.010297107629985354,0.008084288105918061,0.18812397279069992,0.09916870568406067
1863,5.0806863487532965,0.01750561580724142,0.025065506147507473,0.010296670856114886,0.008084340392860948,0.1880727548794141,0.09916135056132677
1864,5.080686348753297,0.017505614975367324,0.025063434628737447,0.01029623443770788,0.008084082330670015,0.1880214452919379,0.09915400142447608
1865,5.080686348753297,0.017505614144169877,0.025061364794940425,0.01029579837428353,0.008083826907805739,0.18797050047524444,0.09914665826541204
1866,5.080686348753297,0.01750561331364816,0.025059296643838533,0.01029542017824067,0.008083574120045666,0.1879196115923441,0.09913932107605337
1867,5.080686348753297,0.01750561248380126,0.025057230173158182,0.010294984807677746,0.008083316684743113,0.1878688925536642,0.09913198984833411
1868,5.080686348753297,0.017505611654628266,0.025055165380630087,0.010294554482525994,0.008083061882036068,0.1878183132326047,0.09912466457420346
1869,5.080686348753297,0.01750561082612827,0.02505310226398925,0.01029411981732613,0.008082809707719555,0.1877679735615942,0.09911734524562589
1870,5.080686348753297,0.017505609998300364,0.02505104082097493,0.010293685504732218,0.008082562489060814,0.1877175937599719,0.09911003185458096
1871,5.080686348753297,0.017505609171143643,0.02504898104933066,0.010293280652184975,0.008082317888517697,0.18766725469857773,0.0991027243930634
1872,5.080686348753297,0.0175056083446572,0.02504692294680422,0.010292847035470723,0.008082075901913082,0.1876173318215004,0.09909542285308297
1873,5.080686348753298,0.017505607518840137,0.025044866511147634,0.010292413769945306,0.008081836525078226,0.18756740419673185,0.09908812722666455
1874,5.080686348753298,0.017505606693691545,0.02504281174011715,0.010291980855135994,0.00808159975385276,0.18751697597902167,0.09908083750584794
1875,5.080686348753298,0.017505605869210534,0.02504075863147324,0.010291548290570945,0.008081365584084661,0.18746675518952338,0.09907355368268798
1876,5.080686348753298,0.017505605045396198,0.025038707182980593,0.010291177134780225,0.008081134011630227,0.18741635900464348,0.09906627574925446
1877,5.080686348753298,0.01750560422224764,0.02503665739240809,0.010290745252750094,0.008080905032354061,0.1873655856024501,0.09905900369763199
1878,5.080686348753298,0.017505603399763977,0.025034609257528803,0.01029031371956738,0.008080678642129054,0.18731517788207871,0.0990517375199201
1879,5.080686348753297,0.017505602577944302,0.02503256277611999,0.010289882534763761,0.008080454836836358,0.18726470824124844,0.09904447720823314
1880,5.080686348753297,0.017505601756787736,0.02503051794596307,0.010289451697871791,0.008080233612365364,0.18721410318032747,0.09903722275470031
1881,5.080686348753298,0.017505600936293386,0.02502847476484364,0.010289064576466096,0.008079979012272592,0.1871634933345573,0.09902997415146549
1882,5.080686348753297,0.017505600116460362,0.025026433230551422,0.010288693150018294,0.008079727013782952,0.18711307983891715,0.09902273139068728
1883,5.080686348753297,0.01750559929728778,0.025024393340880295,0.010288263326498402,0.008079477612771623,0.18706265226358887,0.09901549446453904
1884,5.080686348753297,0.01750559847877476,0.025022355093628264,0.01028783384905132,0.008079230805122017,0.18701216456114222,0.09900826336520874
1885,5.080686348753298,0.017505597660920413,0.025020318486597453,0.010287404717213941,0.008078983457391558,0.1869617174872311,0.09900103808489892
1886,5.080686348753298,0.01750559684372386,0.02501828351759409,0.010286975930524014,0.008078729875000914,0.18691131098751554,0.09899381861582678
1887,5.080686348753298,0.017505596027184222,0.02501625018442852,0.010286547488520158,0.00807847888327691,0.18686094500775724,0.09898660495022403
1888,5.080686348753299,0.017505595211300618,0.025014218484915165,0.010286119390741854,0.008078231005317673,0.18681088296990406,0.09897939708033691
1889,5.080686348753299,0.017505594396072178,0.02501218841687253,0.010285691636729438,0.008077985709416504,0.18676067137677554,0.09897219499842609
1890,5.080686348753298,0.017505593581498023,0.025010159978123187,0.010285292800738626,0.00807774299149357,0.1867104922794018,0.09896499869676674
1891,5.080686348753298,0.017505592767577283,0.025008133166493782,0.010284865725198985,0.008077502847477148,0.18666028773084817,0.0989578081676484
1892,5.080686348753298,0.017505591954309084,0.025006107979815,0.01028443899205755,0.008077265273303607,0.18661018136154947,0.09895062340337502
1893,5.080686348753298,0.017505591141692554,0.02500408441592157,0.01028401260085807,0.008077030264917396,0.18656005724453634,0.09894344439626483
1894,5.080686348753298,0.017505590329726838,0.025002062472652263,0.010283586551145148,0.008076797818271014,0.18651000420388464,0.09893627113865044
1895,5.080686348753298,0.017505589518411056,0.02500004214784986,0.010283160842464225,0.008076567929324992,0.18646021548170666,0.09892910362287867
1896,5.080686348753298,0.017505588707744348,0.02499802343936116,0.010282735474361595,0.00807634059404788,0.1864103094503096,0.09892194184131059
1897,5.080686348753298,0.017505587897725855,0.024996006345036965,0.010282310446384396,0.008076115808416221,0.1863605216057099,0.09891478578632151
1898,5.080686348753298,0.01750558708835471,0.024993990862732067,0.010281885758080603,0.008075893568414528,0.18631059752139958,0.09890763545030085
1899,5.080686348753298,0.017505586279630052,0.024991976990305247,0.010281461408999035,0.008075673870035277,0.18626071331423863,0.09890049082565218
1900,5.080686348753298,0.017505585471551028,0.024989964725619263,0.010281076630397405,0.008075456709278873,0.1862109507274359,0.0988933519047932
1901,5.080686348753297,0.017505588866807434,0.024987954066540825,0.010280732605227608,0.00807524208215364,0.18616124041679816,0.09888621868015567
1902,5.080686348753297,0.017505588058893632,0.02498594501094062,0.010280309239335171,0.008074991782188266,0.18611147547676218,0.09887909114418536
1903,5.080686348753297,0.017505587251623794,0.02498393755669326,0.010279886400084197,0.008074744038344335,0.186061767603662,0.09887196928934204
1904,5.080686348753297,0.017505586444997064,0.02498193170167731,0.010279506131559566,0.008074498846613463,0.1860120819384594,0.09886485310809948
1905,5.080686348753297,0.017505585639012593,0.024979927443775248,0.010279156369965495,0.008074256202995178,0.1859625320220198,0.09885774259294537
1906,5.080686348753297,0.017505584833669527,0.024977924780873483,0.010278803539049905,0.0080740161034969,0.1859129254008398,0.09885063773638128
1907,5.080686348753297,0.017505584028967017,0.024975923710862324,0.010278463092389029,0.008073778544133922,0.18586335823608602,0.09884353853092268
1908,5.0806863487532965,0.017505583224904222,0.024973924231635986,0.010278169713345997,0.00807354352092939,0.18581383047559738,0.09883644496909882
1909,5.080686348753297,0.017505582421480297,0.024971926341092576,0.010277770014473376,0.008073294468058533,0.1857643420673092,0.09882935704345283
1910,5.080686348753297,0.017505581618694394,0.02496993003713407,0.010277418884769402,0.008073047956568175,0.18571489295925292,0.09882227474654157
1911,5.080686348753297,0.017505580816545668,0.024967935317666327,0.010277106811333382,0.008072803982487553,0.1856654830995559,0.0988151980709356
1912,5.080686348753297,0.017505580015033283,0.024965942180599065,0.010276686642319606,0.008072555520306538,0.18561611243644116,0.09880812700921925
1913,5.080686348753297,0.0175055792141564,0.024963950623845852,0.010276266806448494,0.00807230959318437,0.18556678091822718,0.09880106155399045
1914,5.080686348753297,0.01750557841391418,0.024961960645324112,0.010275847303281025,0.008072066197166324,0.18551762103117242,0.09879400169786084
1915,5.080686348753297,0.01750557761430579,0.024959972242955097,0.01027542813237898,0.008071818323346136,0.18546845677902307,0.09878694743345565
1916,5.080686348753297,0.017505671859328623,0.024958188040698083,0.010275009293304951,0.008071572978289225,0.18541930817131233,0.0987801509892784
1917,5.080686348753298,0.017505671035778526,0.024956363447132368,0.010274590785622333,0.008071330158056809,0.18537037104769,0.09877329118780427
1918,5.080686348753297,0.01750567021287969,0.024954379664489153,0.010274172608895321,0.008071082870281259,0.18532123434271133,0.09876634764886844
1919,5.080686348753297,0.01750566939063126,0.02495239744979796,0.010273754762688915,0.008070838104999343,0.18527242571156838,0.09875936471642976
1920,5.080686348753298,0.01750566856903239,0.02495041680099897,0.010273337246568913,0.008070595858288135,0.18522367234574788,0.0987523381472964
1921,5.080686348753298,0.017505667748082213,0.024948437716036168,0.010272972188363162,0.008070356126232385,0.18517483978216542,0.09874531712604366
1922,5.080686348753298,0.017505666927779884,0.024946460192857296,0.010272555317327741,0.00807010961503894,0.18512588364561666,0.09873830164539092
1923,5.080686348753298,0.017505666108124554,0.024944484229413866,0.01027213877509177,0.008069865618020651,0.1850769895654927,0.09873129169807096
1924,5.080686348753298,0.017505665289115374,0.024942516790564775,0.010271722561224206,0.00806962413127559,0.18502818265606816,0.09872428727682984
1925,5.080686348753299,0.0175056644707515,0.024940543938621804,0.0102713066752948,0.008069385150909452,0.18497959501920724,0.09871728837442696
1926,5.080686348753299,0.017505663653032084,0.024938572640292752,0.010270891116874091,0.008069148673035539,0.1849311199738298,0.09871029498363493
1927,5.080686348753298,0.017505662835956285,0.02493660469976565,0.010270482440806002,0.008068914693774732,0.18488277193377786,0.09870330709723962
1928,5.080686348753298,0.017505662019523256,0.024934636502091302,0.010270139479719335,0.008068683209255488,0.1848344148409867,0.09869632470804007
1929,5.080686348753298,0.01750566120373216,0.02493266985194183,0.010269738850815785,0.008068454215613807,0.18478575234309602,0.09868934780884851
1930,5.080686348753298,0.01750566038858216,0.02493070474729484,0.010269358143070622,0.00806822770899322,0.18473722089849717,0.09868237639249028
1931,5.080686348753298,0.01750565957407241,0.024928741186131628,0.010268944182608167,0.008068003685544773,0.18468888145128426,0.09867541045180385
1932,5.080686348753298,0.017505658760202086,0.024926779166437187,0.010268530547120118,0.008067782141427001,0.18464052019100746,0.09866844997964073
1933,5.080686348753298,0.017505657946970343,0.024924818686200174,0.010268117236182444,0.008067563072805917,0.1845919871460439,0.0986614949688655
1934,5.080686348753298,0.017505657134376358,0.024922859743412927,0.010267704249371885,0.008067346475854996,0.18454371586954182,0.09865454541235576
1935,5.080686348753299,0.017505656322419294,0.024920902336071433,0.010267291586265952,0.008067132346755145,0.18449523161767972,0.09864760130300204
1936,5.080686348753299,0.01750566155428164,0.024918946462175327,0.010266879246442928,0.008066920681694699,0.18444680678276298,0.09864066263370787
1937,5.080686348753299,0.017505660742009894,0.024916996482475407,0.010266478277675774,0.008066711476869392,0.18439839844156164,0.09863372939738967
1938,5.080686348753298,0.017505659930373823,0.02491505435915005,0.010266066580258375,0.008066504728482344,0.1843500437188139,0.09862680158697677
1939,5.080686348753299,0.017505659119372602,0.024913103069677922,0.010265655204865595,0.00806630043274405,0.18430171109231022,0.09861987919541138
1940,5.080686348753298,0.01750565830900541,0.024911153305689167,0.010265244151078774,0.008066098585872343,0.1842534162513936,0.09861296221564846
1941,5.080686348753299,0.017505657499271417,0.02490920506520155,0.010264833418480014,0.008065899184092395,0.1842052874637606,0.09860605064065588
1942,5.080686348753299,0.017505656690169808,0.02490725834623643,0.01026442300665217,0.008065694232624796,0.184157260566563,0.09859914446341417
1943,5.080686348753299,0.017505655881699757,0.024905313146818753,0.010264031846611866,0.008065491724958757,0.1841095108478635,0.09859224367691669
1944,5.080686348753299,0.01750566079844378,0.02490336946497706,0.010263622070126915,0.008065295462204757,0.1840617969651434,0.09858535014924742
1945,5.080686348753299,0.017505659989738194,0.024901427298743454,0.010263212613169854,0.008065053212805033,0.18401385428768008,0.09857846012277904
1946,5.080686348753299,0.01750565918166288,0.024899486646153622,0.010262825221518572,0.008064813430719056,0.18396587903084943,0.0985715754661114
1947,5.0806863487533,0.017505658374217022,0.024897547505246788,0.01026241639669789,0.008064576112162531,0.18391784694298932,0.09856469617228844
1948,5.0806863487533,0.017505657567399805,0.024895609874065736,0.010262007890169381,0.008064341253358464,0.18386985225070024,0.09855782223436675
1949,5.080686348753301,0.017505656761210416,0.0248936737506568,0.010261599701521157,0.008064108850537145,0.18382198762622146,0.0985509536454155
1950,5.080686348753301,0.01750565595564804,0.024891739133069826,0.01026119183034207,0.008063878899936143,0.1837741737736103,0.09854409039851636
1951,5.080686348753301,0.017505655150711865,0.0248898060193582,0.010260784276221723,0.008063651397800277,0.18372650081959707,0.09853723248676348
1952,5.080686348753302,0.017505654346401087,0.024887874407578822,0.010260377038750455,0.008063426340381598,0.18367880286262106,0.09853037990326356
1953,5.080686348753302,0.01750565939713739,0.024885944295792103,0.010259970117519347,0.00806320372393938,0.18363123369096593,0.0985235326411357
1954,5.080686348753302,0.017505658592551956,0.024884015682061947,0.010259599743924225,0.008062983750560058,0.1835836732616343,0.09851669069351139
1955,5.080686348753301,0.01750565778859068,0.02488208856445576,0.010259193444528808,0.00806276621053766,0.18353593872652893,0.09850985405353455
1956,5.080686348753302,0.01750565698525276,0.024880162941044424,0.010258787460158516,0.008062551100153217,0.18348832341671592,0.09850302271436151
1957,5.080686348753301,0.017505656182537386,0.024878238809902302,0.01025838179040736,0.008062338415694904,0.18344066283471017,0.09849619666916082
1958,5.080686348753302,0.01750566027034755,0.02487631616910722,0.010257976434870088,0.008062128153458036,0.18339303916848732,0.09848937591111341
1959,5.080686348753301,0.017505659467606037,0.024874395016740474,0.010257571393142166,0.008061920309745034,0.1833459302866214,0.09848256043341247
1960,5.080686348753302,0.017505661347750064,0.024872475350886804,0.010257166664819803,0.008061714880865422,0.18329849529025563,0.09847575022926343
1961,5.080686348753301,0.01750566054555474,0.02487055716963439,0.010256762249499922,0.0080615118631358,0.18325114186874011,0.09846894529188394
1962,5.080686348753301,0.017505659743979485,0.024868640471074864,0.010256358146780173,0.008061311252879835,0.1832037459924475,0.09846214561450384
1963,5.080686348753301,0.017505658943023507,0.024866725253303266,0.010255989417947779,0.008061113046428243,0.18315660179890633,0.09845535119036514
1964,5.080686348753301,0.017505658142686006,0.024864811514418078,0.010255585930149693,0.008060917240118768,0.18310958917340184,0.09844856201272197
1965,5.0806863487533,0.01750565734296619,0.02486289925252118,0.010255182753756031,0.008060723830296164,0.18306246487038771,0.0984417780748406
1966,5.080686348753301,0.017505656543863272,0.024860988465717857,0.010254779888367314,0.008060485371759846,0.1830151343711529,0.09843499936999932
1967,5.080686348753301,0.017505655745376453,0.02485907915211679,0.010254377333584785,0.008060249338997967,0.1829678403633772,0.09842822589148852
1968,5.0806863487533,0.01750565494750495,0.024857171309830065,0.010253975089010397,0.008060015728329352,0.18292070829745294,0.09842145763261059
1969,5.0806863487533,0.01750565415024797,0.02485526493697313,0.010253573154246815,0.008059784536079856,0.18287349482910153,0.09841469458667992
1970,5.080686348753301,0.01750565335360473,0.024853360031664818,0.010253171528897423,0.008059555758582347,0.1828263099810861,0.09840793674702289
1971,5.080686348753301,0.01750565255757444,0.02485145659202732,0.010252819003755364,0.00805932939217669,0.18277916612211265,0.09840118410697776
1972,5.080686348753301,0.01750565176215632,0.02484955461618619,0.010252417983471132,0.008059103105651307,0.18273205383632019,0.0983944366598948
1973,5.080686348753301,0.017505650967349587,0.024847654102270324,0.010252017271425141,0.008058879224707476,0.1826849777626812,0.09838769439913603
1974,5.080686348753301,0.017505650173153458,0.024845755048411976,0.010251616867223586,0.00805865774570367,0.182638049715506,0.09838095731807546
1975,5.080686348753301,0.01750565690772951,0.02484385745274672,0.010251216770473366,0.00805843866500529,0.18259104589867417,0.0983744878299416
1976,5.080686348753302,0.017505656112815793,0.02484196131341346,0.010250848054723026,0.008058221978984668,0.18254410220677605,0.09836799073870181
1977,5.080686348753302,0.01750565531851183,0.02484006662855443,0.010250498433162171,0.008057997364837748,0.18249717048500189,0.09836143197736247
1978,5.080686348753301,0.01750565452481684,0.024838173396315166,0.010250172320491809,0.00805777514604545,0.18245034573429067,0.09835484766866844
1979,5.080686348753302,0.017505653731730058,0.02483628161484451,0.010249773410077294,0.008057555318990679,0.1824034923283456,0.09834813618498872
1980,5.080686348753302,0.0175056529392507,0.0248343912822946,0.010249374805189386,0.008057337880063206,0.18235666839427042,0.09834142984165323
1981,5.080686348753302,0.017505652147377995,0.024832502396820864,0.010248976505439131,0.008057122825659659,0.1823098803045759,0.09833472863211795
1982,5.080686348753301,0.017505651356111176,0.02483061495658202,0.010248578510438266,0.008056910152183508,0.18226337572469586,0.09832803254985055
1983,5.080686348753301,0.01750565056544947,0.024828728959740046,0.010248180819799217,0.00805669985604504,0.18221702475489193,0.0983213415883303
1984,5.080686348753302,0.017505649775392103,0.02482685334486011,0.010247783433135102,0.008056491933661352,0.18217078733923703,0.09831465574104804
1985,5.080686348753302,0.017505648985938312,0.02482497022702168,0.010247386350059723,0.008056286381456331,0.18212473451800845,0.0983079750015062
1986,5.080686348753302,0.01750564819708733,0.024823088547087403,0.010246989570187569,0.008056083195860637,0.18207891853043198,0.09830129936321874
1987,5.080686348753301,0.01750564740883839,0.024821208303232273,0.010246593093133811,0.00805587803153722,0.1820328507971715,0.0982946288197111
1988,5.080686348753301,0.01750564662119073,0.024819329493634548,0.010246196918514307,0.008055675230016636,0.18198666495680405,0.09828796336452025
1989,5.080686348753301,0.017505645834143588,0.024817452116475687,0.010245801045945595,0.008055474787745574,0.18194016114338085,0.0982813029911946
1990,5.0806863487533,0.017505645047696198,0.024815576169940387,0.010245405475044888,0.008055276701177443,0.18189372100775494,0.09827464769329396
1991,5.0806863487533,0.017505644261847805,0.02481370165221657,0.010245010205430083,0.008055080966772352,0.18184748122299596,0.0982679974643896
1992,5.0806863487533,0.01750564347659765,0.024811828561495337,0.01024461523671975,0.008054874161498431,0.18180108353083044,0.09826135229806417
1993,5.0806863487533,0.01750564269194498,0.02480995689597102,0.010244232026673312,0.008054669711538441,0.18175490554859478,0.09825471218791161
1994,5.0806863487533,0.01750564190788903,0.02480808665384112,0.010243837655709786,0.008054467613359593,0.18170880236552275,0.09824807712753723
1995,5.0806863487533,0.017505643752975458,0.024806217833306336,0.010243472652808935,0.008054267863435759,0.18166269548797007,0.09824144711055767
1996,5.0806863487533,0.01750564296944139,0.02480435043257055,0.010243078873597879,0.008054070458247457,0.18161663319206853,0.0982348221306008
1997,5.080686348753299,0.017505642186502298,0.02480248444984081,0.010242685393402073,0.00805387539428184,0.18157091260283637,0.09822820218130573
1998,5.080686348753299,0.017505649043673,0.02480061988332732,0.010242292211844107,0.008053682668032672,0.18152535503677697,0.09822180358427085
1999,5.080686348753298,0.017505648259979294,0.02479875673124345,0.01024189932854723,0.00805349227600032,0.18147998163863907,0.0982152091964953
2000,5.080686348753298,0.017505647476879785,0.024796894991805724,0.010241530358147712,0.008053304214691734,0.18143456929006443,0.09820860424221636
2001,5.080686348753298,0.017505646694373725,0.024795034663233805,0.010241194476199289,0.008053118480620434,0.1813892599595731,0.09820200429331245
2002,5.080686348753298,0.017505645912460368,0.02479317574375049,0.010240802465117608,0.008052886275612302,0.1813438412853503,0.09819541302714596
2003,5.080686348753298,0.017505645131138968,0.024791318231581698,0.010240410750812036,0.008052656427828677,0.1812982794841068,0.09818882306915347
2004,5.080686348753299,0.01750564435040878,0.024789462124956484,0.010240019332909113,0.008052428933756213,0.18125261593946876,0.0981822380976549
2005,5.080686348753299,0.017505643570269055,0.02478760742210701,0.010239628211036033,0.008052203789888145,0.18120667231671012,0.09817565810637842
2006,5.080686348753298,0.017505642790719055,0.024785754121268534,0.01023923738482065,0.008051980992724292,0.1811607634237546,0.09816908308906323
2007,5.080686348753298,0.01750564201175804,0.024783902220679443,0.010238846853891467,0.008051760538771026,0.18111497682318528,0.09816251303945957
2008,5.080686348753298,0.017505641536537043,0.02478205171858119,0.010238456617877645,0.00805154242454126,0.1810691372368256,0.09815594795132858
2009,5.080686348753298,0.01750564075867509,0.02478020261321833,0.01023806667640899,0.008051326646554443,0.18102333224960138,0.09814938781844243
2010,5.080686348753298,0.017505639981399965,0.024778354902838494,0.010237677029115962,0.008051095826322751,0.1809775618181038,0.09814283263458415
2011,5.080686348753298,0.01750563920471093,0.024776508585692386,0.010237287675629666,0.008050867348493747,0.18093182589900025,0.09813628239354773
2012,5.080686348753297,0.01750563842860725,0.024774663660033766,0.010236898615581854,0.00805064120958995,0.1808861763136008,0.09812973708913796
2013,5.0806863487532965,0.017505637653088192,0.02477282012411947,0.010236509848604927,0.008050417406140375,0.18084050927649734,0.09812319671517056
2014,5.080686348753297,0.017505636878153027,0.02477097797620937,0.010236121374331924,0.008050187277505557,0.180794876622255,0.09811666126547205
2015,5.0806863487532965,0.017505636103801025,0.024769137214566393,0.010235733192396528,0.008049959483917183,0.18074927830784382,0.09811013073387974
2016,5.0806863487532965,0.01750563533003145,0.0247672978374565,0.010235378291539646,0.008049734021915519,0.1807037142903093,0.09810360511424171
2017,5.0806863487532965,0.017505634556843574,0.024765459843148686,0.01023507991200429,0.008049510888047279,0.18065818452677185,0.09809708440041683
2018,5.080686348753297,0.017505641309852233,0.024763623229914974,0.010234692574114324,0.008049290078865618,0.1806126889744269,0.09809092792175715
2019,5.0806863487532965,0.017506155614191873,0.024761787996030394,0.010234305527126203,0.008049071590930105,0.1805672275905446,0.09808536347834548
2020,5.0806863487532965,0.017506344025440466,0.02475995413977299,0.01023392799309517,0.00804885542080672,0.18052180033246973,0.0980797194130088
2021,5.0806863487532965,0.01750642567541624,0.024758121659423826,0.010233541524502886,0.00804864156506783,0.18047645162951378,0.09807403829124435
2022,5.080686348753296,0.017506434350896546,0.02475629055326694,0.010233155345726616,0.00804843002029218,0.18043109336537325,0.09806832247283181
2023,5.0806863487532965,0.017506433379302647,0.02475446081958937,0.010232769456405102,0.008048220783064875,0.18038587592186675,0.09806256455664417
2024,5.0806863487532965,0.01750643240843663,0.024752632456681148,0.010232383856177711,0.008048013849977371,0.18034058470353115,0.09805678505947514
2025,5.080686348753296,0.017506431438297592,0.024750805462835267,0.010232026314294233,0.00804780921762745,0.18029534858722412,0.09805094197939927
2026,5.0806863487532965,0.017506430468884625,0.02474897983634771,0.010231641284210256,0.008047606882619216,0.18025012514870845,0.09804501762234805
2027,5.080686348753296,0.017506429500196822,0.024747155575517404,0.010231256542147476,0.008047378946467542,0.18020493553952055,0.09803884113350543
2028,5.080686348753296,0.01750642853223329,0.024745332678646256,0.010230872087747759,0.00804715332174119,0.18016006574671384,0.09803260425473624
2029,5.0806863487532965,0.017506427564993123,0.0247435111440391,0.010230487920653591,0.00804693000503721,0.1801153203807656,0.09802632528787139
2030,5.0806863487532965,0.017506426598475424,0.02474169097000372,0.010230104040508078,0.008046708992958946,0.1800703778848545,0.09801986601601065
2031,5.080686348753297,0.017506425632679297,0.024739872154850854,0.010229720446954952,0.008046490282116042,0.18002532297074048,0.09801341156643142
2032,5.080686348753297,0.017506424667603843,0.02473805469689416,0.010229337139638554,0.00804627386912441,0.17998030167651177,0.09800696193314934
2033,5.080686348753297,0.017506423703248168,0.02473623859445022,0.010228954118203848,0.008046059750606223,0.1799354027626835,0.09800051711019045
2034,5.0806863487532965,0.017506426484945218,0.024734423845838526,0.01022857138229641,0.008045847923189903,0.17989044856100908,0.09799407709159114
2035,5.080686348753297,0.01750642552109118,0.024732610449381506,0.010228188931562434,0.008045638383510105,0.17984552930613065,0.09798764187139816
2036,5.080686348753297,0.017506424557954946,0.024730804856163285,0.010227825273808796,0.008045431128207695,0.17980067378599293,0.09798121144366854
2037,5.080686348753297,0.01750642359553563,0.02472899415738472,0.010227448869174035,0.008045226153929748,0.17975604407696263,0.09797478580246961
2038,5.080686348753297,0.017506422633832345,0.02472718480574666,0.01022706726586328,0.008045023457329527,0.17971125934015372,0.09796836494187897
2039,5.080686348753297,0.0175064216728442,0.024725376799583105,0.010226685946321317,0.008044823035066467,0.1796665257327201,0.0979619488559844
2040,5.080686348753297,0.017506420712570317,0.02472357013723093,0.010226304910197381,0.008044624883806166,0.17962180665684674,0.097955537538884
2041,5.080686348753297,0.017506419753009813,0.024721764817029878,0.010225924157141313,0.008044429000220368,0.17957708595666866,0.097949130984686
2042,5.080686348753297,0.017506418794161805,0.02471996083732256,0.010225543686803562,0.008044235380986947,0.17953256104003704,0.09794272918750879
2043,5.080686348753297,0.017506417836025415,0.024718158196454454,0.010225193999431552,0.008044044022789897,0.17948796660882588,0.09793633214148098
2044,5.080686348753297,0.017506416878599763,0.024716356892773888,0.010224814085901644,0.008043854922319316,0.17944334534904613,0.09792993984074128
2045,5.080686348753297,0.017506415921883976,0.024714556924632036,0.01022445064004931,0.008043668076271392,0.17939875717276058,0.09792355227943846
2046,5.080686348753297,0.017506414965877175,0.024712758290382913,0.010224071285510108,0.00804348348134839,0.17935439248615984,0.0979171694517314
2047,5.080686348753297,0.01750641401057849,0.024710960988383372,0.010223692211959066,0.008043301134258636,0.17931015259642552,0.09791096959885756
2048,5.080686348753297,0.01750641305598705,0.0247091650169931,0.010223313419050221,0.008043121031716505,0.17926621536204265,0.09790471730212269
2049,5.080686348753297,0.01750641210210198,0.024707370374574593,0.010222980670501746,0.008042896675058147,0.1792220331563588,0.09789835309210107
2050,5.080686348753297,0.017506411148922412,0.024705577059493177,0.01022260242649826,0.00804267248433642,0.1791776655001808,0.09789198906526901
2051,5.080686348753297,0.017506410196447483,0.02470378507011698,0.010222224462111029,0.008042448459347314,0.17913327463552048,0.0978856297430333
2052,5.080686348753297,0.01750640924467632,0.024701994404816935,0.010221846776996455,0.0080422267032381,0.17908891657065573,0.0978792751196128
2053,5.080686348753297,0.01750640829360807,0.024700205061966768,0.010221469370811524,0.00804200721270723,0.17904459126530098,0.09787292518923625
2054,5.080686348753297,0.01750640734324186,0.02469841703994301,0.01022113423290577,0.00804178368213521,0.1790003466801189,0.09786657994614238
2055,5.0806863487532965,0.017506406393576833,0.02469663033712497,0.010220782896414328,0.008041562415206436,0.1789560867613348,0.09786023938457974
2056,5.0806863487532965,0.017506405444612124,0.024694844951894737,0.01022040630828354,0.008041343408631751,0.17891185948162677,0.09785390349880677
2057,5.0806863487532965,0.017506404496346883,0.024693060882637168,0.010220029997728529,0.008041120370662493,0.17886794820903076,0.09784757228309178
2058,5.080686348753296,0.017506403548780247,0.02469127972739718,0.010219653964409194,0.008040899591119886,0.17882416437828696,0.09784124573171281
2059,5.080686348753296,0.017506402601911362,0.02468949828485583,0.010219278207986026,0.008040681066727102,0.17878063097570457,0.09783492383895778
2060,5.080686348753296,0.017506401655739374,0.024687718153458597,0.010218902728120092,0.008040464794213295,0.17873703703095128,0.09782860659912439
2061,5.080686348753296,0.017506400710263426,0.02468593933160138,0.010218527524473045,0.008040250770313588,0.1786936059987415,0.09782229400652002
2062,5.080686348753296,0.017506399765482676,0.024684161817682806,0.01021815259670711,0.008040038991769059,0.1786496962822734,0.09781598605546186
2063,5.080686348753296,0.017506398821396266,0.024682385610104256,0.010217777944485088,0.008039829455326723,0.1786058267949763,0.09780968274027678
2064,5.080686348753296,0.017506397878003357,0.02468061070726983,0.010217403567470364,0.008039622157739533,0.17856208860780315,0.09780338405530134
2065,5.080686348753296,0.017506396935303092,0.024678837107586355,0.01021702946532689,0.008039417095766343,0.1785181525795912,0.09779708999488176
2066,5.080686348753296,0.017506395993294628,0.024677064809463377,0.010216696343656434,0.00803921426617192,0.17847425405166736,0.09779080055337393
2067,5.0806863487532965,0.01750639505197713,0.02467529381131316,0.010216325910538804,0.008039013665726912,0.1784303824679563,0.09778451572514336
2068,5.0806863487532965,0.017506394111349743,0.024673524111550667,0.010215952620230668,0.008038815291207842,0.17838665874176715,0.09777823550456519
2069,5.0806863487532965,0.01750639317141163,0.02467175570859357,0.010215579603463216,0.008038619139397097,0.17834285141838047,0.09777195988602408
2070,5.0806863487532965,0.017506392232161955,0.024669988600862225,0.01021520685990325,0.008038425207082906,0.1782990761806524,0.09776568886391432
2071,5.0806863487532965,0.01750639129359988,0.024668222786779694,0.010214834389218138,0.00803823349105934,0.1782553329895184,0.09775942243263969
2072,5.0806863487532965,0.01750639035572456,0.024666458264771703,0.010214462191075812,0.008038043988126286,0.1782116218059804,0.09775316058661354
2073,5.0806863487532965,0.017506389418535172,0.024664695033266675,0.010214090265144771,0.00803785669508944,0.17816794259110671,0.0977469033202587
2074,5.0806863487532965,0.017506388482030875,0.02466293309069569,0.010213718611094078,0.008037671608760295,0.17812446474338817,0.0977406506280075
2075,5.0806863487532965,0.017506391116367623,0.0246611724354925,0.010213347228593355,0.008037488725956122,0.17808098775150594,0.09773440250430171
2076,5.080686348753297,0.01750639018035725,0.024659413066093507,0.010212976117312792,0.008037301512994987,0.1780375307182836,0.0977281589435925
2077,5.080686348753297,0.01750638924503011,0.024657654980937783,0.010212605276923128,0.008037116501977576,0.1779940465830648,0.09772191994034055
2078,5.080686348753297,0.017506388310385382,0.024655898178467042,0.01021223470709567,0.008036934576636484,0.17795057810425105,0.09771568548901587
2079,5.080686348753297,0.017506387376422235,0.02465414736612187,0.010211864407502283,0.00803671499517117,0.17790708975224617,0.09770945558409788
2080,5.080686348753297,0.01750638644313984,0.02465239312320655,0.01021149437781538,0.008036495573755884,0.17786363309832695,0.09770323022007533
2081,5.080686348753297,0.017506385510537372,0.02465064015831802,0.010211124617707932,0.008036278371501638,0.17782039496150334,0.09769700939144632
2082,5.080686348753297,0.01750638457861401,0.02464888846990853,0.010210755126853469,0.0080360633852239,0.17777719363878874,0.09769079309271832
2083,5.080686348753297,0.01750638364736893,0.024647145171350818,0.010210385904926067,0.008035850611743878,0.177734019848122,0.09768458131840797
2084,5.080686348753297,0.01750638271680131,0.024645396029532054,0.01021001695160036,0.008035640047888534,0.17769070744677243,0.09767837406304132
2085,5.080686348753297,0.017506381786910337,0.024643651743177484,0.010209687724561971,0.008035431690490539,0.17764740856599417,0.09767217132115359
2086,5.080686348753297,0.017506380857695188,0.024641905142654078,0.010209319297855434,0.008035225536388283,0.17760414115393933,0.09766597308728929
2087,5.080686348753297,0.01750637992915505,0.024640159810912023,0.010209001861275198,0.008035021582425849,0.17756090517258935,0.09765977935600212
2088,5.080686348753297,0.017506379001289103,0.0246384157464192,0.010208633957175268,0.00803481940170004,0.17751778617871822,0.09765359012185496
2089,5.080686348753297,0.01750637807409654,0.024636672947646075,0.010208266320074334,0.008034619415126797,0.17747461292416228,0.09764740537941989
2090,5.080686348753298,0.01750637714757654,0.024634931413065695,0.010207898984360036,0.00803442161956685,0.17743147098665563,0.09764122512327812
2091,5.080686348753298,0.017506376221728303,0.024633191141153674,0.010207531880282884,0.008034203918883792,0.17738836032843575,0.09763504934802007
2092,5.080686348753298,0.017506375296551007,0.024631452130388205,0.010207165042240042,0.00803398841896286,0.17734533780339082,0.09762887804824519
2093,5.080686348753298,0.01750637437204385,0.02462971437925003,0.010206798469911032,0.008033772289340133,0.17730229283969692,0.09762271121856204
2094,5.080686348753298,0.017506373448206023,0.024627977886222476,0.010206432162975914,0.00803355835624882,0.1772592757788066,0.09761654885358831
2095,5.080686348753299,0.017506372525036725,0.02462624264979139,0.010206066121115284,0.008033346616556076,0.17721641643135733,0.09761039094795071
2096,5.080686348753299,0.017506371602535153,0.024624508668445188,0.010205700344010282,0.008033137067134679,0.17717346156010347,0.09760423749628501
2097,5.080686348753299,0.017506370680700496,0.024622775940674822,0.010205334831342575,0.008032929704863018,0.17713053774292561,0.09759808849323595
2098,5.080686348753298,0.01750636975953196,0.02462104446497377,0.01020499568591253,0.008032724526625071,0.17708764494250376,0.09759194393345731
2099,5.080686348753298,0.017506368839028737,0.024619314239838055,0.010204630694848638,0.008032521529310409,0.1770447831215807,0.09758580381161186
2100,5.080686348753298,0.017506367919190035,0.024617585263766218,0.010204265967274823,0.008032320709814168,0.17700195224296167,0.0975796681223713
2101,5.080686348753298,0.017506367000015056,0.02461585753525932,0.010203901502874885,0.008032122065037044,0.17695922705627815,0.09757353686041628
2102,5.080686348753299,0.017506366081503,0.024614131052820936,0.010203546651469369,0.008031926591124573,0.17691651303690178,0.09756741002043638
2103,5.080686348753298,0.01750636516365308,0.024612405814957144,0.010203182710211953,0.008031733285028911,0.1768737842955623,0.09756128759713006
2104,5.080686348753298,0.01750636424646449,0.02461068182017654,0.010202819031184614,0.008031542143668224,0.17683109764111585,0.09755516958520472
2105,5.080686348753298,0.01750636344047566,0.0246089590669902,0.010202455614073264,0.008031353163966177,0.17678842087960547,0.09754905597937655
2106,5.080686348753298,0.017506362524580706,0.02460723755391171,0.010202092458564337,0.008031166342851935,0.17674582197599467,0.09754294677437061
2107,5.080686348753298,0.01750636160934474,0.024605517279457128,0.010201758718957746,0.00803098167726015,0.17670341616369134,0.09753684196492084
2108,5.080686348753299,0.017506360694766965,0.024603798242145005,0.010201415744667224,0.008030799164130936,0.17666084956294412,0.09753074154576992
2109,5.080686348753299,0.017506359780846602,0.024602080440496353,0.010201053360331197,0.008030618800409874,0.1766182953968016,0.09752464551166933
2110,5.080686348753298,0.01750635886758286,0.02460036387303468,0.010200699089305943,0.008030440583047986,0.17657585513692448,0.09751855385737933
2111,5.080686348753298,0.017506357954974957,0.02459864853828594,0.010200337223492853,0.008030264509001737,0.17653340976810636,0.09751246657766896
2112,5.080686348753298,0.01750635704302211,0.024596934434778554,0.010199975617421572,0.008030092753546844,0.17649125605143698,0.09750638366731595
2113,5.080686348753298,0.017506356131723536,0.024595221561043393,0.010199657978857288,0.008029923133773946,0.17644896570013605,0.09750030512110676
2114,5.080686348753298,0.01750635522107846,0.02459350991561379,0.010199375527904467,0.008029708901427686,0.17640656389889944,0.09749423093383654
2115,5.080686348753298,0.017506354311086096,0.02459179949702551,0.010199109086244777,0.00802949683222309,0.176364192489636,0.0974881611003091
2116,5.080686348753298,0.01750635340174567,0.024590090303816765,0.010198748464014272,0.00802928692310555,0.17632189476638102,0.09748209561533695
2117,5.080686348753298,0.017506352493056408,0.024588382334528196,0.010198388100018368,0.008029079171025884,0.17627959111379965,0.0974760344737412
2118,5.080686348753297,0.01750635158501753,0.02458667558770288,0.010198027993949666,0.008028873572940316,0.17623770591744495,0.0974699776703516
2119,5.080686348753298,0.017506350677628266,0.024584970061886313,0.01019769414224777,0.008028670125810482,0.17619581074214,0.09746392520000649
2120,5.080686348753298,0.017506349770887844,0.024583265755626412,0.010197334544883968,0.008028468826603404,0.17615403796927165,0.09745787705755281
2121,5.080686348753299,0.017506348864795487,0.024581562667473505,0.010197012706855897,0.008028269672291484,0.1761120816704006,0.09745183323784602
2122,5.080686348753298,0.017506347959350424,0.02457986079598033,0.010196653614233993,0.008028072659852488,0.17607017694971366,0.0974457937357502
2123,5.080686348753298,0.017506347054551896,0.02457816013970203,0.010196305830517815,0.00802787778626954,0.17602812033776866,0.0974397585461379
2124,5.080686348753299,0.01750634615039913,0.024576460697196142,0.010195976540073518,0.008027685048531108,0.17598626452534816,0.09743372766389022
2125,5.080686348753299,0.017506345246891358,0.024574762467022594,0.010195690129131577,0.008027494443630984,0.17594444820733932,0.0974277010838967
2126,5.080686348753298,0.017506344344027817,0.024573065447743715,0.01019533203349819,0.008027305968568285,0.17590240818193667,0.09742167880105541
2127,5.080686348753298,0.017506345961237898,0.024571369637924206,0.010194984402292816,0.008027119620347438,0.1758603981183048,0.09741566081027285
2128,5.080686348753298,0.01750634505905911,0.024569675036131146,0.010194626814346863,0.00802693539597816,0.17581849098822513,0.09740964710646395
2129,5.080686348753298,0.017506344157522696,0.024567981640933996,0.010194269481011847,0.008026753292475456,0.17577654072428156,0.09740363768455208
2130,5.080686348753299,0.017506343256627893,0.02456628945090457,0.010193962838438873,0.008026573306859604,0.17573462031580486,0.09739763253946902
2131,5.080686348753299,0.017506342356373945,0.024564598464617053,0.01019360600139938,0.00802639543615614,0.17569272972747343,0.0973916316661549
2132,5.080686348753299,0.01750634145676009,0.024562908680647987,0.010193249418076762,0.008026219677395849,0.1756508689240242,0.09738563505955823
2133,5.080686348753299,0.017506340557785573,0.024561220097576268,0.010192897678354448,0.00802604602761476,0.17560916027189133,0.09737964271463588
2134,5.080686348753299,0.017506339659449636,0.02455953271398314,0.010192541600473786,0.008025874483854124,0.175567535867165,0.09737365462635306
2135,5.080686348753299,0.017506338761751533,0.024557846528452183,0.010192217196821375,0.008025705043160409,0.17552608241956028,0.09736767078968325
2136,5.080686348753299,0.017506337864690504,0.02455616153956932,0.010191861616808887,0.008025537702585283,0.17548434025731174,0.09736169119960826
2137,5.080686348753299,0.0175063369682658,0.024554477745922808,0.010191525205859475,0.00802537245918561,0.17544266102185802,0.0973557158511182
2138,5.0806863487533,0.01750633607247667,0.024552795146103232,0.010191170125512084,0.008025209310023434,0.17540097803586302,0.0973497447392114
2139,5.0806863487533,0.017506335177322366,0.024551113738703497,0.010190815296801978,0.00802499872070334,0.1753593282374123,0.09734377785889443
2140,5.080686348753299,0.017506334282802138,0.024549433522318826,0.010190460719432705,0.008024790254845647,0.17531770429530028,0.09733781520518213
2141,5.080686348753299,0.017506333388915243,0.024547758692031966,0.010190106393108307,0.008024583909486557,0.17527610982341993,0.0973318567730975
2142,5.0806863487533,0.017506337327660357,0.02454608085247719,0.010189752317533303,0.00802437968166748,0.17523461349823774,0.09732590255767176
2143,5.080686348753299,0.01750633643389256,0.02454440419973771,0.010189398492412705,0.008024177568435013,0.17519337840159147,0.09731995255394428
2144,5.080686348753299,0.017506335540756677,0.024542728732417977,0.01018904491745201,0.008023977566840935,0.1751523453781937,0.09731400675696265
2145,5.0806863487533,0.017506334648251957,0.02454105444912473,0.010188691592357194,0.008023779673942195,0.17511086824144195,0.09730806516178252
2146,5.0806863487533,0.01750633375637766,0.024539381348466994,0.010188367699505261,0.008023583886800906,0.17506943422554522,0.09730212776346768
2147,5.0806863487533,0.017506332865133048,0.02453770942905608,0.01018808078414824,0.008023390202484316,0.1750280572713012,0.09729619455709007
2148,5.0806863487533,0.017506331974517376,0.024536038689505584,0.010187728184404738,0.008023198618064819,0.17498666791082448,0.09729026553772965
2149,5.0806863487533,0.017506331084529914,0.024534369128431373,0.010187415298853905,0.008023009130619927,0.17494533123432215,0.09728434070047452
2150,5.080686348753301,0.017506330195169922,0.02453270074445158,0.010187063186915967,0.008022821737232273,0.17490400640663772,0.0972784200404208
2151,5.080686348753301,0.017506329306436665,0.0245310335361866,0.010186711323112286,0.008022636434989584,0.17486270451996533,0.0972725035526726
2152,5.0806863487533,0.017506328418329404,0.02452936958328135,0.010186385629683865,0.008022453220984679,0.17482147113220697,0.09726659123234216
2153,5.0806863487533,0.017506329673700957,0.024527704721825288,0.010186034255161494,0.008022272092315465,0.1747802273860893,0.09726068307454966
2154,5.0806863487533,0.017506328786338198,0.024526041031959128,0.010185683127907052,0.008022093046084908,0.1747390126638621,0.09725477907442322
2155,5.0806863487533,0.0175063278995996,0.024524378512312286,0.01018533224763127,0.008021916079401038,0.17469782693157165,0.09724887922709902
2156,5.0806863487533,0.01750632701348443,0.024522717161516407,0.010184981614045354,0.00802174118937693,0.1746567076484333,0.09724298352772111
2157,5.080686348753299,0.01750632612799196,0.02452105697820538,0.010184684224181454,0.008021568591931828,0.17461561429851818,0.09723709197144154
2158,5.080686348753299,0.017506325243121467,0.024519403444399304,0.01018437412588687,0.008021360728196023,0.17457451531592433,0.09723120455342027
2159,5.080686348753299,0.017506324358872224,0.024517745590678562,0.010184024208754033,0.00802115495854938,0.17453350362281514,0.09722532126882513
2160,5.0806863487533,0.0175063234752435,0.024516088900358612,0.010183674537175955,0.008020947386058215,0.17449246230217866,0.09721944211283189
2161,5.0806863487533,0.01750632259223458,0.024514433372082246,0.010183325110866172,0.008020741904598104,0.1744514497689399,0.09721356708062409
2162,5.0806863487533,0.017506321709844733,0.024512779004494452,0.010182975929538693,0.008020538511278675,0.1744104659895313,0.09720769616739323
2163,5.0806863487533,0.01750632082807324,0.024511125796242445,0.010182626992907983,0.008020337203214574,0.17436953571056713,0.0972018293683386
2164,5.080686348753301,0.017506319946919386,0.024509474234083044,0.010182278300688984,0.008020130209354671,0.17432860933251873,0.09719596667866733
2165,5.0806863487533,0.017506324618473127,0.024507823340338526,0.01018192985259709,0.008019925300433103,0.1742877346505695,0.09719010809359428
2166,5.0806863487533,0.017506323737250463,0.024506173601884697,0.010181581648348167,0.008019722473573201,0.17424700296003964,0.09718425360834222
2167,5.0806863487533,0.01750632592992913,0.024504525017377553,0.010181279312099202,0.008019521725903294,0.17420631032475434,0.0971784032181416
2168,5.0806863487533,0.01750632504921854,0.024502877585475268,0.010180975954680855,0.00801932518941576,0.17416557601471672,0.09717255691823067
2169,5.0806863487533,0.017506324169123406,0.024501231304838205,0.010180628459189413,0.008019130724897912,0.1741249012366604,0.09716671470385535
2170,5.0806863487533,0.017506323289643022,0.0244995861741289,0.010180281206423726,0.00801893832949472,0.1740841461644319,0.0971608765702694
2171,5.0806863487533,0.01750632241077667,0.024497942192012064,0.010179934196101944,0.008018751187382966,0.1740435428388127,0.0971550425127342
2172,5.0806863487533,0.017506324160259157,0.02449629935715457,0.01017958742794267,0.008018566106466557,0.17400308032596912,0.09714921252651881
2173,5.080686348753301,0.017506323282004552,0.024494657668225457,0.010179272835963512,0.008018383083907853,0.1739626800490924,0.09714338660690006
2174,5.0806863487533,0.017506322404362274,0.024493017123895913,0.010178982556232301,0.008018202116874118,0.17392219479142662,0.09713756474916231
2175,5.080686348753301,0.01750632152733161,0.0244913777228393,0.010178683831491928,0.008018023202537526,0.17388177457271886,0.09713174694859768
2176,5.080686348753301,0.017506320650911858,0.024489739463731106,0.010178337997607843,0.00801784633807513,0.17384118950352398,0.09712593320050582
2177,5.0806863487533,0.017506319775102305,0.024488102345248973,0.010177992404508097,0.008017671520668868,0.17380063269139026,0.09712012350019407
2178,5.0806863487533,0.017506318899902246,0.024486466366072695,0.010177647051914002,0.008017498747505545,0.17376010410361162,0.09711431784297733
2179,5.080686348753301,0.01750631802531098,0.02448483152488419,0.010177335477566607,0.008017328015776823,0.17371960606032996,0.09710851622417808
2180,5.0806863487533,0.017506317151327798,0.024483197820367505,0.010177027357849375,0.00801715932267921,0.17367913382280648,0.09710271863912635
2181,5.0806863487533,0.017506316277952,0.02448156525120881,0.010176682708736175,0.008016992665414054,0.17363868971183719,0.09709692508315974
2182,5.0806863487533,0.017506315405182882,0.02447993381609641,0.010176338299029709,0.008016828041187526,0.17359827369492686,0.09709113555162335
2183,5.0806863487533,0.01750631453301974,0.02447830646401232,0.010175994128453512,0.008016665447210617,0.17355788573963296,0.09708535003986984
2184,5.080686348753299,0.017506313661461888,0.024476677292379814,0.010175650196731572,0.008016504880699122,0.1735175976201347,0.09707956854325939
2185,5.080686348753299,0.017506312790508613,0.024475049250871676,0.010175322355463272,0.00801634633887363,0.17347739820375413,0.09707379105715956
2186,5.080686348753299,0.017506311920159223,0.02447342233818465,0.010174978896940695,0.008016189818959516,0.17343709419170697,0.0970680175769455
2187,5.0806863487533,0.017506311050413025,0.024471796553017573,0.01017463567644954,0.008016035318186933,0.17339694149016427,0.09706224809799972
2188,5.0806863487533,0.01750631018126932,0.0244701718940714,0.010174292693715562,0.008015882833790794,0.17335682587334347,0.09705648261571224
2189,5.0806863487533,0.017506309312727415,0.02446854836004916,0.010173949948464956,0.00801573236301077,0.17331673016878074,0.09705072112548047
2190,5.0806863487533,0.017506308444786615,0.02446692594965598,0.01017360744042436,0.008015583903091273,0.17327680178153562,0.09704496362270923
2191,5.0806863487533,0.017506307577446235,0.024465304661599057,0.010173265169320852,0.008015437451281455,0.1732369872516406,0.09703921010281072
2192,5.080686348753299,0.017506310497091105,0.02446368449458768,0.010172923134881946,0.008015293004835184,0.17319723168213733,0.09703346056120454
2193,5.0806863487533,0.017506309630072627,0.024462065447333207,0.010172581336835601,0.008015140227299258,0.1731571989741288,0.09702771499331767
2194,5.0806863487533,0.0175063087636531,0.024460447518549068,0.010172239774910205,0.008014989456787493,0.17311744596559683,0.09702197339458438
2195,5.0806863487533,0.01750630789783184,0.02445883070695076,0.010171898448834584,0.008014840690559674,0.17307748311405677,0.09701623576044631
2196,5.0806863487533,0.017506307032608154,0.02445721501125583,0.010171557358338003,0.008014693925880284,0.17303763993477025,0.09701050208635244
2197,5.080686348753299,0.017506306167981368,0.024455600430183903,0.010171216503150159,0.008014549160018493,0.17299800422258693,0.09700477236775899
2198,5.080686348753299,0.017506305303950788,0.02445398696245665,0.010170875883001182,0.008014406390248148,0.17295841369041157,0.09699904660012955
2199,5.080686348753299,0.017506304440515735,0.024452374606797778,0.010170535497621636,0.008014265613847762,0.1729188770619662,0.09699332477893487
2200,5.080686348753299,0.017506303577675523,0.02445076336193306,0.010170220979700351,0.008014126828100505,0.1728793454431964,0.09698760704168509
2201,5.0806863487533,0.017506302715429474,0.024449153226590296,0.010169881057138678,0.008013990030294195,0.172839960307592,0.09698189309976868
2202,5.080686348753299,0.017506301853776905,0.024447544199499318,0.010169541368544782,0.008013855217721286,0.17280067903034382,0.096976183090743
2203,5.080686348753299,0.01750630099271714,0.024445936279392004,0.010169201913650942,0.008013722387678862,0.17276150139216176,0.0969704770101078
2204,5.080686348753299,0.0175063001322495,0.024444329465002256,0.01016886269218987,0.008013591537468622,0.1727219827423791,0.09696477485337003
2205,5.080686348753299,0.017506299272373307,0.024442723755065995,0.010168523703894702,0.008013445970894345,0.17268220269936901,0.09695907661604385
2206,5.080686348753299,0.017506298413087887,0.024441119148321172,0.010168184948498995,0.008013302390238616,0.17264244998695064,0.0969533822936505
2207,5.080686348753299,0.01750629755439256,0.024439515643507735,0.010167846425736739,0.008013160792803826,0.17260272457390752,0.09694769188171846
2208,5.080686348753298,0.017506296696286658,0.024437913239367667,0.010167508135342345,0.008013021175896973,0.17256302642907315,0.09694200537578335
2209,5.080686348753298,0.017506295838769507,0.02443631193464494,0.01016717144360924,0.008012883536829638,0.17252335552133075,0.09693632277138785
2210,5.080686348753298,0.017506294981840437,0.024434711728085538,0.010166840235128944,0.008012747872917982,0.17248371835571447,0.09693064406408179
2211,5.080686348753298,0.017506294125498773,0.024433112618437437,0.010166530280866086,0.008012614181482736,0.17244418032076253,0.09692496924942211
2212,5.080686348753298,0.01750629326974385,0.024431514604450616,0.010166192909116979,0.008012482459849198,0.17240468220923566,0.09691929832297277
2213,5.080686348753298,0.017506292414575,0.024429917684877046,0.010165855768419736,0.00801235270534721,0.17236511989922793,0.09691363128030488
2214,5.080686348753298,0.01750629155999155,0.024428321858470676,0.010165518858511295,0.008012224915311155,0.17232558467149814,0.09690796811699652
2215,5.080686348753298,0.017506290705992838,0.02442672712398745,0.010165182179129007,0.008012064010549757,0.17228607649522576,0.09690230882863286
2216,5.080686348753298,0.017506289852578197,0.02442513348018528,0.010164845730010646,0.008011905088926413,0.1722465953396392,0.09689665341080606
2217,5.080686348753297,0.017506288999746968,0.024423540925824057,0.010164509510894402,0.008011705013094414,0.1722071411740158,0.09689100185911531
2218,5.080686348753298,0.017506288147498484,0.024421949459665648,0.010164173521518879,0.008011506944520566,0.17216790221132872,0.09688535416916678
2219,5.080686348753298,0.01750628729583208,0.024420359080473873,0.010163837761623098,0.008011310880501143,0.17212867506065077,0.09687971033657365
2220,5.080686348753298,0.0175062864447471,0.02441876978701453,0.01016350223094649,0.008011111213059809,0.1720893015984074,0.09687407035695601
2221,5.080686348753297,0.017506285594242884,0.024417181578055364,0.010163166929228907,0.008010913548604103,0.17204995500378034,0.09686843422594096
2222,5.080686348753297,0.017506284744318767,0.02441559445236608,0.010162831856210608,0.008010714153079248,0.17201063524629004,0.09686280193916251
2223,5.080686348753297,0.0175062838949741,0.02441401601358759,0.010162497011632266,0.008010516757699773,0.17197134229550523,0.09685717349226157
2224,5.0806863487532965,0.01750628304620822,0.024412431049018572,0.010162162395234967,0.008010317633475659,0.1719320761210429,0.096851548880886
2225,5.0806863487532965,0.017506282198020473,0.024410847164041426,0.010161828006760201,0.008010120600739822,0.17189283669256816,0.09684592810069052
2226,5.0806863487532965,0.017506281350410206,0.02440926435743363,0.010161519157893421,0.008009925562569757,0.1718536239797942,0.09684031114733675
2227,5.0806863487532965,0.017506280503376763,0.02440768262797461,0.010161185218718219,0.008009732516288144,0.1718144379524821,0.09683469801649318
2228,5.0806863487532965,0.017506279656919494,0.024406101974445704,0.010160851506696413,0.008009541459222174,0.17177530550093986,0.09682908870383515
2229,5.0806863487532965,0.017506278811037744,0.024404522395630197,0.010160518021571122,0.008009352388703555,0.17173619535502485,0.09682348320504482
2230,5.080686348753297,0.017506277965730867,0.024402943890313285,0.010160184763085877,0.008009165302068489,0.17169708919186621,0.09681788151581122
2231,5.080686348753297,0.01750627712099821,0.02440136645728208,0.010159897981811532,0.008008980196657673,0.1716580095936989,0.09681228363183011
2232,5.080686348753297,0.017506276276839122,0.024399790095325627,0.010159568576063352,0.008008797069816284,0.17161895653052217,0.09680668954880416
2233,5.080686348753297,0.017506275433252963,0.024398214803234865,0.010159235984672688,0.008008615918893973,0.17157992997238275,0.0968010992624427
2234,5.080686348753297,0.01750627459023908,0.024396640579802648,0.010158903618907884,0.00800843674124485,0.17154092988937455,0.09679551276846192
2235,5.080686348753297,0.017506273747796827,0.02439506742382373,0.010158603842463995,0.00800825953422748,0.17150195625163867,0.09678993006258473
2236,5.080686348753297,0.017506272905925567,0.024393495334094767,0.010158337285631926,0.008008061999499196,0.17146300902936323,0.09678435114054079
2237,5.080686348753297,0.017506272064624653,0.024391924309414316,0.010158005573037263,0.00800786644523786,0.17142408819278343,0.0967787759980665
2238,5.080686348753297,0.017506271223893435,0.02439035434858282,0.010157674085068031,0.008007672868798327,0.17138522850409238,0.09677320463090495
2239,5.080686348753297,0.017506270383731284,0.02438878545040261,0.01015736224845081,0.0080074812675399,0.17134643016662815,0.09676763703480594
2240,5.080686348753297,0.017506269544137552,0.024387217613677906,0.010157031204570371,0.008007291638826311,0.1713075882853009,0.09676207320552598
2241,5.080686348753297,0.017506268705111603,0.024385650837214806,0.010156700384560893,0.008007103980025718,0.1712688518674247,0.09675651313882822
2242,5.080686348753297,0.017506269632229197,0.024384085119821288,0.010156369788170683,0.008006918288510695,0.17123006247286943,0.09675095683048249
2243,5.080686348753297,0.017506268793937206,0.024382520460307196,0.010156039415148449,0.008006734561658218,0.17119129928642984,0.09674540427626525
2244,5.080686348753297,0.017506268657844055,0.024380956857484256,0.010155709265243283,0.008006552796849666,0.17115263125755886,0.09673985654929827
2245,5.080686348753297,0.01750626782052501,0.02437939431016604,0.01015537933820468,0.008006372991470797,0.17111392038347914,0.09673431149045032
2246,5.080686348753297,0.017506266983770946,0.024377832817168002,0.010155049633782528,0.008006195142911758,0.17107546011387698,0.09672877017310023
2247,5.080686348753297,0.01750626806132347,0.024376272377307443,0.010154753590265702,0.008006019248567055,0.17103700131193744,0.09672323259305089
2248,5.080686348753297,0.017506267225265194,0.024374714968788985,0.010154424322774792,0.00800584530583556,0.17099862871206922,0.09671769874611184
2249,5.080686348753297,0.017506266389770285,0.024373156631215823,0.010154095277157424,0.008005673312120494,0.1709603598061432,0.09671216862809916
2250,5.080686348753297,0.017506265554838116,0.024371599343243455,0.010153766453165045,0.00800550200722081,0.1709220319676108,0.09670664223483545
2251,5.080686348753297,0.017506264720468054,0.024370043103696594,0.010153437850549485,0.008005332647003685,0.17088348323412245,0.09670111956214993
2252,5.080686348753297,0.017506263886659473,0.024368488713109426,0.010153144001473243,0.008005152742269397,0.17084495429724392,0.09669560060587826
2253,5.0806863487532965,0.017506263053411738,0.024366934566714335,0.010152815833085868,0.008004974785451492,0.17080654724476171,0.09669008536186267
2254,5.0806863487532965,0.01750626222072423,0.024365381465229992,0.010152487885338372,0.008004798773964476,0.17076810850610766,0.09668457382595189
2255,5.0806863487532965,0.01750626138859632,0.024363829407488418,0.010152160157984131,0.008004624705227165,0.17072965720008262,0.09667906599400111
2256,5.0806863487532965,0.01750626055702738,0.024362278392323477,0.010151832650776908,0.008004452576662682,0.1706913939058222,0.09667356186187204
2257,5.0806863487532965,0.017506259726016788,0.024360728418570857,0.010151505363470847,0.00800428238569844,0.17065299419289645,0.0966680614254328
2258,5.080686348753296,0.017506258895563922,0.02435917948506804,0.010151178295820478,0.008004114129766147,0.17061472249605042,0.09666256468055796
2259,5.080686348753296,0.01750625806566816,0.024357631590654346,0.010150851447580714,0.00800393099997458,0.17057637427457611,0.09665707162312859
2260,5.0806863487532965,0.017506257236328874,0.0243560847341709,0.010150524818506854,0.008003749811360561,0.1705380517672452,0.09665158224903216
2261,5.0806863487532965,0.017506256407545454,0.024354538914460627,0.01015019840835457,0.008003570561356033,0.17049975494539188,0.09664609655416248
2262,5.0806863487532965,0.017506255579317273,0.024352994130368257,0.010149892643524894,0.008003393247397213,0.1704615412827851,0.09664061453441986
2263,5.0806863487532965,0.017506254751643715,0.02435145038074032,0.010149566665901298,0.008003217866924579,0.17042335841279743,0.09663513618571093
2264,5.0806863487532965,0.017506253924524165,0.024349907664425144,0.010149280246080437,0.00800304441738286,0.17038525830152532,0.0966296615039487
2265,5.0806863487532965,0.017506253097958002,0.024348365980272846,0.010148954695783379,0.008002872896221034,0.17034730682159996,0.09662419048505257
2266,5.0806863487532965,0.017506252271944613,0.024346825327135335,0.010148629363200934,0.008002703300892307,0.17030952471760952,0.09661872312494828
2267,5.0806863487532965,0.01750625657746219,0.024345285703866296,0.010148320019541279,0.008002535628854118,0.1702717639829271,0.09661325941956785
2268,5.0806863487532965,0.01750625575140385,0.02434374710932121,0.01014799511813156,0.008002369877568118,0.17023378500653125,0.09660779936484969
2269,5.080686348753296,0.017506254925897212,0.024342209542357322,0.010147670433713759,0.008002206044500172,0.17019569233060644,0.0966023429567385
2270,5.0806863487532965,0.017506254100941657,0.024340673001833665,0.010147345966046937,0.008002044127120344,0.1701576933581534,0.09659689019118528
2271,5.0806863487532965,0.01750625327653658,0.02433913748661103,0.010147021714890535,0.008001884499695707,0.17011965149812613,0.09659144106414727
2272,5.0806863487532965,0.01750625245268137,0.024337602995551978,0.01014669768000436,0.008001726782660567,0.17008185041001173,0.09658599557158806
2273,5.0806863487532965,0.017506251629375413,0.024336069527520834,0.010146373861148594,0.008001570973497811,0.17004412227191792,0.09658055370947742
2274,5.080686348753297,0.017506250806618103,0.024334537081383695,0.010146050258083792,0.008001390648201967,0.17000666799175732,0.0965751154737914
2275,5.080686348753297,0.01750624998440883,0.0243330056560084,0.010145726870570883,0.008001212243356128,0.1699690384929512,0.09656968086051229
2276,5.080686348753297,0.017506249162746988,0.024331475250264547,0.010145406073504816,0.00800103575643616,0.16993146961468286,0.09656424986562863
2277,5.080686348753297,0.017506248341631975,0.02432994586302348,0.010145083115850348,0.008000861184922109,0.16989361895936217,0.09655882248513509
2278,5.080686348753298,0.01750624752106318,0.024328417493158297,0.010144760373033114,0.008000688526298176,0.16985597650406767,0.09655339871503262
2279,5.080686348753298,0.017506246701040003,0.024326890139543825,0.010144437844815519,0.008000517778052718,0.1698183802008088,0.0965479785513283
2280,5.080686348753298,0.017506245881561838,0.02432536380105665,0.010144115530960332,0.008000348937678233,0.16978056521192042,0.09654256199003537
2281,5.080686348753298,0.017506245062628083,0.02432383847657508,0.010143793431230685,0.008000182002671354,0.16974291106736977,0.09653714902717332
2282,5.080686348753298,0.017506244244238137,0.024322314164979153,0.01014349893332799,0.008000016970532849,0.1697051462644537,0.09653173965876768
2283,5.080686348753298,0.017506243426391403,0.024320790865150647,0.010143177255049651,0.007999853838767597,0.16966740652806428,0.0965263338808502
2284,5.080686348753298,0.017506242609087275,0.024319271059256752,0.010142855790192492,0.007999692604884586,0.16962969183054016,0.0965209316894587
2285,5.080686348753297,0.017506242319722157,0.024317749779063546,0.010142534538521103,0.007999533266396913,0.16959203704681222,0.09651553308063714
2286,5.080686348753297,0.017506241503384326,0.02431622950729378,0.010142213499800436,0.007999375820821763,0.16955437233645382,0.09651013805043554
2287,5.080686348753297,0.01750624068758739,0.02431471024283612,0.010141892673795809,0.007999220265680408,0.16951673258223757,0.09650474659491007
2288,5.080686348753297,0.01750624587851171,0.024313191984580918,0.010141572060272896,0.007999066598498196,0.1694791617722477,0.09649935871012293
2289,5.080686348753297,0.017506245062462625,0.024311674731420253,0.010141251658997732,0.007998914816804543,0.16944157183812206,0.09649397439214238
2290,5.080686348753297,0.017506244246953535,0.024310158482247907,0.010140931469736717,0.007998767574016885,0.1694040067777984,0.09648859363704279
2291,5.080686348753297,0.01750624343198384,0.024308643235959354,0.010140611492256608,0.007998622210032126,0.16936646656391233,0.09648321644090448
2292,5.080686348753297,0.017506242617552948,0.024307128991451786,0.010140291726324519,0.007998478722393768,0.16932915290766543,0.09647784279981385
2293,5.080686348753297,0.01750624180366027,0.024305615747624073,0.010139972171707926,0.007998337108649348,0.16929186128431895,0.09647247270986331
2294,5.080686348753297,0.017506240990305212,0.02430410350337678,0.010139652828174656,0.007998197366350424,0.16925451332548644,0.09646710616715128
2295,5.080686348753297,0.017506240177487184,0.02430259225761216,0.010139333695492898,0.007998059493052571,0.1692172947786419,0.09646174316778214
2296,5.080686348753297,0.017506239365205598,0.024301082009234157,0.010139014773431194,0.00799792556974985,0.16917991235780483,0.0964563837078663
2297,5.080686348753297,0.01750623855345986,0.024299572757148388,0.010138707413607022,0.007997793509196946,0.16914252047892542,0.09645102778352008
2298,5.080686348753298,0.017506237742249395,0.02429806450026216,0.010138432856686466,0.007997663308962944,0.16910515325621905,0.09644567539086583
2299,5.080686348753298,0.0175062369315736,0.024296557237484445,0.010138114552888912,0.007997534966620902,0.1690678106626555,0.09644032652603177
2300,5.080686348753298,0.0175062361214319,0.02429505096772589,0.010137821277813059,0.007997345337302583,0.16903049267124587,0.09643498118515209
2301,5.080686348753299,0.017506235311823708,0.02429354568989881,0.010137530424331737,0.007997157602615773,0.16899319925504275,0.09642963936436691
2302,5.080686348753298,0.017506234502748436,0.02429204140291719,0.01013721273752813,0.007996971760099898,0.16895593038713982,0.0964243010598222
2303,5.080686348753298,0.0175062336942055,0.02429053810569667,0.010136928216898293,0.007996787807298409,0.168918723560761,0.09641896626766992
2304,5.080686348753298,0.017506232886194326,0.02428903579715455,0.0101366109406548,0.007996605741758757,0.16888152893049094,0.09641363498406785
2305,5.080686348753298,0.017506232078714327,0.024287534476209797,0.010136293872984427,0.007996425561032406,0.1688443335326442,0.09640830720517968
2306,5.080686348753298,0.01750623127176492,0.02428603414178301,0.010135977013659215,0.007996247262674805,0.1688073494868352,0.09640298292717492
2307,5.080686348753298,0.017506230465345527,0.02428453479279645,0.010135660362451554,0.007996070844245392,0.16877035073927732,0.09639766214622897
2308,5.080686348753298,0.01750622965945558,0.024283037201417505,0.010135363186333114,0.007995896303307583,0.1687333838172113,0.09639234485852308
2309,5.080686348753298,0.01750622885409448,0.02428153981991475,0.010135046946443004,0.007995725130539753,0.1686962859159836,0.09638703106024428
2310,5.080686348753298,0.01750622804926167,0.024280043420628974,0.010134757305307987,0.007995555829422843,0.16865921234936151,0.09638172074758546
2311,5.080686348753298,0.01750622724495656,0.024278548002488996,0.010134441474273443,0.007995388397533214,0.16862216309080644,0.09637641391674528
2312,5.080686348753298,0.017506226441178586,0.02427705356442527,0.01013412585023017,0.007995222937397019,0.16858517280441304,0.09637111056392828
2313,5.080686348753298,0.017506225637927166,0.024275560105369878,0.01013381043295262,0.007995059341583914,0.16854817207492404,0.09636581068534464
2314,5.080686348753297,0.017506224835201728,0.024274067624256542,0.010133521903430927,0.007994883019518997,0.1685112391694737,0.09636051427721043
2315,5.080686348753297,0.01750623015126987,0.024272576120020588,0.010133207298926803,0.007995121765432822,0.16847435792220256,0.09635541147618837
2316,5.080686348753297,0.017506229348253605,0.02427108559159897,0.010132892494660652,0.007995362107649511,0.1684376107788641,0.09635026100782136
2317,5.080686348753297,0.01750622854576249,0.02426959603793026,0.010132577896265363,0.007995521967694028,0.16840086868316173,0.0963450294183856
2318,5.080686348753297,0.017506231858241208,0.024268107457954647,0.010132294791465232,0.007995683473463962,0.1683641466934277,0.09633978109221278
2319,5.080686348753297,0.01750623105589799,0.024266619850613926,0.01013198059729139,0.007995846622791588,0.1683273207739896,0.0963345018883045
2320,5.080686348753298,0.017506230254078797,0.0242651332148515,0.010131666608322397,0.007996011413512721,0.16829095356656382,0.09632922613232217
2321,5.080686348753298,0.017506229452783052,0.024263647549612372,0.010131385293870433,0.007996177843466705,0.16825472316559434,0.09632395382052182
2322,5.080686348753297,0.017506228652010198,0.024262162853843153,0.010131071707544492,0.007996345910496411,0.16821836119843012,0.09631868494916519
2323,5.080686348753298,0.017506227851759655,0.024260679126492053,0.010130758325760575,0.007996515612448228,0.16818174522013096,0.0963134195145197
2324,5.080686348753298,0.017506227052030872,0.024259196366508876,0.01013044514829687,0.007996686947172057,0.16814500907022073,0.09630815751285843
2325,5.080686348753297,0.01750622625282327,0.024257714572845007,0.010130132174931894,0.007996859912521297,0.168108505830799,0.09630289894046004
2326,5.080686348753297,0.017506225454136284,0.02425623374445344,0.010129819405444508,0.007997034506352845,0.16807197685193387,0.09629764379360896
2327,5.080686348753297,0.01750622465596936,0.024254753880288735,0.01012954018930645,0.007997210726527091,0.16803543489676975,0.09629239206859515
2328,5.080686348753297,0.01750622385832193,0.024253274979307043,0.010129246642799712,0.007997388570907905,0.16799893294089963,0.0962871437617142
2329,5.080686348753297,0.01750622306119343,0.024251797040466108,0.010128934472251633,0.007997568037362634,0.16796240360808729,0.09628189886926734
2330,5.080686348753298,0.017506222264583305,0.024250320062725223,0.010128622504707308,0.007997749123762086,0.1679258105600966,0.09627665738756136
2331,5.080686348753298,0.01750622146849099,0.024248844045045275,0.01012831073994725,0.00799793182798054,0.1678892960293166,0.09627141931290863
2332,5.080686348753298,0.017506220672915924,0.024247368986388712,0.010127999177752313,0.00799811614789572,0.16785290923516857,0.0962661846416271
2333,5.080686348753298,0.017506219877857547,0.024245894885719554,0.010127709009669309,0.007998302081388802,0.16781650858699845,0.09626095337004033
2334,5.080686348753298,0.01750621908331531,0.024244421742003388,0.010127397847339516,0.007998491022507099,0.16778022738169765,0.09625572549447738
2335,5.080686348753298,0.017506218289288646,0.02424294955420735,0.01012708688692236,0.007998681572069998,0.1677437528877153,0.09625050101127285
2336,5.080686348753298,0.017506218117744186,0.024241478321300147,0.010126811978961611,0.007998873727969948,0.16770732808460925,0.09624527991676687
2337,5.080686348753298,0.01750621732461191,0.024240008042252032,0.010126562983341103,0.007999067488102824,0.16767095549546426,0.09624006220730515
2338,5.080686348753299,0.017506217454335227,0.024238538716034822,0.010126252606206637,0.00799926285036791,0.16763455188161186,0.0962348478792388
2339,5.080686348753299,0.01750621666203023,0.02423707034162187,0.010125942430129143,0.007999459812667887,0.16759847601051683,0.09622963692892451
2340,5.080686348753298,0.017506221785766347,0.024235603394161986,0.010125632454892081,0.00799965837290884,0.16756246914206444,0.09622442935272446
2341,5.080686348753299,0.017506220993204157,0.02423413692018056,0.010125322680279238,0.007999858529000245,0.16752620806965693,0.09621922514700626
2342,5.080686348753298,0.017506220201154714,0.024232671394932803,0.01012501310607473,0.00800006027885496,0.1674900712792669,0.09621402430814299
2343,5.080686348753298,0.01750621940961747,0.024231206817398238,0.010124703732062987,0.008000263620389221,0.1674538620173406,0.09620882683251322
2344,5.080686348753298,0.017506218618591866,0.024229743186557927,0.010124394558028778,0.008000468551522632,0.1674175993019635,0.09620363271650097
2345,5.080686348753298,0.01750621782807736,0.02422828050139446,0.010124085583757183,0.008000667223958842,0.16738144293782292,0.09619844195649561
2346,5.080686348753298,0.0175062170380734,0.024226818760891954,0.010123776809033612,0.008000867486910902,0.16734522703925256,0.09619325454889206
2347,5.080686348753298,0.01750621624857944,0.024225357964036062,0.010123468233643795,0.008001069338303047,0.16730903452035173,0.09618807049009057
2348,5.080686348753298,0.01750621545959493,0.024223898109813943,0.010123159857373783,0.008001272776062862,0.1672728653560266,0.09618288977649679
2349,5.080686348753299,0.017506214671119322,0.024222439197214292,0.010122851680009948,0.008001477798121277,0.16723690565289964,0.09617771240452179
2350,5.080686348753299,0.017506213883152075,0.0242209812252273,0.01012255706903667,0.008001684402412562,0.1672009456553901,0.09617253837058204
2351,5.080686348753299,0.01750621698087468,0.024219524192844698,0.010122301626507915,0.008001892586874317,0.16716497103074676,0.09616736767109935
2352,5.080686348753299,0.01750621619308405,0.0242180680990597,0.010121994030404084,0.008002102505400498,0.16712889493239666,0.09616220030250085
2353,5.080686348753299,0.01750621540580068,0.024216612942867057,0.010121686632364249,0.008002313999881898,0.16709284206378225,0.09615703626121913
2354,5.0806863487533,0.017506214619024036,0.024215158723263002,0.01012137943217637,0.008002403585807196,0.16705681240003445,0.09615187554369205
2355,5.0806863487533,0.017506213832753574,0.024213705439245274,0.01012107242962872,0.008002494823029983,0.16702080591632135,0.09614671814636279
2356,5.0806863487533,0.017506213046988746,0.02421225715475606,0.01012076562450989,0.008002587709419542,0.16698482258784822,0.09614156406567989
2357,5.0806863487533,0.01750621226172902,0.024210805738034833,0.010120477644773036,0.008002682242848584,0.16694886238985746,0.09613641329809716
2358,5.080686348753299,0.01750621147697385,0.02420935525390271,0.01012017122986903,0.00800277842119322,0.16691292529762838,0.09613126584007375
2359,5.080686348753299,0.0175062106927227,0.024207905701363414,0.010119865011764094,0.008002876242332977,0.16687701138048722,0.09612612168807409
2360,5.080686348753299,0.017506209908975032,0.024206457079422154,0.010119558990248075,0.008002975704150773,0.16684124312326473,0.09612098083856788
2361,5.0806863487533,0.01750620912573031,0.024205009387085624,0.01011925316511114,0.00800307680453292,0.16680537517396776,0.09611584328803005
2362,5.0806863487533,0.017506208342987994,0.024203562623362002,0.010118947536143766,0.008003179541369117,0.16676969448194615,0.09611070903294087
2363,5.080686348753299,0.01750620756074755,0.02420211678726094,0.010118642103136743,0.008003283912552435,0.16673394313808082,0.09610557806978581
2364,5.080686348753299,0.01750620677900844,0.024200671877793577,0.010118336865881171,0.008003389915979318,0.16669814408657668,0.09610045039505559
2365,5.080686348753299,0.017506205997770134,0.02419922789397251,0.010118031824168464,0.00800349754954958,0.16666236796886896,0.09609532600524615
2366,5.080686348753299,0.017506205217032098,0.024197784834811824,0.010117726977790344,0.008003606811166387,0.1666266337705145,0.09609020489685866
2367,5.080686348753299,0.017506204436793796,0.024196342699327054,0.010117422326538845,0.008003717698736257,0.16659095668913707,0.09608508706639948
2368,5.080686348753299,0.017506203657054697,0.024194901486535216,0.010117117870206312,0.008003830210169056,0.1665553651591769,0.09607997251038022
2369,5.080686348753298,0.01750620287781427,0.024193461195454773,0.010116813608585394,0.008003944343377981,0.16651968049242702,0.09607486122531762
2370,5.080686348753298,0.017506202099071992,0.024192021825105662,0.010116509541469053,0.008004060096279568,0.16648411339845676,0.09606975320773364
2371,5.080686348753298,0.017506201320827326,0.02419058337450927,0.010116205668650558,0.008004177466793674,0.1664484743112734,0.09606464845415538
2372,5.080686348753298,0.017506200543079744,0.024189145842688435,0.010115901989923482,0.008004296452843474,0.16641296970241007,0.09605954696111511
2373,5.080686348753299,0.01750619976582872,0.02418770922866745,0.010115598505081709,0.008004417052355453,0.16637737609436967,0.09605444872515027
2374,5.080686348753298,0.017506198989073726,0.02418627353147206,0.010115309160890413,0.008004539263259404,0.1663418052016378,0.09604935374280338
2375,5.080686348753298,0.017506198212814236,0.024184838750129445,0.010115006060221561,0.008004591730224142,0.16630625700011203,0.09604426201062218
2376,5.080686348753298,0.01750619743704972,0.02418340488366824,0.010114703152823392,0.00800462300119321,0.1662707314657256,0.09603917352515945
2377,5.080686348753299,0.01750619666177966,0.024181971931118512,0.010114400438491003,0.008004655937376455,0.1662352480760254,0.09603408828297313
2378,5.080686348753298,0.017506195887003532,0.024180539891511765,0.010114097917019796,0.008004690536653229,0.1662000387355224,0.09602900628062623
2379,5.080686348753299,0.017506195112720807,0.024179108763880946,0.010113795588205483,0.008004726796906246,0.16616465254225474,0.0960239275146869
2380,5.080686348753298,0.017506194338930966,0.02417767854726042,0.010113508375224158,0.008004764716021582,0.16612921735929104,0.09601885198172828
2381,5.080686348753299,0.017506193565633488,0.024176249240686,0.01011320642793084,0.008004804291888665,0.16609417874839985,0.09601377967832869
2382,5.080686348753299,0.017506192792827852,0.024174820843194902,0.010112904672685368,0.00800484552240027,0.16605908540622288,0.09600871060107144
2383,5.0806863487533,0.01750619202051354,0.02417339335382579,0.010112603109284656,0.008004888405452515,0.16602419201229981,0.09600364474654492
2384,5.080686348753299,0.017506191248690024,0.02417196677161873,0.01011230173752591,0.008004932938944847,0.16598900911413436,0.09599858211134256
2385,5.0806863487533,0.017506190477356794,0.024170541095615217,0.010112023857614371,0.008004979949939164,0.16595373491075519,0.0959935226920628
2386,5.0806863487533,0.01750619222948619,0.024169116324858162,0.010111748458452604,0.00800502860665596,0.16591847357294348,0.09598846648530912
2387,5.0806863487533,0.017506193005318454,0.024167692458391874,0.010111468315571005,0.008005078907005199,0.1658831954254698,0.09598341348769004
2388,5.0806863487533,0.017506192234588137,0.0241662694952621,0.01011116769357748,0.008005130848900156,0.16584793965933542,0.09597836369581907
2389,5.0806863487533,0.01750619146434658,0.024164847434515965,0.010110867262225834,0.008005184430257401,0.1658127062509319,0.09597331710631468
2390,5.0806863487533,0.017506190694593277,0.02416342627520202,0.01011056702131506,0.008005239648996802,0.16577750783257345,0.09596827371580037
2391,5.0806863487533,0.017506189925327705,0.024162006016370207,0.010110274715537855,0.008005280780118262,0.16574232890484153,0.09596323352090458
2392,5.0806863487533,0.01750618915654936,0.024160586657071877,0.01010997485326371,0.008005323393001636,0.16570716242355593,0.09595819651826079
2393,5.0806863487533,0.017506188388257717,0.024159168196359763,0.010109675180830226,0.008005367647096428,0.16567201820591812,0.09595316270450734
2394,5.0806863487533,0.017506187620452272,0.024157750633288008,0.010109375698037574,0.008005413540325032,0.16563690558145192,0.09594813207628757
2395,5.0806863487533,0.01750618685313251,0.024156333966912136,0.01010907640468622,0.008005461070613127,0.16560180581885722,0.09594310463024976
2396,5.0806863487533,0.017506186086297924,0.02415491819628907,0.010108799905667288,0.008005510235889655,0.16556678744337552,0.09593808036304709
2397,5.0806863487533,0.017506185319948,0.02415350332047711,0.01010854135903129,0.008005561034086825,0.16553178293880777,0.0959330592713377
2398,5.080686348753301,0.01750618455408223,0.024152089338535944,0.010108242619481789,0.008005613463140106,0.16549674966329528,0.09592804135178465
2399,5.0806863487533,0.017506183788700103,0.024150676249526642,0.010107944068586791,0.008005667520988214,0.16546173851135246,0.09592302660105582
2400,5.080686348753301,0.01750618302380112,0.02414926405251166,0.010107656637271064,0.008005723205573112,0.16542676514627178,0.09591801501582409
2401,5.080686348753301,0.017506182259384762,0.024147852746554805,0.010107358460780563,0.008005780514840004,0.1653917981684994,0.09591300659276712
2402,5.080686348753301,0.01750618149545053,0.024146442330721284,0.010107060472352651,0.008005725758517145,0.1653568532447137,0.09590800132856753
2403,5.080686348753301,0.017506180731997917,0.024145032804077662,0.010106781456173584,0.008005672694450565,0.16532193035178763,0.09590299921991276
2404,5.080686348753301,0.01750617996902642,0.02414362416569188,0.01010652648718422,0.008005621320520016,0.16528713436249368,0.09589800026349511
2405,5.080686348753302,0.01750617920653553,0.024142216414633235,0.010106229048799344,0.00800557163460857,0.1652522554399063,0.09589300445601173
2406,5.080686348753302,0.017506178444524748,0.024140809549972393,0.0101059317976981,0.008005491071952078,0.1652173984790146,0.09588801179416462
2407,5.080686348753302,0.017506177682993566,0.024139403570781377,0.010105653414399856,0.008005412213585462,0.16518256345682678,0.09588302227466057
2408,5.080686348753302,0.017506176921941487,0.024137998476133578,0.010105384091167458,0.008005335057380278,0.16514775500374002,0.09587803589421125
2409,5.080686348753302,0.017506179250336255,0.024136594265103724,0.010105087391001731,0.00800525980257094,0.16511296378913873,0.09587305264953308
2410,5.080686348753301,0.017506178489590407,0.024135190936767914,0.010104821049154101,0.008005186245549554,0.16507819444446808,0.09586807253734733
2411,5.080686348753301,0.017506177729322565,0.02413378926143825,0.010104524715456946,0.008005045925537538,0.1650434469468705,0.09586309555438002
2412,5.080686348753301,0.017506176969532238,0.024132387695561933,0.010104228567881408,0.008004907342077698,0.16500885530406192,0.09585812169736199
2413,5.080686348753301,0.017506176210218917,0.024130987009616127,0.010103949636006346,0.008004770493013402,0.16497430247317801,0.09585315096302884
2414,5.080686348753301,0.017506180903114895,0.02412958720268231,0.010103695991215278,0.00800463537619138,0.1649397732229064,0.09584818334812088
2415,5.080686348753301,0.01750618014360848,0.0241281882738433,0.01010340038840746,0.008004475127054033,0.16490511279366862,0.09584321884938331
2416,5.0806863487533,0.017506179384578303,0.024126790222183257,0.01010310497095329,0.008004319125984847,0.16487047409777325,0.09583825746356593
2417,5.0806863487533,0.017506178626023865,0.02412539304678767,0.010102809738659528,0.008004164865975378,0.164835857112562,0.09583329918742339
2418,5.0806863487533,0.017506177867944676,0.024123996746743363,0.010102514691333215,0.008003999809726159,0.1648012618154097,0.09582834401771499
2419,5.0806863487533,0.017506177110340238,0.024122601321138488,0.010102219828781666,0.00800383003708399,0.164766688183724,0.0958233919512048
2420,5.0806863487533,0.017506176353210057,0.024121206769062528,0.01010192515081249,0.008003662010930803,0.16473220454840726,0.09581844298466159
2421,5.0806863487533,0.017506175596553635,0.02411981308960629,0.010101630657233563,0.008003495729108476,0.16469767416568168,0.0958134971148588
2422,5.0806863487533,0.017506174840370484,0.024118420281861907,0.010101336347853047,0.008003331189462243,0.16466316538085207,0.09580855433857463
2423,5.0806863487533,0.01750617408466011,0.02411702834492283,0.010101042222479385,0.008003168389840682,0.16462868365803526,0.09580361465259192
2424,5.080686348753299,0.017506173329422024,0.02411563727788382,0.010100748280921293,0.008002987352687164,0.16459421800049845,0.09579867805369817
2425,5.0806863487533,0.017506172574655733,0.02411424707984097,0.010100454522987771,0.008002808063744071,0.16455983369009833,0.09579374453868562
2426,5.0806863487533,0.01750617182036075,0.024112857749891664,0.01010016094848809,0.008002630520857014,0.16452555834131666,0.0957888141043511
2427,5.080686348753299,0.017506171066536576,0.024111469287134618,0.0100998675572318,0.008002454721874944,0.16449115716525634,0.0957838867474961
2428,5.0806863487533,0.017506170313182735,0.024110081690669846,0.010099581355278615,0.008002280664650144,0.16445687570288917,0.09577896246492679
2429,5.0806863487533,0.01750616956029873,0.024108694959598664,0.010099288328475127,0.00800210834703822,0.16442251741132824,0.09577404125345391
2430,5.0806863487533,0.017506168807884078,0.024107309093023704,0.010098995484346252,0.0080019377668981,0.1643882685981114,0.09576912310989291
2431,5.080686348753301,0.017506168055938295,0.024105924090048886,0.010098702822702641,0.008001768922092018,0.16435395310428458,0.09576420803106381
2432,5.0806863487533,0.01750616730446089,0.02410453994977943,0.010098410343355225,0.00800158877687727,0.16431965898525702,0.09575929601379121
2433,5.0806863487533,0.01750616655345138,0.024103156671321863,0.010098118046115202,0.008001410370846108,0.16428561079370532,0.09575438705490436
2434,5.080686348753301,0.017506165802909278,0.024101775904943598,0.010097838628932937,0.008001230449504864,0.1642514730476083,0.09574948115123705
2435,5.080686348753301,0.017506165052834106,0.02410039434709042,0.01009754669269609,0.008001052265101331,0.1642172428497882,0.09574457829962771
2436,5.0806863487533,0.017506164303225373,0.02409901364837665,0.010097254938003524,0.008000875815503744,0.16418307016171368,0.09573967849691928
2437,5.080686348753301,0.017506163554082608,0.02409763380791396,0.010096982522491102,0.008000701098583626,0.1641488825073132,0.09573478173995932
2438,5.080686348753301,0.017506162805405318,0.024096254824815318,0.010096691126336666,0.00800052162225088,0.16411471609541606,0.09572988802559991
2439,5.0806863487533,0.01750616205719303,0.024094876698194965,0.01009639991116667,0.008000343878379373,0.16408057090407635,0.09572499735069767
2440,5.0806863487533,0.017506161309445257,0.024093499427168423,0.010096108876794211,0.008000167864846293,0.16404648872287642,0.09572010971211384
2441,5.0806863487533,0.01750616056216153,0.024092123010852493,0.010095818023032659,0.007999993579532107,0.16401254948363642,0.0957152251067141
2442,5.0806863487533,0.017506159815341357,0.024090747448365243,0.010095527349695647,0.007999821020320536,0.1639787477885628,0.09571034353136867
2443,5.0806863487533,0.01750615906898427,0.024089372738826033,0.010095236856597085,0.007999650185098564,0.16394471752219247,0.09570546498295232
2444,5.080686348753299,0.017506158323089785,0.024087998881355467,0.010094946543551149,0.007999481071756426,0.16391067799850123,0.0957005894583443
2445,5.080686348753299,0.01750615757765743,0.02408662587507543,0.010094656410372282,0.0079993136781876,0.16387665956442143,0.09569571695442834
2446,5.080686348753299,0.017506156832686727,0.024085253719109072,0.010094366456875193,0.007999148002288809,0.16384270705265672,0.09569084746809273
2447,5.080686348753299,0.017506156088177204,0.024083882412580807,0.010094076682874861,0.007998985044604102,0.1638087307233533,0.09568598099623014
2448,5.080686348753299,0.017506155344128378,0.0240825119546163,0.010093823110422383,0.007998823799772119,0.16377477541858465,0.09568111753573778
2449,5.080686348753299,0.017506154600539784,0.02408114234434248,0.010093540944929806,0.007998660895655655,0.16374091436187668,0.09567625708351732
2450,5.0806863487533,0.017506153857410944,0.024079773580887538,0.010093251699349885,0.007998499702292874,0.16370752113511794,0.09567139963647488
2451,5.0806863487533,0.017506153114741383,0.024078405663380906,0.010092988718055348,0.007998340217595091,0.1636739340800672,0.095666545191521
2452,5.080686348753299,0.017506152372530632,0.024077038590953274,0.010092727425957322,0.007998182439476824,0.16364032207114057,0.0956616937455707
2453,5.0806863487533,0.017506152360398722,0.024075672362736583,0.010092438705016525,0.007998026365855792,0.16360680632954547,0.09565684529554341
2454,5.0806863487533,0.017506151618953313,0.024074306977864016,0.010092157514315334,0.007997871994652902,0.16357339828122303,0.09565199983836299
2455,5.0806863487533,0.017506150877965396,0.02407294243547,0.010091908524611816,0.00799771932379225,0.1635400211254053,0.0956471573709577
2456,5.0806863487533,0.017506150137434503,0.024071578734690208,0.010091657074363661,0.007997568351201112,0.16350668095135018,0.09564231789026023
2457,5.0806863487533,0.017506149397360157,0.024070215874661547,0.010091434284999907,0.007997419074809933,0.16347331673938212,0.09563748139320764
2458,5.0806863487533,0.017506148657741902,0.024068859161100065,0.010091146422645842,0.007997270701353424,0.1634398015167914,0.09563264787674146
2459,5.0806863487533,0.01750614791857926,0.02406749797889432,0.010090858737620112,0.007997124020454662,0.16340628758110778,0.09562781733780747
2460,5.0806863487533,0.017506147179871773,0.024066137634858525,0.010090572252368306,0.007996979030053081,0.1633727607417413,0.09562298977335593
2461,5.0806863487533,0.017506146441618974,0.024064778128134526,0.01009028492124377,0.007996835728091267,0.1633390883676326,0.09561816518034144
2462,5.0806863487533,0.01750614570382039,0.02406341945786539,0.010089997766903587,0.007996694112514942,0.16330542436005008,0.09561334355572293
2463,5.0806863487533,0.01750615033380456,0.024062092225806273,0.010089716383852492,0.007996554181272979,0.1632717925043282,0.09560887022769295
2464,5.0806863487533,0.017506149595807725,0.024060735219578983,0.010089429581386603,0.007996415932317374,0.16323816988078588,0.09560436095796244
2465,5.0806863487533,0.017506148858264403,0.024059379047247,0.010089151505501036,0.007996279363603254,0.16320456791871688,0.09559980968099649
2466,5.0806863487533,0.01750614812117412,0.024058023707958277,0.010088865053582294,0.007996144473088862,0.16317101694538408,0.0955952434976539
2467,5.0806863487533,0.01750614738453642,0.024056669200861993,0.010088607939456012,0.007996011258735562,0.16313747926130992,0.09559063561639372
2468,5.0806863487533,0.01750614664835084,0.02405531552510854,0.01008836471500823,0.007995879718507818,0.16310396202662344,0.09558593283926219
2469,5.0806863487533,0.017506145912616913,0.02405396267984952,0.010088078775399925,0.00799574986217771,0.16307044248397068,0.09558121032896075
2470,5.0806863487533,0.01750614517733419,0.024052610664237743,0.010087793011147232,0.007995618151497276,0.16303694349754644,0.09557646337631287
2471,5.080686348753301,0.0175061444425022,0.024051259477427242,0.010087507422071346,0.00799548811100767,0.1630034650463898,0.09557167319657206
2472,5.080686348753301,0.017506143708120488,0.024049909118573232,0.01008722200799371,0.007995356144657328,0.1629700071095698,0.09556688076300401
2473,5.0806863487533,0.017506142974188593,0.024048559779962227,0.01008693676873603,0.00799522891670631,0.16293656966618522,0.09556209126486585
2474,5.0806863487533,0.01750614224070606,0.02404721107445209,0.010086651704120257,0.00799510335319877,0.16290315269536473,0.09555730469916804
2475,5.080686348753301,0.017506141507672435,0.024045863194371367,0.010086366813968607,0.007994979452118266,0.1628697561762666,0.09555252106292522
2476,5.080686348753301,0.01750614077508725,0.024044516138880086,0.010086082098103537,0.007994857211451411,0.16283638008807877,0.09554774035315637
2477,5.080686348753301,0.017506140042950057,0.02404316990713947,0.010085817475969797,0.007994708354251052,0.16280302441001887,0.09554296256688463
2478,5.080686348753301,0.0175061393112604,0.02404182449831194,0.010085533104067575,0.007994561170730418,0.162769689121334,0.09553818770113742
2479,5.080686348753301,0.01750613858001782,0.024040479911561097,0.010085248905923327,0.007994415658867724,0.16273637420130077,0.09553341575294638
2480,5.080686348753301,0.017506137849221868,0.02403913614605174,0.010084966212715785,0.00799427181664425,0.16270312412865218,0.09552864671934737
2481,5.0806863487533,0.017506137118872087,0.024037793200949842,0.010084682361285863,0.007994129642044339,0.16266984987476932,0.09552388059738043
2482,5.0806863487533,0.017506136388968023,0.024036451075422575,0.010084405893216568,0.007993989133055384,0.16263663827223582,0.09551911738408984
2483,5.0806863487533,0.017506135659509228,0.024035109768638287,0.010084126982898978,0.00799385028766784,0.16260355180460015,0.09551435707652405
2484,5.0806863487533,0.017506134930495246,0.024033769279766505,0.010083843648218554,0.007993713103875193,0.1625704512157865,0.0955095996717357
2485,5.080686348753301,0.017506134218846985,0.02403242960797793,0.010083560486242293,0.007993577579673975,0.1625374150688021,0.09550484516678162
2486,5.0806863487533,0.017506133490717828,0.024031090752444438,0.010083277496795159,0.007993443713063746,0.16250427967015588,0.0955000935587228
2487,5.080686348753301,0.01750613276303214,0.02402975271233909,0.010082994679702362,0.0079933115020471,0.16247112684638018,0.09549534484462438
2488,5.080686348753301,0.017506132035789466,0.024028415486836104,0.01008271203478936,0.007993180944629643,0.16243799420613145,0.09549059902155571
2489,5.080686348753301,0.01750613130898936,0.024027079075110872,0.01008242956188186,0.007993052038820002,0.16240488172897832,0.09548585608659023
2490,5.0806863487533,0.017506130582631375,0.024025743476339956,0.010082147260805812,0.007992924782629814,0.1623717893945183,0.09548111603680555
2491,5.080686348753301,0.017506129856715066,0.024024412294861484,0.010081869243532738,0.007992799174073719,0.16233871718237772,0.09547637886928341
2492,5.0806863487533,0.01750613158574018,0.02402307831879953,0.010081625097241411,0.007992675211169354,0.16230567772875643,0.09547164458110968
2493,5.0806863487533,0.017506130860206342,0.024021745153228993,0.010081343302085679,0.00799255289193735,0.16227271534166468,0.09546691316937433
2494,5.0806863487533,0.017506130135113145,0.024020412797331085,0.010081061678072847,0.00799243221440133,0.16223970335778604,0.09546218463117147
2495,5.0806863487533,0.017506129410460144,0.024019081250288163,0.010080780225030091,0.007992313176587891,0.16220671141502993,0.09545745896359928
2496,5.080686348753301,0.01750612868624689,0.024017750511283752,0.010080520001367652,0.007992195776526607,0.16217373949316624,0.09545273616376007
2497,5.0806863487533,0.01750612796247294,0.02401642057950251,0.010080238885468667,0.00799208001225003,0.16214078757199335,0.0954480162287602
2498,5.0806863487533,0.01750612723913786,0.024015091454130257,0.010079989510100633,0.007991965881793664,0.16210785563133814,0.09544329915571015
2499,5.0806863487533,0.01750613049016219,0.02401376313435396,0.010079708728531575,0.007991818939661081,0.16207494365105599,0.09543858787900773
2500,5.080686348753299,0.01750612976689702,0.024012435619361734,0.01007942811707858,0.007991649805130037,0.16204205161103058,0.09543387652060888
2501,5.080686348753298,0.017506129044069882,0.024011108908342828,0.010079182596714939,0.007991482333830595,0.16200918909209028,0.09542916801551603
2502,5.080686348753299,0.017506128321680327,0.024009783000487648,0.010078972460986015,0.007991317657155632,0.16197633687039603,0.09542446236085587
2503,5.080686348753299,0.017506127599727916,0.024008457894987727,0.010078692337559012,0.00799114477743553,0.16194366990203932,0.09541975955375918
2504,5.080686348753299,0.017506126878212208,0.024007133591035738,0.0100784123835769,0.007990972002289275,0.16191122651975842,0.09541505959136076
2505,5.080686348753299,0.017506126157132765,0.024005810087825496,0.010078132598869248,0.007990800651013258,0.1618789460184669,0.09541036247079941
2506,5.0806863487533,0.01750612543648915,0.024004492545184445,0.010077852983265871,0.007990628084432193,0.16184631396080865,0.09540566818921802
2507,5.0806863487533,0.017506124716280925,0.02400317063999928,0.010077605463565372,0.007990457177282874,0.1618137751413826,0.09540097674376342
2508,5.0806863487533,0.01750612399650765,0.024001849533144715,0.010077338100352764,0.007990287927586794,0.16178135915730957,0.09539628813158653
2509,5.080686348753301,0.01750612327716889,0.02400052922381908,0.01007705898217826,0.007990115672525378,0.1617487493663118,0.09539160234984216
2510,5.080686348753301,0.017506122558264208,0.02399920971122183,0.010076780032435024,0.007989945073781634,0.16171639980686528,0.09538691939568922
2511,5.080686348753301,0.01750612183979317,0.023997890994553545,0.010076501250954054,0.00798977612938312,0.16168417798552898,0.09538223926629057
2512,5.080686348753301,0.017506121121755338,0.023996573073015927,0.010076222637566587,0.007989608837360345,0.16165220891056448,0.09537756195881303
2513,5.080686348753301,0.01750612040415028,0.023995255945811797,0.010075944192104098,0.007989443195746763,0.1616203221385024,0.09537288747042741
2514,5.0806863487533,0.017506119686977562,0.02399393961214509,0.010075665914398292,0.007989279578961358,0.16158840326376328,0.0953682157983085
2515,5.0806863487533,0.01750611897023675,0.023992624071220863,0.01007538780428112,0.00798911760843421,0.16155637463379321,0.09536354693963499
2516,5.0806863487533,0.01750611825392741,0.023991309322245278,0.010075109861584762,0.007988957282207809,0.1615242249148715,0.0953588808915896
2517,5.0806863487533,0.017506117538049117,0.023989995364425618,0.01007483208614163,0.007988798598327573,0.1614920583137751,0.09535421765135894
2518,5.0806863487533,0.017506116822601434,0.02398868219697026,0.010074554477784376,0.007988641554841839,0.16145963862039547,0.09534955721613357
2519,5.0806863487533,0.01750611610758393,0.023987369819088705,0.010074303084478682,0.007988486149801856,0.16142717530208958,0.09534489958310796
2520,5.0806863487533,0.017506115392996176,0.023986058229991548,0.010074066021100966,0.007988332381261782,0.16139472586043763,0.09534024474948058
2521,5.0806863487533,0.017506114678837743,0.023984747428890497,0.010073848600416109,0.007988180247278681,0.16136236414515606,0.09533559271245372
2522,5.080686348753299,0.017506113965108202,0.023983437414998355,0.010073662864159238,0.007988029745912511,0.16133008704810445,0.0953309434692336
2523,5.0806863487533,0.017506113251807124,0.02398212818752902,0.010073423777178835,0.007987880875226129,0.16129802256062709,0.09532629701703041
2524,5.080686348753299,0.01750611253893408,0.023980819745697494,0.010073147116612675,0.00798773363328527,0.16126588908570474,0.09532165335305813
2525,5.080686348753299,0.017506111826488646,0.023979512088719873,0.0100728706219982,0.007987588018158558,0.16123385671631552,0.09531701247453471
2526,5.080686348753299,0.017506111114470396,0.023978205215813352,0.010072594293169892,0.00798744402791749,0.16120153753314406,0.09531237437868197
2527,5.0806863487533,0.017506110402878902,0.023976899126196202,0.01007231812996246,0.007987289888999168,0.16116917482353466,0.09530773906272555
2528,5.080686348753301,0.01750610969171374,0.023975593819087797,0.010072042132210841,0.007987137378170753,0.1611369434429073,0.09530310652389501
2529,5.080686348753301,0.017506108980974485,0.02397428929370859,0.010071766299750212,0.007986986493505321,0.1611048061140338,0.09529847675942374
2530,5.0806863487533,0.01750610827066071,0.02397298554928013,0.010071490632415973,0.0079868372330788,0.16107250145439844,0.09529384976654899
2531,5.0806863487533,0.017506107560771995,0.023971682585025043,0.010071215130043751,0.007986689594969985,0.1610402478557163,0.09528922554251187
2532,5.0806863487533,0.01750610685130791,0.023970385743286037,0.010070969516342535,0.007986543577260526,0.1610080298603567,0.09528460408455731
2533,5.0806863487533,0.017506106142268045,0.023969084335979773,0.010070712411873335,0.007986399178034918,0.16097580180912013,0.0952799853899341
2534,5.080686348753299,0.01750610543365197,0.023967783706521886,0.010070437393835176,0.007986256395380505,0.16094357434016876,0.09527536945589482
2535,5.080686348753299,0.017506104725459264,0.02396648747229583,0.010070162540109557,0.007986115227387465,0.16091136612587167,0.09527075627969588
2536,5.080686348753299,0.017506104017689508,0.023965188395492804,0.01006988785053324,0.00798597567214881,0.1608791771471004,0.09526614585859752
2537,5.0806863487533,0.01750610331034228,0.023963890094222624,0.010069650374581806,0.007985837727760379,0.16084701453012457,0.09526153818986377
2538,5.080686348753299,0.017506102603417166,0.02396259646771286,0.01006943464855663,0.007985701392320839,0.16081486396369724,0.09525693327076246
2539,5.080686348753299,0.01750610189691374,0.02396129971442069,0.010069202586746871,0.007985566663931668,0.1607827325755702,0.0952523310985652
2540,5.080686348753299,0.01750610119083159,0.023960003734355508,0.010068928524613587,0.007985433540697163,0.1607508826265401,0.09524773167054737
2541,5.0806863487533,0.017506100485170296,0.02395870852675067,0.010068654625833224,0.007985302020724422,0.16071891647838307,0.0952431349839882
2542,5.0806863487533,0.01750609977992944,0.023957414090840592,0.010068398592490218,0.007985157329470364,0.16068694824943677,0.09523854103617063
2543,5.0806863487533,0.017506099075108607,0.023956120425860757,0.010068170990546133,0.007985014246498858,0.1606549476191566,0.09523394982438137
2544,5.080686348753299,0.01750609837070738,0.0239548275310477,0.010067898136983515,0.007984872769916683,0.16062298277440293,0.0952293613459109
2545,5.080686348753299,0.017506097666725343,0.02395353540563902,0.010067624877195386,0.007984732897833413,0.16059096593391567,0.09522477559805344
2546,5.080686348753299,0.01750609696316208,0.023952244048873365,0.010067351779960543,0.007984594628361423,0.16055896813919665,0.09522019257810696
2547,5.0806863487533,0.01750609626001718,0.02395095345999043,0.010067099854794972,0.00798445795961587,0.1605269893714069,0.0952156122833732
2548,5.0806863487533,0.017506095557290227,0.02394966363823098,0.01006682707800168,0.007984322889714696,0.1604950296117335,0.09521103471115758
2549,5.0806863487533,0.01750609485498081,0.02394837458283682,0.010066554463282461,0.007984189416778621,0.16046308884138955,0.09520645985876924
2550,5.0806863487533,0.017506094153088517,0.023947086293050788,0.01006628201047719,0.00798405753893114,0.16043128243432725,0.09520188772352109
2551,5.0806863487533,0.017506093451612935,0.02394579876811679,0.010066036252851726,0.007983927254298516,0.16039946254934165,0.09519731830272972
2552,5.0806863487533,0.017506092750553648,0.023944512007279765,0.010065795859921026,0.007983798561009768,0.16036764704966047,0.0951927515937154
2553,5.0806863487533,0.01750609204991025,0.02394322600978569,0.010065523880320814,0.007983644838294186,0.16033578199627616,0.09518818759380217
2554,5.0806863487533,0.01750609357763154,0.023941940774881598,0.010065252062003123,0.007983492852213007,0.16030393583870653,0.09518362630031767
2555,5.080686348753301,0.017506092877376346,0.023940656301815542,0.010065001282651243,0.007983342467569638,0.16027210855831975,0.0951790677105933
2556,5.0806863487533,0.01750609217753607,0.02393937258983662,0.010064770554735748,0.007983193682488636,0.16024032543966513,0.0951745118219641
2557,5.0806863487533,0.017506091478110306,0.023938089638194975,0.010064499207082524,0.007983046495097321,0.16020865296495002,0.0951699586317688
2558,5.080686348753301,0.01750609077909865,0.023936807446141763,0.010064228020084257,0.007982886639769008,0.1601770588409769,0.09516540813734979
2559,5.080686348753301,0.017506090080500688,0.023935526012929177,0.010063956993582783,0.007982728386835008,0.1601453068202705,0.09516086033605312
2560,5.0806863487533,0.017506089382316018,0.023934245337810446,0.010063686127420155,0.007982561086016778,0.16011357358400913,0.09515631522522847
2561,5.080686348753301,0.01750608868454423,0.023932965420039823,0.010063415421438647,0.007982393884134614,0.1600818591137143,0.09515177280222918
2562,5.080686348753301,0.01750608968245303,0.02393168625887259,0.010063144875480752,0.007982228286217951,0.16005016339093295,0.09514723306441228
2563,5.080686348753301,0.01750608898517026,0.023930407853565042,0.010062874489389171,0.007982064290395226,0.16001848639723723,0.09514269600913834
2564,5.080686348753302,0.01750608828829936,0.0239291302033745,0.01006260426300683,0.007981901894797618,0.1599868281142248,0.09513816163377163
2565,5.080686348753302,0.017506087591839917,0.023927853307559317,0.01006233419617686,0.007981741097559043,0.15995545002620826,0.09513362993568
2566,5.080686348753302,0.017506086895791532,0.02392657716537885,0.010062073019327189,0.007981581896816158,0.15992407962364108,0.09512910091223493
2567,5.080686348753302,0.017506086756855693,0.023925301776093477,0.010061803269407008,0.00798142003521073,0.15989264912507162,0.09512457456081153
2568,5.080686348753302,0.017506086061518242,0.02392402713896459,0.010061533678570924,0.007981259768892149,0.15986106536620515,0.09512005087878843
2569,5.080686348753302,0.01750608536659071,0.023922753253254596,0.010061264246662933,0.007981101096002783,0.15982950022646772,0.09511552986354799
2570,5.080686348753303,0.017506084672072684,0.023921480118226916,0.010060994973527247,0.007980944014687718,0.15979795368760777,0.09511101151247603
2571,5.080686348753302,0.017506083977963768,0.023920207733145973,0.010060749428342819,0.007980788523094754,0.15976642573139882,0.09510649582296199
2572,5.080686348753303,0.017506083284263563,0.023918936097277202,0.010060480467636837,0.007980634619374398,0.1597350258644542,0.09510198279239895
2573,5.080686348753302,0.017506082590971663,0.023917665209887043,0.010060211665239802,0.00798046858269372,0.1597037216863222,0.09509747241818346
2574,5.080686348753302,0.017506081898087673,0.02391639507024294,0.010059943020996774,0.007980302643703266,0.15967251011156036,0.09509296469771572
2575,5.080686348753302,0.017506081205611194,0.023915125677613336,0.010059691676888232,0.007980136802307462,0.15964136702984524,0.0950884596283994
2576,5.080686348753302,0.017506081769717442,0.023913857031267683,0.010059423345113727,0.007979972551225569,0.15961003546154,0.09508395720764182
2577,5.080686348753302,0.017506081077807524,0.023912589130476416,0.010059155171031658,0.00797980988861197,0.1595788229787185,0.09507945743285376
2578,5.080686348753302,0.017506080386304072,0.023911321974510992,0.01005891246852167,0.007979648812623742,0.15954742436147318,0.0950749603014496
2579,5.080686348753302,0.01750607969520668,0.023910055562643837,0.010058644604383568,0.007979489321420646,0.15951611951393652,0.09507046581084719
2580,5.080686348753302,0.01750608262489995,0.02390878989414839,0.010058376897479163,0.00797933141316513,0.15948487568706665,0.09506597395846797
2581,5.080686348753302,0.01750608193390199,0.02390752496829907,0.010058109347654986,0.007979175086022314,0.15945368683424993,0.09506148474173684
2582,5.080686348753302,0.01750608124330932,0.02390626078437129,0.010057852937542964,0.007979020338159995,0.1594225042451981,0.09505699815808227
2583,5.080686348753302,0.017506080553121552,0.023904997341641452,0.01005758569926292,0.007978867167748635,0.1593913349678554,0.09505251420493621
2584,5.080686348753301,0.017506079863338284,0.023903734639386942,0.010057318617605213,0.007978715572961358,0.15936004658509328,0.09504803287973411
2585,5.080686348753301,0.017506079173959126,0.023902472676886142,0.010057051692417206,0.007978565551973953,0.15932877653262,0.0950435541799149
2586,5.080686348753301,0.0175060795837937,0.023901211453418395,0.010056792985996323,0.0079784007618005,0.15929752479257875,0.09503907810292106
2587,5.080686348753301,0.017506078895006136,0.02389995096826404,0.010056526371709841,0.007978237551352466,0.15926637659023918,0.09503460464619845
2588,5.080686348753301,0.017506078206621627,0.023898691220704402,0.010056259913437324,0.007978075918804273,0.15923516140488175,0.09503013380719649
2589,5.0806863487533,0.017506077518639782,0.02389743221002177,0.010055993611026968,0.007977915862332987,0.15920419002781133,0.09502566558336806
2590,5.080686348753301,0.017506076831060213,0.023896173935499417,0.01005572746432717,0.007977757380118324,0.15917308851781928,0.09502119997216951
2591,5.080686348753301,0.017506076143882523,0.02389491639642159,0.01005549260857476,0.007977600470342641,0.1591419279969955,0.09501673697106058
2592,5.080686348753301,0.017506075457106324,0.023893659592073502,0.01005522676674925,0.007977445131190936,0.15911078568201661,0.09501227657750455
2593,5.080686348753301,0.017506074770731225,0.023892403521741348,0.010054980283048074,0.007977290218058668,0.15907966155519515,0.0950078187889681
2594,5.080686348753301,0.017506074084756837,0.023891151905496552,0.010054714747838017,0.00797713687259543,0.15904867972952444,0.09500336360292136
2595,5.080686348753301,0.01750607339918277,0.023889897300331437,0.010054449367589341,0.007976985092993447,0.15901774649472022,0.09499891101683787
2596,5.0806863487533,0.017506072714008638,0.023888643427047055,0.010054199169851548,0.007976834877447577,0.15898694988827558,0.09499446102819466
2597,5.0806863487533,0.01750607202923405,0.023887390284933464,0.010053934096139668,0.007976671128285004,0.1589561354283057,0.09499001363447214
2598,5.0806863487533,0.017506071344858622,0.023886137873281685,0.010053669176940368,0.007976508948375522,0.15892544224781777,0.09498556883315412
2599,5.080686348753301,0.01750607130488953,0.023884886191383698,0.010053404412103884,0.007976348335913283,0.1588946814475559,0.09498112662172786
2600,5.080686348753301,0.017506070621185622,0.02388363523853244,0.010053139801480657,0.007976189289095046,0.15886392241587718,0.09497668699768401
2601,5.080686348753301,0.017506069937879787,0.023882385014021814,0.010052875344921322,0.007976031806120179,0.1588330010566606,0.09497224995851661
2602,5.080686348753301,0.017506069254971637,0.02388113663963898,0.010052611042276723,0.007975875885190654,0.1588020606177614,0.0949678155017231
2603,5.080686348753302,0.01750606857246079,0.0238798878694764,0.010052346893397906,0.007975721524511039,0.1587711170735859,0.0949633836248043
2604,5.080686348753302,0.01750606789034686,0.023878639825541996,0.010052082898136114,0.007975568722288495,0.15874022074489885,0.09495895432526442
2605,5.080686348753302,0.01750606720862946,0.023877392507133482,0.010051819056342795,0.007975417476732772,0.15870945358971733,0.09495452760061106
2606,5.080686348753302,0.017506066527308215,0.02387614591354952,0.010051573112251534,0.007975267786056202,0.15867856394643481,0.09495010344835515
2607,5.080686348753302,0.017506065846382736,0.023874900044089712,0.010051321156098107,0.007975111586774709,0.1586476922463996,0.094945681866011
2608,5.080686348753302,0.017506065165852642,0.02387365489805462,0.010051057768118061,0.007974956943485862,0.15861683847227995,0.09494126285109632
2609,5.080686348753302,0.01750606448571755,0.023872415541761564,0.01005079453301759,0.0079748038544052,0.15858600260676758,0.0949368464011321
2610,5.080686348753302,0.017506063805977082,0.02387117183949667,0.01005053145064914,0.00797465231775083,0.15855518463257748,0.09493243251364274
2611,5.080686348753301,0.017506063126630854,0.02386992885856438,0.010050268520865354,0.00797450233174343,0.15852454096950241,0.09492802118615593
2612,5.080686348753302,0.017506062447678487,0.023868686598269028,0.010050005743519073,0.007974353894606233,0.1584938505918795,0.09492361241620273
2613,5.080686348753302,0.017506061769119605,0.02386744505791586,0.010049755390847499,0.007974207004565035,0.1584633023247235,0.0949192062013175
2614,5.080686348753301,0.01750606109095382,0.023866204236811083,0.010049492915554336,0.007974061659848184,0.1584325556533236,0.09491480253903796
2615,5.080686348753301,0.017506060413180764,0.023864964134261826,0.010049230592259772,0.007973917858686577,0.15840182678722242,0.0949104014269051
2616,5.080686348753301,0.01750605973580005,0.023863726304298435,0.010048968420817438,0.00797377559931365,0.1583711157092743,0.09490600286246327
2617,5.080686348753302,0.017506059058811307,0.023862487636484027,0.010048706401081168,0.007973634879965386,0.15834045051907875,0.09490160684326009
2618,5.080686348753302,0.01750605838221415,0.0238612496851523,0.01004846401613107,0.007973495698880294,0.15830982508516597,0.09489721336684648
2619,5.080686348753303,0.017506057706008212,0.023860012449614103,0.010048202295596132,0.007973358054299422,0.15827916725388255,0.09489282243077668
2620,5.080686348753302,0.01750605703019311,0.023858775929181217,0.010047940726332104,0.007973221944466338,0.1582485271424086,0.09488843403260822
2621,5.080686348753303,0.01750605635476847,0.02385754012316635,0.010047679308193594,0.00797308736762713,0.1582180877258072,0.09488404816990187
2622,5.080686348753303,0.017506055679733915,0.023856305030883124,0.010047439763737417,0.007972954322030407,0.1581876092611462,0.09487966484022173
2623,5.080686348753303,0.01750605703944013,0.0238550706516461,0.010047178643214272,0.007972822805927288,0.15815718804656734,0.0948752840411351
2624,5.080686348753303,0.017506056364791415,0.023853836984770744,0.010046917673384078,0.007972692817571398,0.15812661855242507,0.09487090577021264
2625,5.080686348753303,0.017506055690531895,0.023852604029573444,0.01004668746904469,0.007972564355218868,0.15809613767614056,0.0948665300250282
2626,5.080686348753303,0.01750605501666119,0.023851371785371504,0.010046426794253877,0.007972423300877489,0.15806560342124706,0.09486215680315893
2627,5.080686348753303,0.01750605434317893,0.02385014025148315,0.010046166269726172,0.007972283777196377,0.15803508676748818,0.09485778610218519
2628,5.080686348753303,0.01750605367008475,0.02384890942722752,0.010045905895317545,0.007972145782431349,0.15800458769799253,0.09485341791969061
2629,5.080686348753304,0.017506052997378264,0.02384767931192466,0.010045645670884151,0.007972009314840708,0.1579741061959113,0.09484905225326204
2630,5.080686348753303,0.01750605232505911,0.023846449904895525,0.010045385596282347,0.007971874372685256,0.15794364224441826,0.09484468910048957
2631,5.080686348753304,0.017506051653126915,0.023845221205461987,0.010045127591661743,0.007971740954228281,0.15791321951265833,0.09484032845896652
2632,5.080686348753304,0.01750605287244104,0.023843993212946824,0.010044867815922913,0.007971609057735552,0.15788285027465646,0.09483597032628943
2633,5.080686348753304,0.017506052200917437,0.023842765926673712,0.010044608189586095,0.007971478681475314,0.15785264784142977,0.09483161470005808
2634,5.0806863487533045,0.017506051529779888,0.023841539345967243,0.010044348712508408,0.007971349823718289,0.157822253868193,0.09482726157787538
2635,5.080686348753304,0.017506050859028035,0.023840313470152908,0.010044116108229502,0.00797122248273767,0.15779187736178288,0.09482291095734753
2636,5.080686348753304,0.0175060501886615,0.02383908829855709,0.01004391419529339,0.007971096656809108,0.1577615474481037,0.09481856283608389
2637,5.080686348753303,0.017506049518679914,0.023837863830507084,0.010043694720667701,0.007970972344210719,0.1577312058196893,0.09481421721169704
2638,5.080686348753303,0.017506048849082915,0.023836640065331084,0.010043435815449668,0.007970849543223076,0.1577008816080967,0.09480987408180272
2639,5.080686348753303,0.01750604817987014,0.023835417002358167,0.010043177058792851,0.007970728252129201,0.15767064598623873,0.09480553344401986
2640,5.080686348753302,0.01750604751104121,0.02383419464091832,0.010042918450555499,0.007970608469214567,0.1576404170707555,0.09480119529597056
2641,5.080686348753302,0.017506046842595768,0.023832972980342416,0.01004265999059605,0.007970487669786105,0.15761014498467657,0.09479685963528012
2642,5.080686348753301,0.017506046174533448,0.023831752019962224,0.010042408778418095,0.00797035557718756,0.15757996706272123,0.09479252834464873
2643,5.080686348753302,0.017506046613879837,0.023830531759110398,0.01004215061322819,0.007970224996417162,0.1575497743085393,0.09478819765120279
2644,5.080686348753302,0.017506045946370317,0.023829312197120492,0.010041911306759322,0.007970095925761762,0.15751962278294546,0.09478386943801072
2645,5.080686348753302,0.017506045279242946,0.023828093333326937,0.01004165343355123,0.007969968363510653,0.15748941996318083,0.09477954370271045
2646,5.080686348753302,0.01750604461249736,0.02382687516706505,0.010041395707918881,0.007969808984262087,0.1574592344278933,0.09477522044294306
2647,5.080686348753302,0.017506043946133195,0.023825657697671043,0.010041138129721839,0.007969651129066939,0.1574290661606344,0.09477089965635273
2648,5.080686348753302,0.017506043280150086,0.023824440924481993,0.010040880698819848,0.007969494796203654,0.15739891514497747,0.09476658134058678
2649,5.080686348753302,0.017506042614547673,0.02382322968911902,0.010040623415072846,0.007969339983953112,0.15736883839316373,0.09476226549329567
2650,5.080686348753302,0.017506043079841133,0.023822016179126014,0.010040366278340955,0.007969186690598644,0.15733877907605331,0.09475795211213302
2651,5.080686348753301,0.017506042414782753,0.023820801489298587,0.010040109288484481,0.007969034914426005,0.15730867969500012,0.09475364119475549
2652,5.080686348753301,0.017506041750104107,0.023819587493034013,0.010039852445363918,0.007968884653723389,0.15727872247717584,0.09474933273882293
2653,5.0806863487533,0.01750604108580484,0.02381837418967377,0.010039619431664164,0.007968725905141198,0.15724865742816674,0.09474502674199822
2654,5.080686348753299,0.01750604042188458,0.023817163869664273,0.010039371224401104,0.007968568674319092,0.15721860953268352,0.09474072320194743
2655,5.080686348753299,0.017506043577400328,0.023815951949703,0.010039114814535777,0.007968414135082466,0.15718857877445164,0.09473642211633966
2656,5.0806863487533,0.01750604291350781,0.023814740720675985,0.010038858550853668,0.007968261109518244,0.15715861709294876,0.09473212348284714
2657,5.0806863487533,0.017506042249993643,0.023813530181928205,0.010038602433216191,0.007968109595921945,0.15712862055056567,0.09472782729914517
2658,5.0806863487533,0.01750604158685747,0.023812320332805486,0.010038346461484942,0.007967959592591493,0.15709864109674543,0.0947235335629121
2659,5.0806863487533,0.017506040924098937,0.023811111172654532,0.0100380906355217,0.00796781109782723,0.1570687804806019,0.09471924227182942
2660,5.0806863487533,0.017506040261717676,0.023809902700822914,0.010037834955188427,0.00796766569809146,0.1570390748680853,0.09471495342358163
2661,5.0806863487533,0.017506039599713336,0.02380869491665906,0.01003757942034727,0.007967521802626026,0.15700914651783043,0.09471066701585634
2662,5.0806863487533,0.017506038938085562,0.023807487819512266,0.01003732403086056,0.00796737940973932,0.1569792457898503,0.0947063830463442
2663,5.0806863487533,0.017506038276833995,0.02380628140873268,0.010037085211736527,0.007967238517742116,0.15694935146942385,0.09470210151273892
2664,5.0806863487533,0.017506037615958283,0.023805075683671323,0.010036830109419675,0.007967099124947577,0.15691947414078883,0.09469782241273725
2665,5.0806863487533,0.017506036955458066,0.023803870643680062,0.010036575152047117,0.00796694143600421,0.15688961378788496,0.09469354574403899
2666,5.080686348753301,0.017506036295332993,0.023802666288111625,0.010036320339481907,0.007966785254139118,0.15685988929179404,0.09468927150434699
2667,5.080686348753301,0.017506035635582704,0.02380146584556106,0.01003606567158728,0.007966627743965825,0.15683015026667202,0.0946849996913671
2668,5.0806863487533,0.01750603497620685,0.023800262856286076,0.010035811148226648,0.007966471739100771,0.15680040222408387,0.09468073030280823
2669,5.0806863487533,0.017506034902625808,0.02379906054949758,0.010035556769263609,0.007966317237856877,0.1567707149945704,0.09467646333638235
2670,5.0806863487533,0.017506034243886574,0.023797858924551697,0.010035302534561932,0.007966164238549433,0.15674095949595404,0.09467219878980435
2671,5.0806863487533,0.01750603358552078,0.023796657980805422,0.010035048443985577,0.007966012739496105,0.1567112641021388,0.09466793666079223
2672,5.080686348753299,0.01750603292752807,0.023795457717616587,0.010034820279273058,0.007965862739016925,0.15668152204473848,0.09466367694706693
2673,5.080686348753298,0.017506034776504257,0.023794258134343875,0.010034566471648647,0.00796571423543429,0.15665179683539665,0.09465941964635245
2674,5.080686348753298,0.0175060341187813,0.02379305923034682,0.010034312807745267,0.007965567227072957,0.1566220884582426,0.09465516475637574
2675,5.080686348753298,0.017506033461430644,0.02379186100498578,0.010034092495112177,0.00796541713182851,0.15659242195116874,0.09465091227486676
2676,5.080686348753298,0.017506032804451944,0.023790663457621975,0.010033839111952065,0.007965268531053704,0.1565627553320631,0.09464666219955849
2677,5.080686348753297,0.017506032147844842,0.02378946658761745,0.010033585872111074,0.007965121423077908,0.1565330973501689,0.09464241452818684
2678,5.080686348753297,0.01750603149160899,0.023788270394335106,0.0100333327754544,0.007964970701764773,0.15650345613719194,0.09463816925849071
2679,5.0806863487532965,0.017506030835744046,0.023787074877138662,0.01003307982184742,0.007964821863342724,0.15647384420965937,0.09463392638821203
2680,5.080686348753297,0.017506030180249654,0.023785880035392695,0.010032827011155685,0.007964674515383534,0.15644436726262614,0.09462968591509562
2681,5.0806863487532965,0.01750602952512547,0.023784685868462597,0.010032574343244925,0.00796451823275459,0.1564147762347782,0.0946254478368893
2682,5.0806863487532965,0.017506028870371143,0.023783492375714605,0.010032351662989096,0.007964363443147998,0.15638520191292085,0.09462121215134386
2683,5.0806863487532965,0.017506028215986326,0.02378229955651578,0.010032143202024764,0.007964210144899128,0.15635565247367475,0.09461697885621304
2684,5.0806863487532965,0.017506027561970675,0.02378110741023403,0.010031890947715968,0.007964058336345678,0.1563261115152197,0.09461274794925346
2685,5.0806863487532965,0.017506026908323844,0.023779915936238075,0.010031638835660682,0.007963909105390365,0.1562966554063248,0.0946085194282248
2686,5.0806863487532965,0.017506026255045482,0.023778725133897463,0.0100313868657255,0.007963761360198645,0.15626732611690752,0.0946042932908896
2687,5.0806863487532965,0.01750602560213525,0.023777535002582586,0.0100311350377772,0.007963615099115768,0.15623795753417877,0.09460006953501333
2688,5.0806863487532965,0.0175060249495928,0.02377634554166464,0.010030883351682727,0.007963470320489295,0.15620866628910063,0.09459584815836444
2689,5.080686348753296,0.017506024297417787,0.023775156750515662,0.010030646030015024,0.007963327022669104,0.1561793942491372,0.09459162915871425
2690,5.080686348753296,0.017506023645609867,0.0237739686285085,0.010030394624548635,0.00796317152061513,0.15614995440679658,0.09458741253383704
2691,5.080686348753295,0.017506022994168695,0.023772781175016827,0.010030143360539473,0.007963017503773276,0.15612052959467854,0.09458319828150998
2692,5.080686348753295,0.017506022343093935,0.023771594389415132,0.010029926291848897,0.007962864970493123,0.1560911372610405,0.09457898639951313
2693,5.080686348753294,0.017506021692385236,0.023770408271078732,0.010029675303944982,0.007962713919126556,0.15606174553074997,0.09457477688562951
2694,5.080686348753295,0.017506021042042262,0.02376922281938375,0.010029424457105352,0.00796256434802776,0.15603239943175617,0.09457056973764502
2695,5.080686348753294,0.017506020392064663,0.02376803803370713,0.010029188091276979,0.007962416255553212,0.15600304071898038,0.09456636495334839
2696,5.080686348753294,0.017506019742452104,0.023766853913426627,0.010028937523473369,0.007962269640061694,0.15597373146035473,0.0945621625305313
2697,5.080686348753294,0.017506019093204244,0.02376567045792081,0.01002868709634055,0.007962114743253567,0.15594440570270315,0.09455796246698833
2698,5.080686348753294,0.01750601844432074,0.023764487666569068,0.010028436809747191,0.007961961325628306,0.1559151159088718,0.0945537647605169
2699,5.080686348753294,0.017506017795801253,0.02376330553875158,0.010028186663562137,0.007961809385546427,0.15588582304736956,0.09454956940891732
2700,5.080686348753294,0.017506017147645447,0.023762127921011993,0.010027965113431207,0.00796165892137073,0.15585654661275833,0.09454537640999275
2701,5.080686348753294,0.017506016499852978,0.02376094711768457,0.010027720198559794,0.007961509931466298,0.15582728658971945,0.09454118576154924
2702,5.080686348753294,0.017506015852423507,0.023759766976037235,0.010027470466545105,0.00796136241420049,0.1557981215040122,0.09453699746139571
2703,5.080686348753295,0.0175060152053567,0.023758587495453398,0.010027220874419318,0.007961216367942926,0.15576894738832847,0.09453281150734391
2704,5.080686348753295,0.017506014558652215,0.023757408675317282,0.010026971422052127,0.007961071791065508,0.15573986368882745,0.09452862789720842
2705,5.080686348753295,0.017506013912309718,0.023756230515013906,0.010026722109313393,0.007960929752202497,0.15571072342887546,0.09452444662880675
2706,5.080686348753295,0.01750601326632887,0.023755053013929096,0.010026472936073155,0.00796078917887136,0.15568162680959738,0.09452026769995915
2707,5.080686348753296,0.017506012620709336,0.02375387617144947,0.01002622390220161,0.007960650069451333,0.15565251497346852,0.09451609110848877
2708,5.0806863487532965,0.017506013427937814,0.023752699986962448,0.010025975007569127,0.0079605124223239,0.1556234056842512,0.09451191685222157
2709,5.080686348753296,0.017506016199227207,0.023751524459856243,0.010025726252046249,0.007960376235872785,0.15559427631467207,0.09450774492898632
2710,5.080686348753296,0.017506015553778623,0.02375034958951987,0.010025477635503682,0.007960241508483967,0.15556529623156246,0.09450357533661467
2711,5.0806863487532965,0.01750601490869052,0.023749175375343136,0.010025242901475108,0.007960108238545658,0.155536280673369,0.09449940807294102
2712,5.0806863487532965,0.01750601426396256,0.023748001816716637,0.010025019672101461,0.007959976424448307,0.15550730243745423,0.09449524313580264
2713,5.080686348753296,0.017506013619594415,0.023746828913031762,0.01002477146446405,0.007959846484447164,0.15547838529994326,0.09449108052303956
2714,5.080686348753296,0.017506012975585742,0.02374565666368069,0.010024538993574313,0.007959693017399747,0.15544938176148798,0.09448692023249464
2715,5.080686348753296,0.017506012331936213,0.0237444883409936,0.010024291059833016,0.007959541015074248,0.1554203497184236,0.09448276226201353
2716,5.080686348753295,0.017506011688645497,0.023743317397878785,0.010024043264305461,0.007959390475857317,0.15539159026257823,0.09447860660944468
2717,5.080686348753295,0.017506011045713255,0.023742147107279378,0.010023796049641953,0.007959241398137843,0.1553628099715866,0.09447445327263933
2718,5.080686348753296,0.01750601040313916,0.0237409774685907,0.010023548530075062,0.007959093780306934,0.15533401657920082,0.0944703022494515
2719,5.080686348753296,0.01750600976092288,0.023739808481208862,0.010023318069487844,0.007958947620757932,0.15530522097003024,0.09446615353773799
2720,5.080686348753296,0.01750600911906408,0.02373864014453075,0.01002307082229875,0.007958802917886396,0.15527643731121027,0.09446200713535836
2721,5.080686348753296,0.017506008477562434,0.02373747245795404,0.010022823712686216,0.007958659670090105,0.1552475316614609,0.09445786304017498
2722,5.080686348753295,0.01750600783641761,0.02373630542087718,0.010022601957268765,0.007958517875769048,0.15521865692861808,0.09445372125005294
2723,5.080686348753295,0.017506007195629274,0.023735139032699405,0.010022410265312434,0.007958378234550399,0.155189805104401,0.09444958176286014
2724,5.080686348753295,0.017506006555197105,0.02373397668603814,0.010022199446842664,0.00795824004322384,0.1551609329266701,0.09444544457646721
2725,5.080686348753295,0.017506005915120765,0.023732811593227935,0.010021952864636237,0.007958103300196343,0.15513212135804988,0.09444130968874755
2726,5.080686348753295,0.017506005275399927,0.023731647147519498,0.010021706419383518,0.007957968003877073,0.1551033792092709,0.09443717709757725
2727,5.080686348753295,0.017506004636034266,0.02373048334831516,0.010021460110958016,0.007957834152677394,0.15507471851684834,0.09443304680083521
2728,5.080686348753294,0.017506003997023453,0.023729320195018028,0.010021213939233406,0.00795770174501086,0.15504589542670588,0.09442891879640304
2729,5.080686348753294,0.017506003358367158,0.023728157687031962,0.010020967904083515,0.007957570779293209,0.15501708832745575,0.09442479308216509
2730,5.080686348753295,0.017506002720065056,0.023726995823761605,0.010020722005382347,0.007957441253942365,0.15498832400228635,0.09442066965600844
2731,5.080686348753295,0.01750600208211682,0.023725834604612365,0.010020476243004056,0.007957313167378428,0.1549595488356053,0.09441654851582289
2732,5.080686348753294,0.01750600144452212,0.02372467402899042,0.010020230616822966,0.007957186937738869,0.15493087706847775,0.09441242965950096
2733,5.080686348753295,0.01750600080728064,0.023723514096302706,0.010020024455035392,0.007957062143500435,0.1549022038168017,0.09440831308493793
2734,5.080686348753295,0.017506000170392045,0.023722354805956924,0.010019779093578679,0.007956938783089952,0.15487370073883097,0.09440419879003172
2735,5.080686348753295,0.017506002667870994,0.023721196157361544,0.010019533867947142,0.00795681685493642,0.15484530138809494,0.09440008677268298
2736,5.080686348753296,0.017506002031106412,0.02372003814992579,0.010019288778015743,0.007956696357470993,0.15481660567951355,0.0943959770307951
2737,5.080686348753295,0.017506001394694062,0.023718880783059653,0.010019043823659606,0.007956577289126986,0.15478792584440454,0.09439186956227412
2738,5.080686348753296,0.01750600075863363,0.023717724056173877,0.010018799004754018,0.007956459648339863,0.15475937156770506,0.0943877643650288
2739,5.080686348753296,0.017506000122924786,0.023716567968679974,0.010018554321174426,0.007956308218758383,0.1547307234154471,0.09438366143697059
2740,5.080686348753296,0.017505999487567203,0.0237154125199902,0.010018309772796438,0.007956158233069338,0.15470209109292354,0.0943795607760136
2741,5.080686348753296,0.017505998852560566,0.023714257709517565,0.010018065359495815,0.007956009689696751,0.154673546183912,0.09437546238007467
2742,5.080686348753295,0.017505998217904547,0.023713103536675852,0.010017821081148485,0.007955862587066808,0.15464519204231472,0.09437136624707328
2743,5.080686348753296,0.017505997583598828,0.02371195000087958,0.010017576937630536,0.00795571692360785,0.15461693408449545,0.09436727237493156
2744,5.080686348753295,0.017505996949643086,0.023710797101544022,0.01001733292881821,0.007955572697750374,0.1545886820059737,0.09436318076157436
2745,5.080686348753296,0.017505996316036998,0.023709644838085204,0.01001711871359489,0.007955429907927025,0.15456033620913626,0.09435909140492917
2746,5.080686348753296,0.017505997711896808,0.0237084932099199,0.010016874968346967,0.007955288552572597,0.1545319833591443,0.09435500430292612
2747,5.080686348753295,0.01750599707861455,0.023707342216465636,0.01001663135743737,0.007955148630124023,0.15450363733409322,0.094350919453498
2748,5.080686348753295,0.017505996445681196,0.02370619185714068,0.010016387880742975,0.00795501013902038,0.15447529653168823,0.09434683685458027
2749,5.080686348753296,0.017505995813096427,0.02370504213136404,0.010016144538140809,0.007954873077702882,0.15444704405248008,0.09434275650411104
2750,5.0806863487532965,0.017505995180859917,0.02370389303855548,0.010015901329508069,0.007954737444614864,0.15441865663986254,0.09433867840003105
2751,5.0806863487532965,0.01750599454897135,0.0237027445781355,0.010015670242801327,0.007954603238201803,0.1543902631089366,0.09433460254028363
2752,5.0806863487532965,0.01750599391743041,0.023701596749525336,0.010015438846291738,0.007954470456911293,0.15436181922950473,0.09433052892281482
2753,5.0806863487532965,0.017505993286236775,0.023700449552146986,0.010015196034498065,0.00795433909919305,0.15433339099237453,0.09432645754557327
2754,5.0806863487532965,0.01750599265539013,0.02369930298542316,0.010014953356186528,0.00795420916349891,0.15430501891547355,0.09432238840651018
2755,5.0806863487532965,0.017505992024890157,0.02369815704877733,0.0100147108112351,0.007954080648282819,0.15427662191258998,0.09431832150357948
2756,5.0806863487532965,0.01750599139473654,0.023697011741633682,0.010014468399521905,0.007953953552000835,0.15424824050915117,0.09431425683473761
2757,5.080686348753296,0.01750599076492896,0.023695867063417156,0.010014226120925233,0.007953803578810544,0.15421987469090664,0.0943101943979437
2758,5.080686348753296,0.017505990135467102,0.023694723013553416,0.010013983975323519,0.00795365503480876,0.15419162242655982,0.09430613419115948
2759,5.080686348753296,0.017505989506350652,0.023693579591468873,0.010013768528694818,0.007953507918445681,0.1541634014964607,0.09430207621234923
2760,5.0806863487532965,0.017505988877579294,0.02369243679659065,0.010013526643838875,0.007953362228173612,0.1541352083065977,0.09429802045947987
2761,5.0806863487532965,0.017505988249152716,0.023691294628346612,0.010013284891616812,0.007953217860764255,0.15410694916538592,0.09429396693052089
2762,5.0806863487532965,0.017505987621070595,0.02369015308616535,0.010013043271907683,0.007953074916412575,0.15407867539966005,0.09428991562344437
2763,5.0806863487532965,0.017505986993332626,0.023689012169476192,0.010012801784590703,0.007952933393577137,0.15405040272157844,0.09428586653622502
2764,5.080686348753296,0.017505986365938492,0.02368787187770919,0.010012575457786565,0.00795279329071861,0.15402217968306967,0.09428181966684009
2765,5.080686348753296,0.01750598573888788,0.02368673221029511,0.010012338126695084,0.00795265460629975,0.153993949548107,0.09427777501326938
2766,5.080686348753296,0.01750598511218048,0.023685593166665454,0.010012097032363398,0.007952517338785409,0.15396572327730804,0.09427373257349533
2767,5.080686348753296,0.017505984485815973,0.023684454746252453,0.01001185606994413,0.00795238148664252,0.15393773130525182,0.09426969234550293
2768,5.0806863487532965,0.01750598385979405,0.023683316948489047,0.010011615239317258,0.007952232401520343,0.15390953586777448,0.09426565432727968
2769,5.0806863487532965,0.017505983234114404,0.0236821797728089,0.010011411425052432,0.007952084356342473,0.15388135584596263,0.09426161851681569
2770,5.080686348753297,0.017505983179023923,0.023681043218646405,0.010011232259343762,0.007951937730158008,0.15385319272129017,0.09425758491210362
2771,5.080686348753297,0.017505982553923556,0.023679907285436667,0.010011030266189365,0.007951792521434737,0.15382504348850476,0.09425355351113868
2772,5.080686348753298,0.01750598242851821,0.023678771972615514,0.010010789936527764,0.007951648728642523,0.15379704716039305,0.09424952431191862
2773,5.080686348753298,0.01750598180400903,0.023677637279619478,0.010010549738074373,0.00795150635025331,0.1537689286358406,0.09424549731244372
2774,5.080686348753299,0.01750598117984068,0.023676503205885824,0.010010309670710066,0.007951365384741105,0.15374090718282338,0.09424147251071684
2775,5.080686348753298,0.017505980556012848,0.023675369750852517,0.010010069734315867,0.007951225830581991,0.15371305477645136,0.09423744990474335
2776,5.080686348753299,0.017505979932525225,0.023674236913958244,0.01000982992877296,0.007951077389134446,0.15368498218953766,0.09423342949253113
2777,5.080686348753299,0.017505979309377508,0.023673104694642403,0.010009590253962666,0.007950930361611926,0.1536569285672309,0.09422941127209064
2778,5.0806863487533,0.01750597868656938,0.023671973092345096,0.010009350709766468,0.007950784233823349,0.15362888657393042,0.09422539524143479
2779,5.0806863487533,0.017505978064100536,0.02367084210650714,0.010009111296065989,0.00795063951719549,0.15360086034350592,0.09422138139857907
2780,5.080686348753299,0.01750597744197067,0.023669711736570054,0.01000888904937043,0.00795049621020939,0.15357284888897063,0.09421736974154145
2781,5.080686348753299,0.017505976820179476,0.02366858198197608,0.01000864989320112,0.007950354311348141,0.15354490640765336,0.09421336026834246
2782,5.080686348753299,0.017505976198726646,0.023667452842168153,0.01000841086717501,0.007950213819096887,0.1535170068910428,0.09420935297700506
2783,5.0806863487533,0.01750597571966897,0.023666324316589916,0.010008171971174321,0.007950074731942817,0.15348904111654255,0.09420534786555478
2784,5.0806863487533,0.017505975098866082,0.02366519640468571,0.010007933205081433,0.007949926929619449,0.15346109054938012,0.0942013449320196
2785,5.0806863487533,0.017505974478400653,0.023664069105900597,0.010007694568778867,0.00794977920763961,0.1534331551758034,0.09419734417443004
2786,5.0806863487533,0.01750597385827238,0.023662942419680318,0.010007456062149292,0.007949633089497346,0.1534052738528052,0.09419334559081906
2787,5.080686348753301,0.01750597323848096,0.023661816345471327,0.010007224461310178,0.007949488376525444,0.15337743294373668,0.09418934917922214
2788,5.080686348753301,0.01750597261902609,0.023660690882720773,0.01000698621244302,0.007949340894345775,0.1533495430498507,0.09418535493767723
2789,5.0806863487533,0.017505971999907458,0.02365956603087651,0.010006748092898428,0.007949194816587271,0.15332166829472568,0.09418136286422475
2790,5.080686348753301,0.017505971381124766,0.023658443150985545,0.010006510102559665,0.007949050141743816,0.15329390001908644,0.0941773729569076
2791,5.080686348753301,0.01750597076267771,0.023657323202784918,0.01000630154978512,0.00794890686831131,0.15326606572280066,0.09417338521377118
2792,5.080686348753301,0.017505972719558158,0.02365620017943752,0.010006063812186678,0.007948759704472614,0.15323823628359082,0.09416939963286332
2793,5.080686348753301,0.017505972101314077,0.023655077764795262,0.010005826203447622,0.007948613941910238,0.15321042192859338,0.09416541621223432
2794,5.080686348753301,0.01750597148340498,0.023653955958309467,0.010005625510578054,0.007948466937292401,0.1531826226442117,0.09416143494993692
2795,5.080686348753301,0.017505970865830563,0.023652834759432147,0.010005431757946303,0.007948320012297259,0.15315483841686628,0.09415745584402635
2796,5.080686348753301,0.01750597024859053,0.023651714167616012,0.01000519452051396,0.007948174486227023,0.1531270692329946,0.09415347889256027
2797,5.080686348753301,0.017505969631684572,0.02365059418231446,0.010004960819070803,0.007948030357585201,0.1530993150790514,0.09414950409359879
2798,5.080686348753301,0.01750596901511239,0.02364947480298156,0.010004723837712573,0.007947891336736077,0.1530715759415083,0.09414553144520446
2799,5.080686348753302,0.017505968398873684,0.02364835602907209,0.01000448698452722,0.007947753708320826,0.1530439875899517,0.09414156094544225
2800,5.080686348753302,0.017505967782968156,0.0236472378600415,0.010004250259399453,0.007947617470850786,0.15301643967472042,0.09413759259237961
2801,5.080686348753302,0.017505967167395508,0.02364612029534593,0.01000404399318679,0.007947482622839291,0.15298892291237015,0.09413362638408637
2802,5.080686348753302,0.017505966552155437,0.023645003334442208,0.010003807518341342,0.00794734916280167,0.15296151474577582,0.09412966231863483
2803,5.080686348753302,0.017505965937247646,0.02364388697678783,0.010003571171211463,0.007947217089255249,0.1529341032310599,0.09412570039409966
2804,5.080686348753302,0.017505965322671835,0.02364277122184099,0.010003334951682444,0.007947086400719335,0.15290647219226022,0.09412174060855802
2805,5.080686348753301,0.017505964708427708,0.023641656069060553,0.010003098859639719,0.007946957095715227,0.15287883760844373,0.09411778296008941
2806,5.080686348753301,0.017505964094514964,0.023640541517906066,0.010002862894968868,0.007946829172766203,0.1528513097316613,0.09411382744677578
2807,5.0806863487533,0.017505963480933306,0.02363942756783775,0.010002627057555613,0.007946702630397522,0.1528237049356567,0.09410987406670149
2808,5.080686348753301,0.017505962867682447,0.023638314218316515,0.010002391347285821,0.007946577467136418,0.15279611502180884,0.0941059228179533
2809,5.080686348753301,0.017505962254762072,0.023637201468803926,0.010002155764045501,0.007946453681512094,0.1527685736985664,0.09410197369862033
2810,5.080686348753302,0.017505961642171903,0.02363608931876225,0.010001920307720806,0.00794630790941376,0.15274101350293723,0.09409802670679418
2811,5.080686348753302,0.017505961029911633,0.023634977767654407,0.010001712468872038,0.007946163524598168,0.1527134681494903,0.09409408184056874
2812,5.080686348753302,0.01750596041798097,0.023633866814943994,0.010001477261081717,0.007946017909200893,0.15268593762493302,0.09409013909804036
2813,5.080686348753302,0.01750596436767408,0.023632756460095283,0.010001273391380688,0.007945873679544017,0.1526584219159895,0.09408619847730774
2814,5.080686348753302,0.017505963755580046,0.02363164954870929,0.010001055782059252,0.007945730834154062,0.15263092100940043,0.09408225997647199
2815,5.080686348753303,0.017505963143815174,0.023630540387466935,0.010000820944917792,0.007945589371559512,0.15260343489192307,0.09407832359363655
2816,5.080686348753303,0.017505962532379175,0.023629431822483386,0.010000617526620076,0.00794544929029082,0.15257597477733081,0.09407438932690726
2817,5.080686348753303,0.017505961921271754,0.02362832385322559,0.01000038293622031,0.007945310588880398,0.15254851819639473,0.09407045717439233
2818,5.080686348753303,0.01750596131049261,0.023627216479161158,0.010000148471840872,0.00794517326586262,0.15252107636494258,0.09406652713420234
2819,5.080686348753304,0.01750596070004146,0.02362610969975837,0.009999914133369179,0.007945037319773808,0.1524937981462556,0.09406259920445019
2820,5.080686348753304,0.017505960089918008,0.02362500351448616,0.009999694131464865,0.007944902749152249,0.1524664403078749,0.09405867338325122
2821,5.080686348753304,0.017505959480121954,0.023623897922814146,0.009999460041917855,0.007944769552538167,0.15243904260932864,0.09405474966872303
2822,5.080686348753304,0.017505958870653017,0.023622792924212585,0.00999922607794306,0.007944637728473737,0.15241175512469135,0.09405082805898562
2823,5.0806863487533045,0.0175059582615109,0.023621690174357887,0.009999016490487391,0.007944507275503073,0.15238449286080774,0.09404690855216133
2824,5.0806863487533045,0.017505957652695307,0.02362058636001338,0.009998782772967927,0.00794437819217223,0.15235713917744925,0.09404299114637482
2825,5.0806863487533045,0.017505957044205954,0.023619485772138255,0.009998582559612819,0.0079442504770292,0.1523298107230721,0.09403907583975314
2826,5.0806863487533045,0.017505956436042545,0.02361838313976474,0.009998349086472154,0.007944124128623909,0.1523025830612368,0.0940351626304256
2827,5.080686348753305,0.017505955828204797,0.023617281097823323,0.009998115738350527,0.007943999145508206,0.15227533212584765,0.0940312515165239
2828,5.0806863487533045,0.01750595522069241,0.02361617964578821,0.0099978825151366,0.007943875526235872,0.15224803696493316,0.09402734249618205
2829,5.0806863487533045,0.0175059546135051,0.023615078783134274,0.00999764941671919,0.00794375326936261,0.15222075640951535,0.09402343556753638
2830,5.0806863487533045,0.017505954006642583,0.02361397850933704,0.009997416442987236,0.007943635137416605,0.1521935403690547,0.09401953072872554
2831,5.0806863487533045,0.017505953400104562,0.023612878823872682,0.009997186095532544,0.007943508092145866,0.15216628897671622,0.09401562797789048
2832,5.080686348753305,0.017505952793890747,0.02361177972621803,0.00999695337039111,0.007943363987459704,0.15213905215093648,0.0940117273131745
2833,5.080686348753305,0.017505952188000856,0.023610681215850558,0.009996720769603042,0.007943221253267976,0.15211182987876679,0.09400782873272316
2834,5.080686348753305,0.017505951582434603,0.023609583292248396,0.009996488293057836,0.007943079419567652,0.15208462214727456,0.09400393223468437
2835,5.080686348753305,0.017505950977191688,0.02360848595489032,0.00999625594064513,0.007942938953719784,0.15205742894354335,0.0940000378172083
2836,5.080686348753305,0.017505950372271838,0.023607389203255755,0.009996023712254694,0.007942799854280952,0.15203025025467265,0.09399614547844745
2837,5.080686348753305,0.01750594976767476,0.02360629303682477,0.009995791607776437,0.007942662119809638,0.15200308606777804,0.09399225521655663
2838,5.0806863487533045,0.017505949163400168,0.023605197455078074,0.009995559627100406,0.00794252574886624,0.15197593636999107,0.09398836702969286
2839,5.0806863487533045,0.017505948559447777,0.023604102457497028,0.009995343396132795,0.007942390740013065,0.15194880114845927,0.09398448091601555
2840,5.0806863487533045,0.017505947955817298,0.02360300804356364,0.009995111659942867,0.007942247243468582,0.151921692432473,0.09398059687368629
2841,5.0806863487533045,0.017505947352508447,0.02360191421276055,0.009994906384499739,0.00794210511139207,0.15189458612280915,0.09397671490086902
2842,5.0806863487533045,0.017505946749520943,0.023600820964571046,0.009994674890452221,0.007941964342346891,0.15186757510075433,0.09397283499572996
2843,5.080686348753305,0.017505948796201817,0.023599728298479044,0.009994443519663181,0.007941824934898298,0.15184057232970857,0.09396895715643755
2844,5.080686348753305,0.01750594819338394,0.023598636213969116,0.009994212272023476,0.007941686887613443,0.15181358152445038,0.09396508138116252
2845,5.0806863487533045,0.017505947590886813,0.023597544710526466,0.009993981147424098,0.007941550199061377,0.15178659190904223,0.09396120766807789
2846,5.0806863487533045,0.01750594698871014,0.023596453787636928,0.009993750145756175,0.007941414867813034,0.15175971378576705,0.0939573360153589
2847,5.0806863487533045,0.017505946386853644,0.023595363444786983,0.00999351926691097,0.007941280892441244,0.15173271185781292,0.09395346642118306
2848,5.0806863487533045,0.01750594578531704,0.02359427368146374,0.009993320269964693,0.007941148271520716,0.15170570626267432,0.09394959888373015
2849,5.0806863487533045,0.017505945184100043,0.02359318449715494,0.0099930896307887,0.007941017003628042,0.15167885774549705,0.09394573340118223
2850,5.080686348753304,0.01750594458320237,0.023592095891348964,0.009992859114113014,0.007940887087341692,0.15165210071273894,0.09394186997172352
2851,5.080686348753304,0.017505943982623746,0.023591007863534824,0.009992628719829434,0.007940758521242014,0.1516255554463048,0.09393800859354055
2852,5.080686348753304,0.017505943382363887,0.023589920413202157,0.009992398447829887,0.007940631303911226,0.1515988339757268,0.09393414926482208
2853,5.080686348753303,0.01750594278242251,0.023588833539841238,0.00999216829800644,0.007940505433933414,0.15157199373151126,0.09393029198375907
2854,5.080686348753303,0.017505942182799328,0.023587747242942964,0.009991954447182356,0.007940362980943581,0.15154507384294302,0.09392643674854476
2855,5.080686348753304,0.01750594158349407,0.023586661521998863,0.009991724538515738,0.00794022188198642,0.15151816822728878,0.0939225835573746
2856,5.080686348753304,0.017505940984506453,0.02358557637650109,0.00999151221290827,0.007940082135643223,0.15149127687196343,0.09391873240844624
2857,5.0806863487533045,0.017505940385836194,0.02358449180594243,0.009991291182547974,0.007939943740497153,0.15146447574289865,0.09391488329995959
2858,5.0806863487533045,0.017505939787483014,0.02358340780981628,0.009991061634494862,0.007939806695133235,0.15143772335292754,0.09391103623011676
2859,5.080686348753304,0.017505939189446634,0.023582324387616673,0.009990832207976981,0.007939664616856551,0.15141087467017533,0.09390719119712207
2860,5.0806863487533045,0.01750593859172678,0.02358124153883827,0.009990602902887322,0.007939523888915067,0.15138404019758406,0.09390334819918209
2861,5.0806863487533045,0.017505937994323168,0.023580159262976335,0.009990373719119,0.007939384509896405,0.15135723821709943,0.09389950723450553
2862,5.0806863487533045,0.017505940789677307,0.023579077559526773,0.009990144656565269,0.007939246478390055,0.15133058767647364,0.09389566830130336
2863,5.080686348753304,0.01750594019230474,0.023577996427986095,0.009989915715119507,0.00793910979298735,0.15130400566277202,0.09389183139778873
2864,5.080686348753304,0.017505939595247894,0.023576915867851437,0.009989699672843654,0.007938974452281474,0.15127738981064948,0.09388799652217697
2865,5.080686348753304,0.01750594343562695,0.023575835878620558,0.009989470971033814,0.007938840454867464,0.1512506261050182,0.09388416367268566
2866,5.080686348753304,0.017505942838416,0.023574756459791818,0.009989242390014072,0.00793869889685901,0.15122387653478261,0.09388033284753451
2867,5.080686348753304,0.01750594224152036,0.023573677610864218,0.00998901392967833,0.00793855868403826,0.1511971410875269,0.09387650404494545
2868,5.0806863487533045,0.01750594164493975,0.023572599331337353,0.009988785589920623,0.007938419815001641,0.15117041975085047,0.09387267726314256
2869,5.080686348753304,0.0175059410486739,0.023571521620711435,0.009988557370635113,0.007938282288347422,0.15114371251236794,0.09386885250035214
2870,5.080686348753304,0.017505940452722527,0.023570444478487298,0.009988329271716096,0.007938146102675705,0.15111703657429265,0.09386502975480265
2871,5.080686348753304,0.017505942160911635,0.02356936790416639,0.009988101293057999,0.007938014692307961,0.1510904124871292,0.09386120902472474
2872,5.080686348753304,0.017505941565181808,0.023568291897250758,0.009987894808611902,0.007937873577782506,0.15106375273551106,0.09385739030835118
2873,5.080686348753303,0.01750594096976585,0.023567216457243065,0.00998770869933215,0.007937733804058504,0.15103710175258628,0.09385357360391697
2874,5.080686348753303,0.01750594037466348,0.02356614158364659,0.00998748106971337,0.007937598194647417,0.15101053298014278,0.0938497589096592
2875,5.080686348753303,0.01750593977987443,0.02356506727596521,0.009987253559940347,0.007937463921760129,0.15098399380426902,0.0938459462238172
2876,5.080686348753304,0.017505939185398427,0.02356399353370342,0.009987026169908143,0.007937323101902387,0.15095738486720717,0.09384213554463243
2877,5.080686348753304,0.01750593859123519,0.02356292035636631,0.009986798899511947,0.007937183619934968,0.15093078992982273,0.09383832687034845
2878,5.0806863487533045,0.017505937997384452,0.023561847743459582,0.009986571748647087,0.007937045474466739,0.15090420897986628,0.09383452019921103
2879,5.080686348753304,0.01750593740384594,0.023560775694489545,0.009986370971667801,0.007936908664108379,0.15087767874879585,0.09383071552946805
2880,5.0806863487533045,0.017505936810619373,0.02355970420896311,0.00998614405493155,0.00793677318747239,0.1508511702137117,0.09382691285936956
2881,5.080686348753305,0.017505936217704486,0.023558633286387787,0.009985917257415784,0.007936639043173077,0.1508246311384032,0.09382311218716774
2882,5.080686348753306,0.017505935625101002,0.023557562926271692,0.00998569057901634,0.007936506229826555,0.15079822796206727,0.09381931351111691
2883,5.080686348753305,0.017505935032808652,0.02355649312812354,0.00998548839601703,0.007936374746050748,0.15077185702535784,0.09381551682947352
2884,5.080686348753306,0.01750593444082716,0.023555423891452643,0.009985261951254203,0.007936244590465378,0.15074535968321554,0.09381172214049611
2885,5.080686348753306,0.01750593384915626,0.023554355215768923,0.009985035625298193,0.007936104427109056,0.15071887624320493,0.09380792944244541
2886,5.080686348753306,0.017505936670601137,0.023553287100582885,0.009984809418045339,0.00793596559513276,0.1506924066931958,0.09380413873358423
2887,5.080686348753306,0.01750593607895145,0.02355221954540564,0.009984611965629584,0.007935828093156422,0.1506659510210727,0.09380035001217753
2888,5.080686348753306,0.01750593548761185,0.023551152549748895,0.009984385990446902,0.007935691919801762,0.15063950921473487,0.09379656327649236
2889,5.080686348753306,0.0175059379513345,0.02355008611312495,0.009984177126390046,0.007935557073692303,0.15061309387945362,0.09379277852479787
2890,5.080686348753306,0.017505937360078543,0.023549020235046705,0.009983951384915167,0.007935423553453351,0.15058679115681725,0.09378899575536537
2891,5.080686348753306,0.01750593676913215,0.023547954915027643,0.009983725761631201,0.007935291357712008,0.15056056232388565,0.09378521496646822
2892,5.080686348753307,0.01750593617849505,0.023546890152581847,0.009983500256435237,0.007935160485097154,0.15053417580819697,0.09378143615638192
2893,5.080686348753306,0.017505935588166967,0.023545825947223986,0.009983274869224484,0.007935030934239456,0.15050780309803805,0.09377765932338405
2894,5.080686348753306,0.01750593499814764,0.023544762298469333,0.009983049599896284,0.00793489142228437,0.1504815273862782,0.09377388446575433
2895,5.080686348753306,0.017505934408436806,0.023543699205833733,0.009982824448348101,0.007934752080457703,0.1504551822365889,0.09377011158177448
2896,5.080686348753306,0.017505933819034186,0.023542636668833626,0.009982616505316573,0.007934614062787712,0.15042887418424772,0.09376634066972842
2897,5.080686348753305,0.017505933229939517,0.023541574686986047,0.009982391586031251,0.007934477367906518,0.15040255655759546,0.09376257172790206
2898,5.080686348753305,0.01750593264115253,0.02354051325980861,0.009982166784220642,0.007934341994448015,0.15037625267656585,0.09375880475458347
2899,5.080686348753306,0.017505932052672958,0.02353945238681952,0.009981942099782704,0.007934207941047872,0.15035006114699753,0.09375503974806274
2900,5.080686348753305,0.017505931464500534,0.02353839206753756,0.00998171753261552,0.007934075206343521,0.15032388349420558,0.09375127670663207
2901,5.080686348753305,0.017505930876634993,0.023537332301482108,0.009981493082617298,0.007933943788974168,0.15029772977201852,0.09374751562858571
2902,5.080686348753305,0.017505930289076068,0.023536273088173108,0.009981268749686367,0.007933813687580777,0.15027148070071797,0.09374375651222001
2903,5.080686348753305,0.017505929701823488,0.023535214427131107,0.009981068163046166,0.007933687495599508,0.15024524531551411,0.09373999935583337
2904,5.080686348753306,0.017505929114876997,0.02353415631787722,0.00998084405982137,0.007933562615528973,0.15021902360453948,0.09373624415772625
2905,5.080686348753306,0.017505928528236323,0.023533098759933153,0.009980620073361745,0.007933439046016582,0.15019285879916977,0.09373249091620117
2906,5.080686348753305,0.0175059279419012,0.023532041752821174,0.009980421407421931,0.007933309509279358,0.15016672239226836,0.09372873962956273
2907,5.080686348753305,0.01750592735587137,0.023530985296064143,0.00998019764979507,0.007933181284188991,0.15014057138941694,0.09372499029611757
2908,5.080686348753305,0.017505926770146563,0.023529929389185505,0.009979974008632497,0.007933054369394857,0.15011461646118646,0.09372124291417434
2909,5.080686348753305,0.017505926184726517,0.023528874031709262,0.009979750483833396,0.007932928763548073,0.15008855575625263,0.09371749748204382
2910,5.080686348753306,0.017505925599610967,0.02352781922316001,0.009979533161390783,0.007932804465301506,0.15006252594680694,0.09371375399803876
2911,5.080686348753306,0.01750592501479965,0.023526764963062906,0.009979309867957063,0.007932681147022473,0.15003646675552443,0.09371001246047399
2912,5.080686348753306,0.017505924430292304,0.023525711250943698,0.009979086690585654,0.007932559133824199,0.15001035390614523,0.09370627286766635
2913,5.080686348753306,0.017505923846088668,0.023524658086328684,0.00997886362917623,0.007932428914060263,0.14998430459610307,0.09370253521793476
2914,5.080686348753307,0.017505923262188472,0.023523605468744758,0.009978640683628583,0.007932300001634491,0.14995837223156147,0.09369879950960013
2915,5.080686348753306,0.01750592267859146,0.023522553397719366,0.009978443463685314,0.007932172395204008,0.14993242699087794,0.0936950657409854
2916,5.080686348753307,0.01750592209529737,0.023521501872780546,0.009978227414488831,0.007932046093427673,0.14990648714730342,0.09369133391041559
2917,5.080686348753307,0.01750592151230594,0.023520450893456883,0.009978004810318972,0.007931921094966071,0.14988044194340622,0.09368760401621766
2918,5.080686348753307,0.01750592092961691,0.023519400459277542,0.009977782321614182,0.007931797398481518,0.14985453866456608,0.09368387605672066
2919,5.080686348753307,0.017505920347230013,0.02351835139612046,0.009977559948274857,0.00793167500263805,0.14982861677170273,0.0936801500302556
2920,5.080686348753307,0.017505919765144994,0.023517302050676113,0.009977337690201508,0.007931537323759499,0.14980261202289663,0.09367642593515554
2921,5.080686348753306,0.01750591918336159,0.02351625324896707,0.009977130071741691,0.007931400951447677,0.14977662074887135,0.09367270376975552
2922,5.080686348753307,0.01750591860187955,0.023515204990524754,0.009976933903341239,0.00793126588436437,0.1497506429380149,0.09366898353239264
2923,5.080686348753306,0.0175059180206986,0.023514157489438862,0.009976711983468192,0.00793113212117309,0.1497247338836885,0.09366526522140595
2924,5.080686348753306,0.01750591743981849,0.023513110316089377,0.009976490178468002,0.00793099966053906,0.14969895223088003,0.09366154883513651
2925,5.080686348753306,0.017505916859238958,0.023512063684604314,0.009976268488241779,0.007930868501129229,0.14967317049705597,0.0936578343719274
2926,5.080686348753306,0.017505919358315136,0.023511017594517368,0.009976046912690753,0.00793073864161225,0.14964738366667132,0.09365412183012368
2927,5.080686348753306,0.01750591877780281,0.023509972045362783,0.00997582545171627,0.007930610118767292,0.14962157233572035,0.09365041120807241
2928,5.080686348753306,0.017505918197590568,0.023508927036675363,0.009975604105219795,0.007930482893137933,0.14959579120993907,0.0936467025041226
2929,5.080686348753306,0.017505917617678144,0.023507886022262173,0.009975382873102913,0.007930356963397969,0.14957003511535225,0.09364299571662531
2930,5.080686348753306,0.017505917038065283,0.02350684209251826,0.009975161755267328,0.007930219985559395,0.1495443884909703,0.09363929084393352
2931,5.080686348753307,0.017505920653958323,0.023505798701849594,0.009974940751614857,0.007930084307336547,0.14951876995699667,0.09363558788440222
2932,5.080686348753306,0.017505920074218684,0.023504755849793203,0.00997471986204744,0.007929950559635125,0.1494931486431809,0.09363188683638837
2933,5.080686348753307,0.017505919494778217,0.023503713535886688,0.009974499086467133,0.007929818108571721,0.14946752215087405,0.09362818769825093
2934,5.080686348753307,0.017505918915636656,0.023502671759668196,0.009974290625807533,0.007929681411814027,0.14944194112863213,0.09362449046835078
2935,5.080686348753306,0.017505918336793748,0.023501630520676425,0.009974070075801332,0.007929546011907655,0.14941643841809318,0.09362079514505078
2936,5.080686348753306,0.01750591775824924,0.023500589818450636,0.0099738496394902,0.007929411907530645,0.14939064748535105,0.09361710172671579
2937,5.080686348753306,0.017505917180002873,0.023499549652530635,0.009973629316776663,0.007929275421433794,0.14936486984346792,0.09361341021171259
2938,5.080686348753306,0.017505916602054392,0.023498510022456787,0.009973409107563364,0.007929140230121128,0.14933914248627286,0.09360972059840994
2939,5.080686348753306,0.01750591602440354,0.023497470927769992,0.009973189011753057,0.007929006332274134,0.14931339138556768,0.09360603288517855
2940,5.080686348753306,0.01750591544705007,0.023496432368011726,0.00997296902924862,0.00792887005629793,0.14928771081531403,0.09360234707039107
2941,5.080686348753307,0.017505914869993717,0.023495394342723984,0.009972749159953043,0.007928735073044244,0.1492619862068506,0.0935986631524221
2942,5.080686348753307,0.01750591429323423,0.023494360229642148,0.009972553735078478,0.007928601381198,0.14923630965494178,0.0935949811296482
2943,5.080686348753307,0.01750591371677136,0.02349332327134197,0.00997233408772026,0.007928468979445802,0.14921061149725728,0.0935913010004479
2944,5.080686348753306,0.01750591314060485,0.023492286846141935,0.009972114553282722,0.007928337866475923,0.1491849265509927,0.09358762276320157
2945,5.080686348753306,0.017505912564734438,0.02349125095358624,0.00997189513166932,0.007928208040978317,0.14915925480485223,0.09358394641629161
2946,5.080686348753306,0.01750591198915989,0.02349021559321963,0.009971675822783618,0.007928079501644612,0.14913359624755357,0.09358027195810235
2947,5.080686348753306,0.017505911413880935,0.023489180764587395,0.009971456626529302,0.007927952247168102,0.1491081142842234,0.09357659938702
2948,5.080686348753306,0.01750591083889733,0.023488146467235353,0.00997123754281017,0.00792782627624375,0.14908256042532775,0.09357292870143272
2949,5.080686348753306,0.01750591026420882,0.023487112700709883,0.009971018571530132,0.007927691401308588,0.14905694329322633,0.09356925989973061
2950,5.080686348753306,0.017505909689815153,0.023486079464557896,0.00997079971259322,0.007927557812546553,0.14903133733687723,0.09356559298030569
2951,5.080686348753306,0.01750590911571608,0.023485046758326845,0.00997058096590357,0.007927429074938258,0.14900574451318163,0.09356192794155187
2952,5.080686348753307,0.017505908541911346,0.023484014581564724,0.009970362331365445,0.007927301619067293,0.14898016481093782,0.09355826478186499
2953,5.080686348753307,0.017505907968400704,0.023482982933820073,0.009970143808883215,0.00792717544363403,0.14895466405801613,0.09355460349964284
2954,5.080686348753307,0.0175059073951839,0.023481951814641952,0.00996992539836136,0.007927050547340487,0.1489291410034367,0.09355094409328506
2955,5.080686348753307,0.017505906822260685,0.023480921223579976,0.009969707099704482,0.00792692692889034,0.1489036005819602,0.09354728656119324
2956,5.080686348753307,0.017505906249630807,0.023479891160184285,0.00996948891281729,0.007926804586988917,0.1488781517157513,0.09354363090177086
2957,5.080686348753307,0.017505905677294018,0.023478861624005566,0.009969270837604615,0.007926683520343182,0.14885263742326343,0.0935399771134233
2958,5.080686348753307,0.01750590510525007,0.023477832614595028,0.009969052873971393,0.007926563727661757,0.1488271773725171,0.09353632519455783
2959,5.080686348753307,0.017505904533498713,0.023476804131504422,0.009968835021822674,0.007926430577288649,0.14880168917093958,0.09353267514358363
2960,5.080686348753307,0.017505903962039698,0.023475776174286034,0.009968617281063628,0.007926298705782634,0.1487762258069742,0.09352902695891174
2961,5.080686348753307,0.017505903390872775,0.02347474874249268,0.009968399651599529,0.007926168111850882,0.14875089150091397,0.09352538063895519
2962,5.080686348753307,0.017505906934972573,0.023473721835677704,0.009968182133335769,0.007926038794202204,0.14872561153142205,0.09352173618212875
2963,5.080686348753308,0.017505906363685316,0.023472695453394983,0.009967964726177852,0.007925910751547052,0.1487004721024163,0.09351809358684918
2964,5.080686348753308,0.017505905792689767,0.023471669595198932,0.009967747430031388,0.007925783982597513,0.1486753474941512,0.09351445285153509
2965,5.080686348753308,0.01750590522198568,0.02347064426064448,0.00996753024480211,0.007925658486067307,0.14865005007154158,0.09351081397460696
2966,5.080686348753308,0.017505904651572802,0.023469619449287094,0.009967313170395854,0.007925534260671786,0.14862465269032074,0.09350717695448717
2967,5.080686348753308,0.017505904081450894,0.02346859516068277,0.009967096206718573,0.007925411305127932,0.1485992916004894,0.09350354178959992
2968,5.080686348753307,0.017505907718774825,0.023467571394388022,0.00996687935367633,0.007925289618154347,0.1485739201145427,0.09349990847837134
2969,5.080686348753307,0.01750590714851603,0.023466548149959902,0.009966662611175294,0.007925169198471266,0.14854856156175456,0.09349627701922938
2970,5.080686348753306,0.01750590657854783,0.02346552542695598,0.009966445979121755,0.007925050534609361,0.14852326561537788,0.09349264741060392
2971,5.080686348753307,0.017505906008869972,0.02346450322493435,0.009966230876384837,0.007924916364786446,0.14849796234177867,0.09348901965092662
2972,5.080686348753306,0.017505905439482217,0.023463481543453634,0.009966014464703648,0.00792478346671523,0.14847270146387556,0.09348539373863105
2973,5.080686348753307,0.017505904870384312,0.02346246038207297,0.009965798163189597,0.007924651839115388,0.14844753122778442,0.09348176967215259
2974,5.080686348753306,0.017505906437893782,0.02346143974035203,0.009965600226509047,0.007924521480708217,0.14842237857182974,0.09347814744992855
2975,5.080686348753306,0.017505905869010966,0.02346041961785099,0.009965384141940184,0.007924392390216625,0.14839709731730671,0.093474527070398
2976,5.080686348753307,0.017505905300417453,0.023459400014130556,0.00996519579548525,0.007924264566365137,0.14837182891949904,0.09347090853200192
2977,5.080686348753306,0.017505904732112998,0.023458380928751958,0.0099649799258991,0.00792413800787989,0.14834657336753276,0.09346729183318311
2978,5.080686348753306,0.01750590416409736,0.02345736236127694,0.009964786614852988,0.007924012713488627,0.14832133065054676,0.09346367697238622
2979,5.080686348753306,0.017505907780140766,0.023456344311267766,0.009964570960767206,0.0079238886819207,0.14829610075769278,0.09346017873675103
2980,5.080686348753306,0.017505907211990593,0.023455326778287208,0.00996435541620388,0.007923766221073941,0.14827097420435673,0.09345657605215521
2981,5.080686348753306,0.017505906644128866,0.023454309761898568,0.00996414403690735,0.007923645020357065,0.14824583597440455,0.09345296667515189
2982,5.080686348753306,0.017505906076555344,0.023453293261665658,0.009963928710422306,0.00792352507850436,0.1482206444623785,0.09344935912997807
2983,5.080686348753306,0.017505905509269774,0.023452277277152798,0.00996371349318287,0.007923406394251705,0.14819550880545374,0.09344575341508753
2984,5.080686348753307,0.017505904942271916,0.023451261807924832,0.009963498385096862,0.007923288966336577,0.14817046653880203,0.09344214952893591
2985,5.080686348753307,0.017505904375561536,0.02345024685354712,0.00996328338607221,0.007923172793498044,0.14814533306862104,0.09343854746998066
2986,5.080686348753306,0.01750590380913838,0.02344923241358552,0.009963068496016953,0.007923056125679517,0.14812019258381204,0.09343494723668104
2987,5.080686348753306,0.017505903243002215,0.023448218487606413,0.009962853714839235,0.007922940711306536,0.1480950655460351,0.09343134882749815
2988,5.080686348753307,0.017505902677152796,0.023447205075176693,0.00996263904244731,0.00792282654912218,0.14806995052604266,0.09342775224089485
2989,5.080686348753307,0.01750590211158988,0.02344619217586376,0.009962424478749538,0.007922713637871108,0.14804484822243097,0.09342415747533589
2990,5.080686348753307,0.017505901546313228,0.02344517978923551,0.00996221002365439,0.00792260197629956,0.14801975862449163,0.09342056452928776
2991,5.080686348753306,0.017505900981322594,0.023444167914860373,0.009961995677070444,0.00792249156315535,0.14799470807812187,0.09341697340121878
2992,5.080686348753306,0.01750590041661775,0.023443156552307276,0.009961789405259363,0.007922382397187873,0.14796964385498892,0.09341338408959911
2993,5.080686348753306,0.01750589985219844,0.02344214570114565,0.00996159882847244,0.007922274477148088,0.14794459230548115,0.09340979659290062
2994,5.080686348753307,0.01750589928806443,0.023441136487463383,0.00996138480154014,0.007922141814724634,0.14791956433328482,0.09340621090959708
2995,5.080686348753307,0.01750589872421548,0.023440126657604424,0.00996117088275712,0.007922010408866944,0.14789458751644008,0.09340262703816396
2996,5.080686348753307,0.017505898160651356,0.023439117337848363,0.00996095707203249,0.007921877880256438,0.1478695739137057,0.09339904497707859
2997,5.080686348753307,0.017505897597371815,0.02343810852776666,0.00996076009767437,0.007921746606903373,0.14784457294204464,0.09339546472482008
2998,5.080686348753307,0.017505897034376612,0.023437100226931268,0.009960546499966895,0.00792161658755452,0.14781970245452505,0.09339188627986929
2999,5.080686348753306,0.017505896471665516,0.023436092434914648,0.009960333010047213,0.007921487820958216,0.1477948712962449,0.09338830964070889
3000,5.080686348753306,0.017505895909238282,0.02343508515128976,0.009960119627824861,0.007921361132660948,0.14777017968979794,0.09338473480582332
3001,5.080686348753306,0.01750589534709468,0.02343407837563007,0.009959906353209484,0.007921235694200663,0.14774547292430548,0.09338116177369885
3002,5.080686348753306,0.017505894785234465,0.02343307210750954,0.00995969318611083,0.00792111150433075,0.14772053481785882,0.09337759054282344
3003,5.080686348753307,0.017505894223657403,0.023432066346502637,0.009959480126438752,0.007920988561806161,0.14769560927908995,0.09337402111168687
3004,5.080686348753307,0.01750589366236326,0.023431061092184312,0.009959267174103212,0.007920866865383399,0.14767074008958536,0.0933704534787807
3005,5.080686348753307,0.01750589310135179,0.02343005634413003,0.009959062962801591,0.00792074641382053,0.1476458396471992,0.09336688764259823
3006,5.080686348753307,0.01750595900866447,0.023429084664582916,0.009958850223414072,0.00792062720587717,0.147620994889612,0.09336345106546831
3007,5.080686348753308,0.017506015202356076,0.023428095914090775,0.009958637591094338,0.007920509240314495,0.1475961358239003,0.09335998896960669
3008,5.080686348753308,0.01750601462143419,0.02342709267427663,0.009958425065752764,0.007920392515895219,0.1475713096237204,0.09335650757858129
3009,5.080686348753308,0.017506014040804475,0.02342608993903737,0.009958225817559037,0.007920277031383607,0.14754651450252973,0.09335300482952598
3010,5.080686348753309,0.01750601346046669,0.023425087707950917,0.009958013503688279,0.00792016278554547,0.14752171235354364,0.09334948478228274
3011,5.080686348753309,0.017506012880420585,0.023424085980595706,0.009957801296528571,0.00792004977714816,0.1474969292978791,0.09334593490247312
3012,5.080686348753309,0.01750601230066592,0.02342308475655066,0.009957589195990707,0.007919938004960566,0.14747211634972263,0.09334238153324761
3013,5.080686348753309,0.01750601172120245,0.023422084035395186,0.009957377201985593,0.007919827467753117,0.14744743972098953,0.09333882994878985
3014,5.080686348753309,0.017506011142029935,0.0234210868585173,0.009957165314424234,0.007919696102864153,0.14742265166743562,0.09333528014760886
3015,5.080686348753308,0.017506010563148128,0.02342008714136999,0.009956964148295212,0.00791956598157431,0.14739797423779266,0.09333173212821548
3016,5.080686348753308,0.01750600998455679,0.023419087925853704,0.009956752471571443,0.007919437102649368,0.14737333631827615,0.09332818588912226
3017,5.080686348753308,0.017506009406255678,0.023418089211549812,0.009956540901025967,0.007919309464856647,0.14734858552240301,0.09332464142884347
3018,5.080686348753308,0.017506008828244546,0.023417090998040183,0.009956329436570205,0.007919183066965003,0.1473238916023055,0.09332109874589517
3019,5.080686348753309,0.017506008250523154,0.023416093284907163,0.00995613657722027,0.007919055224784463,0.1472991656106458,0.09331755783879508
3020,5.080686348753308,0.017506007673091264,0.02341509607173359,0.009955925321574863,0.007918928621391754,0.14727455029682343,0.09331401870606269
3021,5.080686348753307,0.01750600709594863,0.023414099358102795,0.009955714171755607,0.007918805197758911,0.1472499092707097,0.09331048134621923
3022,5.080686348753307,0.01750601037428041,0.023413103143598585,0.009955503127674334,0.007918683009487483,0.1472252553010163,0.09330694575778761
3023,5.080686348753307,0.017506009797069403,0.02341210742780525,0.009955297483064193,0.007918562055353658,0.14720065514926367,0.09330341193929251
3024,5.080686348753307,0.01750600922014725,0.023411112210307575,0.009955086649307781,0.007918434504341725,0.1471759909609115,0.09329987988926025
3025,5.080686348753307,0.017506008643513718,0.02341011749069082,0.00995487592102591,0.00791830818894138,0.1471513391113986,0.09329634960621896
3026,5.080686348753307,0.017506008067168566,0.023409123268540725,0.009954665298130813,0.007918183107930115,0.14712669959045863,0.09329282108869841
3027,5.080686348753307,0.017506007491111555,0.023408129543443523,0.00995445478053484,0.00791805926008694,0.14710207238783715,0.09328929433523013
3028,5.080686348753308,0.017506006915342442,0.023407136314985918,0.009954244368150433,0.007917936644192382,0.1470774614622083,0.09328576934434735
3029,5.080686348753308,0.017506006339860984,0.0234061435827551,0.009954034060890139,0.00791781525902848,0.14705291802698403,0.09328224611458492
3030,5.080686348753308,0.017506005764666953,0.02340515134633873,0.009953823858666607,0.007917695103378785,0.14702832770735388,0.09327872464447955
3031,5.080686348753308,0.01750600664620988,0.023404159605324968,0.00995361376139259,0.007917576176028361,0.1470037496651489,0.09327520493256952
3032,5.080686348753308,0.017506006071346582,0.02340316835930243,0.009953403768980936,0.007917445972390014,0.146979183890174,0.09327168697739485
3033,5.080686348753309,0.017506005496770116,0.023402177607860224,0.009953193881344599,0.007917317000864114,0.14695463037224613,0.09326817077749727
3034,5.080686348753309,0.017506004922480237,0.023401187350587924,0.009952984098396631,0.007917189857503911,0.1469300891011939,0.09326465633142018
3035,5.080686348753309,0.017506004348476708,0.023400197587075587,0.009952774420050187,0.007917063943528651,0.14690556006685776,0.09326114363770868
3036,5.080686348753309,0.017506003774759294,0.023399208316913746,0.009952584401404885,0.00791693925772599,0.14688110274191857,0.09325763269490955
3037,5.080686348753309,0.017506003201327756,0.02339821953969341,0.009952397313480051,0.007916815798885082,0.14685668036287003,0.09325412350157128
3038,5.080686348753308,0.01750600262818186,0.023397231255006052,0.009952187941424022,0.007916693565796586,0.14683225549061474,0.093250616056244
3039,5.080686348753308,0.017506002055321365,0.023396243462443636,0.009951978673626623,0.007916572557252656,0.14680777526690358,0.09324711035747958
3040,5.080686348753308,0.017506001482746034,0.02339525616159858,0.009951777388168432,0.007916452772046934,0.1467833072293047,0.0932436064038315
3041,5.080686348753308,0.01750600091045564,0.023394269352063787,0.009951577054091788,0.007916334208974562,0.14675890442316883,0.09324010419385495
3042,5.080686348753308,0.017506000338449935,0.02339328303343262,0.00995136809578716,0.007916216866832169,0.14673453196959446,0.09323660372610679
3043,5.080686348753308,0.01750600187188392,0.023392314312669523,0.009951159241397755,0.00791610074441787,0.14671014722191114,0.09323331643257197
3044,5.080686348753308,0.017506001300096503,0.023391328971780142,0.009950980650864147,0.007915985840531265,0.1466857861390077,0.09323002274041163
3045,5.080686348753308,0.01750600397549365,0.02339034412057873,0.009950771999029065,0.007915856461065676,0.14666137884269637,0.09322673034058274
3046,5.080686348753308,0.017506003403734247,0.023389359758660543,0.00995056345085415,0.007915728305527813,0.14663716247960235,0.09322339993207794
3047,5.080686348753308,0.017506002832258807,0.02338837588562129,0.009950355006253752,0.007915601372715277,0.14661292494189498,0.09322005410050428
3048,5.080686348753309,0.01750600226106709,0.023387392501057147,0.00995014683024199,0.00791547566142715,0.14658867125175692,0.09321667868516909
3049,5.080686348753308,0.017506001690158868,0.02338640960456477,0.009949938592506626,0.007915351170463998,0.14656434936687399,0.09321327223246743
3050,5.080686348753308,0.017506001119533904,0.023385427195741264,0.009949730458089428,0.007915227898627863,0.14654000251984645,0.09320982300775194
3051,5.080686348753308,0.017506000549191963,0.023384445274184207,0.009949541925706176,0.007915105844722268,0.14651567608714286,0.09320633796268135
3052,5.080686348753308,0.017505999979132814,0.02338346383949165,0.009949333994432685,0.007914976910045876,0.14649135338042912,0.09320285464559472
3053,5.080686348753308,0.01750599940935623,0.023382482891262095,0.009949156147430756,0.007914849194925138,0.14646704846621447,0.09319937305506706
3054,5.080686348753309,0.017505998839861966,0.02338150242909451,0.009948948417227058,0.00791472269816468,0.14644280155463893,0.09319589318967507
3055,5.080686348753309,0.017505998270649796,0.023380522452588322,0.009948740789920285,0.007914597418570602,0.14641851497635244,0.093192415047997
3056,5.080686348753309,0.017506000740385805,0.023379542961343428,0.009948533265425665,0.007914473354950474,0.14639424042420768,0.09318893862861279
3057,5.08068634875331,0.017506000171233518,0.023378563954960182,0.009948338250472573,0.007914350506113329,0.14637010870360956,0.09318546393010402
3058,5.08068634875331,0.01750599960236287,0.023377585433039392,0.009948130929292785,0.007914228870869669,0.1463460173320823,0.0931819909510539
3059,5.08068634875331,0.017505999250885626,0.023376607395182335,0.009947923710672437,0.007914218077678966,0.14632191545851864,0.0931785739593971
3060,5.080686348753309,0.01750599868254163,0.023375629840990748,0.009947716594527154,0.007914208441492385,0.14629768884137326,0.09317511218912788
3061,5.080686348753309,0.017505998980190077,0.02337465277006681,0.009947530322528497,0.007914199961169398,0.14627347420099662,0.09317165248375482
3062,5.080686348753309,0.017505998412264544,0.023373676182013175,0.009947352787472705,0.007914192635570881,0.1462492715275411,0.09316818635679389
3063,5.080686348753309,0.01750599784461959,0.02337270007643295,0.009947145969957372,0.007914186463559113,0.14622508081117055,0.09316472194223775
3064,5.080686348753309,0.01750599727725498,0.023371724452929687,0.009946944289002195,0.007914181443997768,0.14620090204206002,0.09316125923867938
3065,5.080686348753309,0.01750599671017049,0.023370749311107407,0.009946737674855976,0.007914177968701308,0.14617678936671266,0.09315779824471333
3066,5.08068634875331,0.017505996143365888,0.023369774650570583,0.00994653116268506,0.007914175643392881,0.1461526612859334,0.0931543389589358
3067,5.08068634875331,0.017505995576840943,0.02336880047092414,0.009946330475603215,0.007914174466940512,0.14612851828638915,0.09315088137994455
3068,5.080686348753309,0.017505995010595424,0.023367826771773445,0.009946124166186766,0.007914174438213614,0.14610438719492452,0.09314742550633899
3069,5.080686348753309,0.017505994444629105,0.02336685355272434,0.00994591795849525,0.007914175556082996,0.14608031467226598,0.09314397133672012
3070,5.080686348753308,0.017505993878941754,0.0233658808133831,0.009945711852445242,0.00791417781942085,0.1460562440668435,0.09314051886969056
3071,5.080686348753309,0.017505993313533145,0.02336490855335647,0.009945505847953416,0.007914181227100752,0.14603214862729685,0.09313706810385454
3072,5.080686348753309,0.01750599274840305,0.023363936772251626,0.009945299944936543,0.007914185777997665,0.14600806505682914,0.09313361903781786
3073,5.080686348753309,0.017505992183551235,0.023362965469676207,0.009945094143311487,0.00791419147098793,0.14598399334571646,0.0931301716701879
3074,5.080686348753309,0.01750599161897748,0.023361994645238297,0.009944888442995209,0.007914198304949265,0.14595993348424594,0.09312672599957371
3075,5.080686348753309,0.017505991054681553,0.023361024298546428,0.009944682843904762,0.007914206278760766,0.14593588546271594,0.09312328202458586
3076,5.080686348753308,0.017505990490663228,0.023360054429209583,0.009944477345957298,0.0079141949483742,0.14591190375786114,0.09311984307433464
3077,5.080686348753309,0.01750598992692227,0.023359085036837188,0.009944271949070061,0.007914184765653583,0.14588794290896018,0.09311640248588927
3078,5.080686348753308,0.017505989363458468,0.02335811612103913,0.009944066653160393,0.007914175729473909,0.14586393032972889,0.09311296358891187
3079,5.080686348753309,0.017505988800271585,0.023357147681425716,0.009943861458145728,0.007914167838711543,0.14583992955175182,0.09310952638201937
3080,5.080686348753308,0.017505988237361395,0.02335617971760772,0.00994365636394359,0.007914142452512311,0.14581594056538263,0.09310609086383027
3081,5.080686348753309,0.017505987674727674,0.02335521222919636,0.009943451370471607,0.007914110701558551,0.14579196336098604,0.0931026570329647
3082,5.080686348753308,0.017505987112370194,0.023354245215803277,0.009943246477647494,0.007914080105497448,0.14576807031482258,0.09309922488804435
3083,5.080686348753308,0.01750598655028873,0.023353278677040585,0.00994304168538906,0.007914050663200379,0.14574420006755087,0.09309579442769247
3084,5.080686348753309,0.017505985988483058,0.023352312612520822,0.009942836993614212,0.007914022373540094,0.14572029593581004,0.0930923656505339
3085,5.080686348753309,0.017505985426952954,0.023351347021856973,0.009942632402240949,0.007913995235390728,0.14569640573117512,0.09308893855519501
3086,5.080686348753309,0.017505987610665,0.023350381904662463,0.009942427911187362,0.00791396924762778,0.14567257213002335,0.09308551314030378
3087,5.080686348753309,0.017505987049234867,0.02334941726055116,0.009942223520371635,0.007913944409128132,0.14564872476948876,0.09308208940448973
3088,5.080686348753309,0.01750598648807985,0.023348453089137376,0.00994201922971205,0.007913915151769233,0.14562482970806065,0.09307866734638397
3089,5.080686348753309,0.01750598592719972,0.023347489390035853,0.009941815039126976,0.00791388704415857,0.14560094635194798,0.09307524696461913
3090,5.080686348753309,0.017505985366594257,0.023346526162861782,0.009941641302970273,0.007913860085174905,0.14557707469161393,0.09307182825782946
3091,5.080686348753309,0.017505984806263235,0.023345563407230787,0.009941437307314643,0.007913834273698366,0.14555321471753258,0.0930684112246507
3092,5.080686348753309,0.017505984246206432,0.023344601122758928,0.009941249156377114,0.00791380960861045,0.14552936642018868,0.09306499586372016
3093,5.080686348753309,0.017505983686423622,0.023343639309062705,0.009941045357726568,0.00791378608879401,0.14550552979007808,0.09306158217367673
3094,5.080686348753308,0.01750598312691459,0.023342681836353806,0.009940841658747477,0.007913763713133265,0.1454817048177072,0.09305817015316083
3095,5.080686348753308,0.0175059825676791,0.02334172096242654,0.009940648872002565,0.007913742480513793,0.14545789149359342,0.09305475980081443
3096,5.080686348753308,0.01750598200871694,0.02334076055812733,0.009940445370353952,0.007913722389822528,0.14543408980826483,0.09305135111528104
3097,5.080686348753308,0.017505981450027887,0.023339800623074433,0.009940241968134712,0.007913595567150678,0.14541029975226033,0.0930479440952057
3098,5.080686348753307,0.017505980891611712,0.02333884115688651,0.009940038665264044,0.00791346993687371,0.14538653961388623,0.09304453873923503
3099,5.080686348753307,0.017505980333468202,0.023337882159182668,0.00993983546166124,0.007913345497839813,0.14536281743557206,0.09304113504601713
3100,5.080686348753307,0.01750597977559713,0.023336923629582455,0.009939632357245685,0.007913222248898576,0.14533924293105915,0.09303773301420172
3101,5.080686348753307,0.0175059812530255,0.02333596556770584,0.009939429351936853,0.007913100188900977,0.14531570136632874,0.09303433264243993
3102,5.080686348753307,0.017505985203670735,0.023335007973173238,0.009939226445654311,0.007912979316699391,0.14529216354754704,0.09303093392938455
3103,5.080686348753307,0.01750598464554744,0.02333405084560547,0.00993902363831772,0.007912859631147583,0.14526867826364526,0.09302753687368984
3104,5.080686348753307,0.01750598408769622,0.023333094184623808,0.009938820929846827,0.007912741131100706,0.14524514261786847,0.09302414147401154
3105,5.080686348753308,0.017505983530116856,0.02333213798984994,0.009938618320161472,0.0079126238154153,0.14522149819624702,0.093020747729007
3106,5.080686348753307,0.017505982972809128,0.023331182260906,0.009938415809181585,0.007912507682949288,0.14519788493702618,0.09301735563733501
3107,5.080686348753307,0.017505982415772815,0.023330226997414535,0.00993821339682719,0.00791239273256198,0.14517429846281332,0.09301396519765599
3108,5.080686348753307,0.017505981859007702,0.023329272198998524,0.00993802189280045,0.00791227025203271,0.1451506629739631,0.09301057640863176
3109,5.080686348753307,0.017505981302513567,0.023328317865281372,0.009937819675696074,0.007912148955544564,0.14512709998101792,0.09300718926892573
3110,5.080686348753307,0.017505980746290183,0.023327363995886915,0.009937617556978659,0.007912028841957552,0.14510365107590473,0.0930038037772028
3111,5.080686348753307,0.017505980190337344,0.023326410590439408,0.009937443871257268,0.007911909910133064,0.1450802663665346,0.09300041993212936
3112,5.080686348753307,0.01750597963465482,0.023325457648563537,0.009937241944462513,0.007911783997798065,0.14505680576130411,0.09299703773237336
3113,5.080686348753307,0.0175059790792424,0.023324505169884407,0.009937040115818375,0.007911659268919374,0.14503326795965665,0.09299365717660418
3114,5.080686348753307,0.01750597852409986,0.02332355315402755,0.009936838385245506,0.007911533478756819,0.14500967383388194,0.09299027826349279
3115,5.080686348753308,0.017505977969226982,0.023322601600618928,0.009936636752664645,0.007911408870866398,0.1449860911691156,0.09298690099171163
3116,5.080686348753308,0.017505977414623557,0.023321650509284912,0.009936435217996623,0.007911285444112279,0.14496251995609802,0.09298352535993461
3117,5.080686348753308,0.017505976860289353,0.023320699879652306,0.00993623378116236,0.007911163197359997,0.14493896018558008,0.09298015136683715
3118,5.080686348753308,0.017505976306224164,0.023319749711348328,0.009936032442082863,0.007911042129476457,0.14491541184832307,0.09297677901109619
3119,5.080686348753308,0.017505975752427773,0.023318800004000623,0.00993585299667618,0.007910922864115362,0.14489187806884912,0.09297340829139017
3120,5.080686348753309,0.017505975198899956,0.02331785075723725,0.009935651849330675,0.007910804775057912,0.14486846244414245,0.09297003920639897
3121,5.080686348753309,0.0175059746456405,0.023316901970686692,0.0099354841971566,0.007910687861175348,0.14484507833797905,0.09296667175480403
3122,5.080686348753309,0.017505974092649187,0.02331595364397785,0.009935283239353403,0.007910572121340272,0.14482167091797132,0.09296330593528819
3123,5.080686348753309,0.017505973539925803,0.023315005776740047,0.009935082378915694,0.007910457380969066,0.14479837043839566,0.09295994174653585
3124,5.08068634875331,0.01750597298747013,0.023314058368603015,0.009934881615765006,0.007910343812478637,0.1447748904214775,0.09295657918723287
3125,5.080686348753309,0.017505972435281958,0.02331311141919691,0.00993468094982297,0.007910231414745587,0.1447514217734821,0.09295321825606657
3126,5.080686348753309,0.017505971883361063,0.02331216492815231,0.009934500915924032,0.007910120186647867,0.1447279644852538,0.09294985895172579
3127,5.080686348753309,0.017505971331707237,0.023311218895100187,0.009934309899989712,0.007910010127064781,0.14470452985718282,0.09294650127290079
3128,5.080686348753308,0.01750597078032026,0.023310273319671955,0.009934109520347331,0.007909901234876978,0.14468120522807784,0.09294314521828335
3129,5.080686348753308,0.01750597022919992,0.02330932820149943,0.009933909237603337,0.007909793508966454,0.14465788171337154,0.09293979078656674
3130,5.080686348753307,0.017505969678346,0.023308383540214837,0.009933709051679798,0.007909691875343999,0.14463454506642484,0.09293651507750997
3131,5.080686348753307,0.017505969180735603,0.023307439335450823,0.009933514792595844,0.00790959140338574,0.14461121805540908,0.09293322122902678
3132,5.080686348753307,0.01750596863040532,0.023306495586840455,0.009933314799136797,0.007909492091979614,0.14458782867425612,0.09292988932375917
3133,5.080686348753307,0.017505968080340818,0.02330555229401719,0.00993311490226538,0.007909393940014886,0.14456450951737276,0.09292654134601348
3134,5.080686348753307,0.017505969163515742,0.023304611962193068,0.009932915101904007,0.007909296946382162,0.14454120748772917,0.09292319498466867
3135,5.080686348753307,0.01750596861371831,0.023303669579441216,0.009932715397975177,0.007909172386035525,0.14451785194735917,0.09291985023842673
3136,5.080686348753306,0.01750596879086685,0.023302727651379546,0.00993251579040148,0.007909048995665103,0.1444945486350791,0.09291650710599116
3137,5.080686348753306,0.017505968241482404,0.023301786177643172,0.009932316279105591,0.00790892677415436,0.14447121561667758,0.09291316558606687
3138,5.080686348753306,0.017505967692362855,0.02330084515786762,0.009932116864010276,0.007908805720388106,0.14444799523469104,0.09290982567736025
3139,5.080686348753306,0.017505967143508,0.02329990459168881,0.00993191754503838,0.007908685833252485,0.14442484097202377,0.09290648737857914
3140,5.080686348753306,0.017505970136728385,0.023298964478743092,0.009931718322112837,0.007908567111634972,0.14440160176304542,0.0929031506884328
3141,5.080686348753306,0.017505969587831075,0.02329802481866721,0.009931519195156674,0.00790844974532611,0.14437849221638827,0.09289981560563199
3142,5.080686348753306,0.017505969039198092,0.023297085611098323,0.009931320164092993,0.007908325600879921,0.1443553880121819,0.09289648212888885
3143,5.080686348753306,0.017505968490829228,0.02329614685567399,0.009931121228844994,0.007908201516198194,0.14433215651077425,0.09289315025691702
3144,5.080686348753305,0.017505971508218268,0.02329520855203217,0.009930922389335954,0.00790807859685833,0.14430890194514995,0.09288981998843154
3145,5.080686348753305,0.017505970959802726,0.023294270699811253,0.009930731873512748,0.007907956841751041,0.1442856585673718,0.09288649132214892
3146,5.080686348753305,0.017505970411650938,0.023293333298649996,0.009930558067838314,0.007907836249768357,0.14426243876130787,0.09288316425678708
3147,5.080686348753305,0.0175059698637627,0.023292396348187597,0.009930359509763521,0.007907716819803635,0.14423921773037995,0.0928798387910654
3148,5.080686348753305,0.017505969316137803,0.02329145984806363,0.009930161047124226,0.007907598550751556,0.14421600786047192,0.09287651492370466
3149,5.080686348753305,0.017505968768776036,0.023290523797918086,0.009929962679844135,0.007907474820989182,0.14419280914266136,0.09287319265342713
3150,5.080686348753306,0.017505968221677184,0.023289588197391357,0.009929764407847036,0.007907352253112843,0.1441696215680358,0.0928698719789564
3151,5.080686348753306,0.017505967674841038,0.023288656839861244,0.009929580370394531,0.007907230846018626,0.14414645689602043,0.09286655289901757
3152,5.080686348753306,0.017505967128267394,0.02328772939779541,0.009929389082039356,0.007907110598603944,0.14412329197272847,0.0928632354123372
3153,5.080686348753306,0.017505970173315157,0.0232868014383281,0.009929191092071897,0.007906991509767522,0.1441001377723293,0.09285991951764316
3154,5.080686348753305,0.01750597705589641,0.02328598555024323,0.009928993197085064,0.007906873578409393,0.1440769946795658,0.09285676532462811
3155,5.080686348753306,0.017505976508339707,0.023285123234922073,0.009928795397003072,0.00790676164336037,0.14405386268557513,0.09285358615735165
3156,5.080686348753306,0.01750597665976743,0.023284225303194257,0.009928597691750217,0.007906650861273293,0.1440308030610549,0.09285040200854411
3157,5.080686348753305,0.017505976112623427,0.023283292801249158,0.009928400081250887,0.007906541231053978,0.1440076932282288,0.09284716979174325
3158,5.080686348753305,0.017505975565741568,0.02328236074607896,0.009928220028363473,0.007906432751609543,0.14398459446765116,0.09284389127280715
3159,5.0806863487533045,0.017505978550554864,0.02328142913732763,0.009928022604344522,0.00790632542184841,0.14396152374952206,0.0928405923411474
3160,5.0806863487533045,0.017505978003630587,0.023280497974639543,0.009927825274854092,0.007906219240680292,0.14393845004019742,0.0928372874691269
3161,5.080686348753304,0.0175059774569681,0.023279567257659454,0.009927642145876638,0.00790611420701621,0.14391539689053257,0.09283398417900815
3162,5.080686348753303,0.017505976910567198,0.023278636986032532,0.009927445002957768,0.007906010319768474,0.14389241889539658,0.09283068246953179
3163,5.080686348753303,0.017505976364427665,0.023277707159404318,0.009927274805036503,0.007905907577850691,0.14386946095928818,0.09282738233943981
3164,5.080686348753303,0.017505975818549294,0.02327677777742077,0.009927077846352007,0.007905805980177757,0.14384650063581542,0.0928240837874756
3165,5.080686348753302,0.017505975272931885,0.02327584883972823,0.0099268809818236,0.007905705525665857,0.14382357544068164,0.092820786812384
3166,5.080686348753302,0.017505974727575223,0.023274920345973435,0.009926684211376416,0.007905606213232469,0.14380073445945585,0.09281749141291117
3167,5.080686348753303,0.017505974182479105,0.023273992295803507,0.009926487534935673,0.00790550804179635,0.1437779256537546,0.09281419758780472
3168,5.080686348753302,0.01750597363764332,0.023273064688865974,0.009926290952426673,0.007905411010277546,0.14375518144444618,0.09281090533581363
3169,5.080686348753302,0.017505973093067666,0.023272137524808743,0.009926104446746999,0.007905315117597383,0.14373245586797434,0.09280761465568828
3170,5.080686348753302,0.01750597254875193,0.023271210803280117,0.009925908050282555,0.00790522036267847,0.14370973964733763,0.09280432554618043
3171,5.080686348753302,0.017505972004695915,0.0232702845239288,0.009925711747527016,0.00790512674444469,0.14368682001185196,0.09280103800604322
3172,5.080686348753302,0.017505971460899408,0.023269358686403868,0.009925543819290953,0.007905034261821207,0.14366396105223353,0.0927977520340312
3173,5.080686348753301,0.017505971984413934,0.023268433290354787,0.009925347699215542,0.007904942913734454,0.1436411514024243,0.0927944676289003
3174,5.080686348753301,0.01750597144096554,0.023267508335431435,0.00992515167262833,0.007904852699112144,0.14361841584560678,0.09279118478940777
3175,5.080686348753302,0.017505970897776123,0.02326658382128405,0.009924955739455192,0.007904763616883253,0.1435956275487544,0.0927879035143123
3176,5.080686348753301,0.017505970720061652,0.023265659747563276,0.00992475989962209,0.007904675665978033,0.1435727690184051,0.09278462380237394
3177,5.080686348753302,0.01750597017733134,0.023264736113920135,0.009924564153055065,0.007904589790546509,0.14354989784152386,0.09278134565235412
3178,5.080686348753302,0.01750596963485941,0.023263812920006035,0.009924371310214057,0.007904505043852945,0.1435270472651535,0.09277806906301563
3179,5.080686348753302,0.017505969092645665,0.023262890165472786,0.009924175749509826,0.007904421424831743,0.14350419336934017,0.09277479403312262
3180,5.080686348753302,0.017505968550689897,0.023261967849972563,0.009923980281850502,0.007904340349608246,0.14348133564382598,0.09277152056144064
3181,5.080686348753302,0.0175059680089919,0.023261045973157934,0.009923804315497763,0.00790421839138685,0.14345848879024764,0.09276824864673659
3182,5.080686348753303,0.017505967467551474,0.02326012453468185,0.009923609030617979,0.007904097576949152,0.1434357768887076,0.09276497828777872
3183,5.080686348753303,0.01750596692636841,0.023259203534197654,0.009923413838563919,0.007903977905219326,0.1434129758862415,0.09276170948333667
3184,5.080686348753303,0.017505966385442516,0.023258282971359064,0.009923218739262192,0.007903859375122812,0.1433902429306397,0.09275844223218144
3185,5.080686348753302,0.017505965844773572,0.023257362845820178,0.00992302373263949,0.007903741985586316,0.1433675607019671,0.09275517653308533
3186,5.080686348753303,0.01750596756474855,0.023256443157235487,0.00992282881862259,0.007903625735537817,0.1433448977372386,0.0927519123848221
3187,5.080686348753303,0.017505967024233675,0.023255523905259853,0.009922633997138344,0.007903510623906556,0.14332211585863353,0.09274864978616676
3188,5.080686348753303,0.01750597017547731,0.023254605089548533,0.009922439268113687,0.007903396649623036,0.14329934479199377,0.09274538873589573
3189,5.080686348753303,0.01750597182478399,0.02325368670975714,0.009922244631475632,0.007903275149215098,0.14327658452878475,0.09274213209187573
3190,5.080686348753303,0.01750597128410431,0.023252768765541696,0.00992206973866003,0.00790315478812816,0.1432538350604813,0.09273887413425401
3191,5.080686348753304,0.017505970743680994,0.023251851256558584,0.009921875283457272,0.007903035565293265,0.14323113011279698,0.09273561772135414
3192,5.080686348753304,0.017505970203513826,0.02325093418246457,0.009921680920424125,0.00790291747964271,0.1432084339693906,0.09273236285195792
3193,5.0806863487533045,0.017505969663602617,0.023250017542916803,0.009921486649487927,0.007902799354496986,0.14318582745827194,0.09272910952484852
3194,5.0806863487533045,0.017505969123947154,0.0232491013375728,0.009921292470576095,0.007902678140238205,0.14316312105659826,0.0927258577388104
3195,5.080686348753304,0.017505968584547244,0.023248185566090467,0.009921126143261528,0.007902558062525227,0.1431404254073584,0.09272260749262938
3196,5.080686348753304,0.01750596804540268,0.023247270228128086,0.009920932143781643,0.007902439120293354,0.1431177412661899,0.09271935878509266
3197,5.080686348753304,0.017505967506513263,0.023246355323344303,0.009920738236110933,0.007902321312479145,0.14309506709629916,0.0927161116149887
3198,5.080686348753304,0.017505966967878796,0.02324544085139815,0.009920563357660405,0.00790220463802041,0.14307251999248602,0.09271286598110735
3199,5.080686348753304,0.01750596642949907,0.02324452681194903,0.009920369630392948,0.00790208370860321,0.14304987742021044,0.0927096218822398
3200,5.0806863487533045,0.01750596589137389,0.023243613204656725,0.009920198532420463,0.007901963912967928,0.14302727844708366,0.0927063793171785
3201,5.0806863487533045,0.017505965353503055,0.02324270002918139,0.00992000498470288,0.00790184525005411,0.14300464710797903,0.09270313828471728
3202,5.0806863487533045,0.017505964815886364,0.02324178728518355,0.009919811528437033,0.007901727718802546,0.1429820264622338,0.0926998987836513
3203,5.080686348753304,0.01750596427852362,0.023240874972324115,0.009919618163551054,0.007901607016796102,0.142959416501444,0.09269666081277703
3204,5.080686348753304,0.017505963741414624,0.023239963090264347,0.009919426388651804,0.007901487446368352,0.1429368260723996,0.09269342437089227
3205,5.080686348753304,0.017505963204559175,0.023239051638665895,0.009919233206073417,0.007901369006462215,0.14291423745494644,0.09269018945679613
3206,5.080686348753304,0.01750596266795707,0.02323814061719078,0.009919040114659864,0.007901251696021851,0.1428917127922913,0.09268695606928903
3207,5.080686348753304,0.017505962131608117,0.02323723002550138,0.00991884711433959,0.007901135513992658,0.14286914547765334,0.09268372420717276
3208,5.080686348753303,0.017505961595512112,0.02323631986326046,0.009918654205041115,0.007901020834382903,0.14284658880609405,0.09268049386925035
3209,5.080686348753303,0.01750596105966886,0.023235410130131154,0.009918461386693039,0.007900907280901991,0.1428240427692647,0.09267726505432619
3210,5.080686348753303,0.017505960524078164,0.02323450082577696,0.009918268659224043,0.007900794852499168,0.14280150735882569,0.09267403776120599
3211,5.080686348753303,0.01750595998873982,0.023233594073401153,0.00991807602256288,0.0079006835481249,0.1427789825664466,0.09267081198869673
3212,5.080686348753304,0.017505959453653637,0.023232685625254285,0.009917883476638386,0.00790057336673089,0.14275652516220136,0.09266758773560671
3213,5.080686348753304,0.017505958918819408,0.023231777604875388,0.009917691021379472,0.007900464307270063,0.1427340273576436,0.09266436500074557
3214,5.080686348753303,0.017505958384236946,0.02323087001192943,0.009917498656715132,0.007900344220126383,0.14271153435969514,0.09266114378292421
3215,5.080686348753303,0.01750595784990605,0.02322996284608175,0.009917306382574431,0.00790022525854233,0.14268905194658071,0.09265792408095486
3216,5.080686348753303,0.017505957315826524,0.023229056106998054,0.009917114198886516,0.007900107965605344,0.1426665952208463,0.09265470589365105
3217,5.080686348753303,0.017505956781998167,0.02322814979434441,0.009916942320402721,0.007899991795877555,0.14264414069615464,0.09265148921982756
3218,5.080686348753303,0.017505956248420787,0.023227243907787257,0.009916750314226522,0.007899876748313734,0.14262170493040305,0.09264827405830055
3219,5.080686348753303,0.017505959326839828,0.02322633844699339,0.009916558398292506,0.007899762821869872,0.1425992948358888,0.09264506040788739
3220,5.080686348753304,0.017505958793195713,0.023225433411629973,0.009916366572530127,0.007899650015503181,0.1425768652123358,0.09264184826740682
3221,5.080686348753304,0.017505958259802255,0.02322452880136454,0.009916174836868916,0.007899538328172091,0.1425544461240481,0.09263863763567882
3222,5.080686348753304,0.017505957726659253,0.023223624615864972,0.009915996093096227,0.007899427758836244,0.14253210111025946,0.09263542851152468
3223,5.0806863487533045,0.017505957193766512,0.023222720854799532,0.009915804535398805,0.007899308172071254,0.14250970305783314,0.09263222089376694
3224,5.0806863487533045,0.017505956661123843,0.02322181751783683,0.009915613067592562,0.007899189705980142,0.14248736629701,0.09262901478122948
3225,5.080686348753304,0.017505956128731043,0.02322091460464585,0.009915421689607332,0.007899072359522476,0.1424650507056356,0.09262581017273744
3226,5.080686348753304,0.017505955596587925,0.023220012114895928,0.00991523040137303,0.00789895613165904,0.14244276536195902,0.09262260706711725
3227,5.080686348753304,0.017505955064694288,0.023219110048256764,0.009915039202819645,0.007898841021351822,0.14242050630417227,0.09261940546319661
3228,5.0806863487533045,0.017505954533049938,0.02321820840439842,0.009914848093877248,0.007898727027564029,0.1423981606772535,0.0926162053598045
3229,5.0806863487533045,0.017505954001654684,0.023217307182991316,0.009914657074475981,0.007898614149260068,0.1423758255200315,0.09261300675577117
3230,5.0806863487533045,0.017505955445113935,0.023216406383706232,0.009914483751801716,0.007898502385405555,0.14235350082434708,0.09260980964992817
3231,5.0806863487533045,0.01750595491390676,0.0232155060062143,0.009914292908513462,0.007898391734967309,0.14233118658205005,0.09260661404110829
3232,5.080686348753305,0.01750595438294824,0.023214606050187023,0.00991410215455852,0.007898282196913351,0.14230888278499898,0.09260341992814562
3233,5.080686348753305,0.017505953852238184,0.023213706515296254,0.009913917622367782,0.007898173770212905,0.14228659977138847,0.09260022730987552
3234,5.080686348753305,0.0175059533217764,0.023212807401214203,0.009913727045910483,0.00789806645383639,0.14226432461986516,0.09259703618513458
3235,5.080686348753306,0.017505955553442643,0.023211908707613436,0.009913538465308349,0.007897960246755424,0.14224208780686326,0.09259384655276069
3236,5.080686348753305,0.01750595502304456,0.02321101043416688,0.009913359039679402,0.00789785514794282,0.14221982601625122,0.09259065841159302
3237,5.080686348753305,0.01750595449289437,0.023210112580547813,0.009913196675998772,0.007897751156372583,0.1421975903074449,0.09258747176047195
3238,5.080686348753305,0.01750595396299188,0.02320921514642987,0.009913006449241618,0.007897648271019913,0.14217534900042988,0.09258428659823917
3239,5.080686348753305,0.0175059534333369,0.02320831813148704,0.009912828227564775,0.0078975464908612,0.14215312853344855,0.09258110292373757
3240,5.0806863487533045,0.017505952903929232,0.023207421535393666,0.009912667186880834,0.007897445814874018,0.14213090799374706,0.09257792073581138
3241,5.0806863487533045,0.017505952374768687,0.023206525357824453,0.009912526949518776,0.007897346242037133,0.14210869782642246,0.09257474003330601
3242,5.0806863487533045,0.01750595184585508,0.02320562959845445,0.009912391856358942,0.00789724777133049,0.14208651249828017,0.0925715608150682
3243,5.0806863487533045,0.017505951317188205,0.023204734256959056,0.0099122090094365,0.007897150401735225,0.14206434345913388,0.09256838307994586
3244,5.0806863487533045,0.017505950788767887,0.023203839333014033,0.009912019290967255,0.00789705413223365,0.14204216435520955,0.09256520682678819
3245,5.0806863487533045,0.01750595026059392,0.023202944826295483,0.009911829660947499,0.007896958961809258,0.14202002897497915,0.09256203205444566
3246,5.0806863487533045,0.01750594973266612,0.02320205073647987,0.009911640119308649,0.007896864889446718,0.14199795330845955,0.09255885876176992
3247,5.0806863487533045,0.017505949204984297,0.023201157063244,0.009911450665982185,0.00789677191413188,0.14197597528549197,0.09255568694761394
3248,5.0806863487533045,0.017505948677548257,0.023200263806265033,0.009911264299836972,0.007896680034851765,0.14195386710864324,0.09255251661083189
3249,5.0806863487533045,0.01750594815035781,0.02319937096522048,0.009911075022462574,0.00789658925059457,0.14193173957648197,0.09254934775027919
3250,5.0806863487533045,0.01750594762341277,0.023198478539788205,0.009910902250351872,0.007896499560349659,0.14190962234455728,0.0925461803648125
3251,5.0806863487533045,0.01750594709671294,0.02319758652964641,0.009910713146566776,0.007896410963107572,0.141887569752213,0.09254301445328976
3252,5.080686348753305,0.017505946570258137,0.02319669493447366,0.009910549139669224,0.00789632345786001,0.14186553692992113,0.09253985001457006
3253,5.080686348753305,0.01750594604404817,0.02319580375394885,0.009910360207867204,0.007896237043599846,0.14184351464909742,0.09253668704751379
3254,5.0806863487533045,0.017505945518082846,0.023194912987751237,0.009910174536454427,0.007896151719321115,0.14182143851008533,0.09253352555098254
3255,5.080686348753305,0.017505944992361983,0.023194022635560415,0.009909985779767025,0.007896067484019016,0.14179937263153394,0.09253036552383918
3256,5.080686348753306,0.017505944466885383,0.023193132697056335,0.009909797110782149,0.007895984336689903,0.14177731700551122,0.09252720696494775
3257,5.080686348753306,0.017505943941652863,0.02319224317191929,0.00990962823687489,0.007895902276331303,0.14175527162409374,0.09252404987317354
3258,5.080686348753306,0.01750594341666423,0.02319135405982991,0.009909439740028385,0.007895821301941889,0.1417332364793666,0.09252089424738309
3259,5.080686348753305,0.0175059428919193,0.023190465360469176,0.009909251330682713,0.007895741412521492,0.14171121156342342,0.09251774008644412
3260,5.080686348753306,0.01750594236741788,0.02318957707351842,0.009909074069333605,0.007895662607071103,0.1416891968683665,0.09251458738922562
3261,5.080686348753305,0.01750594184315979,0.02318868919865931,0.009908885833069276,0.007895584884592861,0.1416671923863065,0.09251143615459775
3262,5.080686348753305,0.017505941319144833,0.02318780173557386,0.009908697684104113,0.007895508244090061,0.14164519810936274,0.09250828638143196
3263,5.0806863487533045,0.017505940795372828,0.02318691468394443,0.009908532495104823,0.007895432684567143,0.14162322495794138,0.09250513806860085
3264,5.0806863487533045,0.017505940271843587,0.023186028043453707,0.009908361741546343,0.007895359130463978,0.14160125106592614,0.09250199121497824
3265,5.0806863487533045,0.01750593974855692,0.023185141813784747,0.00990817384785599,0.007895286654924224,0.14157933251832402,0.0924988458194392
3266,5.080686348753305,0.01750593922551264,0.023184255994620928,0.009907986041198748,0.007895215256956092,0.1415574849758255,0.09249570188086002
3267,5.0806863487533045,0.017505938702710565,0.023183370585645978,0.009907798321507563,0.007895144935568936,0.14153564244013778,0.09249255939811815
3268,5.0806863487533045,0.017505938180150508,0.023182485586543955,0.009907610688715452,0.00789508229586714,0.14151384891524083,0.0924894183700923
3269,5.0806863487533045,0.017505937657832277,0.023181600996999265,0.009907423142755504,0.0078950207277113,0.14149210991318512,0.09248627879566235
3270,5.0806863487533045,0.017505937135755687,0.023180716816696655,0.00990723568356088,0.007894960230116538,0.1414703741240447,0.0924831406737094
3271,5.0806863487533045,0.017505936613920553,0.023179833045321212,0.009907048311064813,0.007894900802099118,0.14144867947224643,0.09248000400311573
3272,5.0806863487533045,0.017505936092326695,0.023178949682558358,0.009906861025200612,0.00789484244267643,0.14142706802030125,0.09247686878276491
3273,5.080686348753304,0.017505935570973918,0.023178066728093857,0.009906673825901649,0.007894785150866992,0.14140549457810458,0.09247373501154162
3274,5.080686348753304,0.017505935604283825,0.0231771841816138,0.009906495130150681,0.007894728925690457,0.1413838908518296,0.09247060268833177
3275,5.0806863487533045,0.017505935083326936,0.023176302042804634,0.009906308102481063,0.007894673766167601,0.14136229536108785,0.09246747181202243
3276,5.0806863487533045,0.017505934562610608,0.023175420311353126,0.009906121161177842,0.007894619671320328,0.14134050931838252,0.09246434238150196
3277,5.080686348753305,0.01750593404213467,0.02317453898694639,0.009905934306174686,0.007894566640171663,0.14131870581497044,0.09246121439565982
3278,5.080686348753305,0.017505933521898935,0.023173658069271866,0.009905747537405326,0.00789444982364196,0.14129693680949826,0.0924580878533867
3279,5.080686348753305,0.017505933001903215,0.023172777558017346,0.009905560854803569,0.007894334098778594,0.14127512272826268,0.09245496275357448
3280,5.080686348753305,0.017505932482147324,0.023171897452870942,0.00990537425830329,0.007894219464584991,0.14125333684085736,0.09245183909511626
3281,5.080686348753305,0.017505931962631078,0.023171017753521105,0.009905187747838433,0.007894105920065727,0.14123153462008098,0.09244871687690626
3282,5.080686348753305,0.0175059314433543,0.02317013845965662,0.009905001323343017,0.00789399346422651,0.14120974244873935,0.09244559609783994
3283,5.0806863487533045,0.0175059309243168,0.023169259570966612,0.009904814984751133,0.007893882096074195,0.1411879603191277,0.09244247675681391
3284,5.080686348753305,0.017505930405518396,0.023168381087140526,0.009904633223734523,0.007893771814616767,0.14116618822354948,0.09243935885272601
3285,5.080686348753305,0.01750592988695891,0.023167503007868153,0.009904475646518609,0.007893662618863354,0.14114442615431644,0.09243624238447522
3286,5.080686348753305,0.01750592936863815,0.02316662533283961,0.00990428956014429,0.00789355450782421,0.14112267410374857,0.09243312735096167
3287,5.080686348753305,0.017505928850555942,0.023165748061745352,0.00990410355941291,0.007893448134614315,0.1411009320641741,0.09243001375108677
3288,5.080686348753306,0.017505928332712094,0.02316487119427615,0.009903917644258901,0.007893342843841656,0.14107920002792937,0.09242690158375301
3289,5.080686348753306,0.01750592781510643,0.023163994730123122,0.009903731814616777,0.007893238634520114,0.14105747798735901,0.09242379084786409
3290,5.080686348753306,0.017505927297738772,0.02316311866897771,0.009903546070421114,0.007893135505664695,0.14103576593481587,0.0924206815423249
3291,5.080686348753306,0.017505926780608926,0.02316224301053169,0.009903361339128466,0.007893019373733445,0.1410140638626609,0.09241757366604147
3292,5.080686348753307,0.01750592626371672,0.02316136775447716,0.009903175765487065,0.007892904326773073,0.14099242305309864,0.09241446721792101
3293,5.080686348753307,0.01750592574706197,0.023160492900506556,0.009902990277096348,0.007892790363797014,0.1409707409109482,0.09241136219687193
3294,5.080686348753306,0.01750592523064449,0.023159618448312633,0.009902804873891174,0.007892677483819823,0.14094906872632149,0.09240825860180375
3295,5.080686348753307,0.01750592471446411,0.023158744397588485,0.009902619555806473,0.007892565685857193,0.1409274425244986,0.0924051564316272
3296,5.080686348753307,0.017505924198520637,0.023157870748027522,0.00990243432277724,0.007892454968925926,0.14090579022657213,0.09240205568525414
3297,5.080686348753308,0.017505923682813895,0.023156997499323494,0.009902249174738543,0.007892345332043953,0.14088414786337705,0.09239895636159763
3298,5.080686348753308,0.017505923167343704,0.023156124651170475,0.009902064111625518,0.007892236774230324,0.14086257664038607,0.09239585845957188
3299,5.080686348753308,0.017505922652109884,0.023155252203262852,0.009901893753701499,0.007892129294505206,0.14084101143453343,0.09239276197809221
3300,5.080686348753308,0.01750592213711225,0.023154380155295355,0.009901708858001951,0.00789201363571754,0.1408193988118846,0.09238966691607516
3301,5.080686348753309,0.017505921622350623,0.02315350850696303,0.00990152404703493,0.007891899057303914,0.14079779609369575,0.09238657327243839
3302,5.080686348753309,0.01750592110782483,0.02315263725796125,0.009901339320735844,0.007891785558284606,0.14077620327241708,0.09238348104610071
3303,5.080686348753309,0.017505920593534684,0.023151766407985715,0.009901154679040174,0.00789167313768101,0.14075463028393978,0.09238039023598213
3304,5.080686348753309,0.01750592007948001,0.02315089595673245,0.009900970121883467,0.007891561794515637,0.14073305723234034,0.09237730084100376
3305,5.08068634875331,0.017505923143511275,0.023150220701923303,0.009900785649201344,0.007891451527812106,0.14071150406845617,0.09237430560514666
3306,5.080686348753309,0.01750592262937897,0.02314946863911503,0.00990060126092949,0.007891342336595147,0.14068995075642482,0.09237130131364697
3307,5.080686348753309,0.017505922115481846,0.02314868623769385,0.00990041695700366,0.007891234219890603,0.14066841579311068,0.09236826265775921
3308,5.080686348753309,0.017505921601819723,0.02314789482451902,0.00990023273735968,0.007891127176725419,0.1406469978989969,0.09236520483873767
3309,5.080686348753309,0.01750592108839243,0.023147032763377515,0.009900048601933439,0.007891011987867583,0.14062552609229104,0.09236212246544952
3310,5.080686348753308,0.01750592057519978,0.023146164624185294,0.009899864550660897,0.007890896851653438,0.14060401214546614,0.09235904150086972
3311,5.080686348753308,0.017505920062241602,0.023145296881630313,0.009899680583478083,0.007890781768042966,0.14058250802797792,0.09235596194392744
3312,5.080686348753308,0.017505919549517714,0.023144429535411137,0.00989949670032109,0.007890667759231446,0.14056111768757168,0.09235288379355289
3313,5.080686348753308,0.017505919037027938,0.02314356258522667,0.009899312901126086,0.007890554824247435,0.14053963319046592,0.09234980704867751
3314,5.080686348753308,0.017505918524772096,0.02314269603077612,0.009899129185829298,0.007890442962120589,0.14051815850031843,0.0923467317082338
3315,5.080686348753308,0.017505920190930495,0.023141833094515524,0.00989895365179518,0.00789033217188167,0.14049669367780024,0.09234365777115547
3316,5.080686348753308,0.01750591967880936,0.023140967330139595,0.009898770102867247,0.007890222452562535,0.14047525666151528,0.0923405852363773
3317,5.080686348753308,0.017505919166921784,0.023140101960597376,0.009898586637647198,0.00789011380319614,0.14045391041253816,0.09233751410283522
3318,5.080686348753308,0.017505918655267582,0.023139236985589354,0.009898419737292984,0.0078900055221938,0.14043258860022273,0.0923344443694663
3319,5.080686348753308,0.01750591814384658,0.02313837240481633,0.009898236436783732,0.007889898309532725,0.1404112436010889,0.09233137603520872
3320,5.080686348753308,0.0175059176326586,0.023137508217979438,0.009898053219793215,0.007889791383745947,0.14038982754905757,0.09232830909900178
3321,5.080686348753308,0.017505917121703463,0.023136644424780115,0.009897870086258139,0.007889685524729038,0.1403684212520495,0.09232524355978595
3322,5.080686348753308,0.017505916610981002,0.023135781024920123,0.00989768703611527,0.00788958073151991,0.14034706835281308,0.0923221794165028
3323,5.080686348753308,0.017505916100491032,0.02313491801810153,0.009897504069301443,0.007889477003157562,0.14032578488493447,0.09231911666809496
3324,5.080686348753308,0.01750591559023338,0.023134055404026726,0.009897323873200931,0.007889374338682078,0.14030454258988692,0.09231605531350627
3325,5.080686348753307,0.017505915080207872,0.023133193182398423,0.009897141072446691,0.007889272737134632,0.14028326710504901,0.09231299535168164
3326,5.080686348753308,0.017505914570414328,0.023132331352919637,0.00989695835483259,0.007889172197557479,0.1402620159367536,0.09230993678156711
3327,5.080686348753308,0.017505914060852577,0.023131469915293697,0.009896775720295733,0.007889064750121222,0.1402408017554458,0.09230687960210984
3328,5.080686348753308,0.01750591355152244,0.023130608869224255,0.009896594058382127,0.007888958366365174,0.14021967620915612,0.09230382381225807
3329,5.080686348753308,0.017505913042423743,0.023129748214415272,0.009896411589676017,0.007888853045332099,0.14019864518172326,0.09230076941096121
3330,5.080686348753307,0.017505912533556312,0.023128887950571022,0.009896229203858919,0.007888748786065835,0.14017763410251605,0.09229771639716974
3331,5.080686348753307,0.01750591202491997,0.023128028077396088,0.009896046900868207,0.007888645587611308,0.14015645609925137,0.09229466476983526
3332,5.080686348753307,0.017505911516514545,0.02312716859459537,0.009895886073153745,0.007888543449014518,0.14013530993930956,0.09229161452791046
3333,5.080686348753307,0.017505911008339863,0.023126309501874078,0.00989570393237811,0.007888441940742643,0.14011422637682142,0.09228856567034915
3334,5.080686348753306,0.017505910500395745,0.023125450798937734,0.009895543563001073,0.007888341490618187,0.14009317517933845,0.09228551819610628
3335,5.080686348753307,0.017505909992682023,0.02312459248549217,0.009895361584150716,0.007888242097690226,0.14007215630987013,0.09228247210413784
3336,5.080686348753306,0.01750590948519852,0.02312373456124353,0.00989517968781754,0.00788814376100891,0.1400509386881931,0.09227942739340096
3337,5.080686348753306,0.017505908977945066,0.023122877025898263,0.009895015144742949,0.007888046479625462,0.14002971665246264,0.09227638406285386
3338,5.080686348753306,0.01750590847092148,0.023122019879163135,0.00989483341063758,0.007887950252592169,0.1400084746908707,0.09227334211145587
3339,5.080686348753306,0.0175059079641276,0.023121163120745213,0.009894651758864068,0.007887855078962393,0.13998726840117953,0.09227030153816738
3340,5.080686348753306,0.01750590933214088,0.02312030675035188,0.009894470189360367,0.007887760957790556,0.13996613188025955,0.09226726234194994
3341,5.080686348753307,0.017505908825521766,0.02311945513657243,0.009894288702064503,0.007887667920544916,0.1399449187499442,0.09226422452176615
3342,5.080686348753306,0.017505908319131958,0.023118599540689705,0.009894121721888052,0.007887575933854583,0.13992372691161345,0.09226118807657968
3343,5.080686348753306,0.01750590781297129,0.023117744331955854,0.009893976638735095,0.007887462461808183,0.13990253297554028,0.09225815300535536
3344,5.080686348753306,0.017505907307039582,0.02311688951007949,0.009893839239294745,0.007887350048627196,0.139881392994172,0.09225511930705904
3345,5.080686348753307,0.01750590680133667,0.02311603507476953,0.00989365806590569,0.007887236868776095,0.13986023956639337,0.09225208698065769
3346,5.080686348753306,0.017505906295862374,0.0231151810257352,0.009893476974422033,0.007887123550421468,0.13983907436025772,0.09224905602511939
3347,5.080686348753307,0.017505905790616533,0.02311432736268603,0.009893295964782185,0.007887011289456578,0.13981791871967988,0.09224602643941328
3348,5.080686348753306,0.017505905285598963,0.02311347408533185,0.009893115036924615,0.007886900084935661,0.13979677263746895,0.09224299822250956
3349,5.080686348753306,0.017505904780809496,0.023112621193382803,0.009892934190787867,0.007886786919651102,0.1397756361064415,0.09223997137337955
3350,5.080686348753306,0.017505904276247965,0.02311176868654933,0.009892770411454596,0.007886674810284142,0.1397545685202298,0.09223694589099565
3351,5.080686348753306,0.017505903771914192,0.02311091656454218,0.00989258972600884,0.00788656375589118,0.13973345106107374,0.0922339217743313
3352,5.080686348753305,0.01750590326780801,0.023110064827072407,0.009892409122101063,0.007886453755529672,0.13971234313160039,0.09223089902236108
3353,5.080686348753305,0.01750590276392925,0.023109213473851364,0.009892228599670061,0.007886340793500106,0.1396912447246565,0.0922278776340606
3354,5.080686348753305,0.017505902260277737,0.023108362504590713,0.009892048158654696,0.007886228885430729,0.139670175322202,0.09222485760840655
3355,5.0806863487533045,0.017505901756853307,0.023107511919002417,0.009891867798993887,0.007886118030380808,0.13964914349251809,0.0922218389443767
3356,5.0806863487533045,0.01750590125365578,0.023106661716798736,0.009891691253174172,0.007886005220620428,0.1396281449577204,0.09221882164094992
3357,5.080686348753305,0.017505900750684998,0.02310581189769223,0.009891511055476521,0.007885894326647408,0.13960723819638063,0.09221580569710612
3358,5.0806863487533045,0.017505900247940784,0.023104962461395775,0.00989133093895084,0.00788578161823083,0.13958644357842337,0.09221279111182626
3359,5.0806863487533045,0.017505899745422965,0.023104113407622532,0.009891165080528022,0.007885670675535432,0.13956554543300365,0.09220977788409239
3360,5.0806863487533045,0.017505899243131378,0.023103264736085972,0.009890999054196959,0.007885560783103063,0.13954461788197323,0.09220676601288766
3361,5.0806863487533045,0.01750589874106585,0.02310241856785806,0.009890849036723312,0.00788545193999784,0.1395236858444636,0.09220375549719623
3362,5.0806863487533045,0.01750589829549799,0.023101570659616974,0.009890669235548643,0.007885344145284932,0.1395027992017238,0.09220074633600335
3363,5.0806863487533045,0.0175058977938756,0.023100723132754915,0.009890503727507712,0.00788523739803055,0.13948185840081645,0.09219773852829533
3364,5.0806863487533045,0.017505897292478766,0.02309987598698655,0.009890336309248245,0.007885131697301947,0.13946092827438872,0.09219473207305955
3365,5.080686348753305,0.01750589679130732,0.023099029222026845,0.009890156746531922,0.007885027042167427,0.13943994341109434,0.09219172696928442
3366,5.0806863487533045,0.017505896290361096,0.023098182837591057,0.009889977264508486,0.007884914733774126,0.13941896797809383,0.09218872321595944
3367,5.0806863487533045,0.01750589578963992,0.023097336833394745,0.009889797863117616,0.007884803473022176,0.13939800196833813,0.09218572081207516
3368,5.0806863487533045,0.017505895289143626,0.023096491209153774,0.009889618732507611,0.007884693258980079,0.13937704537478543,0.09218271975662315
3369,5.080686348753305,0.017505894788872052,0.023095645964584292,0.00988943949217259,0.00788458156896919,0.13935609819040143,0.0921797200485961
3370,5.080686348753305,0.01750589428882502,0.02309480109940275,0.009889260332289578,0.007884470924940148,0.13933516040815902,0.0921767216869877
3371,5.080686348753306,0.017505893789002372,0.023093956613325896,0.009889081252798507,0.007884361325963719,0.1393143046301374,0.09217372467079271
3372,5.080686348753305,0.017505893289403933,0.02309311250607077,0.009888902253639371,0.007884252771111705,0.13929352211495252,0.09217072899900691
3373,5.080686348753305,0.017505892790029537,0.02309226877735471,0.009888723334752233,0.007884140813485376,0.1392726505695202,0.0921677346706272
3374,5.080686348753305,0.017505893966926298,0.023091425426895358,0.009888544496077215,0.007884029900123369,0.13925175712656526,0.09216474168465143
3375,5.080686348753305,0.017505893467748047,0.023090582454410626,0.009888365737554496,0.0078839200300991,0.13923088639760123,0.09216175004007858
3376,5.080686348753306,0.01750589296879345,0.023089739859618746,0.009888215360686898,0.007883811202487018,0.13921009428947453,0.09215875973590862
3377,5.080686348753306,0.017505892470062345,0.023088897642238225,0.0098880727970135,0.007883703416362601,0.13918935224851592,0.09215577077114259
3378,5.080686348753306,0.01750589197155456,0.023088055801987875,0.009887894268946148,0.007883591707835423,0.13916848935732,0.09215278314478255
3379,5.080686348753306,0.017505891473269933,0.0230872143385868,0.009887720503053013,0.007883481041171621,0.13914765895179268,0.09214979685583162
3380,5.080686348753306,0.0175058909752083,0.023086375206533668,0.009887542134060715,0.007883369432471135,0.13912682669142173,0.09214681190329396
3381,5.080686348753306,0.017505890477369487,0.02308553449569687,0.009887363844867755,0.00788325886467602,0.13910599179189487,0.09214382828617473
3382,5.080686348753306,0.017505889979753334,0.023084694160868533,0.009887185635414752,0.00788314933686458,0.1390851905802035,0.09214084600348017
3383,5.080686348753305,0.017505889482359673,0.023083854201768925,0.009887007505642382,0.007883037877403513,0.13906447675900946,0.09213786505421753
3384,5.080686348753305,0.01750588898518834,0.02308301461811861,0.009886829455491386,0.007882927457413653,0.1390437665120148,0.09213488543739513
3385,5.080686348753306,0.017505888488239172,0.023082175409638434,0.009886651484902562,0.007882818075975385,0.139023019034195,0.09213190715202224
3386,5.080686348753306,0.017505887991512,0.02308133657604954,0.009886473593816775,0.007882709732170111,0.13900223061659597,0.09212893019710924
3387,5.080686348753305,0.017505888643164276,0.023080498117073352,0.009886295782174948,0.007882602425080251,0.1389814514828472,0.09212595457166751
3388,5.080686348753305,0.017505888146709017,0.023079660032431597,0.009886118049918064,0.00788249615378925,0.1389606816260523,0.09212298027470944
3389,5.080686348753306,0.017505887650475338,0.023078822877219206,0.009885940396987173,0.007882390917381566,0.13893998563477564,0.09212000730524848
3390,5.080686348753306,0.017505887154463076,0.023077985540329683,0.009885762823323383,0.00788227980278969,0.13891923430157993,0.09211703566229909
3391,5.080686348753307,0.017505886658672063,0.023077148576941518,0.00988558532886786,0.007882168737761439,0.13889849222469583,0.0921140653448767
3392,5.080686348753307,0.017505886163102138,0.02307631198677759,0.009885422515888484,0.007882058708396845,0.13887776258003467,0.09211109635199786
3393,5.080686348753307,0.017505885667753133,0.023075475769561055,0.009885245177494261,0.007881949713781809,0.1388570389947023,0.09210812868268008
3394,5.080686348753307,0.01750588517262489,0.02307463992501536,0.009885073467135205,0.007881841753003242,0.13883632464509948,0.09210516233594189
3395,5.080686348753306,0.01750588467771724,0.02307380445286425,0.009884896285921081,0.00788173482514907,0.1388157451926003,0.09210219731080285
3396,5.080686348753306,0.017505884183030018,0.023072970992905638,0.00988471918362332,0.007881628929308227,0.13879523739365665,0.09209923360628354
3397,5.080686348753306,0.01750588368856307,0.02307213626447159,0.009884542160183458,0.00788152406457066,0.13877479495246214,0.09209627122140557
3398,5.080686348753307,0.017505883194316226,0.02307130190760515,0.009884365215543088,0.007881420230027315,0.1387543470906617,0.0920933101551915
3399,5.080686348753306,0.017505882700289323,0.023070467922031202,0.009884209424048131,0.00788131742477015,0.13873390800647142,0.09209035040666495
3400,5.080686348753307,0.017505882206482196,0.023069634307474902,0.009884032633693522,0.007881215647892126,0.13871350465574908,0.09208739197485058
3401,5.080686348753307,0.01750588171289469,0.0230688010636617,0.009883855921964944,0.007881114898487206,0.13869307333018818,0.092084434858774
3402,5.080686348753308,0.017505881219526634,0.023067968190317326,0.00988367928880423,0.00788101549188055,0.13867272713303638,0.09208147905746186
3403,5.080686348753308,0.017505880726377872,0.0230671356871678,0.009883502734153277,0.007880912398290776,0.1386520953320891,0.09207852456994181
3404,5.080686348753309,0.01750588023344824,0.02306630355393942,0.009883331896498518,0.007880810331415541,0.13863148487672702,0.0920755713952425
3405,5.080686348753309,0.017505879740737577,0.02306547179035876,0.009883155497854595,0.007880709290351362,0.13861087140259357,0.09207261953239358
3406,5.080686348753308,0.01750587924824572,0.023064640396152695,0.009882992921819614,0.007880609274195755,0.1385902670826161,0.09206966898042575
3407,5.080686348753308,0.017505878755972506,0.023063809371048367,0.009882816677747708,0.007880510282047231,0.1385696719100325,0.09206671973837063
3408,5.080686348753308,0.017505878263917772,0.023062978714773197,0.009882640511897212,0.007880400037384959,0.13854908587808767,0.09206377180526092
3409,5.080686348753308,0.01750587777208136,0.023062148427054903,0.009882464424210376,0.007880290820376392,0.1385285089800335,0.09206082518013023
3410,5.080686348753308,0.01750587728046311,0.023061318507621473,0.009882290208008137,0.007880180673362403,0.13850803724313043,0.09205787986201328
3411,5.080686348753309,0.01750587678906286,0.02306048895620118,0.009882114276209428,0.00788007155306575,0.13848760657127918,0.0920549358499457
3412,5.080686348753308,0.01750587629788045,0.023059659772522577,0.009881938422401612,0.007879963458585252,0.13846720125072826,0.09205199366811546
3413,5.080686348753307,0.017505875806915715,0.02305883095631449,0.00988176264652718,0.007879856389020723,0.13844674232759133,0.09204905226517968
3414,5.080686348753307,0.0175058753161685,0.023058002507306035,0.009881586948528682,0.00787975034347297,0.13842626639559688,0.09204611216540624
3415,5.080686348753307,0.017505874825638642,0.023057174425226604,0.00988142471436123,0.007879645321043786,0.13840574408467698,0.09204317336783477
3416,5.080686348753307,0.01750587433532598,0.023056346709805862,0.009881249169958535,0.007879535464375236,0.1383852308606385,0.09204023587150591
3417,5.080686348753307,0.017505873845230356,0.023055519360773758,0.009881073703260655,0.007879426631624177,0.1383648558077569,0.09203729967546123
3418,5.080686348753307,0.017505873355351607,0.02305469388482856,0.009880898314210379,0.007879319531232084,0.13834436071828862,0.09203436477874333
3419,5.080686348753307,0.01750587286568958,0.023053867267541533,0.009880739465169394,0.007879213452650363,0.13832387469565283,0.09203143118039582
3420,5.080686348753307,0.017505872376244107,0.023053041015834757,0.009880564228805875,0.007879103789203833,0.13830339773317746,0.09202849887946322
3421,5.080686348753307,0.017505871887015037,0.02305221512943929,0.009880389069919745,0.007878995147815118,0.13828294626980656,0.0920255678749911
3422,5.080686348753307,0.017505872582202,0.02305138960808646,0.009880215697087366,0.007878887527589742,0.1382625138069067,0.09202263816602599
3423,5.080686348753307,0.017505874296208476,0.02305056445150788,0.009880040692732416,0.007878780927634207,0.13824212914224737,0.0920197097516154
3424,5.080686348753307,0.017505875102930835,0.02304973965943544,0.0098798657656842,0.007878675347055998,0.13822175757919378,0.0920167826308078
3425,5.080686348753307,0.017505874613873634,0.023048915231601297,0.009879701063427223,0.00787857078496358,0.13820149321565153,0.09201385680265269
3426,5.080686348753307,0.017505874125032343,0.023048091167737896,0.009879551978946235,0.007878461409740897,0.1381812247399993,0.09201093226620047
3427,5.080686348753306,0.017505873636406804,0.023047267467577945,0.009879377278183554,0.007878353053797279,0.13816085532275,0.09200800902050259
3428,5.080686348753306,0.017505873147996863,0.02304644413085443,0.009879202654503077,0.007878243774942019,0.13814045052196164,0.09200508706461144
3429,5.080686348753307,0.01750587265980235,0.023045621157300616,0.009879028107848228,0.007878135514442112,0.13812005472162853,0.09200216639758035
3430,5.080686348753307,0.017505872171823117,0.023044798546650036,0.009878853638162497,0.007878028271408388,0.13809966817044725,0.09199924701846371
3431,5.080686348753306,0.017505871684059003,0.02304397629863649,0.009878681184953058,0.007877920350497648,0.13807934446419032,0.09199632892631676
3432,5.080686348753306,0.01750587119650985,0.023043154412994073,0.009878506868750123,0.007877813446024434,0.13805911008261806,0.09199341212019584
3433,5.080686348753306,0.0175058707091755,0.023042332889457128,0.009878332629347227,0.007877704406897851,0.138038750190289,0.09199049659915816
3434,5.080686348753305,0.017505870222055797,0.023041511727760287,0.009878158466688092,0.007877596383823677,0.13801842240007806,0.09198758236226193
3435,5.080686348753305,0.017505869735150587,0.023040690927638448,0.009877984380716489,0.00787748937591604,0.13799809678569255,0.09198466940856632
3436,5.080686348753305,0.017505869248459704,0.023039870488826775,0.009877835383868924,0.00787738338229003,0.13797778333256788,0.09198175773713148
3437,5.080686348753305,0.017505868761983002,0.023039050411060715,0.009877678975434913,0.0078772745342026,0.13795745926221306,0.09197884734701853
3438,5.080686348753306,0.017505868275720315,0.023038230694075977,0.009877512463889262,0.007877166700331508,0.13793714413313832,0.0919759382372895
3439,5.080686348753306,0.017505867789671493,0.02303741133760854,0.009877338676763443,0.007877059879793499,0.1379168379388004,0.09197303040700741
3440,5.080686348753306,0.017505867303836374,0.02303659234139466,0.009877164966048117,0.007876954071706294,0.13789654067266288,0.09197012385523627
3441,5.080686348753306,0.017505866818214803,0.023035773705170858,0.009876991331687396,0.007876849275188572,0.13787629956734831,0.09196721858104098
3442,5.080686348753306,0.017505866332806624,0.023034955428673926,0.009876817773625457,0.007876745489359979,0.13785606643498063,0.09196431458348747
3443,5.080686348753305,0.017505867971664445,0.023034137511640924,0.009876644291806526,0.007876642713341118,0.1378358606573966,0.09196141186164256
3444,5.080686348753305,0.01750586748637035,0.023033319953809184,0.009876484019922756,0.007876540946253556,0.13781572603205208,0.09195851041457406
3445,5.080686348753305,0.01750586700128932,0.0230325027549163,0.00987631068849269,0.007876440187219818,0.13779572747932456,0.09195561024135074
3446,5.0806863487533045,0.017505866516421196,0.023031685914700138,0.00987613743313951,0.007876340435363387,0.13777575952688878,0.0919527113410423
3447,5.0806863487533045,0.017505866031765828,0.023030869432898837,0.009875979843343926,0.007876241689808699,0.1377557533654803,0.0919498137127194
3448,5.0806863487533045,0.01750586554732305,0.023030054486960334,0.00987580673768899,0.007876142229712906,0.13773567127747485,0.09194691735545363
3449,5.0806863487533045,0.017505865063092714,0.023029238721031346,0.00987563370794549,0.007876033944872402,0.13771545389770518,0.09194402226831755
3450,5.0806863487533045,0.017505864579074666,0.023028423312733293,0.00987547154199897,0.007875926668775868,0.13769524538121383,0.09194112845038467
3451,5.0806863487533045,0.01750586409526875,0.02302761184585863,0.009875329117367656,0.007875820400547864,0.13767504572153727,0.09193823590072943
3452,5.0806863487533045,0.01750586361167481,0.023026797151514695,0.00987515630897816,0.007875715139313903,0.13765486444012304,0.09193534461842723
3453,5.0806863487533045,0.017505863128292692,0.023025982814020327,0.009874992994978201,0.00787560704330856,0.13763468247331517,0.09193245460255436
3454,5.0806863487533045,0.01750586264512224,0.023025168833115523,0.009874820336538907,0.007875499954233022,0.13761450934397182,0.09192956585218813
3455,5.0806863487533045,0.017505862162163308,0.023024355208540546,0.0098746477536829,0.007875391952720733,0.13759434504565582,0.09192667836640674
3456,5.0806863487533045,0.01750586167941573,0.023023541940035915,0.009874492872054552,0.007875284957233079,0.1375741895719366,0.09192379214428933
3457,5.0806863487533045,0.017505861196879354,0.023022729027342426,0.00987432043761891,0.007875178966898487,0.13755413952399198,0.09192090718491601
3458,5.080686348753305,0.01750586071455404,0.023021916470201142,0.009874167410319401,0.007875074065293995,0.1375340727749216,0.0919180234873678
3459,5.080686348753305,0.017505860232439618,0.023021104268353368,0.009874025956130943,0.00787497016706534,0.13751411155794616,0.09191514105072665
3460,5.0806863487533045,0.01750585975053594,0.02302029242154069,0.009873903270054944,0.007874867271343807,0.13749413898615775,0.09191225987407545
3461,5.0806863487533045,0.017505859268842856,0.02301948092950495,0.009873803589185895,0.007874765377261641,0.13747418285971863,0.09190937995649803
3462,5.0806863487533045,0.01750585878736021,0.02301866979198826,0.009873631506128158,0.007874668145769656,0.13745427364628676,0.09190650129707915
3463,5.0806863487533045,0.017505858306087856,0.023017859008732988,0.00987345949822708,0.007874571912585048,0.13743434535802201,0.09190362389490452
3464,5.0806863487533045,0.01750585782502563,0.023017048579481763,0.009873287565428065,0.007874476676844044,0.13741440270560126,0.09190074774906073
3465,5.0806863487533045,0.017505857873770174,0.023016238503977476,0.009873115707676563,0.0078743824376838,0.13739443505988497,0.09189787285863532
3466,5.0806863487533045,0.017505857393050404,0.023015428781963276,0.009872959461099416,0.007874289194242417,0.1373744991185663,0.09189499922271677
3467,5.0806863487533045,0.017505856912540342,0.023014619413182585,0.009872808268378809,0.007874196945658926,0.13735459855253052,0.09189212684039448
3468,5.080686348753304,0.017505856432239838,0.023013810397379073,0.009872663315084048,0.007874105691073293,0.13733462255611423,0.09188925571075879
3469,5.080686348753304,0.01750585595214874,0.023013001734296674,0.009872523736716297,0.007874015429626416,0.13731463294475385,0.0918863858329009
3470,5.080686348753304,0.017505855472266896,0.023012193423679585,0.009872392334577441,0.007873908114449263,0.1372946001010064,0.09188351720591303
3471,5.080686348753304,0.01750585499259415,0.023011385465272257,0.009872222613675713,0.007873800846033162,0.13727457598628337,0.09188064982888822
3472,5.080686348753304,0.01750585451313036,0.023010577858819402,0.00987205125983471,0.007873696012809952,0.1372545661837788,0.0918777837009205
3473,5.080686348753304,0.017505854033875362,0.023009770604065997,0.009871879980615512,0.00787359217693941,0.13723455950731547,0.09187491882110481
3474,5.080686348753303,0.017505853554829018,0.023008963700757265,0.009871711970007668,0.007873489337561542,0.13721456154091538,0.09187205518853694
3475,5.080686348753303,0.017505853075991167,0.023008157148638696,0.009871540839404662,0.007873387493817288,0.13719457227827075,0.0918691928023137
3476,5.080686348753304,0.01750585259736166,0.02300735094745604,0.009871369783261658,0.007873286644848513,0.13717459171308025,0.09186633166153275
3477,5.080686348753303,0.017505852118940346,0.02300654509695529,0.009871198801524768,0.007873186789798014,0.13715462402913867,0.09186347176529265
3478,5.080686348753302,0.017505853129547402,0.023005739596882718,0.009871027894140152,0.00787307984360313,0.13713466083936804,0.09186061311269292
3479,5.080686348753303,0.017505852651325392,0.02300493444698483,0.009870857061054027,0.007872973893129336,0.137114706328186,0.09185775570283396
3480,5.080686348753302,0.01750585217331122,0.023004129647008403,0.009870686302212666,0.007872868937519662,0.1370947829427783,0.0918548995348171
3481,5.080686348753302,0.01750585169550473,0.02300332519670047,0.009870515617562395,0.007872764975918064,0.13707485274461015,0.09185204460774456
3482,5.080686348753302,0.017505851217905783,0.02300252109580831,0.00987034500704959,0.007872662007469423,0.1370549242272857,0.09184919092071947
3483,5.080686348753303,0.01750585074051422,0.023001717344079468,0.009870174470620689,0.007872560031319541,0.1370350043634863,0.09184633847284589
3484,5.080686348753303,0.017505850263329892,0.023000913941261737,0.009870004008222178,0.007872459046615148,0.13701509314696136,0.09184348726322873
3485,5.080686348753303,0.017505849786352654,0.023000110887103166,0.009869833619800603,0.00787235747989349,0.13699519057146667,0.09184063729097387
3486,5.080686348753303,0.017505849309582353,0.022999308181352058,0.009869663305302555,0.007872256903595814,0.13697531623178055,0.09183778855518808
3487,5.080686348753302,0.01750584883301884,0.022998505823756975,0.009869493064674686,0.00787215731687111,0.1369554309167933,0.09183494105497896
3488,5.080686348753303,0.017505848356661968,0.022997706303591384,0.009869322897863705,0.007872058718869293,0.13693558363605982,0.09183209478945512
3489,5.080686348753303,0.017505850935484454,0.022996904641193836,0.009869152804816365,0.007871961108741186,0.13691571555525928,0.09182924975772597
3490,5.080686348753302,0.017505850459097295,0.022996103326199658,0.009869002863286045,0.00787186448563853,0.13689585608436533,0.09182640595890189
3491,5.080686348753302,0.017505849982916516,0.022995302358358432,0.009868832914695052,0.007871768848713982,0.13687606594767188,0.09182356339209412
3492,5.080686348753302,0.01750584950694198,0.022994501737419976,0.009868663039709558,0.007871674197121106,0.136856223669174,0.09182072205641482
3493,5.080686348753301,0.017505849849772378,0.022993701463134366,0.009868493238276535,0.007871580530014384,0.13683638998198566,0.09181788195097702
3494,5.080686348753302,0.017505849374091265,0.022992901535251933,0.009868323510343006,0.007871474309297185,0.13681656487991917,0.09181504307489466
3495,5.080686348753302,0.017505849127230605,0.022992101953523254,0.009868153855856049,0.007871369077235816,0.1367967483567929,0.09181220542728256
3496,5.080686348753302,0.01750584865192792,0.022991302717699162,0.009867984274762796,0.007871262948279067,0.13677694040643157,0.09180936900725643
3497,5.080686348753302,0.017505848176830797,0.022990503827530734,0.009867814767010433,0.00787115780710014,0.13675714102266603,0.09180653381393289
3498,5.080686348753301,0.017505847701939088,0.022989705282769304,0.009867651914640719,0.00787105365285326,0.13673735019933342,0.09180369984642942
3499,5.080686348753302,0.017505847227252645,0.022988907083166452,0.009867504525947065,0.00787095048469356,0.13671758777972304,0.09180086710386441
3500,5.080686348753301,0.01750584675277132,0.02298810922847401,0.009867350066610294,0.007870848301777079,0.13669781405592143,0.09179803558535715
3501,5.080686348753302,0.017505846278494958,0.022987311718444054,0.009867180845421581,0.00787074710326076,0.1366781094832683,0.09179520529002777
3502,5.080686348753302,0.017505845804423423,0.02298651455282892,0.009867011697313185,0.007870646888302458,0.13665835282853273,0.09179237621699735
3503,5.080686348753302,0.01750584533055656,0.022985717731381188,0.009866842622232608,0.007870547656060928,0.1366386047035134,0.09178954836538775
3504,5.080686348753302,0.01750584485689423,0.02298492125385368,0.009866673620127399,0.00787044940569583,0.13661886510208449,0.09178672173432183
3505,5.080686348753302,0.017505844383436275,0.022984125119999477,0.009866504690945167,0.007870352136367722,0.13659915893594113,0.09178389632292326
3506,5.080686348753303,0.01750584391018256,0.0229833293295719,0.00986633583463357,0.007870255847238062,0.1365794363597424,0.09178107213031661
3507,5.080686348753303,0.017505843437132934,0.022982533882324522,0.009866167051140316,0.007870160537469216,0.13655972228879498,0.09177824915562732
3508,5.080686348753302,0.017505842964287244,0.022981738778011154,0.009865998340413172,0.007870066206224437,0.13654001671699764,0.0917754273979817
3509,5.080686348753302,0.017505842491645354,0.02298094401638587,0.009865829702399954,0.007869972852667882,0.1365203196382552,0.09177260685650697
3510,5.080686348753302,0.01750584201920711,0.02298014959720298,0.009865671123883729,0.007869877708247326,0.1365006310464786,0.09176978753033119
3511,5.080686348753302,0.01750584154697237,0.022979355520217043,0.009865502629702155,0.007869783541038186,0.13648095093558496,0.09176696941858331
3512,5.080686348753302,0.017505841074940992,0.02297856178518286,0.009865357423872033,0.007869690350206448,0.13646127929949736,0.09176415252039315
3513,5.080686348753303,0.017505840603112825,0.022977768391855485,0.009865228041470763,0.007869598134918982,0.13644165543704442,0.0917613368348914
3514,5.080686348753302,0.017505840131487718,0.022976975339990206,0.00986505975585071,0.007869506894343565,0.13642201680051796,0.09175852236120964
3515,5.080686348753303,0.017505839660065536,0.022976182629342572,0.009864909208954102,0.00786941662764885,0.1364023705444741,0.0917557090984803
3516,5.080686348753303,0.01750583918884613,0.02297539025966836,0.009864741065551592,0.007869327334004387,0.13638283422137212,0.09175289704583667
3517,5.080686348753303,0.017505838717829347,0.022974598230723606,0.009864574804529026,0.007869222136506435,0.13636330640617544,0.09175008620241293
3518,5.080686348753303,0.01750583824701506,0.022973806542264583,0.009864406805422131,0.00786911698423189,0.13634368545447387,0.0917472765673441
3519,5.080686348753303,0.01750583777640311,0.022973015194047805,0.00986423887851585,0.007869012810172398,0.13632408223262607,0.09174446813976611
3520,5.080686348753303,0.017505837305993355,0.022972224185830035,0.00986409158495015,0.007868909613495583,0.13630447813846755,0.09174166091881569
3521,5.080686348753303,0.017505836835785653,0.022971433517368273,0.009863956803724703,0.00786880739336996,0.13628493819101967,0.09173885490363048
3522,5.080686348753302,0.017505836365779855,0.02297064318841977,0.0098637890854126,0.007868706148964932,0.13626535092364384,0.09173605009334897
3523,5.080686348753302,0.017505835895975826,0.02296985319874201,0.00986362143909826,0.007868605879450782,0.1362457720646489,0.09173324648711052
3524,5.080686348753303,0.017505835426373413,0.022969063548092732,0.009863460894839663,0.007868500995830668,0.13622620160803056,0.09173044408405533
3525,5.080686348753303,0.017505834956972475,0.022968274236229907,0.009863293391357145,0.007868397087842175,0.13620663954779053,0.09172764288332448
3526,5.080686348753304,0.017505834487772872,0.02296748526291175,0.009863125959718737,0.007868295959991984,0.1361870858779364,0.09172484288405987
3527,5.080686348753304,0.017505834788729094,0.022966696627896716,0.009862958599873184,0.007868195805342646,0.1361675405924819,0.0917220440854043
3528,5.080686348753303,0.017505834319821247,0.022965912236349036,0.009862791311769275,0.007868096623067714,0.13614807427669512,0.0917192464865014
3529,5.080686348753304,0.01750583385111435,0.022965124276656403,0.009862624095355856,0.00786799841234161,0.1361285679767597,0.09171645008649566
3530,5.080686348753304,0.01750593530125787,0.022964336654543942,0.00986245695058182,0.007867901172339644,0.13610907157580734,0.09171379214026397
3531,5.080686348753304,0.01750599569688127,0.022963549369771078,0.009862289877396112,0.007867804902238004,0.13608963630643173,0.09171111963490954
3532,5.080686348753304,0.017506044308520773,0.022962762422097466,0.009862122875747727,0.007867709601213751,0.13607018079383215,0.0917084299922699
3533,5.080686348753303,0.017506043810262155,0.022961975811283005,0.009861955945585716,0.007867606629479088,0.13605074466750153,0.09170571567515444
3534,5.080686348753304,0.017506043312216762,0.02296118953708783,0.00986178908685917,0.007867502187590504,0.13603125786275058,0.09170299076467131
3535,5.080686348753304,0.017506042814384434,0.022960403599272317,0.009861622299517245,0.007867398717054462,0.13601180470271063,0.09170020146785848
3536,5.080686348753304,0.01750604231676503,0.022959617997597076,0.00986145558350913,0.007867296217048146,0.13599234063809426,0.09169741336400898
3537,5.080686348753304,0.017506041819358394,0.022958832731822965,0.009861288938784081,0.007867194686749623,0.13597287882128448,0.0916946264522741
3538,5.080686348753304,0.017506041322164375,0.022958047801711068,0.009861135666397203,0.007867097670017534,0.1359534393217494,0.0916918407318059
3539,5.080686348753304,0.017506040825182822,0.022957263207022717,0.009860969162183802,0.007867001619837236,0.13593399413494736,0.09168905620175738
3540,5.080686348753304,0.017506040328413585,0.022956478947519475,0.009860802729102325,0.007866906535390485,0.13591455725528426,0.0916862728612823
3541,5.080686348753304,0.01750603983185651,0.022955695022963147,0.009860636367102231,0.007866812415859908,0.13589512867685663,0.0916834907095353
3542,5.080686348753304,0.017506039335511446,0.022954911433115767,0.009860470076133014,0.007866719260428999,0.13587570839376686,0.09168070974567186
3543,5.080686348753304,0.017506038839378246,0.022954128177739612,0.009860303856144228,0.007866627068282119,0.1358562964001233,0.09167792996884828
3544,5.080686348753304,0.017506038343456758,0.022953345256597188,0.00986013770708547,0.007866523062807483,0.13583689269004007,0.09167515137822171
3545,5.080686348753303,0.01750603784774683,0.02295256266945125,0.009859971628906394,0.007866419101701893,0.13581749725763712,0.09167237397295017
3546,5.080686348753304,0.017506037352248312,0.022951780416064778,0.009859806646663612,0.007866316107278457,0.13579811009704026,0.09166959775219244
3547,5.080686348753304,0.017506036856961064,0.022950998496200987,0.009859640709946767,0.007866214078720849,0.13577873120238118,0.0916668227151082
3548,5.080686348753304,0.01750603636188492,0.022950216909623327,0.009859474843958917,0.007866113015213606,0.1357593787639086,0.09166404886085795
3549,5.080686348753304,0.017506035867019737,0.02294943565609549,0.009859309048649912,0.007866012915942128,0.13574006736843194,0.09166127618860298
3550,5.0806863487533045,0.017506035372365367,0.022948654735381397,0.009859151432164082,0.007865913780092684,0.13572073796022455,0.09165850469750549
3551,5.080686348753304,0.01750603686657653,0.022947874147245202,0.00985899408101042,0.007865815606852398,0.13570139205736387,0.09165592191369656
3552,5.080686348753304,0.017506036372059948,0.022947093891451296,0.00985882849509894,0.007865711952694015,0.13568205439119202,0.09165332695237428
3553,5.080686348753304,0.017506035877753855,0.0229463139677643,0.009858662979667199,0.007865609262263892,0.1356627249558755,0.0916507161570469
3554,5.080686348753304,0.017506035383658098,0.022945534375949064,0.009858497534665295,0.007865507534749796,0.13564349640420642,0.09164804201702842
3555,5.080686348753303,0.01750603726843247,0.022944755115770682,0.009858332160043375,0.007865406769340343,0.13562426051165843,0.0916453640108776
3556,5.080686348753304,0.017506036774418362,0.022943976186994473,0.009858166855751638,0.00786530696522502,0.135605012214998,0.09164266759047844
3557,5.080686348753303,0.017506036280614284,0.022943197589385993,0.009858001621740326,0.007865203530043077,0.1355857160503967,0.0916399619630848
3558,5.080686348753304,0.017506035787020098,0.022942419322711027,0.009857836457959736,0.007865101056488374,0.13556642764981325,0.09163724656023223
3559,5.080686348753303,0.017506035293635643,0.022941641386735583,0.009857671364360209,0.007864999543751581,0.1355471474452186,0.09163452318365257
3560,5.080686348753303,0.01750603553590445,0.022940863781225916,0.009857506340892143,0.007864898991024221,0.1355278754308195,0.09163179015533035
3561,5.080686348753303,0.017506035042834493,0.022940086505948504,0.009857360869487802,0.007864799397498668,0.13550861160082844,0.09162903146892
3562,5.080686348753302,0.01750603454997387,0.022939309560670057,0.009857195983365655,0.007864700762368153,0.13548941850849447,0.0916262739537339
3563,5.080686348753302,0.017506034057322435,0.022938532945157512,0.009857031167227616,0.007864603084826758,0.13547026144966245,0.09162351760894488
3564,5.080686348753302,0.017506033564880043,0.022937756659178046,0.009856866421024268,0.007864506364069412,0.13545114887413137,0.0916207624337266
3565,5.080686348753302,0.01750603307264655,0.02293698070249905,0.009856701744706256,0.007864410599291896,0.13543191768429771,0.09161800842725351
3566,5.080686348753302,0.0175060325806218,0.022936205074888163,0.009856539886795397,0.007864315789690839,0.13541269465003683,0.0916152555887009
3567,5.080686348753303,0.017506032088805648,0.022935429776113236,0.009856375349710131,0.007864212786906076,0.13539347976559538,0.09161250391724485
3568,5.080686348753303,0.01750603159719795,0.022934654932474756,0.009856210882362566,0.007864110741570684,0.13537427302522573,0.09160975341206225
3569,5.080686348753304,0.01750603110579856,0.022933880290658307,0.009856046484703531,0.007864009652881098,0.13535507442318584,0.09160700407233084
3570,5.080686348753304,0.017506030614607322,0.022933105976982775,0.009855882156683905,0.007863909520034596,0.13533588395373936,0.09160425589722912
3571,5.080686348753304,0.0175060301236241,0.022932331991216935,0.009855717898254618,0.007863810342229301,0.13531670161115564,0.09160150888593645
3572,5.080686348753304,0.01750602963284874,0.022931558333129792,0.009855553709366647,0.007863712118664183,0.1352975273897096,0.09159876303763295
3573,5.0806863487533045,0.017506029142281103,0.022930785002490572,0.009855389589971012,0.007863609375420137,0.13527836128368184,0.09159601835149961
3574,5.0806863487533045,0.017506028651921038,0.022930011999068727,0.00985522554001879,0.007863507587132558,0.13525920328735858,0.09159327482671814
3575,5.0806863487533045,0.017506028161768397,0.022929239322633948,0.009855061559461104,0.00786340675300131,0.13524005553969318,0.09159053246247112
3576,5.0806863487533045,0.01750603097148177,0.02292846697295614,0.009854897648249119,0.0078633068722271,0.13522094298336693,0.09158779169925618
3577,5.080686348753304,0.017506030481276646,0.022927694949805438,0.009854733806334054,0.007863207838001705,0.13520183065307115,0.09158505165356655
3578,5.080686348753304,0.017506029991278708,0.022926923252952203,0.009854570033667175,0.007863105310546074,0.13518270503107815,0.09158231276596393
3579,5.080686348753303,0.01750602950148781,0.022926151882167026,0.009854406330199794,0.007863003735977583,0.13516358749030818,0.09157957503563406
3580,5.080686348753303,0.017506029011903807,0.02292538083722072,0.009854242695883272,0.007862903113498946,0.13514447802508117,0.09157683846176357
3581,5.080686348753303,0.017506028522526553,0.02292461011788432,0.009854079130669017,0.007862803442313703,0.1351254382660786,0.09157410304353977
3582,5.080686348753303,0.017506028033355908,0.022923839723929095,0.00985391563450849,0.00786270472162624,0.13510634492621007,0.09157136878015089
3583,5.080686348753303,0.017506027544391716,0.02292306965512653,0.009853758916609967,0.007862606950641771,0.1350873195720143,0.09156863567078588
3584,5.080686348753303,0.017506027055633845,0.022922299911248337,0.009853595557463958,0.007862510128566348,0.13506824233510428,0.09156590371463452
3585,5.080686348753303,0.017506028159954966,0.022921530492066456,0.00985343226722673,0.007862414254606855,0.13504919810244692,0.09156317291088735
3586,5.080686348753304,0.017506027671384466,0.022920761397353044,0.009853269045849931,0.007862319327971004,0.13503013695083385,0.09156044325873576
3587,5.080686348753304,0.01750602718301994,0.022919992626880485,0.00985310589328525,0.007862225347867343,0.13501116866541282,0.09155771475737186
3588,5.080686348753304,0.017506026694861242,0.022919224180421385,0.00985296151739241,0.007862125913314453,0.13499212356809098,0.09155498740598861
3589,5.080686348753304,0.017506026206908235,0.02291845605774858,0.00985279849966899,0.007862027426410066,0.13497314135004057,0.09155226120377977
3590,5.0806863487533045,0.017506025719160767,0.022917688258635122,0.009852635550614167,0.00786192988636332,0.13495414507386955,0.09154953614993985
3591,5.080686348753304,0.0175060252316187,0.022916920782854282,0.009852480604470382,0.00786182791245477,0.1349351240213857,0.09154681224366415
3592,5.0806863487533045,0.017506024744281888,0.02291615363017956,0.00985231779149047,0.007861728618603289,0.13491611182490162,0.0915440894841488
3593,5.080686348753304,0.017506024257150185,0.022915386800384678,0.009852155047035417,0.00786162673015491,0.1348971067823576,0.09154136787059067
3594,5.0806863487533045,0.01750602377022345,0.022914620293243575,0.009851992371057246,0.007861525788431871,0.13487810973643666,0.09153864740218742
3595,5.0806863487533045,0.01750602328350154,0.02291385410853041,0.009851829763508029,0.007861423985568059,0.13485912068154157,0.09153592807813755
3596,5.0806863487533045,0.017506022796984308,0.022913088246019574,0.009851667224339881,0.007861325299906087,0.13484015902098667,0.09153320989764031
3597,5.0806863487533045,0.017506022310671613,0.022912322705485665,0.009851504753504966,0.007861227558451953,0.13482118592864287,0.0915304928598957
3598,5.0806863487533045,0.017506021824563314,0.02291155748670351,0.009851342350955496,0.007861125882939525,0.13480222081056756,0.09152777696410455
3599,5.080686348753305,0.017506021338659267,0.022910792589448156,0.00985118001664373,0.007861025152112629,0.13478332872024118,0.09152506220946846
3600,5.080686348753305,0.017506023214404892,0.022910028013494864,0.009851017750521971,0.007860925365185206,0.13476437952483578,0.0915223485951898
3601,5.080686348753305,0.017506022728577014,0.022909263758619125,0.009850855552542571,0.007860826521372022,0.13474543828699326,0.09151963612047172
3602,5.080686348753306,0.017506022242953098,0.022908499824596636,0.00985070332957765,0.007860728619888659,0.13472650500115466,0.09151692478451816
3603,5.080686348753306,0.017506021757533005,0.022907736211203324,0.009850541266348559,0.007860627156420174,0.13470764631952523,0.09151421458653383
3604,5.080686348753305,0.017506021272316586,0.022906972918215328,0.00985037927111974,0.007860526635604773,0.13468878505804233,0.09151150552572422
3605,5.080686348753306,0.017506020787303705,0.022906209945409005,0.009850217343843734,0.007860427056659179,0.13466987690794202,0.09150879760129559
3606,5.080686348753305,0.017506020302494218,0.022905447292560943,0.00985005548447312,0.007860325720442167,0.13465102792041433,0.09150609081245495
3607,5.080686348753305,0.017506019817887984,0.022904688069840435,0.00984989369296053,0.007860224426709415,0.13463213428661377,0.09150338515841017
3608,5.080686348753305,0.017506019333484855,0.022903926055803173,0.009849731969258637,0.007860124230288873,0.13461324857158768,0.09150068063836979
3609,5.080686348753305,0.0175060188492847,0.022903164361055398,0.009849570313320165,0.007860024974053876,0.13459437076981498,0.09149797725154318
3610,5.080686348753305,0.01750601836528737,0.02290240298537455,0.00984940872509788,0.007859926657224214,0.1345755503039674,0.09149527499714048
3611,5.0806863487533045,0.017506017881492725,0.0229016419285383,0.009849247204544595,0.007859829279020484,0.13455675908134074,0.09149257387437258
3612,5.080686348753304,0.017506017397900624,0.022900881190324525,0.009849105415652832,0.007859732838664098,0.13453797102049087,0.09148987388245114
3613,5.080686348753304,0.017506016914510928,0.02290012077051133,0.009848955612695352,0.007859637335377277,0.13451917445083483,0.09148717502058859
3614,5.080686348753304,0.017506016431323494,0.022899360668877027,0.009848794290490593,0.007859545771391427,0.1345004435021063,0.09148447728799816
3615,5.080686348753304,0.017506015948338182,0.02289860088520015,0.009848633426853753,0.007859455141665828,0.13448179473752875,0.09148178068389377
3616,5.080686348753304,0.017506015465554848,0.02289784141925944,0.009848472239512386,0.007859365445425997,0.13446318491433149,0.09147908520749018
3617,5.080686348753304,0.017506014982973356,0.022897082270833858,0.009848311119559717,0.007859264567809034,0.13444446145118988,0.0914763908580029
3618,5.080686348753303,0.017506014500593563,0.02289632343970259,0.009848150066948875,0.007859164627194512,0.13442565450518618,0.09147369763464817
3619,5.080686348753303,0.017506014018415336,0.02289556492564502,0.00984799019496174,0.007859066137073182,0.13440685541756847,0.09147100553664302
3620,5.080686348753304,0.017506013536438526,0.02289480672844075,0.009847829634259491,0.0078589685821891,0.13438810478518284,0.09146831456320523
3621,5.080686348753304,0.01750601305466299,0.022894048847869605,0.009847668783187833,0.007858871961768437,0.13436932753539665,0.09146562471355331
3622,5.080686348753303,0.017506012573088602,0.02289329128371162,0.009847532385623105,0.007858776275038169,0.1343505519836535,0.09146293598690661
3623,5.080686348753303,0.01750601209171521,0.02289253403574704,0.009847409763042232,0.007858681521226072,0.13433182677513195,0.09146024838248518
3624,5.080686348753302,0.01750601161054268,0.022891777103756325,0.00984727824138917,0.007858580935155273,0.13431309503800481,0.09145756189950982
3625,5.080686348753303,0.017506011129570873,0.022891020487520154,0.009847117645867556,0.00785848128328238,0.13429446078985202,0.09145487653720212
3626,5.080686348753303,0.017506010648799645,0.02289026418681941,0.009846967863435054,0.007858382564835616,0.13427581579247483,0.0914521922947844
3627,5.080686348753303,0.01750601016822886,0.022889508201435198,0.009846807400315391,0.007858284779044001,0.13425707932908554,0.09144950917147976
3628,5.080686348753303,0.01750600968785838,0.02288875253114882,0.009846666605808515,0.007858187925137356,0.134238365926565,0.09144682716651203
3629,5.080686348753303,0.017506009207688068,0.022887997175741814,0.009846525322092726,0.007858092002346296,0.13421967924499886,0.0914441462791058
3630,5.080686348753303,0.01750600872771778,0.022887242134995902,0.009846365054090802,0.007857997009902239,0.13420101327109937,0.0914414665084864
3631,5.080686348753303,0.017506008247947378,0.022886487408693038,0.00984620485283383,0.007857902947037395,0.13418233003161734,0.09143878785387995
3632,5.080686348753304,0.017506007768376727,0.022885732996615383,0.009846044718275574,0.00785780269235372,0.13416363254479646,0.09143611031451328
3633,5.080686348753304,0.017506007289005688,0.0228849788985453,0.009845884650369834,0.00785770336867987,0.13414499668702778,0.09143343388961397
3634,5.080686348753304,0.017506006809834117,0.022884225114265376,0.009845740727243138,0.007857604975248388,0.13412641244594917,0.09143075857841039
3635,5.0806863487533045,0.017506006330861888,0.0228834716435584,0.009845580790265492,0.00785750751129261,0.13410782162725607,0.09142808438013161
3636,5.0806863487533045,0.017506005852088852,0.022882718486207376,0.0098454337829543,0.00785741097604666,0.13408928896064912,0.09142541129400746
3637,5.0806863487533045,0.017506005373514873,0.02288196564199551,0.00984527397717098,0.00785731536874546,0.13407070902680351,0.09142273931926852
3638,5.0806863487533045,0.01750600489513982,0.02288121311070623,0.009845114237811543,0.00785722068862472,0.13405215819404945,0.09142006845514615
3639,5.0806863487533045,0.017506004416963542,0.022880460892123155,0.009844954564830066,0.007857120722843442,0.1340335149950801,0.09141739870087234
3640,5.0806863487533045,0.017506003938985916,0.022879708986030138,0.009844805927599098,0.007857021685297061,0.13401487954095292,0.09141473005567997
3641,5.0806863487533045,0.017506003461206794,0.022878957392211217,0.00984467798594477,0.007856923575221872,0.13399625736450735,0.09141206251880257
3642,5.0806863487533045,0.01750600298362605,0.022878206110450654,0.009844518505906815,0.007856826391854956,0.1339777306181575,0.09140939608947443
3643,5.080686348753304,0.017506002506243536,0.022877455140532913,0.00984437225300839,0.007856730134434182,0.1339591590800314,0.09140673076693057
3644,5.080686348753304,0.017506002029059123,0.022876704482242674,0.00984421290349119,0.007856634802198205,0.1339405545324305,0.09140406655040678
3645,5.080686348753303,0.01750600155207267,0.02287595413536481,0.009844053620080515,0.007856540394386467,0.1339219726594874,0.09140140343913956
3646,5.080686348753303,0.01750600107528404,0.022875204099684417,0.009843906556162895,0.007856446910239193,0.13390345518352184,0.09139874143236613
3647,5.080686348753303,0.01750600361529963,0.022874454374986787,0.009843747403141954,0.00785634954734532,0.13388488988632974,0.09139608249157526
3648,5.080686348753302,0.017506003138487748,0.02287370496105743,0.00984358831609151,0.007856253108589045,0.1338663161651057,0.09139342269123192
3649,5.080686348753302,0.017506002661873455,0.02287295585768205,0.009843429294966068,0.007856157593211567,0.13384775014075365,0.09139076399309867
3650,5.080686348753303,0.01750600218545662,0.02287220706464657,0.009843271123857031,0.007856062545653027,0.13382919180796762,0.0913881063964157
3651,5.080686348753303,0.017506001709237096,0.022871458581737114,0.009843112234336612,0.007855968420146393,0.13381064116144692,0.09138544990042388
3652,5.080686348753302,0.017506001233214753,0.022870710408740006,0.009842953410605038,0.00785587521593508,0.13379209819589583,0.09138279450436489
3653,5.080686348753303,0.01750600213343475,0.02286996254544179,0.009842794652616992,0.007855782932263279,0.1337735629060238,0.09138014020748111
3654,5.080686348753302,0.017506001657615778,0.0228692149916292,0.009842635960327204,0.007855691568375959,0.13375504162954668,0.09137748700901563
3655,5.080686348753302,0.01750600118199366,0.022868467747089186,0.009842477333690447,0.007855601123518867,0.13373652167430317,0.09137483490821231
3656,5.080686348753302,0.01750600070656826,0.0228677208116089,0.009842318772661535,0.007855511596938525,0.1337180235435977,0.09137218390431569
3657,5.080686348753302,0.01750600023133944,0.022866974184975696,0.00984216027719533,0.007855422987882232,0.13369954288910968,0.09136953399657108
3658,5.080686348753302,0.01750599975630707,0.022866227866977142,0.009842011139827408,0.007855335295598056,0.13368104740686262,0.09136688518422448
3659,5.080686348753302,0.01750599928147101,0.022865481857400994,0.009841852774066118,0.007855249571940216,0.13366255805388572,0.09136423746652267
3660,5.080686348753302,0.017505998806831125,0.02286473615603523,0.009841694473732902,0.007855164763118075,0.13364407633969883,0.09136159084271309
3661,5.080686348753302,0.017505998332387283,0.02286399076266802,0.009841536238782795,0.007855080868382321,0.13362564265810023,0.09135894531204392
3662,5.080686348753302,0.017505997858139347,0.022863245677087737,0.00984139462089323,0.007854998642569642,0.13360721673643242,0.09135630087376408
3663,5.080686348753302,0.01750599738408718,0.02286250089908297,0.009841236514287869,0.007854917329035118,0.13358883252020984,0.09135365752712321
3664,5.080686348753301,0.017505996910230654,0.022861756428442494,0.00984109768109382,0.007854828347551242,0.1335704867375496,0.09135101527137168
3665,5.080686348753301,0.01750599643656963,0.0228610122649553,0.009840939702290188,0.007854740280392422,0.13355207116857012,0.09134837410576055
3666,5.080686348753301,0.017505998383220474,0.022860268408410583,0.009840795705739746,0.007854653126810959,0.1335336677883413,0.09134573402954163
3667,5.080686348753301,0.017505998389694775,0.022859524858597723,0.009840637855292675,0.00785455428327022,0.13351523935458293,0.09134309504196741
3668,5.080686348753301,0.01750599791621937,0.022858781615306318,0.009840480069917973,0.007854456357009137,0.13349681851777395,0.09134045714229114
3669,5.080686348753302,0.017505997442939094,0.022858038678326156,0.009840322349571017,0.00785435934727876,0.13347840527270458,0.09133782032976674
3670,5.080686348753302,0.01750599696985382,0.022857296047447247,0.009840164694207223,0.007854260625533687,0.13345999961417004,0.09133518460364891
3671,5.080686348753302,0.017505996496963414,0.022856553722459785,0.009840007103782054,0.007854162819906103,0.1334416817136452,0.09133254996319298
3672,5.080686348753302,0.017505996024267736,0.022855811703154164,0.00983984957825101,0.007854065929648607,0.13342342790951567,0.09132991640765509
3673,5.080686348753302,0.017505995551766653,0.022855069989320985,0.009839692117569639,0.007853969954014564,0.13340519190586297,0.091327283936292
3674,5.080686348753302,0.01750599507946004,0.022854328580751048,0.009839534721693528,0.007853874892258108,0.1333869413601469,0.09132465254836122
3675,5.080686348753303,0.017505994607347752,0.022853587477235357,0.009839382716264741,0.007853780743634131,0.13336872553471915,0.09132202224312101
3676,5.080686348753302,0.017505994135429668,0.02285284667856511,0.00983922544913292,0.007853687507398288,0.13335050104961166,0.0913193930198303
3677,5.080686348753302,0.01750599366370565,0.022852106184531713,0.009839068246673683,0.00785359627965184,0.13333245261210014,0.09131676487774873
3678,5.080686348753302,0.017505993192175565,0.022851365994926758,0.009838911108842786,0.00785350596235619,0.1333143137424737,0.09131413781613663
3679,5.080686348753302,0.017505992720839282,0.02285062610954205,0.009838754035596031,0.007853416554769585,0.13329609568141967,0.09131151183425512
3680,5.080686348753303,0.017505992249696664,0.022849886528169595,0.009838597026889257,0.00785331823255316,0.13327793968017942,0.0913088869313659
3681,5.080686348753303,0.01750599177874758,0.022849147250601574,0.009838452624311001,0.007853220822599871,0.13325981202673037,0.0913062631067315
3682,5.080686348753302,0.0175059913079919,0.022848408276630393,0.009838295742828166,0.007853122581013406,0.13324156225753406,0.09130364035961505
3683,5.080686348753303,0.017505990837429493,0.022847669606048646,0.009838138925753803,0.007853024379760513,0.13322325449966166,0.09130101868928045
3684,5.080686348753302,0.01750599036706022,0.022846931238649126,0.009837982173043922,0.007852926218813642,0.13320495425608173,0.09129839809499228
3685,5.080686348753303,0.017505989896883963,0.022846193174224823,0.00983783892131267,0.007852828968594806,0.13318666152166359,0.09129577857601585
3686,5.080686348753303,0.017505989426900577,0.02284545541256892,0.009837682295355232,0.007852732628363808,0.13316837629128145,0.09129316013161713
3687,5.080686348753304,0.017505988957109933,0.022844717953474813,0.009837526651561014,0.007852637197381215,0.1331500985598145,0.09129054276106283
3688,5.080686348753304,0.017506014866402655,0.022843980796736083,0.009837370153900847,0.00785254267490834,0.13313182832214665,0.09128809926813901
3689,5.080686348753304,0.017506014393378504,0.022843243942146506,0.009837213720386649,0.007852449060207259,0.13311356557316686,0.09128559664331884
3690,5.080686348753303,0.017506013920548187,0.022842507389500055,0.009837057350974685,0.007852351138730868,0.1330954051201403,0.09128306527674893
3691,5.080686348753303,0.01750601344791157,0.022841771138590906,0.009836901045621257,0.007852254125688561,0.13307718394028137,0.09128051728305064
3692,5.080686348753303,0.01750601579415567,0.022841035189213432,0.009836744804282711,0.007852158020343208,0.13305894534624316,0.09127795748580249
3693,5.080686348753303,0.017506015321519817,0.022840299541162193,0.009836588626915433,0.007852062821958423,0.13304076143429414,0.09127535784474985
3694,5.080686348753303,0.017506014849077427,0.022839564194231953,0.00983643251347585,0.007851968529798576,0.13302263530934685,0.09127274790257556
3695,5.080686348753302,0.017506014376828364,0.022838829372017058,0.009836276463920433,0.007851875143128786,0.13300443791956512,0.09127013902843215
3696,5.080686348753303,0.017506013904772508,0.022838094626683236,0.009836120646772539,0.007851782661214914,0.13298622796198775,0.09126753122159258
3697,5.080686348753303,0.017506013432909716,0.022837363102226428,0.009835964724831952,0.007851691226851091,0.13296802489907553,0.09126492448133047
3698,5.080686348753303,0.01750601296123986,0.022836628957301448,0.009835823470515325,0.00785160069571847,0.1329498292790863,0.09126231880692014
3699,5.080686348753303,0.01750601248976281,0.022835895112474375,0.009835667674041156,0.00785151106708519,0.13293164109695746,0.09125971419763661
3700,5.080686348753303,0.017506012018478435,0.022835161567541135,0.009835511941234946,0.007851422404884846,0.1329135059518786,0.09125711065275556
3701,5.080686348753303,0.017506011547386603,0.022834428322297855,0.00983535627205341,0.007851334643695942,0.1328953326240663,0.09125450817155342
3702,5.080686348753303,0.017506011076487187,0.02283369537654085,0.009835200666453308,0.007851247782788864,0.13287719899946895,0.09125190675330724
3703,5.080686348753303,0.017506010605780047,0.022832962730066637,0.009835045124391439,0.007851161821434739,0.13285908222623857,0.0912493063972948
3704,5.080686348753303,0.01750601013526506,0.022832230382671917,0.00983488964582464,0.00785107675890544,0.13284093114130324,0.09124670710279453
3705,5.080686348753303,0.017506009664942094,0.02283149896363339,0.009834734230709796,0.007850992594473576,0.13282278746395998,0.09124410886908559
3706,5.080686348753302,0.017506009194811017,0.02283076721370259,0.009834598794844237,0.007850909327412493,0.13280465118917975,0.09124151169544778
3707,5.080686348753302,0.0175060087248717,0.022830035762242587,0.009834447910441422,0.007850812067873067,0.13278657162480376,0.09123891558116162
3708,5.080686348753303,0.017506008255124016,0.022829304609050863,0.009834292682105195,0.007850715710324752,0.13276850263648055,0.09123632052550831
3709,5.080686348753303,0.01750600778556783,0.022828573753925083,0.00983413751705021,0.007850618529960962,0.13275041253819173,0.0912337265277697
3710,5.080686348753303,0.01750601032233847,0.02282786597550044,0.009833982415233547,0.0078507686377841,0.13273232891893022,0.09123121368960925
3711,5.080686348753303,0.01750600985275498,0.022827135712794197,0.009833827376612333,0.007850919545727942,0.1327142539856685,0.09122868144146652
3712,5.080686348753303,0.017506009383362765,0.02282640574754932,0.009833672401143734,0.007851071253133706,0.13269616199729703,0.09122612581872572
3713,5.080686348753303,0.0175060089141617,0.022825676079564237,0.009833517488784959,0.007851223759343282,0.1326781194885633,0.09122353602163583
3714,5.080686348753303,0.01750600844515165,0.022824946708637574,0.00983336263949325,0.007851377063699231,0.13266004222446812,0.09122094727888991
3715,5.080686348753303,0.01750600797633249,0.022824217634568145,0.009833207853225896,0.007851531165544783,0.13264197703182687,0.09121835958977387
3716,5.080686348753302,0.017506007507704095,0.02282348885715496,0.009833053129940227,0.007851686301897563,0.13262391447716318,0.09121577295357436
3717,5.080686348753302,0.017506007039266327,0.022822760376197213,0.009832910134847644,0.007851842234331732,0.13260585927006874,0.09121318736957866
3718,5.080686348753302,0.017506006571019063,0.022822032191494285,0.009832755535809827,0.007851998962192588,0.1325878114055714,0.09121060283707472
3719,5.080686348753302,0.01750600610296217,0.022821304302845756,0.009832600999626564,0.007852088952928807,0.13256977087870375,0.09120801935535117
3720,5.080686348753302,0.017506007811401835,0.02282057671005139,0.009832446526255345,0.007852179765233008,0.13255176191930224,0.09120543692369733
3721,5.080686348753302,0.017506007343429345,0.022819849412911146,0.009832292115653698,0.00785227139843393,0.1325337360495146,0.09120285554140319
3722,5.080686348753301,0.017506006875646962,0.022819122411225166,0.009832137767779192,0.00785236385186099,0.13251575068919194,0.0912002752077594
3723,5.080686348753301,0.017506006408054556,0.022818395704793784,0.009831983482589438,0.007852415448743832,0.1324977394554585,0.0911976959220573
3724,5.080686348753301,0.017506005940652,0.022817669293417515,0.009831829260042082,0.007852467881434896,0.13247978576777858,0.09119511768358889
3725,5.080686348753301,0.017506005473439168,0.022816943176897076,0.009831675100094818,0.00785252114925421,0.13246194505581166,0.0911925404916468
3726,5.080686348753301,0.01750600500641593,0.022816219927950857,0.009831521002705368,0.00785257525152249,0.1324441196518497,0.09118996434552439
3727,5.080686348753301,0.017506004539582155,0.022815494400195625,0.009831366967831507,0.007852630187561148,0.13242639545612153,0.09118738924451562
3728,5.080686348753301,0.01750600407293772,0.022814769166699618,0.009831228007970583,0.007852679299927692,0.13240874222835336,0.0911848151879152
3729,5.080686348753301,0.017506003606482495,0.022814044227264307,0.009831099290770353,0.007852729247408602,0.1323909772678434,0.09118224217501844
3730,5.080686348753301,0.017506003140216355,0.022813319581691326,0.009830957693998818,0.00785278128625607,0.13237318718882557,0.09117967020512134
3731,5.0806863487533,0.01750600267413917,0.022812595229782524,0.00983080390165146,0.00785283415835251,0.13235545917505925,0.09117709927752056
3732,5.0806863487533,0.017506002208250812,0.022811871171339915,0.009830663377309638,0.007852887863021275,0.13233766746579578,0.09117452939151342
3733,5.0806863487533,0.017506001742551156,0.022811147406165713,0.009830509707746059,0.00785294239958641,0.13231991284914382,0.09117196054639791
3734,5.0806863487533,0.01750600127704007,0.02281042393406231,0.009830356100407167,0.007852997767372645,0.13230199547412663,0.09116939274147268
3735,5.080686348753301,0.017506000811717437,0.022809700754832293,0.009830202555251048,0.007853053965705384,0.1322840714126689,0.09116682597603704
3736,5.080686348753301,0.017506002256073884,0.022808977868278422,0.009830049072235824,0.007853106129627538,0.13226615460521557,0.09116426024939094
3737,5.080686348753301,0.0175060017908692,0.02280825527420366,0.00982989565131966,0.007853159124717143,0.13224827640769254,0.091161695560835
3738,5.080686348753301,0.017506001325852696,0.02280753297241114,0.009829742292460756,0.007853212950300326,0.1322303740893559,0.09115913190967055
3739,5.080686348753301,0.01750600086102423,0.022806810962704187,0.009829588995617356,0.007853267605703897,0.13221255814805638,0.09115656929519951
3740,5.080686348753302,0.01750600039638368,0.02280608924488631,0.009829435760747742,0.007853323090255339,0.13219479679574445,0.09115400771672447
3741,5.080686348753303,0.017505999931930923,0.022805367818761208,0.009829282587810234,0.00785337940328282,0.13217711578528357,0.09115144717354869
3742,5.080686348753303,0.01750599946766583,0.022804646684132755,0.00982912947676319,0.007853436544115177,0.13215936503629108,0.09114888766497609
3743,5.080686348753303,0.017505999003588284,0.02280392584080502,0.009828976427565009,0.007853494512081937,0.13214162999309417,0.09114632919031122
3744,5.080686348753303,0.017505998539698142,0.022803205288582235,0.009828823440174128,0.007853553390892836,0.13212387563300723,0.09114377174885932
3745,5.080686348753303,0.01750599919809761,0.02280248502726885,0.00982867051454903,0.007853613095465136,0.13210614565364623,0.09114121533992624
3746,5.080686348753303,0.017505998734430345,0.022801765056669473,0.009828517650648223,0.007853673625130404,0.13208836216905862,0.09113865996281852
3747,5.080686348753302,0.017505998270950177,0.022801045376588898,0.009828389046123698,0.00785373497922088,0.1320705743381055,0.09113610561684334
3748,5.080686348753302,0.017505997807656982,0.022800325986832116,0.009828246356148655,0.007853783738104855,0.132052753948904,0.09113355230130851
3749,5.080686348753302,0.017505997344550633,0.022799606887204282,0.009828093672549743,0.00785383332549239,0.13203502397443584,0.09113100001552252
3750,5.080686348753302,0.017505996881631004,0.022798888077510755,0.009827941050511442,0.007853884011538696,0.13201735944051038,0.09112844875879449
3751,5.080686348753302,0.017505996418897968,0.022798169557557056,0.009827788489992462,0.007853935524641323,0.13199976325017534,0.09112589853043418
3752,5.080686348753302,0.017505995956351404,0.022797451327148905,0.00982763599095155,0.007853987864132318,0.13198210774414734,0.09112334932975204
3753,5.080686348753302,0.017505998448407088,0.02279673338609219,0.009827483553347493,0.007854041029344396,0.1319644141964917,0.09112080115605911
3754,5.080686348753302,0.017506000700851225,0.022796016654131033,0.009827347365268909,0.007854095019610945,0.1319467288922167,0.09111825400866713
3755,5.080686348753302,0.017506000238099402,0.022795299291071647,0.009827195048233683,0.007854149834266024,0.1319289877646129,0.09111570788688843
3756,5.080686348753302,0.017506002296522508,0.02279458221678253,0.00982704279251278,0.007854205472644362,0.1319112624172208,0.09111316279003602
3757,5.080686348753302,0.017506001833803592,0.022793865431070297,0.009826893739384269,0.007854261934081352,0.13189355901571578,0.09111061871742354
3758,5.080686348753301,0.017506001371270837,0.02279314893374175,0.00982674160574591,0.00785431921791306,0.13187591102282317,0.0911080756683653
3759,5.080686348753301,0.017506000908924124,0.022792432724603878,0.009826589533298982,0.007854377323476215,0.13185819705578367,0.09110553364217622
3760,5.080686348753301,0.017506000446763332,0.022791716803463844,0.009826453771182546,0.007854436250108213,0.13184045573004968,0.09110299263817186
3761,5.080686348753302,0.017505999984788325,0.022791001170128992,0.009826301818809575,0.007854495997147116,0.13182277646096757,0.09110045265566845
3762,5.080686348753302,0.017505999648924568,0.022790285824406845,0.009826149927506194,0.007854556851622367,0.131805046261037,0.09109791369398282
3763,5.080686348753302,0.01750599918730384,0.02278957076610511,0.009825998097231569,0.007854618525067046,0.13178732318496442,0.09109537575243248
3764,5.080686348753301,0.017505998725868544,0.02278885599503167,0.00982584632794491,0.007854647849017586,0.13176960722798817,0.09109283883033556
3765,5.080686348753301,0.017505998264618548,0.022788141510994588,0.009825711987308602,0.007854678003937934,0.13175189950295096,0.09109030292701081
3766,5.080686348753302,0.017505997803553726,0.022787427313802112,0.009825560337542186,0.007854708989160644,0.13173419776975,0.09108776804177765
3767,5.080686348753302,0.017505997342673964,0.022786713403262663,0.009825408748642522,0.007854740804018935,0.13171650314138708,0.09108523417395611
3768,5.080686348753302,0.01750599688197913,0.02278599977918484,0.009825257220568972,0.0078547734478467,0.13169881561311828,0.09108270132286686
3769,5.080686348753302,0.017505996421469106,0.02278528644137742,0.009825105753280931,0.007854806919978492,0.13168113518020413,0.09108016948783121
3770,5.080686348753302,0.017505995961143765,0.022784573389649367,0.009824954346737833,0.007854841219749534,0.1316634618379096,0.0910776386681711
3771,5.080686348753302,0.017505995501002986,0.02278386062380982,0.009824819023839255,0.007854876346495713,0.13164581199750716,0.0910751088632091
3772,5.080686348753302,0.01750599504104664,0.022783148143668087,0.009824667736515162,0.00785482984202621,0.13162815282006227,0.09107258007226843
3773,5.080686348753301,0.017505994581274616,0.022782435949033668,0.009824520604690697,0.007854784196248254,0.1316105007190592,0.09107005229467291
3774,5.080686348753301,0.01750599412168678,0.02278172403971623,0.009824369438025865,0.00785473940847769,0.1315929019028916,0.091067525529747
3775,5.080686348753301,0.017505993662283014,0.02278101241552562,0.0098242183319048,0.007854695478031054,0.13157528218186862,0.09106499977681583
3776,5.080686348753301,0.0175059932030632,0.02278030107627187,0.009824067286287165,0.007854652404225558,0.13155765127326732,0.0910624750352051
3777,5.080686348753301,0.017505992744027206,0.022779590021765172,0.00982392789381586,0.007854556456450296,0.131540027422268,0.09105995130424119
3778,5.0806863487533,0.017505992285174916,0.02277887925181591,0.009823776967531636,0.007854461385454863,0.13152241062417083,0.09105742858325105
3779,5.0806863487533,0.017505991826506206,0.022778168766234643,0.009823626101630668,0.00785436551433661,0.13150487714622988,0.09105490687156233
3780,5.080686348753301,0.017505991368020953,0.022777458564832098,0.009823475296072767,0.007854270519279198,0.1314873406619858,0.09105238616850321
3781,5.0806863487533,0.017505990909719032,0.02277674864741918,0.009823324550817782,0.007854176399588499,0.13146984999568057,0.09104986647340259
3782,5.0806863487533,0.01750599045160033,0.02277603901380698,0.009823173865825596,0.007854083154571078,0.13145226132916973,0.09104734778558994
3783,5.080686348753299,0.017505989993664716,0.022775329663806756,0.009823023241056134,0.007853990783534185,0.13143467969214054,0.09104483010439537
3784,5.080686348753299,0.01750598953591207,0.022774620597229945,0.009822872676469353,0.007853899285785766,0.13141710507991933,0.09104231342914963
3785,5.080686348753299,0.017505990659866282,0.022773911813888152,0.009822722172025252,0.007853808660634445,0.1313995374878367,0.09103979775918404
3786,5.080686348753299,0.017505990202267854,0.022773203313593168,0.009822586869481176,0.007853718907389538,0.13138198866892112,0.0910372830938306
3787,5.080686348753299,0.017505989744852114,0.02277249509615695,0.009822452827248716,0.007853630025361047,0.13136443510155418,0.09103476943242189
3788,5.080686348753298,0.017505989287618946,0.022771787161391634,0.009822302498787659,0.00785354201385966,0.13134700070096167,0.09103225677429114
3789,5.080686348753299,0.017505988830568225,0.02277107950910953,0.00982215223031132,0.007853454872196743,0.13132960813029934,0.09102974511877217
3790,5.080686348753299,0.017505988373699828,0.02277037213912312,0.009822002021779878,0.00785335944579178,0.1313120755328558,0.09102723446519943
3791,5.080686348753299,0.017505987917013636,0.02276966505124507,0.009821851873153552,0.00785326489150077,0.13129454992764023,0.09102472481290802
3792,5.080686348753298,0.017505987460509527,0.022768958245288202,0.0098217017843926,0.007853171208634708,0.13127703131001356,0.09102221616123359
3793,5.080686348753299,0.017505987004187384,0.022768251721065523,0.009821551755457313,0.007853078396505273,0.13125956622564042,0.09101970850951246
3794,5.080686348753298,0.017505986548047085,0.02276754547839022,0.009821401786308016,0.007852983091104241,0.13124212283989772,0.09101720185708158
3795,5.080686348753298,0.017505986092088505,0.02276683951707564,0.009821251876905081,0.007852888656405158,0.13122462514287123,0.09101469620327844
3796,5.080686348753298,0.01750598563631153,0.022766133836935307,0.009821102027208905,0.007852795091720854,0.13120713441492607,0.09101219154744122
3797,5.080686348753298,0.017505985180716034,0.02276542843778292,0.009820966556545239,0.007852702396364847,0.1311896506514446,0.09100968788890866
3798,5.080686348753299,0.0175059847253019,0.02276472331943235,0.009820816824236345,0.007852610872104262,0.13117225142388295,0.09100718522702016
3799,5.080686348753299,0.017505984270069008,0.02276401848169764,0.0098206671515164,0.007852520215680675,0.1311549118683539,0.0910046835611157
3800,5.080686348753299,0.017505983815017237,0.022763313924393003,0.00982051753834595,0.007852430426409714,0.13113744894292348,0.09100218289053584
3801,5.080686348753298,0.017505983360146464,0.022762609647332833,0.009820367984685583,0.007852341503607689,0.13111999296354004,0.09099968321462185
3802,5.080686348753298,0.017505982905456578,0.022761905650331687,0.009820218490495919,0.007852253446591583,0.13110254392560736,0.0909971845327155
3803,5.080686348753298,0.01750598245094745,0.02276120193320429,0.009820069055737615,0.007852158477823896,0.13108510182453337,0.09099468684415925
3804,5.080686348753299,0.017505981996618968,0.022760498495765547,0.009819919680371367,0.007852063546801045,0.13106772028617478,0.09099219014829611
3805,5.080686348753299,0.017505981542471006,0.022759795337830534,0.009819770364357903,0.007852179618699478,0.13105049396685559,0.09098973480506428
3806,5.080686348753299,0.017505981088503444,0.02275909245921449,0.009819621107657994,0.007852296473601491,0.13103334665590394,0.09098726316043217
3807,5.080686348753299,0.017505980634716173,0.022758389859732837,0.009819471910232441,0.007852414110880343,0.1310161213573926,0.0909847727465445
3808,5.080686348753299,0.017505980181109063,0.022757687539201155,0.009819322772042083,0.007852532529909913,0.13099890861043817,0.09098228000602938
3809,5.080686348753299,0.017505979727682,0.022756985497435205,0.009819196423490188,0.007852651730064704,0.13098167145049083,0.09097978825493519
3810,5.080686348753299,0.01750597927443486,0.02275628373425091,0.009819047400634379,0.007852771710719837,0.13096438874587688,0.09097729749260858
3811,5.080686348753299,0.017505978821367535,0.022755582249464362,0.009818898436897696,0.00785289247663562,0.13094705201630255,0.09097480771839682
3812,5.080686348753298,0.017505978368479894,0.022754881042891834,0.009818749532241126,0.007853014021801713,0.13092980639135152,0.0909723189316478
3813,5.080686348753297,0.01750597791577183,0.022754180114349754,0.009818620150111895,0.007853136345595101,0.13091261167316412,0.09096983113170998
3814,5.080686348753298,0.017505977463243217,0.022753479463654736,0.009818504633482819,0.00785325944739338,0.1308954487531066,0.09096734431793246
3815,5.080686348753297,0.017505977010893937,0.02275277909062355,0.009818355898839292,0.007853383326574771,0.13087823402329476,0.09096485848966492
3816,5.080686348753298,0.017505976558723872,0.022752078995073137,0.009818207223122941,0.007853507982518104,0.13086095618707302,0.09096237364625762
3817,5.080686348753298,0.01750597610673291,0.02275137917682061,0.009818058606294927,0.007853633414602827,0.13084363878229452,0.09095989051600163
3818,5.080686348753298,0.017505975654920923,0.02275067963568325,0.009817910048316442,0.007853759622209003,0.13082632282692302,0.09095740764027142
3819,5.080686348753297,0.017505975203287803,0.022749980371478504,0.009817761549148724,0.00785388660471731,0.13080900646958202,0.09095492574745592
3820,5.080686348753297,0.017505974751833422,0.022749281384023993,0.00981761310875304,0.00785401436150904,0.13079168132662125,0.0909524448369078
3821,5.080686348753297,0.017505974300557673,0.022748582673137493,0.009817464727090695,0.00785414289196609,0.1307743630386911,0.09094996490798031
3822,5.080686348753298,0.017505973849460434,0.022747884238636967,0.009817316404123023,0.007854272195470979,0.1307570516012794,0.09094748596002732
3823,5.080686348753298,0.017505973398541583,0.02274718608034053,0.009817168139811405,0.007854402271406833,0.130739747009878,0.09094500799240328
3824,5.080686348753298,0.01750597294780101,0.022746488198066468,0.00981701993411725,0.007854533119157384,0.13072244925998303,0.09094253100446323
3825,5.080686348753298,0.01750597249723859,0.022745790591633237,0.009816885285503348,0.007854664738106979,0.13070518562649672,0.09094005499556282
3826,5.080686348753298,0.01750597204685421,0.02274509326085946,0.009816737195143487,0.007854797127640574,0.1306879724041884,0.0909375799650583
3827,5.080686348753298,0.01750597159664775,0.022744396205563924,0.00981658916328624,0.007854930287143727,0.13067079030989398,0.0909351059123065
3828,5.080686348753298,0.017505971264009566,0.022743699425565582,0.009816461058235724,0.007855064216002608,0.13065359328968537,0.0909326328366648
3829,5.080686348753298,0.017505970814143092,0.02274300292068356,0.009816313140643127,0.007855121888957203,0.1306363304922988,0.09093016073749124
3830,5.080686348753298,0.017505970364454202,0.02274230754215412,0.009816165281438942,0.007855176395600542,0.13061907366175268,0.09092768961414441
3831,5.080686348753298,0.01750596991494277,0.022741611586850317,0.009816017480584822,0.007855231701710853,0.13060182364131506,0.0909252194659835
3832,5.080686348753297,0.017505969465608683,0.022740915906121238,0.009815869738042462,0.007855287806655746,0.13058460563584284,0.09092275029236828
3833,5.080686348753298,0.017505969016451826,0.022740220499786665,0.00981572205377359,0.007855344709803464,0.1305673692188861,0.09092028209265912
3834,5.080686348753298,0.017505968567472083,0.022739525367666553,0.00981558601676707,0.00785540239414971,0.13055013959863868,0.09091781486621699
3835,5.080686348753297,0.01750596811866933,0.022738831898134474,0.009815438447401613,0.007855460875443573,0.13053291716124638,0.09091534861240337
3836,5.080686348753297,0.017505967670043466,0.022738137313720652,0.009815301887722255,0.007855520153055153,0.13051570112099428,0.09091288333058045
3837,5.0806863487532965,0.017505967221594365,0.022737443002982197,0.009815154433193609,0.007855580226355166,0.1304984918640879,0.0909104190201109
3838,5.0806863487532965,0.01750596677332191,0.022736748965739725,0.009815007036748783,0.007855641094714951,0.13048129631583513,0.09090795568035802
3839,5.080686348753296,0.01750596632522599,0.022736055201814008,0.009814859698349715,0.007855701735321435,0.13046410061137184,0.09090549331068569
3840,5.080686348753296,0.017505965877306486,0.022735361711025987,0.00981471241795838,0.007855763170134655,0.13044691167692773,0.09090303191045836
3841,5.080686348753296,0.017505965429563286,0.022734668493196764,0.00981456519553678,0.007855825398527536,0.13042972950806858,0.0909005714790411
3842,5.080686348753296,0.01750596498199627,0.0227339755481476,0.009814418031046959,0.007855888419873619,0.1304125740243724,0.09089811201579949
3843,5.0806863487532965,0.017505964534605324,0.02273328287569993,0.009814289673996545,0.007855949436933345,0.13039542984585095,0.09089565352009978
3844,5.0806863487532965,0.017505964087390337,0.022732590475675347,0.009814172512866804,0.007856011817223726,0.13037836914054912,0.09089319599130871
3845,5.080686348753296,0.017505963640351185,0.02273189834789561,0.009814050622948165,0.007856074989466501,0.1303612336884212,0.09089073942879367
3846,5.080686348753296,0.017505963193487763,0.022731206492182632,0.009813903680106645,0.007856138953037101,0.13034412889928212,0.0908882838319226
3847,5.0806863487532965,0.017505962746799948,0.022730514908358503,0.009813776871069975,0.007856114073482487,0.13032698720356892,0.09088582920006401
3848,5.0806863487532965,0.01750596230028763,0.022729823596245466,0.009813633386631278,0.007856090019223936,0.13030985224252573,0.09088337553258699
3849,5.080686348753296,0.017505961853950695,0.022729132555665933,0.009813486613837236,0.007856066789615698,0.1302927951573765,0.09088092282886123
3850,5.080686348753296,0.017505961407789025,0.022728441786442465,0.009813339898677564,0.007856032399339172,0.1302757083602883,0.09087847108825699
3851,5.080686348753296,0.017505960961802507,0.022727751288397803,0.00981319324111461,0.00785599883712823,0.13025868200694585,0.09087602031014508
3852,5.080686348753295,0.017505960515991025,0.022727061061354838,0.009813046641110762,0.007855966102335936,0.13024157391508775,0.0908735704938969
3853,5.080686348753295,0.017505960070354466,0.022726371105136627,0.009812900098628436,0.007855934194315985,0.13022447253594086,0.09087112163888443
3854,5.080686348753295,0.017505959624892715,0.022725681419566386,0.009812753613630085,0.007855903112422713,0.13020737786512332,0.09086867374448022
3855,5.080686348753294,0.01750595917960566,0.022724992004467495,0.009812607186078194,0.007855872856011076,0.1301902898982574,0.09086622681005739
3856,5.080686348753294,0.01750595873449319,0.0227243028596635,0.009812460815935285,0.007855843424436666,0.13017320863096934,0.09086378083498964
3857,5.080686348753294,0.017505958289555184,0.022723613984978092,0.009812314503163914,0.007855814817055704,0.1301561340588894,0.09086133581865122
3858,5.080686348753295,0.01750595784479153,0.02272292538023514,0.009812168247726669,0.007855787033225039,0.13013906617765178,0.09085889176041698
3859,5.080686348753295,0.017505957400202117,0.022722237045258668,0.009812022049586174,0.007855760072302143,0.1301220246815505,0.09085644865966232
3860,5.080686348753295,0.01750595695578683,0.022721548979872854,0.009811881319997337,0.007855733933645121,0.130105010743974,0.09085400651576321
3861,5.080686348753295,0.01750595651154556,0.022720863613554437,0.009811735235629301,0.007855708616612703,0.1300879856281489,0.09085156532809621
3862,5.080686348753296,0.017505956067478186,0.022720178710373608,0.009811594126708494,0.00785568412056424,0.13007096904731863,0.0908491250960384
3863,5.080686348753295,0.017505955623584597,0.02271949145204469,0.009811448156029311,0.007855661119785484,0.13005393454085679,0.09084668581896749
3864,5.080686348753295,0.017505955179864682,0.022718804462605022,0.00981130459052178,0.0078556389384472,0.13003690669913148,0.0908442474962617
3865,5.080686348753295,0.01750595473631833,0.02271811774187959,0.00981115873371989,0.007855545058883064,0.1300198855178047,0.09084181012729986
3866,5.080686348753296,0.01750595429294542,0.022717431289693533,0.009811012933954715,0.007855452025840313,0.13000292986275677,0.09083937371146134
3867,5.080686348753296,0.017505953849745848,0.02271674510587215,0.00981086719118915,0.00785535983866314,0.12998595240125727,0.0908369382481261
3868,5.080686348753296,0.017505953406719496,0.022716059190240907,0.009810721505386122,0.007855268496696375,0.1299689511634599,0.09083450373667462
3869,5.080686348753296,0.017505952963866252,0.02271537354262542,0.009810588819515156,0.007855177999285487,0.12995196267743575,0.09083207017648798
3870,5.080686348753296,0.017505952521186006,0.022714688162851458,0.00981044324583415,0.007855090296082386,0.12993497472070237,0.0908296375669478
3871,5.080686348753296,0.01750595207867864,0.022714003050744967,0.009810301872615168,0.007855003435366334,0.12991799701962614,0.0908272059074363
3872,5.080686348753296,0.01750595163634405,0.02271331820613203,0.009810163901059087,0.0078549174164852,0.12990102232702522,0.09082477519733623
3873,5.080686348753296,0.017505951194182117,0.02271263362883891,0.009810018496304446,0.007854832238787482,0.12988405426026542,0.09082234543603088
3874,5.0806863487532965,0.017505950752192734,0.022711949318692012,0.00980987314829187,0.007854747901622315,0.1298671207265777,0.09081991662290416
3875,5.0806863487532965,0.017505950310375787,0.0227112652755179,0.009809727856984527,0.007854654382078462,0.12985016589495219,0.0908174887573405
3876,5.0806863487532965,0.01750594986873116,0.022710581499143304,0.00980958262234561,0.007854561705676335,0.129833217676273,0.09081506183872487
3877,5.080686348753297,0.017505949427258746,0.022709897989395097,0.009809437444338346,0.007854469871764424,0.12981633480777788,0.09081263586644284
3878,5.080686348753297,0.01750594898595843,0.022709214746100322,0.009809292322926001,0.00785437887969185,0.12979946738422424,0.09081021083988051
3879,5.080686348753297,0.0175059485448301,0.022708531769086174,0.009809147258071868,0.007854288728808367,0.12978263872739682,0.09080778675842459
3880,5.080686348753297,0.017505949872188925,0.022707849058180005,0.009809002249739282,0.007854199803794992,0.12976583679568002,0.09080536362146224
3881,5.080686348753297,0.017505949431173735,0.022707166613209328,0.009808857297891603,0.007854111718522006,0.12974898530247625,0.09080294142838129
3882,5.080686348753298,0.017505948990330294,0.022706484434001802,0.009808712402492226,0.007854024472341145,0.12973213640847503,0.09080052017857006
3883,5.080686348753298,0.01750594854965848,0.022705803974110962,0.00980856756350458,0.007853938064604774,0.12971526661998536,0.09079809987141743
3884,5.080686348753298,0.017505948109158186,0.02270512232572402,0.009808422780892128,0.007853852494665886,0.1296984945992419,0.09079568050631284
3885,5.080686348753299,0.017505947668829305,0.022704440942584236,0.009808278054618366,0.007853759333848988,0.12968160562305198,0.09079326208264629
3886,5.080686348753299,0.017505947228671725,0.0227037598245199,0.009808133384646821,0.00785366827447321,0.12966472321710526,0.09079084459980834
3887,5.080686348753298,0.01750594678868533,0.022703078971359456,0.009807988770941056,0.007853578053743551,0.1296478473771495,0.09078842805719008
3888,5.080686348753299,0.01750594634887001,0.022702398382931508,0.009807844213464666,0.007853488671013707,0.1296309780989363,0.09078601245418315
3889,5.080686348753299,0.017505945909225662,0.022701718059064804,0.009807699712181277,0.007853400125637991,0.12961416619879632,0.09078359779017975
3890,5.080686348753299,0.01750594546975217,0.02270103799958826,0.009807555267054548,0.007853312416971344,0.12959740949561294,0.09078118406457265
3891,5.080686348753299,0.01750594503044942,0.02270035820433093,0.009807410878048173,0.007853225544369328,0.1295805698141262,0.09077877127675514
3892,5.080686348753299,0.017505944591317307,0.02269967867312204,0.009807266545125877,0.007853139507188127,0.12956372671965036,0.09077635942612107
3893,5.080686348753299,0.01750594415235572,0.022698999405790964,0.009807122268251423,0.007853054304784552,0.1295468901657408,0.09077394851206484
3894,5.080686348753299,0.01750594371356455,0.022698320402167228,0.009806998404133198,0.00785296993651603,0.1295300685194004,0.09077153853398139
3895,5.080686348753298,0.017505943942025183,0.022697641662080513,0.009806854236601874,0.007852886401740608,0.1295132548892952,0.0907691294912662
3896,5.080686348753298,0.01750594350348789,0.022696963185360654,0.009806710125010887,0.007852793630937849,0.1294964638920935,0.09076672138331532
3897,5.080686348753298,0.01750594306512072,0.02269628497183764,0.00980657956033083,0.007852701696252101,0.12947965345249723,0.09076431420952533
3898,5.080686348753298,0.017505942626923555,0.022695607021341612,0.009806435558761348,0.007852610597040748,0.12946284953238066,0.09076190796929333
3899,5.080686348753298,0.017505942188896294,0.022694929333702863,0.009806302234822222,0.007852520332661794,0.12944608351346198,0.09075950266201703
3900,5.080686348753298,0.01750594175103882,0.02269425190875185,0.009806158343504498,0.007852427705049141,0.1294292926156183,0.09075709828709463
3901,5.080686348753298,0.017505954007595807,0.022693590371530594,0.009806014507948093,0.007852448894459267,0.12941250890357217,0.0907548209185003
3902,5.080686348753299,0.01750596212341118,0.022692913469421244,0.00980587072811706,0.007852460297226518,0.12939573101519258,0.09075253664610233
3903,5.080686348753299,0.017505961683308455,0.022692236829492674,0.00980574097707382,0.007852472493854757,0.12937895962530044,0.09075023688940614
3904,5.080686348753298,0.017505961243376146,0.02269156045157594,0.009805597306775174,0.007852472131604863,0.12936219472970825,0.0907479165459144
3905,5.080686348753298,0.017505963286760205,0.022690884335502252,0.009805453692094946,0.007852472651798005,0.1293454363242324,0.09074559129887319
3906,5.080686348753298,0.017505965109014726,0.022690208481102977,0.00980531107537382,0.007852473969144298,0.129328684404693,0.09074325829889975
3907,5.080686348753298,0.017505964668978635,0.022689532888209626,0.00980516757170098,0.007852476083028054,0.12931193926620252,0.09074092034504604
3908,5.080686348753298,0.017505964229112766,0.02268885755665387,0.009805024123539239,0.00785247899283418,0.1292952453966233,0.09073854905288876
3909,5.080686348753299,0.017505963789417,0.022688182486267524,0.009804880730852873,0.00785248269794818,0.12927851290397752,0.09073615295774783
3910,5.080686348753298,0.017505963349891233,0.022687507676882556,0.00980473739360619,0.007852487197756143,0.12926178688058854,0.0907337577890053
3911,5.080686348753298,0.01750596291053536,0.022686833128331092,0.009804594111763534,0.007852492491644754,0.12924506732229524,0.09073136354606536
3912,5.080686348753299,0.017505962471349265,0.022686158840445406,0.009804450885289275,0.00785249857900129,0.12922835422494025,0.09072897022833261
3913,5.080686348753298,0.017505962032332838,0.022685484813057908,0.009804307714147815,0.007852505459213618,0.12921164758436998,0.09072657783521228
3914,5.080686348753299,0.017505961593485976,0.02268481104600118,0.009804164598303597,0.007852513131670192,0.12919496764376318,0.09072418636611009
3915,5.0806863487533,0.017505961154808566,0.02268413753910795,0.009804025359284364,0.007852521595760055,0.12917827709437518,0.09072179582043233
3916,5.080686348753299,0.0175059607163005,0.022683464292211082,0.009803882353434388,0.00785253085087284,0.12916158979624692,0.09071940619758578
3917,5.080686348753299,0.01750596027796167,0.022682791305143602,0.009803739402775343,0.007852540896398768,0.12914490893832734,0.09071701749697782
3918,5.080686348753299,0.017505959839791967,0.02268211857773869,0.009803596507271795,0.007852551731728644,0.12912823451648142,0.09071462971801626
3919,5.080686348753299,0.01750595940179128,0.022681446109829667,0.009803453666888336,0.007852563356253861,0.1291115915454599,0.09071224286010954
3920,5.080686348753298,0.017505958963959505,0.022680773901250003,0.009803310881589596,0.007852575769366396,0.12909493600761077,0.09070985692266656
3921,5.080686348753298,0.017505958526296533,0.022680101951833325,0.009803168151340231,0.007852557254928274,0.12907828086520798,0.0907074719050968
3922,5.080686348753298,0.01750595808880225,0.022679430261413402,0.009803025476104938,0.00785253954008764,0.12906163214237748,0.09070508780681025
3923,5.080686348753297,0.017505957651476556,0.022678758829824158,0.009802882855848438,0.007852447456223837,0.12904509850882975,0.09070270462721743
3924,5.080686348753297,0.017505957214319336,0.022678087656899663,0.009802740290535484,0.007852356199687889,0.1290285479093627,0.09070032236572939
3925,5.080686348753297,0.017505956777330488,0.022677416742474137,0.009802597780130864,0.007852265769848307,0.12901202051719438,0.09069794102175771
3926,5.080686348753297,0.0175059563405099,0.022676746086381944,0.00980245532459939,0.007852176166074204,0.12899551275971272,0.09069556059471448
3927,5.080686348753297,0.017505955903857465,0.022676075688457604,0.009802323207699349,0.007852087387735298,0.1289790476569586,0.09069318108401235
3928,5.080686348753297,0.017505955467373074,0.022675405548535775,0.009802180860484374,0.00785199943420191,0.12896248797522136,0.09069080248906444
3929,5.080686348753297,0.017505955031056623,0.022674735666451278,0.009802038568037703,0.007851912304844968,0.1289458963531816,0.09068842480928448
3930,5.080686348753297,0.017505954594908002,0.022674066042039063,0.009801907120128038,0.007851820466689785,0.12892929875848574,0.09068604804408666
3931,5.080686348753297,0.017505954158927105,0.022673396675134246,0.009801784607663405,0.00785172866385142,0.12891270754647743,0.09068367219288569
3932,5.080686348753298,0.017505953723113823,0.02267272756557208,0.009801642475392646,0.00785163689630728,0.1288961227130732,0.09068129725509685
3933,5.080686348753297,0.01750595328746805,0.022672058713187972,0.009801523838187595,0.007851545953160911,0.1288795442541933,0.09067892323013592
3934,5.080686348753297,0.01750595285198968,0.022671390117817464,0.009801381812127336,0.00785145583378449,0.1288629721657616,0.0906765501174192
3935,5.080686348753297,0.017505952416678603,0.022670721779296254,0.009801239840628166,0.007851366537550798,0.12884641109959008,0.09067417791636348
3936,5.080686348753297,0.017505951981534713,0.02267005369746019,0.00980109792365522,0.007851278063833214,0.12882985173924255,0.09067180662638614
3937,5.080686348753297,0.017505951546557905,0.02266938587214526,0.009800975121271007,0.007851190412005715,0.1288132987371369,0.09066943624690504
3938,5.080686348753297,0.017505951111748075,0.022668718303187604,0.009800847030846402,0.007851103581442876,0.1287967520892116,0.09066706677733857
3939,5.0806863487532965,0.017505950677105107,0.022668050990423502,0.009800705273033842,0.00785101757151987,0.12878021179140864,0.09066469821710561
3940,5.080686348753297,0.0175059502426289,0.02266738393368939,0.009800563569609948,0.007850932381612465,0.12876367783967377,0.09066233056562562
3941,5.0806863487532965,0.017505949808319345,0.022666717132821836,0.009800421920540002,0.007850848011097027,0.12874715022995623,0.0906599638223185
3942,5.0806863487532965,0.017505949374176343,0.02266605058765757,0.00980028032578932,0.00785076445935051,0.12873066284056006,0.09065759798660475
3943,5.080686348753296,0.017505948940199776,0.022665384298033452,0.009800138785323249,0.00785068172575047,0.12871420177761408,0.09065523305790532
3944,5.0806863487532965,0.017505948506389552,0.0226647182637865,0.009799999684852177,0.007850590373319057,0.1286977253088324,0.09065286903564171
3945,5.0806863487532965,0.017505948072745556,0.02266405248475387,0.009799858252545573,0.007850499055892524,0.12868122301137577,0.09065050591923594
3946,5.0806863487532965,0.017505947639267685,0.022663386960772868,0.009799716874419917,0.007850408558663171,0.12866472703574305,0.09064814370811054
3947,5.080686348753297,0.01750594720595583,0.02266272169168094,0.00979959207383848,0.007850319025936251,0.12864823737790518,0.09064578240168854
3948,5.080686348753297,0.017505946772809883,0.02266205667731568,0.009799451107849756,0.007850230312106467,0.12863175403383661,0.09064342199939349
3949,5.080686348753297,0.017505946339829746,0.02266139191751482,0.009799309889904401,0.00785014241655247,0.1286152769995155,0.09064106250064945
3950,5.080686348753297,0.01750594590701531,0.022660727412116253,0.00979916872600288,0.007850056140261078,0.12859888446926043,0.090638703904881
3951,5.080686348753297,0.017505945474366465,0.022660063160957998,0.009799027616110784,0.007849970680697847,0.1285825061510358,0.09063634621151326
3952,5.080686348753297,0.017505945041883113,0.022659399163878234,0.009798886560193737,0.007849886037243393,0.12856604800083068,0.09063398941997182
3953,5.080686348753297,0.017505944609565147,0.02265873542071527,0.00979874555821739,0.007849802209278924,0.1285495961443293,0.09063163352968279
3954,5.0806863487532965,0.01750594417741246,0.022658071931307568,0.009798610490414961,0.00784971919618623,0.1285332152407655,0.0906292785400728
3955,5.080686348753297,0.017505943745424943,0.022657408695493736,0.009798469595465013,0.007849636997347696,0.12851682366164874,0.090626924450569
3956,5.080686348753297,0.017505943313602494,0.02265674571311251,0.009798328754353193,0.007849555612146286,0.1285004513783718,0.09062457126059902
3957,5.0806863487532965,0.017505942881945014,0.022656082984002787,0.009798187967045275,0.00784947503996556,0.12848402463455477,0.09062221896959101
3958,5.0806863487532965,0.017505942450452394,0.022655420508003597,0.009798047233507067,0.007849395280189657,0.12846760416446537,0.09061986757697366
3959,5.0806863487532965,0.01750594201912453,0.022654758284954116,0.00979791425954993,0.007849316332203303,0.12845118996411728,0.09061751708217614
3960,5.0806863487532965,0.01750594158796131,0.022654096314693666,0.009797781994578744,0.007849238195391807,0.1284347820295278,0.0906151674846281
3961,5.080686348753296,0.017505941156962638,0.022653434597061706,0.009797641420092972,0.007849160869141064,0.12841838035671774,0.09061281878375974
3962,5.080686348753296,0.017505940726128405,0.022652773131897844,0.009797500899241212,0.007849084352837552,0.1284020502262442,0.09061047097900177
3963,5.080686348753296,0.017505940295458513,0.022652111919041824,0.009797360431989421,0.007849008645868327,0.12838572956862573,0.09060812406978536
3964,5.080686348753296,0.017505939864952847,0.022651450958333534,0.009797220018303588,0.007848918829456436,0.12836939195739708,0.09060577805554222
3965,5.080686348753295,0.017505939434611317,0.022650790249613008,0.009797079658149728,0.007848829826842168,0.1283531580735937,0.09060343293570458
3966,5.080686348753295,0.01750593900443381,0.022650129792720415,0.009796939351493885,0.007848739220287575,0.1283368661036238,0.09060108870970512
3967,5.080686348753296,0.017505938574420215,0.022649469587496075,0.009796799098302139,0.007848649427222625,0.12832050186707986,0.09059874537697708
3968,5.080686348753296,0.01750593814457044,0.02264880963378044,0.009796658898540596,0.007848560447033092,0.12830414386457922,0.09059640293695415
3969,5.080686348753296,0.01750593771488438,0.022648149931414112,0.009796522597823957,0.007848472279105333,0.12828781981241374,0.09059406138907054
3970,5.080686348753296,0.017505937285361924,0.02264749048023782,0.009796404833081087,0.007848384922826288,0.1282714742626182,0.090591720732761
3971,5.080686348753296,0.017505936856002977,0.02264683128009246,0.009796264790073037,0.007848298377583473,0.12825516280551866,0.09058938096746073
3972,5.0806863487532965,0.01750593962888388,0.022646172330819038,0.009796124800361185,0.007848212642764989,0.12823886536908438,0.09058704209260547
3973,5.080686348753296,0.017505939199443953,0.022645513632258727,0.00979598486391179,0.007848127717759511,0.12822253846598677,0.09058470410763142
3974,5.0806863487532965,0.017505938770167373,0.022644855184252823,0.009795845453284605,0.007848043601956298,0.12820624282453325,0.0905823670119753
3975,5.0806863487532965,0.017505938341054045,0.022644196986642773,0.009795705623198864,0.007847960294745182,0.12818995007615322,0.09058003080507433
3976,5.0806863487532965,0.017505937912103853,0.022643539039270157,0.009795580073950151,0.007847877795516574,0.1281736417864982,0.09057769548636624
3977,5.0806863487532965,0.017505937483316705,0.022642881341976704,0.00979544034834405,0.007847796103661462,0.12815733969545956,0.09057536105528922
3978,5.080686348753296,0.017505937054692493,0.02264222389460427,0.009795318210722211,0.007847715218571407,0.12814104379911764,0.09057302751128202
3979,5.0806863487532965,0.017505938975004152,0.022641566696994863,0.009795205202050681,0.00784763513963855,0.12812475409355625,0.0905706948537838
3980,5.0806863487532965,0.017505938546406995,0.022640909748990624,0.009795104875637069,0.007847545005478627,0.12810847057486263,0.09056836308223429
3981,5.0806863487532965,0.017505938955393485,0.02264025305043384,0.009794990664314034,0.007847455680385808,0.12809219323912754,0.09056603219607368
3982,5.0806863487532965,0.017505938527015336,0.022639596601166927,0.009794893755673429,0.007847365614554899,0.1280759220824451,0.09056370219474265
3983,5.0806863487532965,0.01750593809879976,0.02263894040103245,0.009794754328927133,0.00784727635716212,0.12805965710091297,0.09056137307768242
3984,5.080686348753297,0.017505937670746655,0.02263828444987311,0.009794634065713674,0.007847187907599501,0.1280433982906322,0.09055904484433464
3985,5.080686348753297,0.017505937242855926,0.02263762874753174,0.00979450152455246,0.007847102114016676,0.12802720267370402,0.0905567174941415
3986,5.0806863487532965,0.017505936815127465,0.022636973293851323,0.009794362253124234,0.007847017126348693,0.12801098811951997,0.09055439102654565
3987,5.0806863487532965,0.017505936387561167,0.02263631808867498,0.009794223034498393,0.007846932943989747,0.12799474778834916,0.09055206544099027
3988,5.0806863487532965,0.01750593755207494,0.022635663131845958,0.00979408386864163,0.007846849566334598,0.12797858616024574,0.09054987404928723
3989,5.0806863487532965,0.01750593712463081,0.02263500842320765,0.009793944755520667,0.007846766992778581,0.1279625790995071,0.09054763848850157
3990,5.0806863487532965,0.017505936697348613,0.022634353962603593,0.009793805695102261,0.007846685222717604,0.12794636797108883,0.09054535583986842
3991,5.080686348753296,0.01750593627022825,0.02263369974987745,0.009793666687353193,0.007846604255548137,0.1279301886093435,0.09054306637182619
3992,5.080686348753296,0.017505935843269618,0.02263304578487303,0.009793527732240273,0.007846524090667224,0.12791405064592085,0.09054075961315021
3993,5.080686348753295,0.017505935416472617,0.022632392067434275,0.009793388829730347,0.007846444727472472,0.12789784713853541,0.09053843932578147
3994,5.080686348753295,0.017505934989837144,0.022631738597405273,0.00979324997979028,0.007846366165362061,0.1278816497636248,0.090536119859838
3995,5.080686348753295,0.017505934563363097,0.02263108537463024,0.009793111182386977,0.007846288403734735,0.12786553845896614,0.09053380127151271
3996,5.080686348753295,0.01750593413705038,0.022630432398953532,0.009792972437487363,0.007846214386107612,0.12784936630631605,0.09053148356025312
3997,5.080686348753295,0.01750593371089888,0.022629779670219646,0.009792846570927846,0.007846141166649348,0.12783322813879494,0.09052916672550725
3998,5.080686348753295,0.017505933284908508,0.02262912718827321,0.009792707938660576,0.007846068744761082,0.12781712222055677,0.09052685076672366
3999,5.080686348753295,0.01750593285907915,0.022628474952958985,0.009792569349450652,0.007845997119844518,0.12780097391702663,0.09052453568335132
4000,5.080686348753294,0.017505932433410712,0.022627822964121882,0.009792430812613037,0.007845926291301921,0.12778481322828122,0.09052222147483975
4001,5.080686348753295,0.017505932007903093,0.022627172243755815,0.009792292328114805,0.007845856693081884,0.1277687301424231,0.09051990814063893
4002,5.080686348753295,0.017505931582556193,0.022626520747279024,0.009792153895923058,0.007845787889877899,0.12775258165185863,0.09051759568019928
4003,5.080686348753296,0.017505931157369908,0.02262586949681493,0.009792025524140482,0.00784571988109402,0.12773645326318323,0.09051528409297178
4004,5.080686348753296,0.017505930732344136,0.02262521849220898,0.009791919549524382,0.007845652666134859,0.12772031696273706,0.09051297337840783
4005,5.080686348753295,0.01750593030747878,0.022624567733306757,0.009791791196590287,0.007845586244405586,0.12770418675249234,0.09051066353595935
4006,5.080686348753295,0.01750592988277374,0.02262391721995399,0.009791671662467699,0.007845521923693163,0.127688062628625,0.09050835456507873
4007,5.080686348753295,0.017505929458228913,0.02262326695199652,0.00979153348235703,0.007845458394529084,0.1276719559943623,0.09050604646521884
4008,5.080686348753295,0.017505929033844195,0.02262261692928035,0.00979139535435944,0.007845395656320503,0.12765584403035118,0.09050373923583302
4009,5.080686348753295,0.017505929618589617,0.022621967151651597,0.009791257278442241,0.007845333708475134,0.12763973814126575,0.0905014328763751
4010,5.080686348753295,0.017505929194397557,0.022621317618956523,0.00979111925457276,0.007845259978156776,0.12762366902285385,0.0904991273862994
4011,5.080686348753295,0.017505928770365355,0.02262066833104153,0.009790981282718355,0.00784518704175664,0.12760757526831973,0.09049682276506067
4012,5.080686348753294,0.017505928346492915,0.022620019287753142,0.009790843362846417,0.007845114898681132,0.12759148757729064,0.09049451901211424
4013,5.080686348753294,0.01750592792278013,0.022619370488938025,0.009790705494924359,0.007845043548337215,0.12757540594596592,0.09049221612691578
4014,5.080686348753295,0.017505928953824128,0.02261872193444298,0.009790575218454752,0.007844972990132409,0.1275593668403868,0.09048991641681566
4015,5.080686348753296,0.017505928530247118,0.02261807362411494,0.009790455628639574,0.007844903223474786,0.1275432992294922,0.09048761526519163
4016,5.080686348753296,0.017505928106829532,0.02261742555780097,0.009790339526889881,0.00784483424777297,0.12752726571116418,0.09048531497968579
4017,5.080686348753296,0.01750592768357128,0.02261677773534827,0.009790209731142594,0.00784476606243615,0.12751126913905936,0.09048301555975581
4018,5.080686348753296,0.017505927260472252,0.02261613015660418,0.009790072115534874,0.007844698666874057,0.12749521773309902,0.0904807170048598
4019,5.0806863487532965,0.017505926837532354,0.022615482821416164,0.009789934551684747,0.007844632060496976,0.12747917236411488,0.09047841931445637
4020,5.0806863487532965,0.017505926414751485,0.02261483572963183,0.009789797039559829,0.007844565367996268,0.12746313368955933,0.09047612248800456
4021,5.0806863487532965,0.017505925992129547,0.022614188881098906,0.009789659579127759,0.007844499463831622,0.12744710038311532,0.09047382652496395
4022,5.080686348753297,0.017505925569666438,0.02261354227566527,0.009789522170356212,0.007844434347414777,0.12743107310232515,0.09047153142479454
4023,5.080686348753297,0.01750592567712608,0.02261289591317892,0.009789387829708408,0.007844370018158015,0.12741509336023538,0.0904692371869568
4024,5.080686348753297,0.01750592525491375,0.022612249793487985,0.009789254011544983,0.007844306475474174,0.1273992073581197,0.09046694381091173
4025,5.080686348753297,0.01750592483285997,0.022611603916440744,0.009789138756786884,0.007844243035835927,0.1273833752377829,0.09046465129612075
4026,5.080686348753298,0.017505924410964654,0.022610958281885588,0.009789001550753833,0.007844180381854322,0.12736750051991255,0.09046235964204573
4027,5.080686348753298,0.017505923989227692,0.022610312889671056,0.009788876168255243,0.007844114491889709,0.1273516770146221,0.09046006884814908
4028,5.080686348753298,0.017505923567648993,0.022609667739645806,0.009788739063713128,0.007844025880065567,0.12733583875719406,0.09045777891389363
4029,5.080686348753297,0.017505923146228456,0.02260902283165864,0.009788615611067792,0.007843938062469998,0.12732002434614517,0.09045548983874269
4030,5.080686348753297,0.01750592272496598,0.02260837816555849,0.00978850682826147,0.007843851427920972,0.12730418028886598,0.09045320162216004
4031,5.080686348753297,0.01750592230386147,0.02260773374119441,0.009788369872686544,0.007843765586274075,0.12728831466673474,0.09045091426360993
4032,5.080686348753297,0.017505921882914825,0.022607089558415595,0.009788232968454259,0.007843680536940012,0.1272724587536651,0.09044862776255708
4033,5.0806863487532965,0.01750592146212595,0.022606445617071372,0.009788096115532594,0.007843592090028984,0.1272564973406008,0.09044634211846665
4034,5.0806863487532965,0.01750592104149474,0.022605801917011194,0.009787959313889552,0.007843504435823573,0.12724054190825873,0.09044405733080432
4035,5.080686348753296,0.017505920621021104,0.02260515845808465,0.009787842725082282,0.007843417573735151,0.1272246020342706,0.09044177339903621
4036,5.080686348753296,0.01750592020070494,0.02260451524014146,0.009787736887364963,0.007843329225899526,0.1272086585509907,0.09043949032262888
4037,5.0806863487532965,0.01750591978054615,0.022603872263031472,0.009787617416643584,0.007843241669857937,0.1271927289079815,0.09043720810104938
4038,5.080686348753297,0.01750591936054464,0.02260322952660466,0.009787480811253213,0.007843154905022865,0.12717679735909235,0.09043492673376523
4039,5.080686348753298,0.01750591894070031,0.022602587030711146,0.009787344256985112,0.007843068930807343,0.12716087177231725,0.09043264622024438
4040,5.080686348753297,0.017505918521013054,0.02260194477520116,0.00978720775380745,0.007842983746624945,0.12714495214394408,0.09043036655995527
4041,5.080686348753298,0.01750591922149513,0.022601302759925074,0.009787071301688424,0.007842899351889799,0.12712906204917104,0.09042808775236681
4042,5.080686348753298,0.017505918801981598,0.022600660984733397,0.009786934900596261,0.007842815746016567,0.1271131574108848,0.09042580979694836
4043,5.080686348753298,0.017505918382624903,0.022600019449476757,0.009786798550499218,0.007842727627312054,0.12709725563214183,0.09042353269316977
4044,5.080686348753298,0.01750591796342495,0.022599378154005915,0.00978666225136557,0.007842640298281816,0.12708135979698604,0.09042125644050128
4045,5.080686348753299,0.017505917544381647,0.022598737098171767,0.009786526003163633,0.007842553758340918,0.12706548304613216,0.09041898103841367
4046,5.080686348753298,0.017505917125494888,0.02259809628182533,0.009786389805861738,0.007842468383752209,0.12704962195470818,0.09041670648637812
4047,5.080686348753299,0.017505916706764584,0.02259745570481775,0.009786253659428252,0.007842383796943856,0.1270337439236504,0.09041443278386632
4048,5.080686348753299,0.01750591628819063,0.022596815367000322,0.009786117563831565,0.007842299997332646,0.1270178718214169,0.09041215993035039
4049,5.080686348753299,0.017505918122163226,0.02259617526822444,0.009785981519040097,0.007842216984335898,0.1270020056443246,0.09040997861100797
4050,5.080686348753298,0.0175059177036204,0.02259553540834165,0.009785845525022291,0.007842134757371484,0.12698623439652376,0.0904077853397894
4051,5.080686348753298,0.017505917285233746,0.02259489578720362,0.009785709581746627,0.007842053315857809,0.1269705025459531,0.09040557902682823
4052,5.080686348753298,0.01750591686700316,0.022594256404662144,0.009785574696094007,0.007841965489165126,0.12695471367115913,0.09040333571281732
4053,5.080686348753298,0.017505916448928547,0.022593617260569146,0.009785455118130148,0.007841878449435579,0.12693896570749622,0.09040106706409357
4054,5.080686348753298,0.01750591603100981,0.022592978354776683,0.009785332794400397,0.007841790688135872,0.12692320998636128,0.09039879926122006
4055,5.080686348753298,0.017505915613246853,0.022592339687136934,0.009785197049944667,0.007841703713198662,0.1269074305553751,0.09039653230367213
4056,5.080686348753299,0.017505915195639578,0.022591701257502213,0.009785061356075287,0.00784161752404304,0.12689165656397572,0.09039426619092558
4057,5.080686348753299,0.01750591477818789,0.02259106306572495,0.009784925712760888,0.00784153212008864,0.1268759362441968,0.09039200092245661
4058,5.080686348753299,0.017505914360891696,0.022590425111657722,0.009784792987640222,0.007841448776961897,0.12686019687573688,0.0903897364977419
4059,5.080686348753299,0.01750591394375089,0.02258978739515322,0.009784657444984487,0.007841361177927626,0.12684438965837228,0.0903874729162586
4060,5.080686348753299,0.017505913526765386,0.022589149916064255,0.009784521952789943,0.0078412743637579,0.12682860775376933,0.09038521017748427
4061,5.0806863487533,0.017505913109935083,0.022588512674243787,0.009784403247735248,0.007841188333873633,0.12681282801094437,0.09038294828089699
4062,5.080686348753301,0.017505912693259882,0.02258787566954489,0.009784277899626503,0.00784110083233462,0.12679707367049453,0.09038068722597521
4063,5.0806863487533,0.017505912276739692,0.022587238901820763,0.009784142555294533,0.007841014114763522,0.12678128996199547,0.0903784270121979
4064,5.080686348753301,0.017505911860374413,0.022586602370924743,0.009784007261300139,0.00784092818058234,0.12676552780850298,0.09037616763904448
4065,5.080686348753301,0.01750591144416395,0.022585966076710283,0.009783872017612168,0.007840843029213606,0.1267498456292207,0.09037390910599474
4066,5.080686348753301,0.017505911028108213,0.02258533001903097,0.009783736824199502,0.007840758660080386,0.12673409361021887,0.09037165141252901
4067,5.0806863487533,0.017505910612207097,0.02258469419774051,0.009783601681031047,0.007840675072606284,0.12671833334632066,0.09036939455812802
4068,5.080686348753301,0.017505910196460514,0.02258405861269275,0.009783466588075738,0.00784059226621543,0.126702601829852,0.090367138542273
4069,5.0806863487533,0.017505909780868363,0.022583423263741652,0.009783339464470853,0.007840510240332494,0.12668688413488888,0.09036488336444558
4070,5.0806863487533,0.017505909365430554,0.022582788150741297,0.009783219108221096,0.007840430401268557,0.12667123575162334,0.09036262902412781
4071,5.0806863487533,0.017505908950146986,0.02258215327354591,0.00978308416291692,0.007840351341041111,0.12665549887085334,0.09036037552080226
4072,5.0806863487533,0.017505908535017572,0.022581518632009828,0.009782958390373395,0.007840273059076738,0.1266398044569838,0.09035812285395194
4073,5.0806863487533,0.01750590812004221,0.022580884225987523,0.009782823544085873,0.007840195554802549,0.12662414431135804,0.09035587102306024
4074,5.080686348753299,0.0175059077052208,0.022580250055333588,0.009782688747827117,0.007840108435719743,0.12660846286185864,0.09035362002761108
4075,5.080686348753299,0.01750590729055326,0.022579616119902748,0.00978255400156625,0.007840022097037446,0.1265927493075471,0.09035136986708876
4076,5.080686348753299,0.017505906876039486,0.022578982419549833,0.009782419305272414,0.007839936538181968,0.12657704158018526,0.09034912054097805
4077,5.080686348753299,0.017505906461679384,0.022578350703100287,0.009782284658914784,0.00783985175858016,0.12656133967617827,0.09034687204876417
4078,5.080686348753299,0.017505906047472864,0.02257771747225137,0.00978215886459802,0.007839767757659395,0.1265456644136211,0.09034462438993277
4079,5.080686348753299,0.017505905633419826,0.022577084476045752,0.00978202431692906,0.007839684077439908,0.12652999251864738,0.09034237756396997
4080,5.080686348753299,0.01750590521952018,0.022576451714338787,0.00978188981910439,0.007839601174927248,0.1265143080583079,0.09034013157036232
4081,5.0806863487533,0.017505904805773825,0.022575819186985934,0.009781755371093291,0.00783951427979127,0.12649866018579956,0.0903378864085968
4082,5.0806863487533,0.017505904392180673,0.02257518689384279,0.009781620972865064,0.007839428162986474,0.1264829873360832,0.09033564207816082
4083,5.0806863487533,0.017505903978740626,0.02257455483476507,0.009781486624389043,0.007839342823941671,0.1264673202882205,0.09033339857854226
4084,5.0806863487533,0.01750590356545359,0.02257392300960862,0.009781363427535236,0.007839258262086202,0.12645165903863811,0.09033115590922945
4085,5.080686348753299,0.01750590315231947,0.022573291418229408,0.009781229177097249,0.007839174476849934,0.12643600358376594,0.09032891406971115
4086,5.080686348753299,0.017505902739338178,0.02257266006048353,0.009781109627209465,0.007839091885141918,0.12642036103292606,0.09032667305947653
4087,5.080686348753299,0.01750590232650961,0.022572028936227187,0.009780975474249677,0.007839010068760012,0.12640471715589574,0.09032443287801523
4088,5.080686348753298,0.01750590191383368,0.022571398045316726,0.00978084137089033,0.007838923396395275,0.1263890790628838,0.09032219352481731
4089,5.080686348753297,0.01750590150131029,0.022570767387608614,0.009780707317100913,0.007838837500301586,0.1263734467503323,0.0903199549993733
4090,5.080686348753297,0.01750590108893935,0.022570136962959432,0.00978057331285094,0.007838752379910245,0.1263578567377896,0.09031771730117416
4091,5.080686348753297,0.017505900676720764,0.022569506771225892,0.009780439358109957,0.007838665803323123,0.12634223597098243,0.09031548042971126
4092,5.080686348753297,0.017505900264654435,0.02256887681226482,0.009780305452847526,0.007838580002126689,0.12632662097398195,0.09031324438447642
4093,5.080686348753297,0.017505899852740276,0.022568247085933177,0.009780171597033245,0.007838494975753302,0.12631101174324252,0.09031100916496193
4094,5.0806863487532965,0.017505899440978186,0.02256761759208804,0.009780037790636732,0.007838408494767588,0.12629543226832707,0.09030877477066046
4095,5.080686348753296,0.01750589902936808,0.022566988330586606,0.009779904033627634,0.007838322788293866,0.12627983455652164,0.09030654120106514
4096,5.0806863487532965,0.01750589861790986,0.02256635930128621,0.009779770325975627,0.007838237855765554,0.12626424289708618,0.0903043084556696
4097,5.0806863487532965,0.01750589820660343,0.022565730504044288,0.009779636667650407,0.007838153696616584,0.12624865669299726,0.09030207653396777
4098,5.0806863487532965,0.017505897795448703,0.022565101938718413,0.009779503058621694,0.00783807031028141,0.12623313148137094,0.09029984543545412
4099,5.080686348753297,0.017505897384445586,0.022564473605166273,0.009779369498859247,0.007837983987783275,0.12621770361057233,0.09029761515962352
4100,5.080686348753297,0.01750589697359398,0.022563845503245687,0.009779235988332836,0.007837898438336485,0.12620224439892816,0.09029538570597129
4101,5.080686348753297,0.017505896562893794,0.022563217632814582,0.009779111196316121,0.007837812179372008,0.12618673291467294,0.09029315707399314
4102,5.080686348753298,0.017505896152344935,0.022562589993731026,0.009778977783102384,0.0078377266928758,0.1261711753734097,0.09029092926318529
4103,5.080686348753298,0.017505895741947317,0.022561962585853187,0.009778858317945302,0.007837641978283731,0.12615562356313517,0.0902887022730443
4104,5.080686348753298,0.017505895331700837,0.02256133540903937,0.009778725001280525,0.007837558035032187,0.12614007748033707,0.0902864761030672
4105,5.080686348753298,0.017505894921605408,0.022560708463147994,0.009778609124923742,0.00783747486255807,0.126124537121506,0.09028425075275148
4106,5.080686348753297,0.017505894511660933,0.022560081748037603,0.009778509482410365,0.007837392460298801,0.12610901626351267,0.09028202622159504
4107,5.080686348753297,0.017505894101867328,0.022559455263566865,0.009778426924651397,0.007837310827692312,0.12609351577712352,0.09027980250909619
4108,5.080686348753298,0.017505893692224495,0.02255882900959456,0.009778300742230968,0.007837230799143016,0.12607799256397043,0.0902775796147537
4109,5.080686348753298,0.01750589328273234,0.022558202985979596,0.009778167657341295,0.007837144791248824,0.1260624750607789,0.09027535753806676
4110,5.080686348753298,0.017505892873390775,0.022557577192581,0.009778034621392779,0.007837059553498737,0.12604696326405457,0.09027313627853496
4111,5.080686348753298,0.01750589246419971,0.02255695162925792,0.009777901634355478,0.00783697508533141,0.12603147278465676,0.09027091583565837
4112,5.080686348753298,0.017505892055159043,0.022556326295869622,0.00977776869619947,0.007836889171993397,0.12601599636166155,0.09026869620893743
4113,5.080686348753297,0.017505891646268687,0.0225557011922755,0.009777635806894867,0.00783680402793066,0.12600050165853519,0.09026647739787308
4114,5.080686348753297,0.017505891237528555,0.022555076318335053,0.009777502966411798,0.0078367196525829,0.1259850126479303,0.09026425940196661
4115,5.080686348753298,0.017505890828938553,0.022554453200348257,0.009777381854081623,0.007836636045390324,0.1259695293263674,0.0902620422207198
4116,5.080686348753297,0.017505890420498584,0.02255382878510663,0.009777249109717109,0.007836553205793656,0.12595407340420045,0.09025982585363479
4117,5.080686348753297,0.017505890012208557,0.022553204599098,0.009777116414085211,0.007836471133234126,0.12593866352787111,0.09025761030021422
4118,5.080686348753297,0.01750588960406839,0.02255258064218236,0.009776983767156166,0.00783638982715348,0.12592325045007197,0.0902553955599611
4119,5.0806863487532965,0.01750588919607798,0.022551956914219802,0.009776851168900232,0.007836309343922843,0.1259078208383521,0.09025318163237886
4120,5.0806863487532965,0.017505888788237244,0.02255133341507057,0.009776718619287694,0.007836229626035217,0.1258923691596909,0.09025096851697141
4121,5.080686348753297,0.01750588838054609,0.022550710144595008,0.009776586118288869,0.007836150672933886,0.12587691987846544,0.09024875621324305
4122,5.080686348753297,0.017505890538316547,0.02255008710265357,0.009776453665874084,0.00783607248406264,0.12586147626201669,0.09024654472069848
4123,5.0806863487532965,0.017505890130609617,0.022549464289106855,0.009776321262013709,0.007835995058865779,0.12584616072696206,0.09024433403884285
4124,5.080686348753296,0.017505889723052104,0.022548841703815558,0.009776188906678125,0.007835909517118255,0.12583072841469028,0.09024212416718175
4125,5.0806863487532965,0.017505889315643928,0.02254821934664051,0.00977605659983775,0.007835824006713364,0.12581530175684238,0.09023991510522116
4126,5.0806863487532965,0.017505888908384986,0.022547597217442646,0.009775924341463018,0.007835738527632,0.1257998807499714,0.09023770685246747
4127,5.0806863487532965,0.017505888501275192,0.022546975316083028,0.00977579213152439,0.007835653813794599,0.12578452973272322,0.09023549940842751
4128,5.0806863487532965,0.017505888094314456,0.022546353642422835,0.00977565996999236,0.00783556986464568,0.12576915780547515,0.09023329277260857
4129,5.0806863487532965,0.017505887687502684,0.022545732196323366,0.009775527856837435,0.007835486679630266,0.1257537715451085,0.09023108694451829
4130,5.0806863487532965,0.017505887280839787,0.022545110977646027,0.009775395792030156,0.007835404258193885,0.1257384361030167,0.09022888192366477
4131,5.0806863487532965,0.01750588687432568,0.022544489986252355,0.009775263775541087,0.007835322599782575,0.12572311698784086,0.09022667770955652
4132,5.0806863487532965,0.017505886467960263,0.022543869222004003,0.009775131807340815,0.007835241703842867,0.12570779811918287,0.09022447430170245
4133,5.080686348753296,0.01750588606174345,0.022543248684762738,0.009775013814234118,0.00783516156982181,0.12569249075367211,0.09022227169961193
4134,5.080686348753296,0.01750588565567515,0.02254262896893414,0.009774881940819635,0.007835078796674793,0.12567721684518857,0.09022006990279471
4135,5.080686348753296,0.01750588524975527,0.02254200888522011,0.009774750115606485,0.007834996785584938,0.1256618464811947,0.09021786891076099
4136,5.080686348753296,0.017505884843983726,0.02254138902809921,0.00977461833856536,0.007834915536000034,0.12564654706103026,0.09021566872302134
4137,5.080686348753295,0.017505884438360424,0.02254076939743367,0.00977448660966697,0.007834835047368378,0.12563127301224145,0.09021346933908678
4138,5.080686348753296,0.017505884032885274,0.022540149993085852,0.009774354928882055,0.007834755319138766,0.12561602442815695,0.09021127075846877
4139,5.080686348753296,0.01750588362755819,0.022539530814918225,0.009774223296181378,0.007834676350760492,0.12560067647925194,0.09020907298067912
4140,5.080686348753296,0.01750588322237907,0.022538911862793373,0.009774091711535721,0.007834598141683354,0.125585365976078,0.09020687600523011
4141,5.080686348753295,0.01750588281734784,0.02253829313657401,0.009773960174915901,0.007834519526492919,0.12557002922600308,0.09020467983163438
4142,5.080686348753295,0.0175058824124644,0.022537674636122957,0.009773841101387936,0.007834441669929762,0.1255547251795377,0.09020248445940507
4143,5.080686348753295,0.017505882007728662,0.02253705636130315,0.009773709659216905,0.007834356712315912,0.12553939961527444,0.09020028988805565
4144,5.080686348753296,0.017505881603140542,0.02253643831197765,0.009773578264984848,0.007834272515098255,0.1255241021788729,0.09019809611710004
4145,5.080686348753295,0.01750588119869994,0.02253582048800962,0.009773446918662675,0.007834189453358911,0.12550886827824378,0.09019590314605257
4146,5.080686348753296,0.017505880794406778,0.02253520288926236,0.009773319450510212,0.007834107150779913,0.12549363238811917,0.09019371097442797
4147,5.080686348753296,0.017505880390260957,0.022534585515599264,0.009773188199453558,0.00783402560681263,0.1254783291399351,0.09019151960174139
4148,5.080686348753296,0.017505882527402206,0.022533968366883855,0.009773056996219843,0.007833944820908934,0.1254630314676777,0.09018932902750841
4149,5.0806863487532965,0.017505883325868114,0.022533351442979768,0.009772942814967323,0.007833864792521189,0.12544773936796685,0.090187139251245
4150,5.0806863487532965,0.01750588292170763,0.022532734743750754,0.009772811705224128,0.007833785521102258,0.12543245283742518,0.0901849502724675
4151,5.0806863487532965,0.017505882517694304,0.022532118269060677,0.00977268064321773,0.007833708052180526,0.12541718203510296,0.09018276209069276
4152,5.0806863487532965,0.01750588211382804,0.022531502018773523,0.009772549628919205,0.00783363222026147,0.12540190663154155,0.09018057470543794
4153,5.0806863487532965,0.01750588171010875,0.022530885992753387,0.009772428753276368,0.007833558546613426,0.1253866367870351,0.09017838811622068
4154,5.0806863487532965,0.01750588130653635,0.022530270190864482,0.009772297833078484,0.007833485626538976,0.12537142665939635,0.09017620232255899
4155,5.0806863487532965,0.017505880903110744,0.022529654612971135,0.00977218105336978,0.00783341345949419,0.12535627305840383,0.09017401732397129
4156,5.080686348753296,0.017505880499831847,0.022529039258937785,0.009772068217420375,0.007833342044935628,0.1253411253963818,0.09017183311997644
4157,5.080686348753297,0.017505880096699573,0.022528424128628995,0.009771937436098459,0.007833271382320341,0.12532597113940802,0.09016964971009367
4158,5.0806863487532965,0.01750587969371383,0.02252780922190943,0.009771806702313294,0.007833201471105871,0.125310802819978,0.09016746709384262
4159,5.080686348753296,0.017505879290874528,0.02252719453864388,0.009771676016036127,0.007833132310750255,0.12529568859153878,0.09016528527074333
4160,5.080686348753296,0.017505878888181586,0.02252658007869724,0.009771545377238238,0.007833064584216124,0.12528048895463328,0.09016310424031632
4161,5.0806863487532965,0.017505878485634906,0.022525965841934534,0.00977141478589093,0.00783299760721012,0.12526532126306725,0.09016092400208241
4162,5.0806863487532965,0.017505878116357024,0.02252535182822088,0.00977128722512739,0.007832913215088238,0.12525014827733913,0.09015874455556289
4163,5.0806863487532965,0.017505877714098585,0.022524738037421527,0.009771156728232864,0.007832829578008653,0.12523493375485326,0.09015656590027943
4164,5.080686348753296,0.017505877311986155,0.022524124469401826,0.009771026278703097,0.007832746695428012,0.12521972475458454,0.09015438803575411
4165,5.080686348753296,0.017505876910019636,0.02252351112402725,0.009770895876509486,0.007832664566803448,0.12520452127319823,0.09015221096150941
4166,5.080686348753296,0.01750587650819894,0.022522898001163385,0.009770765521623455,0.007832583191592586,0.1251893233073625,0.09015003467706824
4167,5.0806863487532965,0.017505876106523988,0.022522285100675925,0.009770635214016448,0.007832502569253545,0.1251741308537482,0.09014785918195385
4168,5.0806863487532965,0.017505875704994685,0.02252167242243068,0.009770504953659937,0.007832422699244924,0.12515894390902915,0.09014568447568998
4169,5.080686348753297,0.017505875303610943,0.02252105996629358,0.009770374740525415,0.007832343581025818,0.12514376246988188,0.0901435105578007
4170,5.080686348753297,0.017505874902372674,0.022520447732130657,0.0097702445745844,0.00783225943103525,0.125128591137787,0.09014133742781053
4171,5.080686348753297,0.017505874501279793,0.022519835719808055,0.009770114455808436,0.007832176033849295,0.1251135106175903,0.09013916508524432
4172,5.080686348753297,0.017505874100332212,0.022519223929192048,0.009769984384169088,0.007832093388927241,0.12509844206214862,0.09013699352962741
4173,5.080686348753297,0.017505876052286137,0.022518612360149005,0.009769854359637946,0.00783201265471428,0.1250833976831236,0.09013482276048548
4174,5.0806863487532965,0.01750587565134385,0.022518001012545412,0.009769724382186625,0.007831932671265614,0.12506840948429807,0.09013265277734465
4175,5.0806863487532965,0.017505875250546706,0.022517389886247872,0.009769594451786764,0.007831853438042245,0.1250534676708681,0.0901304835797314
4176,5.080686348753297,0.017505874849894614,0.022516778981123104,0.009769464568410022,0.00783177495450566,0.1250384548746238,0.09012831516717262
4177,5.080686348753297,0.01750590268327376,0.02251619921835079,0.00976933473202809,0.00783176466008105,0.12502343904502786,0.0901262794957907
4178,5.080686348753297,0.01750590227949424,0.022515588751429592,0.009769215051022987,0.007831755382945461,0.12500832393861655,0.09012422972198877
4179,5.080686348753298,0.017505901875860742,0.022514978505283327,0.00976909510764896,0.007831746829397244,0.12499319725839378,0.09012215167149905
4180,5.080686348753298,0.017505901472373187,0.022514368479779157,0.009768965409673466,0.007831738998914558,0.12497807604741061,0.09012004387576174
4181,5.080686348753297,0.01750590106903148,0.02251375867478435,0.009768835758580632,0.007831731890976032,0.12496296030237697,0.09011789834341119
4182,5.080686348753297,0.017505900665835534,0.022513149090166294,0.009768712251387947,0.007831725505060763,0.12494785851958898,0.09011574289410877
4183,5.080686348753297,0.017505900262785267,0.022512539725792483,0.009768587278158155,0.00783171984064832,0.12493276573400283,0.09011357991273383
4184,5.080686348753297,0.017505899859880585,0.022511930581530518,0.009768473314397551,0.007831714897218735,0.1249176663646232,0.09011141771266126
4185,5.080686348753297,0.017505899457121405,0.022511321657248128,0.009768343847384474,0.007831710274464032,0.12490257244806155,0.09010925629342154
4186,5.080686348753298,0.017505901560994498,0.022510712952813133,0.009768214427114461,0.00783170654114017,0.124887494578065,0.0901070956545455
4187,5.080686348753298,0.01750590115822334,0.022510104468093477,0.00976808505355943,0.007831703527325208,0.1248724115560335,0.09010493579556439
4188,5.080686348753298,0.017505901487470468,0.022509496202957214,0.009767965980174192,0.007831687503094879,0.12485737629297833,0.09010277671600986
4189,5.080686348753299,0.01750590108490157,0.0225088881572725,0.009767836698727245,0.007831672202290958,0.12484236399710405,0.09010061841541392
4190,5.080686348753298,0.017505900682477878,0.022508280330907612,0.009767707463911635,0.00783165762439326,0.12482735852918252,0.090098460893309
4191,5.080686348753298,0.017505900280199306,0.022507672723730932,0.009767578275699382,0.007831643768882065,0.12481237221779337,0.09009630414922792
4192,5.080686348753298,0.01750589987806576,0.02250706533561096,0.009767449134062522,0.007831630635238122,0.12479740967168305,0.09009414818270392
4193,5.080686348753298,0.017505899476077162,0.022506458166416287,0.009767336704610819,0.007831618222942642,0.12478251351002793,0.09009199299327056
4194,5.080686348753297,0.01750589907423342,0.022505851216015636,0.009767226142562523,0.007831606531477308,0.12476764989199617,0.09008983858046184
4195,5.080686348753297,0.01750589867253445,0.022505244484277834,0.009767097136247032,0.007831595560324265,0.1247527387075325,0.09008768494381215
4196,5.080686348753298,0.01750589827098016,0.02250463797107181,0.009766968176396853,0.007831585308966124,0.12473770445917988,0.09008553208285629
4197,5.080686348753297,0.01750589786957047,0.02250403167626661,0.009766839262984143,0.007831574928466175,0.12472269486916546,0.09008337999712938
4198,5.080686348753297,0.017505897468305286,0.02250342559973139,0.009766721224222834,0.007831565267033179,0.12470776677085321,0.090081228686167
4199,5.080686348753297,0.017505897067184528,0.022502819741335413,0.00976659240229762,0.007831556324150953,0.12469281500937061,0.0900790781495051
4200,5.080686348753298,0.017505896666208106,0.02250221410094805,0.00976646362672695,0.007831548099303778,0.12467780237467464,0.09007692838667998
4201,5.080686348753298,0.017505896265375936,0.02250160867843879,0.009766334897483072,0.0078315405919764,0.12466279514074848,0.0900747793972284
4202,5.080686348753299,0.017505895864687933,0.022501003473677225,0.00976620621453826,0.007831533801654024,0.12464785493088222,0.09007263118068744
4203,5.0806863487533,0.017505895464144005,0.022500398486533044,0.009766088346568816,0.00783152772782232,0.12463294635765224,0.09007048373659458
4204,5.080686348753301,0.017505895063744073,0.02249979371687607,0.009765959754843762,0.007831522369967417,0.12461811174724267,0.09006833706448775
4205,5.080686348753301,0.017505894663488043,0.022499189164576213,0.00976584557293684,0.0078315177275759,0.12460321570288282,0.09006619116390517
4206,5.080686348753301,0.017505894263375833,0.022498584829503503,0.009765717071890263,0.007831487515583624,0.12458825334980111,0.09006404603438552
4207,5.0806863487533,0.01750589635108007,0.022497990698658005,0.00976558861700554,0.007831464864484827,0.12457329994365648,0.09006203013595428
4208,5.0806863487533,0.017505895950956307,0.022497386796449987,0.009765460208255085,0.007831442934293092,0.12455846165738453,0.09005994874696362
4209,5.080686348753301,0.017505895550976213,0.022496783111080287,0.009765343278650114,0.007831421724492669,0.12454357037753869,0.09005784904475073
4210,5.080686348753301,0.017505895151139702,0.022496179642419362,0.009765214960712297,0.007831401234568275,0.12452861152864136,0.0900557069667982
4211,5.080686348753302,0.017505894751446687,0.02249557822661429,0.009765086688826606,0.007831381464005088,0.12451371149769982,0.09005356565761774
4212,5.080686348753302,0.017505894351897085,0.022494975525318196,0.009764958462965543,0.007831362412288743,0.12449876337636642,0.09005142511675028
4213,5.080686348753302,0.017505893952490813,0.022494372705746925,0.009764830283101633,0.007831344078905336,0.12448384313665933,0.09004928534373718
4214,5.080686348753302,0.017505893553227774,0.022493770102367455,0.009764702149207423,0.007831326463341424,0.12446893096811987,0.09004714633812015
4215,5.080686348753302,0.017505893154107895,0.022493167715050784,0.009764590963892797,0.007831309565084021,0.12445399891802018,0.09004500809944131
4216,5.080686348753302,0.017505892755131085,0.022492566418827516,0.009764471789994898,0.0078312933836206,0.12443907222051646,0.09004287062724313
4217,5.080686348753302,0.017505892356297258,0.022491964463144935,0.009764343790755158,0.007831277918439093,0.12442415087241641,0.09004073392106848
4218,5.080686348753301,0.017505891957606327,0.02249136272313884,0.009764215837376645,0.007831263169027885,0.12440923487053042,0.09003859798046061
4219,5.080686348753301,0.017505891559058212,0.022490761198680667,0.009764087929832022,0.007831249134875823,0.12439432817436936,0.09003646280496319
4220,5.080686348753302,0.01750589116065283,0.022490159889641946,0.00976396006809397,0.007831233510504075,0.12437942285487838,0.0900343283941202
4221,5.080686348753302,0.01750589076239009,0.02248955879589433,0.009763832252135198,0.007831218601195797,0.12436452546528459,0.09003219474747604
4222,5.080686348753302,0.01750589036426991,0.022488959435432356,0.009763704481928434,0.007831204406440705,0.12434963081562657,0.09003006186457546
4223,5.080686348753303,0.017505889966292206,0.02248835877170053,0.009763576757446435,0.007831190925728978,0.12433474149627455,0.09002792974496365
4224,5.080686348753303,0.017505889568456886,0.02248775832287545,0.009763461670634594,0.007831178158551243,0.1243198575040548,0.09002579838818611
4225,5.080686348753303,0.017505889170763875,0.022487158088829184,0.00976333403601345,0.007831166104398584,0.12430497883579628,0.09002366779378877
4226,5.080686348753303,0.017505888773213085,0.022486558069433917,0.009763222580541913,0.007831154762762539,0.1242901054883305,0.0900215379613179
4227,5.080686348753302,0.017505888375804426,0.02248595826456193,0.009763111219095396,0.007831144133135098,0.12427524182911633,0.09001940889032016
4228,5.080686348753302,0.01750588797853782,0.02248535867408562,0.009762983717459116,0.007831134215008707,0.12426043364681458,0.09001728058034263
4229,5.080686348753303,0.017505887581413183,0.022484759297877487,0.009762856261386503,0.007831125007876263,0.12424567931686517,0.09001515303093269
4230,5.080686348753303,0.017505887184430427,0.022484160135810127,0.009762728850850472,0.007831116511231109,0.12423090102796976,0.09001302624163814
4231,5.080686348753302,0.017505886787589464,0.022483561187756254,0.00976260148582395,0.007831108724567043,0.12421609310617132,0.09001090021200714
4232,5.080686348753302,0.017505886390890214,0.02248296245358868,0.009762474166279895,0.007831096437672665,0.12420135038422439,0.09000877494158825
4233,5.080686348753301,0.017505885994332594,0.02248236393318033,0.009762355261891877,0.007831084861608285,0.12418651806215616,0.0900066504299304
4234,5.080686348753301,0.01750588559791652,0.022481765626404228,0.009762228032232157,0.007831039323418245,0.12417168712222702,0.09000452667658287
4235,5.080686348753301,0.017505885201641907,0.022481167533133513,0.009762100847974261,0.007830994507419585,0.1241569096258646,0.09000240368109536
4236,5.0806863487533,0.01750588480550867,0.022480569653241418,0.009761973709091227,0.007830950413099898,0.12414208926186805,0.09000028144301786
4237,5.0806863487533,0.01750588574275084,0.022479971986601288,0.009761846615556128,0.007830907039947238,0.12412727418400302,0.08999815996190084
4238,5.0806863487533,0.017505885346741034,0.02247937453308657,0.009761719567342049,0.007830864387450115,0.1241124643891325,0.08999603923729509
4239,5.0806863487533,0.01750588495087241,0.022478777292570824,0.009761596278315562,0.007830822455097487,0.12409765987412211,0.08999391926875173
4240,5.0806863487533,0.017505884555144888,0.022478180264927695,0.009761469320219979,0.007830750876589375,0.12408286063584006,0.08999180005582233
4241,5.080686348753299,0.017505884159558376,0.022477583450030952,0.009761342407364976,0.007830680028025666,0.12406811462757113,0.08998968159805878
4242,5.080686348753299,0.017505883764112794,0.022476986847754468,0.00976121553972373,0.007830609908890266,0.12405333563510962,0.0899875638950134
4243,5.080686348753299,0.01750588336880806,0.02247639045797221,0.009761088717269438,0.007830540518667538,0.12403855220137676,0.08998544694623879
4244,5.080686348753299,0.017505882973644093,0.022475794280558258,0.009760961939975327,0.0078304718568423,0.12402377403187351,0.08998333075128802
4245,5.080686348753298,0.017505882578620804,0.022475198315386788,0.009760835207814641,0.007830403922899831,0.12400900112348104,0.08998121530971442
4246,5.080686348753297,0.017505882183738115,0.022474602562332087,0.009760726426051247,0.00783033671632586,0.12399424070355461,0.08997910062107181
4247,5.080686348753297,0.01750588178899594,0.02247400702126855,0.009760599781945477,0.007830266316624989,0.12397947830717673,0.0899769866849143
4248,5.0806863487532965,0.017505881394394195,0.022473411692070667,0.009760475004513857,0.007830196644659993,0.12396472116256897,0.0899748735007964
4249,5.0806863487532965,0.017505880999932798,0.02247281657461303,0.009760348450272746,0.007830127699917143,0.12394996926662283,0.08997276106827298
4250,5.080686348753296,0.017505880605611663,0.02247222166877035,0.009760221941032446,0.007830059481883167,0.12393524828477095,0.08997064938689925
4251,5.080686348753296,0.017505880211430715,0.02247162697441743,0.00976009547676634,0.007829991990045245,0.12392050687377969,0.08996853845623087
4252,5.0806863487532965,0.017505880230694163,0.022471032491429177,0.009759969057447821,0.00782992522389101,0.12390583217132256,0.08996642827582378
4253,5.080686348753296,0.01750587983674419,0.022470438219680595,0.009759842683050312,0.007829859182908547,0.1238911012286303,0.08996431884523433
4254,5.080686348753296,0.017505879442934167,0.022469844159046806,0.009759716353547254,0.007829793866586396,0.12387637551909936,0.0899622101640192
4255,5.080686348753296,0.017505879938990526,0.022469250309403038,0.009759597963024263,0.007829721754415573,0.12386165503963661,0.0899601022317355
4256,5.0806863487532965,0.01750587954535445,0.022468656670624598,0.009759471722292676,0.007829650368553714,0.12384693978715151,0.08995799504794068
4257,5.080686348753296,0.01750587915185812,0.022468063242586916,0.009759345526376334,0.007829579708489137,0.12383222975855607,0.08995588861219252
4258,5.0806863487532965,0.017505878758501448,0.022467470025165522,0.009759219375248767,0.007829509773710608,0.12381752495076481,0.08995378292404921
4259,5.080686348753297,0.017505878365284347,0.022466877018236044,0.00975909326888353,0.00782944056370735,0.12380282536069488,0.08995167798306927
4260,5.080686348753297,0.017505877972206742,0.02246628422167422,0.009758967207254193,0.007829372077969033,0.12378813098526589,0.08994957378881163
4261,5.080686348753297,0.017505877579268542,0.022465691635355875,0.009758841190334353,0.007829301979959121,0.12377344182140002,0.08994747034083551
4262,5.0806863487532965,0.017505877186469676,0.022465099259156955,0.009758715218097628,0.007829232606023152,0.12375877152644844,0.08994536763870058
4263,5.0806863487532965,0.017505876793810052,0.0224645070929535,0.009758589290517657,0.00782916395565166,0.1237441108040024,0.08994326568196681
4264,5.0806863487532965,0.017505876401289592,0.022463915136621652,0.009758463407568103,0.00782909712350816,0.12372948329779568,0.08994116447019458
4265,5.0806863487532965,0.017505876008908218,0.022463323390037662,0.009758337569222645,0.007829031013523497,0.1237148149402401,0.08993906400294459
4266,5.080686348753297,0.01750587561666584,0.02246273185307787,0.009758211775454993,0.007828965625189773,0.12370015177889992,0.08993696427977792
4267,5.080686348753297,0.017505877659756187,0.022462140525618724,0.009758086026238868,0.00782890095799955,0.12368549381071255,0.08993486530025603
4268,5.080686348753297,0.017505877267503068,0.02246154940753678,0.009757960321548019,0.007828837011445827,0.12367084103261787,0.08993276706394071
4269,5.080686348753297,0.017505876875388807,0.02246095849870869,0.009757846716852002,0.007828773785022055,0.12365621441210876,0.08993066957039414
4270,5.0806863487532965,0.01750587648341332,0.022460367799011203,0.009757726706246047,0.007828711278222126,0.12364159859486148,0.0899285728191788
4271,5.0806863487532965,0.017505876091576528,0.02245977730832118,0.009757601132882992,0.007828649490540384,0.12362696136307925,0.08992647680985766
4272,5.080686348753296,0.017505877235243425,0.02245918702651558,0.009757475603941163,0.007828588421471617,0.12361232930917658,0.08992438154199389
4273,5.080686348753296,0.0175058768973603,0.022458596953471462,0.009757350119394412,0.007828528070511055,0.12359771369133253,0.08992228701515113
4274,5.080686348753296,0.01750587650575111,0.022458007089065975,0.009757224679216617,0.007828468437154372,0.12358309198271676,0.08992019322889336
4275,5.0806863487532965,0.017505876114280356,0.02245741743317639,0.009757099283381677,0.007828409750348018,0.12356855896991722,0.08991810018278487
4276,5.080686348753297,0.017505875722947952,0.02245682798568007,0.00975697393186351,0.007828351780057136,0.12355402979300373,0.08991600787639037
4277,5.080686348753297,0.017505875331753816,0.022456238746454468,0.009756856708171845,0.007828294525778778,0.12353952006942093,0.08991391630927488
4278,5.0806863487532965,0.01750587494069787,0.02245564971537715,0.009756731444253682,0.007828237987010437,0.12352504775000349,0.08991182548100381
4279,5.080686348753297,0.017505874549780035,0.022455060892325792,0.00975661602585512,0.007828182163250054,0.12351060158385897,0.0899097353911429
4280,5.080686348753297,0.017505874159000227,0.022454472277178145,0.009756513208047504,0.007828127053996005,0.12349615054465483,0.08990764603925828
4281,5.0806863487532965,0.01750587376835836,0.022453883869812077,0.009756389822748452,0.007828074095136035,0.12348170746683639,0.08990555742491643
4282,5.0806863487532965,0.01750587337785436,0.022453295670105556,0.009756264731626963,0.007828021849273552,0.12346727978458936,0.08990346954768415
4283,5.080686348753297,0.017505872987488146,0.02245270767793665,0.009756152527135305,0.007827970315908551,0.1234528190846035,0.08990138240712864
4284,5.080686348753297,0.017505872597259633,0.022452119893183523,0.009756027522745318,0.007827919494541471,0.12343829698623153,0.08989929600281742
4285,5.080686348753297,0.01750587220716874,0.022451532315724436,0.009755911365211093,0.007827869384673183,0.12342382820540326,0.0898972103343184
4286,5.080686348753297,0.01750587181721539,0.022450944945437756,0.009755786447927389,0.007827819985805005,0.1234093116661531,0.0898951254011998
4287,5.080686348753298,0.0175058714273995,0.022450357782201957,0.009755661574677634,0.007827771297438687,0.12339483294259859,0.08989304120303025
4288,5.080686348753298,0.01750587157357089,0.022449770825895596,0.009755536745436,0.007827723319076413,0.12338034741414741,0.08989095773937869
4289,5.080686348753297,0.01750587118396651,0.022449184076397337,0.009755411960176685,0.00782765495784406,0.12336580275148049,0.08988887500981442
4290,5.080686348753297,0.017505870794499372,0.022448597533585947,0.0097553011398621,0.007827587313051384,0.12335126321227903,0.0898867930139071
4291,5.080686348753297,0.017505870405169394,0.022448011197340297,0.00975517644084979,0.00782752038419753,0.12333672879354027,0.08988471175122678
4292,5.080686348753297,0.017505870015976494,0.022447425067539335,0.009755051785743084,0.007827454170782079,0.12332219949226382,0.08988263122134378
4293,5.0806863487532965,0.017505869626920596,0.022446839144062133,0.00975492717451627,0.00782738867230505,0.12330767530545186,0.08988055142382885
4294,5.0806863487532965,0.01750586923800162,0.02244625342678785,0.009754812447606426,0.007827323888266898,0.12329315623010896,0.08987847235825304
4295,5.0806863487532965,0.017505868849219484,0.022445667915595748,0.009754687922903899,0.007827259818168526,0.12327864226324214,0.08987639402418778
4296,5.0806863487532965,0.017505868460574107,0.022445082610365187,0.009754563442004635,0.00782719646151126,0.12326413340186095,0.08987431642120486
4297,5.080686348753297,0.017505868072065407,0.022444497510975624,0.009754439004882993,0.007827133817796868,0.12324962964297724,0.08987223954887637
4298,5.080686348753297,0.017505867683693308,0.022443912617306612,0.009754314611513359,0.007827071087815475,0.12323513098360546,0.08987016340677481
4299,5.080686348753297,0.017505867295457726,0.022443327929237807,0.009754207056113885,0.007827003349657254,0.12322063742076239,0.08986808799447298
4300,5.080686348753297,0.01750586690735858,0.022442743446648962,0.009754082748196813,0.007826936325240777,0.12320614895146731,0.08986601331154406
4301,5.0806863487532965,0.0175058665193958,0.022442159169419933,0.009753958483955723,0.0078268703958794,0.12319169459511788,0.08986393935756158
4302,5.0806863487532965,0.017505866131569296,0.02244157509743067,0.009753834263365081,0.007826805714523634,0.12317731025525294,0.08986186613209941
4303,5.0806863487532965,0.017505865743878992,0.022440991230561216,0.00975371008639938,0.00782674174509536,0.12316290546769194,0.08985979363473176
4304,5.0806863487532965,0.017505867695212642,0.022440407568691725,0.009753585953033123,0.007826678487098247,0.12314844050489164,0.08985772186503321
4305,5.0806863487532965,0.017505867307519817,0.022439824111702433,0.009753469800727785,0.007826615940036386,0.12313397743586148,0.08985565082257867
4306,5.0806863487532965,0.017505866919963045,0.022439240859473686,0.009753345753552042,0.007826554103414311,0.12311951944255403,0.08985358050694339
4307,5.0806863487532965,0.017505866532542255,0.022438657811885924,0.009753221749899727,0.00782649297673698,0.12310506652200559,0.08985151091770299
4308,5.0806863487532965,0.017505866145257367,0.022438074968819686,0.009753111768626355,0.00782643255950979,0.12309061867125484,0.08984944205443342
4309,5.080686348753296,0.017505867153921703,0.022437492330155608,0.009752987850304486,0.007826372851238567,0.12307617588734289,0.08984737391671098
4310,5.080686348753296,0.01750586676674463,0.022436909895774414,0.009752873956610404,0.00782631385142957,0.12306173816731328,0.08984530650411232
4311,5.080686348753296,0.017505866379703285,0.02243632766555695,0.009752750123988286,0.007826255559589485,0.12304730550821194,0.08984323981621445
4312,5.080686348753296,0.017505865992797576,0.022435745639384122,0.009752626334763747,0.00782619797522543,0.12303287790708721,0.08984117385259467
4313,5.0806863487532965,0.01750586560602743,0.02243516387713363,0.009752502588911487,0.007826141097844958,0.12301845536098986,0.0898391086128307
4314,5.080686348753296,0.01750586521939276,0.022434582258686237,0.00975237888640622,0.007826084926956044,0.12300403786697305,0.08983704409650055
4315,5.080686348753296,0.017505864832893497,0.022434000843926858,0.009752270132088346,0.007826029462067095,0.12298962542209232,0.08983498030318257
4316,5.080686348753296,0.01750586444652956,0.022433419632736807,0.009752146514455294,0.007825974702686948,0.122975230340896,0.08983291723245553
4317,5.080686348753296,0.017505864060300864,0.022432838624997488,0.009752022940094118,0.007825920648324864,0.12296082798402119,0.08983085488389841
4318,5.080686348753296,0.017505863674207336,0.02243225782059042,0.009751899408979614,0.007825867024001206,0.12294643066746408,0.08982879325709067
4319,5.080686348753296,0.017505863288248897,0.022431677219397206,0.00975178513084138,0.00782581410381146,0.12293203838828982,0.08982673235161205
4320,5.080686348753296,0.017505862902425468,0.02243109682129954,0.009751661685066849,0.007825761887266119,0.12291765114356593,0.08982467216704262
4321,5.0806863487532965,0.01750586251673697,0.02243051662617923,0.009751551978367606,0.007825710373876096,0.12290328984506806,0.08982261270296281
4322,5.0806863487532965,0.017505863272454594,0.022429936633918162,0.009751441521739344,0.007825659563152733,0.12288891265801048,0.08982055395895339
4323,5.0806863487532965,0.017505862886902243,0.022429356844398327,0.009751318202293389,0.007825609805902,0.12287456979285659,0.08981849593459545
4324,5.080686348753296,0.017505863756824,0.02242877725750181,0.00975119492594479,0.007825560750219115,0.12286020265078691,0.08981643862947047
4325,5.080686348753296,0.017505865840948924,0.022428197873110792,0.009751071692668489,0.007825512395616765,0.12284585225722794,0.08981438204316024
4326,5.080686348753296,0.01750586545536525,0.022427618691107556,0.009750953226150444,0.007825458174618391,0.12283149515052111,0.08981232617524687
4327,5.080686348753296,0.017505865069916235,0.022427039711374473,0.009750830078391703,0.007825404656020614,0.12281714305780667,0.08981027102531286
4328,5.080686348753296,0.017505864684601802,0.022426460933794006,0.009750706973630391,0.00782535012767591,0.1228028427976355,0.08980821659294098
4329,5.080686348753296,0.017505864299421872,0.022425882358248724,0.009750600810439188,0.00782529222572131,0.12278850071869961,0.08980616287771441
4330,5.080686348753295,0.017505863914376363,0.022425303984621288,0.00975047778962471,0.007825235072002437,0.12277420230563013,0.08980410987921664
4331,5.080686348753295,0.017505863529465204,0.02242472581279445,0.009750354811733478,0.007825178620739734,0.12275993938048725,0.08980205759703148
4332,5.080686348753295,0.017505863144688313,0.022424147842651062,0.009750231876740576,0.007825122871446356,0.1227457300087559,0.0898000060307431
4333,5.080686348753295,0.01750586276004561,0.022423570074074067,0.009750108984621104,0.007825067823635883,0.12273154420576657,0.08979795517993602
4334,5.080686348753295,0.017505862375537022,0.02242299250694651,0.009749986135350186,0.00782501347682231,0.12271727079920257,0.08979590504419505
4335,5.080686348753295,0.017505861991162466,0.02242241514115152,0.009749873874400777,0.007824959830520057,0.12270295866099833,0.08979385562310538
4336,5.080686348753294,0.017505861606921868,0.022421837976572326,0.00974975110952281,0.007824906884243968,0.12268865151066898,0.08979180691625252
4337,5.080686348753294,0.017505861222815153,0.022421261013092268,0.009749628387419317,0.007824854637509305,0.12267445352742797,0.08978975892322233
4338,5.080686348753294,0.017505860838842237,0.02242068425059475,0.009749505708065497,0.007824803089831751,0.12266020201351592,0.08978771164360098
4339,5.080686348753294,0.017505860455003044,0.022420107688963287,0.009749395134511382,0.007824752240727406,0.12264595413200968,0.08978566507697498
4340,5.080686348753294,0.0175058600712975,0.022419531328081492,0.009749272539177348,0.007824702089712796,0.12263172262103716,0.08978361922293122
4341,5.080686348753294,0.017505859687725524,0.022418955167833068,0.009749149986519209,0.007824652636304863,0.12261745704166566,0.08978157408105686
4342,5.080686348753295,0.017505859304287046,0.022418380746122506,0.009749034724058239,0.007824603880020965,0.12260320013607758,0.08977952965093945
4343,5.080686348753295,0.017505858920981977,0.022417804986613263,0.009748912255834059,0.007824541337982863,0.12258892778661779,0.08977748593216682
4344,5.080686348753295,0.017505858537810247,0.022417229427389124,0.009748789830211975,0.00782447949714265,0.12257466040197224,0.0897754429243272
4345,5.080686348753294,0.01750586052444807,0.022416672624666904,0.009748667447167325,0.007824436849566322,0.12256045873294144,0.0897735287948847
4346,5.080686348753294,0.017505860141267114,0.02241610790253827,0.009748545106675475,0.007824394895789805,0.12254628266651264,0.0897715886541532
4347,5.080686348753294,0.017505859758219364,0.022415532940102286,0.009748422808711807,0.00782435363533336,0.12253213625169418,0.08976964714117255
4348,5.080686348753295,0.01750585937530474,0.02241495817748946,0.00974830863014467,0.00782431306771765,0.12251803393993219,0.0897676870603933
4349,5.080686348753294,0.017505858992523163,0.022414384163753305,0.00974818918710882,0.007824273404940851,0.12250389876766782,0.08976571266554821
4350,5.080686348753294,0.017505858609874553,0.02241380980037641,0.009748067015321549,0.007824234433973561,0.1224897106010586,0.08976372799410558
4351,5.080686348753293,0.01750585822735884,0.022413235636476334,0.009747944885964628,0.007824196154337743,0.12247547782582868,0.08976173434504975
4352,5.080686348753293,0.017505857844975947,0.0224126616719378,0.00974783064255504,0.007824158587011463,0.12246131150587088,0.08975973163344435
4353,5.080686348753292,0.017505857462725788,0.022412087906645645,0.009747708903924207,0.007824121710054359,0.12244718196569807,0.08975771293400318
4354,5.080686348753292,0.017505857080608297,0.02241151434048478,0.009747593399839879,0.007824085522989625,0.1224330456545802,0.08975567694032706
4355,5.080686348753293,0.017505858214960156,0.022410940973340225,0.009747471438258956,0.007824050323227555,0.12241883260242532,0.08975364165310115
4356,5.080686348753293,0.017505857832931772,0.022410367805097076,0.00974734951898658,0.007824015812302153,0.12240466180668057,0.08975160707191762
4357,5.080686348753293,0.01750585745103589,0.022409794835640536,0.00974722764199833,0.00782398171576618,0.12239047068602199,0.08974957319636893
4358,5.080686348753292,0.01750585706927242,0.022409222064855894,0.009747116714848353,0.007823948307211271,0.12237627241115054,0.08974754002604794
4359,5.080686348753292,0.017505856687641298,0.022408649492628534,0.0097469949210901,0.007823915640659953,0.12236212998716363,0.08974550756054775
4360,5.080686348753293,0.01750585630614244,0.022408077118843933,0.009746873169543273,0.00782387798490962,0.12234794154752358,0.08974347579946186
4361,5.080686348753292,0.01750585592477577,0.022407504943387654,0.009746751460183528,0.0078238410176653,0.12233375802419791,0.08974144474238403
4362,5.080686348753293,0.01750585554354122,0.022406932966145366,0.009746629792986546,0.007823804738452358,0.12231957941435229,0.08973941438890844
4363,5.080686348753294,0.017505855162438702,0.022406361187002816,0.009746508167928023,0.007823769146796573,0.12230540571515462,0.0897373847386295
4364,5.080686348753294,0.01750585478146815,0.022405789605845845,0.009746386584983675,0.007823734242224123,0.12229123692377517,0.08973535579114203
4365,5.080686348753294,0.017505854400629482,0.022405218222560388,0.009746265044129244,0.007823699374021956,0.12227710120908666,0.08973332754604109
4366,5.080686348753294,0.01750585401992262,0.022404647037032478,0.00974614354534048,0.00782366519218177,0.12226294222160122,0.08973130000292213
4367,5.080686348753294,0.01750585363934749,0.022404076049148233,0.009746022088593164,0.007823631696230841,0.12224878813345945,0.08972927316138092
4368,5.080686348753294,0.017505853258904025,0.022403505258793865,0.009745907435962138,0.00782359888569686,0.1222346389418407,0.08972724702101356
4369,5.080686348753294,0.017505852878592135,0.022402934665855682,0.009745786062442653,0.007823566760107916,0.12222049464392651,0.08972522158141644
4370,5.080686348753293,0.01750585250892504,0.022402364270220073,0.009745675451883741,0.00782353531899251,0.1222063552369008,0.08972319684218628
4371,5.080686348753294,0.017505852128874875,0.022401794071773527,0.009745554161038433,0.007823504561879548,0.12219228062944457,0.08972117280292016
4372,5.080686348753294,0.017505851748956067,0.022401224070402622,0.009745432912114445,0.007823474488298343,0.12217815098882863,0.08971914946321548
4373,5.080686348753294,0.017505851369168535,0.022400654265994028,0.009745311705087668,0.007823445097778606,0.12216404153040529,0.08971712682266991
4374,5.080686348753294,0.017505850989512208,0.022400084658434505,0.009745190539934013,0.007823414275610945,0.122149921650126,0.08971510488088148
4375,5.080686348753294,0.017505850609987012,0.0223995152476109,0.009745069416629415,0.007823384136295634,0.12213580664669149,0.08971308363744859
4376,5.080686348753295,0.017505850230592868,0.022398946033410156,0.009744948335149823,0.007823354679363185,0.12212170856891771,0.08971106309196988
4377,5.080686348753295,0.0175058498513297,0.022398377015719312,0.009744827295471206,0.007823324538425177,0.12210761815211274,0.08970904324404436
4378,5.080686348753294,0.017505849472197438,0.02239780819442548,0.009744706297569553,0.007823295079403709,0.12209358246996269,0.08970702409327135
4379,5.080686348753294,0.017505849093196,0.022397239569415885,0.009744585341420873,0.00782326630183023,0.12207962731920664,0.08970500563925048
4380,5.080686348753294,0.01750584871432532,0.02239667114057783,0.009744464427001196,0.007823238205236595,0.12206566527864071,0.08970298788158174
4381,5.080686348753294,0.017505848335585314,0.022396102907798705,0.009744343554286567,0.007823210789155058,0.12205164077707613,0.0897009708198654
4382,5.080686348753294,0.017505847956975913,0.022395534870966006,0.009744235762307254,0.007823157525901962,0.12203765790299259,0.08969895445370207
4383,5.080686348753293,0.01750584757849704,0.0223949670299673,0.009744114971426982,0.007823104951372088,0.12202364935181857,0.08969693878269269
4384,5.080686348753293,0.017505847200148618,0.022394399384690258,0.009743994222180532,0.00782305306509365,0.1220097303330268,0.08969492380643851
4385,5.080686348753292,0.01750584682193057,0.022393831935022628,0.009743884255680551,0.00782300186659526,0.12199582363652126,0.08969290952454106
4386,5.080686348753292,0.01750584644384283,0.02239326468085227,0.009743782946218792,0.007822951355405946,0.1219819036645195,0.08969089593660227
4387,5.080686348753291,0.017505846418052588,0.02239269762206711,0.00974366231826226,0.00782290153105513,0.12196801144809909,0.08968888304222435
4388,5.080686348753291,0.017505846040184656,0.022392130758555177,0.009743541731845357,0.007822852393072644,0.12195401655374713,0.08968687084100978
4389,5.080686348753291,0.01750584566244682,0.022391564090204596,0.009743422887729298,0.007822803940988719,0.12194003985506473,0.08968485933256146
4390,5.080686348753291,0.017505845284839002,0.022390997616903555,0.009743314722480625,0.007822756174333987,0.12192605215683867,0.0896828485164825
4391,5.08068634875329,0.017505844907361127,0.022390431338540365,0.009743206547865178,0.007822709092639489,0.12191207667880706,0.08968083839237642
4392,5.080686348753291,0.017505844530013123,0.022389865255003402,0.009743106210621943,0.007822662695436662,0.1218980439879708,0.089678828959847
4393,5.080686348753291,0.017505844152794915,0.022389299366181142,0.009743008713795987,0.007822616982257346,0.1218840220363717,0.08967682021849833
4394,5.080686348753292,0.01750584377570643,0.022388733671962154,0.009742888368145521,0.007822571952633783,0.12186999899569004,0.08967481216793491
4395,5.080686348753291,0.017505844108049205,0.02238816817223508,0.009742768063871218,0.00782251804529943,0.1218559807762846,0.08967280480776144
4396,5.08068634875329,0.01750584550660823,0.022387602866888665,0.00974264780094941,0.00782246482387287,0.1218419910528663,0.08967079813758297
4397,5.08068634875329,0.01750584512962279,0.022387037755811745,0.009742527579356444,0.007822411825196982,0.1218279824650193,0.0896687921570049
4398,5.08068634875329,0.017505844802794428,0.022386472838893237,0.009742407399068691,0.007822359221532066,0.12181397869018211,0.08966678686563295
4399,5.080686348753291,0.017505844426062213,0.022385908116022146,0.009742293399654324,0.007822307302629365,0.12179997972560336,0.08966478226307313
4400,5.080686348753291,0.017505844049459374,0.02238534358708758,0.009742174204061453,0.007822256068021493,0.12178601893158851,0.08966277834893174
4401,5.080686348753291,0.017505843672985837,0.02238477925197871,0.009742054146738868,0.007822205517241462,0.12177203527969555,0.08966077512281542
4402,5.080686348753292,0.01750584329664153,0.022384215110584818,0.00974193413062744,0.00782215564982269,0.12175808567129885,0.08965877258433116
4403,5.080686348753292,0.017505842920426378,0.022383651162795268,0.009741814155703628,0.007822106465298984,0.12174412126584265,0.0896567707330862
4404,5.080686348753293,0.017505842544340306,0.022383087408499504,0.009741694221943917,0.00782205796320456,0.1217301463011057,0.08965476956868812
4405,5.080686348753293,0.017505842168383242,0.022382523847587075,0.009741590475095133,0.007822010143074022,0.12171617613016851,0.08965276909074482
4406,5.080686348753293,0.017505841792555113,0.0223819604799476,0.009741470621740618,0.007821963004442377,0.12170221075029507,0.08965076929886454
4407,5.080686348753293,0.017505841416855846,0.022381397305470795,0.009741359374558552,0.00782191771631947,0.12168825015875151,0.08964877019265574
4408,5.080686348753292,0.01750584104128536,0.02238083432404647,0.00974123960238689,0.007821873108365771,0.12167432668913086,0.08964677177172732
4409,5.080686348753292,0.017505840665843594,0.022380271535564513,0.009741119871262992,0.007821829180117706,0.12166037566234664,0.08964477403568841
4410,5.080686348753292,0.017505840290530466,0.0223797089399149,0.009741000181163447,0.007821750839848684,0.12164642941570511,0.08964277698414844
4411,5.080686348753292,0.017505839915345902,0.022379146536987707,0.009740880532064866,0.007821673190380175,0.1216325221721971,0.08964078061671721
4412,5.080686348753292,0.017505839540289836,0.022378584326673084,0.009740760923943884,0.00782159623124293,0.12161858885404389,0.0896387849330048
4413,5.080686348753291,0.017505839165362188,0.02237802230886127,0.009740643942526826,0.007821519961968108,0.12160465692718084,0.08963678993262157
4414,5.080686348753292,0.017505838790562892,0.022377460483442604,0.009740524415994862,0.00782144438208727,0.12159072976957445,0.08963479561517829
4415,5.080686348753293,0.01750583841589187,0.022376898850307497,0.009740404930370601,0.007821366175086652,0.12157680737850826,0.0896328019802859
4416,5.080686348753293,0.017505838041349045,0.022376337409346452,0.009740301148706115,0.007821288657678975,0.12156291785165596,0.08963080902755577
4417,5.080686348753293,0.01750583766693435,0.02237577616045006,0.009740181743034754,0.007821211829396352,0.1215490340996773,0.0896288167565995
4418,5.080686348753293,0.017505837292647715,0.022375215103509004,0.00974006237820188,0.007821135689771285,0.12153518948287,0.08962682516702906
4419,5.080686348753293,0.017505836918489056,0.02237465423841405,0.009739951322555052,0.007821060238336676,0.12152131276688047,0.08962483425845667
4420,5.080686348753292,0.017505836544458305,0.022374093565056048,0.009739837705027739,0.007820982164226735,0.12150741415099225,0.08962284403049492
4421,5.080686348753292,0.017505836170555397,0.022373533083325937,0.009739718460977658,0.007820904778505685,0.12149355640001554,0.08962085448275665
4422,5.080686348753292,0.017505835796780247,0.022372972793114745,0.009739599257673764,0.007820828080706974,0.12147966727788245,0.08961886561485506
4423,5.080686348753293,0.01750583542313279,0.022372412694313594,0.009739480095092887,0.007820750086377594,0.12146578290064278,0.08961687742640363
4424,5.080686348753293,0.017505835049612957,0.02237185278681367,0.009739360973211878,0.007820672779716271,0.1214519032655994,0.08961488991701615
4425,5.080686348753293,0.01750583467622067,0.022371293070506268,0.009739241892007613,0.007820596160257261,0.12143802837005743,0.08961290308630672
4426,5.080686348753294,0.017505834302955856,0.022370733545282753,0.009739122851456977,0.007820520227535214,0.12142415821132407,0.08961091693388971
4427,5.080686348753295,0.017505833929818443,0.02237017421103459,0.00973900385153688,0.007820446640470852,0.12141032226723233,0.08960893145937988
4428,5.080686348753295,0.017505833556808358,0.022369615067653316,0.009738894382747538,0.007820373738647685,0.12139646157068076,0.08960694666239219
4429,5.080686348753296,0.017505833498189998,0.022369056990731044,0.009738775462936082,0.007820301521601873,0.12138260560287344,0.08960496254254201
4430,5.080686348753296,0.017505833125398496,0.022368498228658613,0.009738656583686365,0.007820223711277106,0.1213687543611261,0.08960297909944494
4431,5.080686348753295,0.017505835053508986,0.02236793965712826,0.009738537744975366,0.00782014658694389,0.12135490784275664,0.08960113491635883
4432,5.080686348753296,0.017505834680709233,0.02236738127603188,0.00973841894678009,0.007820070148138344,0.1213410660450851,0.08959922152439538
4433,5.080686348753295,0.01750583430803655,0.02236682308526144,0.009738300189077547,0.007819995358580818,0.12132728005981468,0.08959730193841561
4434,5.080686348753295,0.017505833935490864,0.02236626508470901,0.009738198548240281,0.00781992125329581,0.12131352408642111,0.08959532991025998
4435,5.080686348753296,0.0175058335630721,0.02236570727426673,0.00973810161936495,0.00781984783182081,0.12129980269222408,0.08959334981350649
4436,5.080686348753295,0.017505833190780196,0.02236514965382683,0.009737982978578601,0.0078197754540933,0.12128609029423867,0.08959137039121706
4437,5.080686348753296,0.01750583281861507,0.022364592223281635,0.009737864378194747,0.007819704492601018,0.12127236959613774,0.08958939164300947
4438,5.0806863487532965,0.017505832446576657,0.02236403498252354,0.009737745818190494,0.00781962689131187,0.12125855601616704,0.08958741356850175
4439,5.0806863487532965,0.01750583207466488,0.022363477931445035,0.009737627298542967,0.007819549974106698,0.12124474713821096,0.08958543616731227
4440,5.0806863487532965,0.017505831702879674,0.022362921069938695,0.00973750881922931,0.007819473740523745,0.12123098315410172,0.08958345943905967
4441,5.080686348753296,0.017505831331220956,0.02236236439789717,0.009737402281351719,0.007819398190101641,0.12121721790054032,0.08958148338336291
4442,5.080686348753296,0.017505830959688662,0.022361807915213205,0.009737289561890681,0.00781932332237941,0.1212034451576622,0.08957950799984125
4443,5.080686348753295,0.01750583058828272,0.02236125162177964,0.009737171201441443,0.007819249136896463,0.12118968846996703,0.0895775332881143
4444,5.080686348753295,0.01750583021700306,0.022360695517489378,0.009737057958097666,0.007819175633192604,0.12117593648203487,0.08957555924780188
4445,5.080686348753295,0.01750582984584961,0.022360139602235412,0.009736939677534903,0.007819102810808021,0.12116218721827406,0.08957358587852415
4446,5.080686348753295,0.0175058294748223,0.022359583875910836,0.009736833747855046,0.007819030669283298,0.12114843220605079,0.08957161317990163
4447,5.080686348753295,0.017505829103921056,0.02235902833840881,0.009736739466061135,0.007818959208159401,0.12113466082399056,0.08956964115155504
4448,5.080686348753295,0.017505829306667768,0.022358472989622586,0.009736621795300167,0.007818881866988717,0.12112090049650712,0.08956766979310546
4449,5.080686348753295,0.017505831021142917,0.0223579178294455,0.009736503671221019,0.007818805207529882,0.12110717479840599,0.08956569910417425
4450,5.080686348753296,0.017505830650317432,0.02235736285777097,0.009736385587250459,0.007818729229323768,0.1210934838393746,0.08956372908438309
4451,5.080686348753296,0.017505830279617825,0.0223568080744925,0.009736267543365826,0.007818653931911636,0.12107982527110141,0.08956175973335392
4452,5.080686348753296,0.01750583219349984,0.022356270211204503,0.009736149539544482,0.007818579314835135,0.1210662182328971,0.08955992234448908
4453,5.0806863487532965,0.017505831822792462,0.02235572298506177,0.0097360315757638,0.0078185053776363,0.1210526418576363,0.08955807695973579
4454,5.0806863487532965,0.01750583145221084,0.022355168763619444,0.009735913652001176,0.007818432119857553,0.12103910341428885,0.0895561748776603
4455,5.0806863487532965,0.017505831081754908,0.022354614730148957,0.009735797547164996,0.007818359541041698,0.1210255234710848,0.08955424189606544
4456,5.0806863487532965,0.017505830711424593,0.02235406088454423,0.009735690459598824,0.007818287839984667,0.12101198651819017,0.08955227584315376
4457,5.0806863487532965,0.01750583034121982,0.022353507226699276,0.00973557265433321,0.007818216816909751,0.12099838155735705,0.0895503104567557
4458,5.0806863487532965,0.017505829971140523,0.02235295375650818,0.009735471416502686,0.007818146471360957,0.12098477380438946,0.08954834573649531
4459,5.080686348753296,0.01750582960118663,0.02235240047386512,0.009735353689197484,0.007818076802882667,0.12097120935705617,0.08954638168199693
4460,5.080686348753296,0.017505829231358072,0.022351847378664354,0.009735249381474239,0.007818007983631196,0.12095765355005055,0.08954441829288519
4461,5.080686348753296,0.01750582886165478,0.022351294470800222,0.009735145366766437,0.00781793984048169,0.12094408370349131,0.08954245556878501
4462,5.080686348753295,0.017505828492076676,0.022350741750167148,0.009735036020064475,0.007817872372979722,0.12093051667718793,0.08954049350932164
4463,5.080686348753295,0.017505828122623697,0.022350189216659645,0.009734918448164879,0.007817805580671243,0.12091681961767185,0.0895385321141206
4464,5.080686348753295,0.01750582775329577,0.022349636870172294,0.00973480904398516,0.007817739463102586,0.12090312719430214,0.08953657138280767
4465,5.080686348753294,0.01750582738409282,0.022349084710599775,0.009734711073133537,0.007817674019820472,0.12088950762820501,0.08953461131500899
4466,5.080686348753294,0.017505827015014783,0.022348532737836845,0.009734593617423482,0.007817603304104758,0.1208759233141687,0.08953265191035097
4467,5.080686348753294,0.01750582664606159,0.02234798095177834,0.009734495801647026,0.007817533263781488,0.1208623477875622,0.08953069316846028
4468,5.080686348753293,0.017505826277233162,0.02234742935231919,0.009734397716069699,0.007817463898397393,0.12084878029452428,0.08952873508896396
4469,5.080686348753293,0.017505825908529435,0.022346877939354394,0.009734280375081549,0.007817395207499581,0.12083527541832159,0.08952677767148924
4470,5.080686348753293,0.017505825539950337,0.02234632671277904,0.009734163073757175,0.007817327190635548,0.12082182141262808,0.08952482091566376
4471,5.080686348753292,0.017505825171495803,0.022345775672488303,0.009734061988712303,0.007817259847353165,0.12080832954130961,0.08952286482111535
4472,5.080686348753292,0.017505824803165756,0.022345224818377425,0.009733944764820061,0.007817193177200685,0.12079471611348572,0.08952090938747219
4473,5.080686348753292,0.01750582665509738,0.022344674150341755,0.00973382758052534,0.007817127179726742,0.12078110631790696,0.08951895461436274
4474,5.080686348753292,0.017505826286765263,0.022344123668276705,0.009733710435805893,0.007817050497453867,0.1207674599994423,0.08951700050141577
4475,5.080686348753292,0.01750582591855751,0.022343573372077777,0.009733593330639476,0.007816974490792545,0.12075384020076152,0.0895150470482603
4476,5.080686348753292,0.017505825550474058,0.022343023261640543,0.009733476265003869,0.007816897860214132,0.12074020309238682,0.08951309425452567
4477,5.080686348753291,0.017505825182514825,0.022342473336860676,0.00973335923887687,0.007816821904781309,0.12072659008856525,0.08951114211984149
4478,5.080686348753291,0.017505824814679747,0.02234192359763392,0.009733242252236292,0.007816745976216977,0.12071299296263914,0.08950919064383768
4479,5.080686348753291,0.017505826634520577,0.022341376288878525,0.009733125305059967,0.007816670722113409,0.12069940707817886,0.08950723982614446
4480,5.080686348753291,0.017505826266686775,0.022340826920192243,0.009733021565845603,0.007816596142019372,0.12068578835401918,0.08950528966639233
4481,5.080686348753291,0.017505825898977003,0.02234027773674689,0.009732904696045859,0.007816522235484007,0.12067217422193968,0.08950334016421208
4482,5.080686348753292,0.01750582553139119,0.022339728738438532,0.009732787865644467,0.007816449002056835,0.12065858059219772,0.08950139131923476
4483,5.080686348753291,0.01750582516392927,0.02233917992516332,0.00973267107461933,0.007816376441287754,0.12064507501694845,0.08949944313109176
4484,5.080686348753291,0.01750582479659117,0.0223386312968175,0.009732554322948367,0.007816304552727044,0.12063148415267881,0.08949749559941474
4485,5.080686348753291,0.01750582442937682,0.022338082853297383,0.009732437610609513,0.00781622945928848,0.1206178883491112,0.08949554872383562
4486,5.080686348753291,0.01750582406228615,0.022337534594499366,0.009732320937580719,0.007816155038465666,0.12060431090502056,0.08949360250398666
4487,5.080686348753291,0.017505823695319094,0.022336987994304943,0.009732204303839958,0.007816080520248911,0.12059073669883387,0.08949165693950037
4488,5.080686348753292,0.017505823328475587,0.02233644010447464,0.009732087709365218,0.007816006674008712,0.1205771546222865,0.08948971203000955
4489,5.080686348753291,0.01750582296175555,0.022335892399056177,0.009731971154134501,0.007815933364923297,0.12056357711727085,0.08948776777514732
4490,5.080686348753291,0.017505822595158916,0.022335344877946278,0.00973185463812583,0.007815860726962592,0.12055000418122669,0.08948582417454704
4491,5.080686348753291,0.01750582222868562,0.022334797541041743,0.009731738161317243,0.007815788759678604,0.12053647003727029,0.08948388122784239
4492,5.080686348753291,0.017505823647113054,0.02233425038823946,0.009731626346585946,0.007815717462623719,0.12052295061804484,0.08948193893466733
4493,5.080686348753291,0.017505823280685427,0.022333703419436395,0.009731509947591624,0.00781564601041382,0.12050949916269464,0.0894799972946561
4494,5.080686348753291,0.017505822914380995,0.022333156634529595,0.009731409209064073,0.007815575227816262,0.12049606712674038,0.08947805630744324
4495,5.080686348753291,0.017505822548199695,0.022332610033416186,0.009731292886560154,0.00781550569281516,0.12048266951196351,0.08947611597266358
4496,5.080686348753291,0.017505822182141455,0.022332063615993374,0.009731176603147536,0.007815436826339084,0.1204691841695117,0.0894741762899522
4497,5.080686348753291,0.0175058218162062,0.02233151738215844,0.009731060358804364,0.007815360728393646,0.12045564308609827,0.0894722372589445
4498,5.080686348753292,0.017505821726581734,0.02233097133180876,0.009730944153508796,0.007815285300735553,0.12044210655126632,0.08947029887927616
4499,5.080686348753292,0.017505821360861228,0.022330425464841777,0.009730827987239007,0.007815210542918276,0.12042857456247354,0.08946836115058311
4500,5.080686348753293,0.017505820995263512,0.022329879781155023,0.009730711859973191,0.00781513645449565,0.12041505577945139,0.08946642407250162
4501,5.080686348753293,0.017505820629788522,0.0223293342806461,0.009730596013088885,0.007815063035021892,0.12040153287414537,0.0894644876446682
4502,5.080686348753293,0.017505820264436193,0.022328788963212703,0.009730479963738556,0.007814990284051585,0.12038801450726402,0.08946255186671968
4503,5.080686348753293,0.017505819899206448,0.022328243828752595,0.009730376227314506,0.007814918201139687,0.12037450067627302,0.08946061673829314
4504,5.080686348753293,0.017505832348176393,0.022327698877163626,0.009730263359303855,0.007814846785841528,0.12036099761684776,0.0894587069758291
4505,5.080686348753293,0.017505831981753855,0.022327154108343728,0.00973015774535617,0.007814776037712808,0.12034749284934247,0.08945678082931442
4506,5.080686348753293,0.017505831615454184,0.022326609522190906,0.009730041848747609,0.007814705956309596,0.12033399261013665,0.08945485212272675
4507,5.080686348753293,0.017505831249277307,0.022326065118603237,0.009729925990991822,0.007814632982596175,0.12032049689670388,0.08945291958462902
4508,5.080686348753294,0.01750583088322316,0.0223255208974789,0.009729818362171468,0.00781456067591422,0.12030700570651974,0.0894509876942444
4509,5.080686348753294,0.01750583051729167,0.022324976858716133,0.009729702581138103,0.007814484879810965,0.12029354348376455,0.08944905645121164
4510,5.080686348753294,0.017505830151482774,0.022324433348188216,0.009729586838892856,0.007814409751244894,0.12028006132977227,0.08944712585516984
4511,5.080686348753293,0.0175058297857964,0.022323889673804883,0.009729471135414105,0.00781433528977248,0.12026658837744288,0.08944519590575835
4512,5.080686348753293,0.01750582942023248,0.02232334618147835,0.009729355470680245,0.007814261494950576,0.12025311525178509,0.08944326660261681
4513,5.080686348753294,0.017505829054790954,0.022322802871107182,0.009729251323044188,0.007814185799901735,0.1202396892858839,0.08944133794538514
4514,5.080686348753294,0.01750582868947174,0.022322259742590018,0.009729135734450048,0.007814110130189143,0.12022623415897693,0.08943940993370351
4515,5.080686348753294,0.017505828324274778,0.022321716795825577,0.009729020184536518,0.007814035542496371,0.12021288971002185,0.08943748256721241
4516,5.080686348753294,0.0175058279592,0.02232117403071266,0.00972891341793853,0.00781396162061868,0.12019949379711196,0.0894355558455526
4517,5.080686348753294,0.017505827594247337,0.022320651214639678,0.009728797944343075,0.007813888364114242,0.12018610243167355,0.08943373296863275
4518,5.080686348753294,0.01750582722941672,0.022320108810314987,0.009728682509363994,0.007813815772541593,0.1201726563003996,0.08943187597960589
4519,5.080686348753294,0.01750582686470808,0.022319566587339433,0.009728567112979801,0.007813743845459641,0.12015927345359564,0.08943000256789856
4520,5.080686348753295,0.017505826500121356,0.02231902454561213,0.009728451755169024,0.007813672582427657,0.12014593772644672,0.08942811665558169
4521,5.080686348753295,0.017505826135656467,0.022318483745710303,0.009728336435910208,0.007813601983005281,0.12013262490574884,0.08942622039666603
4522,5.080686348753295,0.01750582577131336,0.022317942066058593,0.00972822339973996,0.007813532046752517,0.12011928358601558,0.0894243184421874
4523,5.080686348753295,0.017505825407091957,0.022317400567352985,0.009728108157269938,0.007813462773229734,0.12010596384285044,0.0894224089024779
4524,5.080686348753294,0.017505825042992192,0.022316859249492903,0.0097279929532877,0.007813394161997668,0.12009262023722751,0.08942048729058329
4525,5.080686348753295,0.017505824679014,0.022316318112377866,0.009727888644611288,0.00781332744525666,0.12007921193807818,0.08941856632031135
4526,5.080686348753295,0.017505824315157317,0.02231577715590744,0.009727773516327998,0.007813261389517451,0.12006580164011652,0.08941664599130561
4527,5.080686348753294,0.017505823951422066,0.0223152363799813,0.009727658426468782,0.007813195994342102,0.1200524063858257,0.08941472630320989
4528,5.080686348753294,0.017505823587808184,0.022314695784499173,0.009727543375012308,0.007813120670350981,0.1200390050355757,0.08941280725566826
4529,5.080686348753295,0.01750582322431561,0.02231415536936089,0.009727440644221111,0.007813046567966313,0.12002560815604554,0.08941088884832511
4530,5.080686348753296,0.01750582286094427,0.022313615134466343,0.009727325668135715,0.007812973128178158,0.12001221574475363,0.08940897108082509
4531,5.080686348753296,0.0175058224976941,0.0223130750797155,0.009727210730389601,0.007812900350548168,0.11999882779922026,0.08940705395281305
4532,5.080686348753295,0.017505822134565023,0.02231253520500841,0.009727095830961497,0.007812828234638365,0.11998544431696774,0.08940513746393425
4533,5.080686348753295,0.017505821771556983,0.022311995510245212,0.009726989345719667,0.007812756780011131,0.11997206529552025,0.08940322161383414
4534,5.080686348753294,0.017505821408669908,0.022311455995326104,0.009726874521930086,0.007812681605203379,0.11995869073240388,0.08940130640215846
4535,5.080686348753294,0.01750582104590373,0.022310916660151368,0.009726762574879288,0.007812607092263628,0.11994532062514664,0.0893993918285532
4536,5.080686348753295,0.01750582068325839,0.022310379494075758,0.009726647827261417,0.00781253324075454,0.11993195497127851,0.08939747789266471
4537,5.080686348753295,0.017505820320733813,0.022309840517869297,0.00972653311785586,0.007812460050239133,0.1199185937683313,0.08939556459413951
4538,5.080686348753295,0.01750581995832993,0.022309301721108597,0.009726418446641445,0.007812387520280797,0.11990523701383882,0.08939365193262447
4539,5.080686348753295,0.017505819596046687,0.02230876310369425,0.009726303813597015,0.0078123156504432785,0.11989188470533671,0.08939173990776669
4540,5.080686348753295,0.017505819233884,0.022308224665526927,0.00972618921870143,0.007812244440290683,0.11987853684036258,0.08938982851921355
4541,5.080686348753294,0.017505818871841817,0.02230768640650737,0.009726074661933563,0.007812173889387479,0.11986521868455506,0.08938791776661272
4542,5.080686348753295,0.017505818509920064,0.022307148326536404,0.00972597490940702,0.007812103997298499,0.11985195622874434,0.08938600764961213
4543,5.080686348753295,0.017505818148118676,0.022306610425514933,0.00972586042718843,0.0078120347635889315,0.11983870906001502,0.08938409816785998
4544,5.080686348753296,0.01750581778643759,0.022306072703343928,0.009725745983034832,0.0078119661878243265,0.11982537892352375,0.08938218932100477
4545,5.080686348753295,0.017505817424876727,0.022305535159924447,0.009725631576925166,0.007811898269570591,0.11981205321828396,0.08938028110869521
4546,5.080686348753296,0.017505817063436034,0.02230499779515761,0.009725517208838392,0.007811831008393994,0.11979880278868964,0.08937837353058035
4547,5.080686348753296,0.017505816702115436,0.022304460608944632,0.00972540295728468,0.007811764403861161,0.11978557439624385,0.08937646658630949
4548,5.080686348753295,0.01750581634091487,0.022303923601186788,0.009725288665171895,0.007811698455539079,0.11977238768447351,0.08937456027553217
4549,5.080686348753294,0.017505815979834267,0.022303386771785443,0.009725190395346932,0.007811633162995091,0.11975912795866378,0.08937265459789825
4550,5.080686348753294,0.017505815618873568,0.022302850120642027,0.009725103988734787,0.0078115685257968935,0.11974590495251297,0.08937074955305781
4551,5.080686348753294,0.0175058152580327,0.022302313647658056,0.009725007037125182,0.0078115045435125504,0.11973268572946291,0.08936884514066126
4552,5.080686348753294,0.0175058148973116,0.02230177735273512,0.009724892889950475,0.007811429806622066,0.11971939091962859,0.08936694136035923
4553,5.080686348753294,0.017505814536710202,0.022301241235774875,0.009724778780654067,0.007811355727568579,0.11970610052150892,0.08936503821180264
4554,5.080686348753294,0.01750581417622844,0.02230070529667906,0.009724674459492946,0.007811282305919129,0.119692814532668,0.08936313569464267
4555,5.080686348753295,0.01750581381586624,0.0223001695353495,0.009724560424808478,0.007811207643178367,0.11967953295067184,0.08936123380853078
4556,5.080686348753295,0.01750581345562355,0.022299633951688075,0.009724446427939973,0.00781113300519712,0.11966625577308826,0.08935933255311869
4557,5.080686348753294,0.017505813095500294,0.02229909854559675,0.009724341003589126,0.007811059024161916,0.11965298969881609,0.0893574319280584
4558,5.080686348753294,0.01750581273549641,0.02229856331697758,0.009724227081343541,0.007810985699640759,0.11963973662471872,0.08935553193300216
4559,5.080686348753293,0.017505812375611825,0.02229802826573267,0.009724113196851682,0.007810913031202005,0.11962652233951417,0.08935363256760251
4560,5.080686348753293,0.017505812015846483,0.022297493391764216,0.009723999350092731,0.007810841018414368,0.11961326274735015,0.08935173383151225
4561,5.080686348753293,0.017505811656200312,0.022296958694974497,0.00972389683150493,0.0078107696608469175,0.11960002972366449,0.08934983572438446
4562,5.080686348753294,0.017505811296673255,0.02229642417526585,0.009723783058898506,0.007810695170086504,0.11958677891118799,0.08934793824587246
4563,5.080686348753294,0.017505810937265238,0.022295889832540692,0.009723669323963046,0.00781062133493971,0.11957357750988457,0.08934604230290326
4564,5.080686348753295,0.017505810577976195,0.02229535566670152,0.009723555626677798,0.007810548154975976,0.11956033546489189,0.08934414608048342
4565,5.080686348753294,0.017505810218806064,0.0222948216776509,0.00972344196702202,0.0078104756297651,0.11954713501771871,0.08934225048564101
4566,5.080686348753294,0.017505811178374856,0.02229428786529148,0.009723328344974995,0.007810403758877232,0.11953394582986827,0.08934035551803043
4567,5.080686348753294,0.01750581081929642,0.022293754229525984,0.009723217452974895,0.007810332541882879,0.11952079459207188,0.08933846117730634
4568,5.080686348753294,0.017505812474345392,0.0222932207702572,0.009723103905785355,0.0078102619783528985,0.11950765415224852,0.08933656746312367
4569,5.080686348753294,0.017505812115281624,0.022292687487388003,0.009722990396142597,0.007810187658494528,0.1194944339693152,0.08933467437513765
4570,5.080686348753293,0.01750581175633656,0.02229215438082133,0.009722876924025957,0.00781011336320619,0.11948121815695478,0.08933278191300369
4571,5.080686348753292,0.017505811397510132,0.02229162145046021,0.009722763489414794,0.007810039721761911,0.11946800671276314,0.08933089007637757
4572,5.080686348753292,0.01750581103880228,0.02229108957605238,0.009722650092288482,0.007809966733733041,0.11945479963433793,0.08932899886491526
4573,5.080686348753292,0.01750581068021294,0.02229055699771446,0.009722536732626411,0.007809894398691288,0.11944159691927865,0.08932710827827302
4574,5.080686348753291,0.017505810321742043,0.022290026385733866,0.009722429811280969,0.007809822716208707,0.11942840551342881,0.08932521831610736
4575,5.080686348753292,0.01750580996338953,0.02228949415893163,0.009722316525778468,0.007809751685857711,0.11941521151713978,0.08932332897807511
4576,5.080686348753292,0.017505809605155333,0.022288962107851255,0.009722210761938348,0.007809681307211058,0.11940202187702657,0.08932144026383328
4577,5.080686348753293,0.017505809247039383,0.0222884302323962,0.009722097550394302,0.007809611579841862,0.11938883659069607,0.0893195521730392
4578,5.080686348753293,0.01750580888904162,0.02228789853247001,0.009721984376212186,0.007809542503323583,0.11937565565575703,0.08931766470535046
4579,5.080686348753294,0.017505808531161977,0.022287367007976292,0.009721871239371484,0.007809468426061887,0.11936256661389037,0.08931577786042487
4580,5.080686348753294,0.01750580817340039,0.022286835658818737,0.009721762333736018,0.007809395000663255,0.11934947357303453,0.08931389163792054
4581,5.080686348753294,0.01750580781575679,0.022286304484901112,0.009721649271053944,0.00780932222670118,0.11933642875267995,0.08931200603749587
4582,5.080686348753295,0.017505807458231118,0.022285773486127244,0.009721540083789539,0.007809250103749499,0.11932335673239024,0.08931012105880946
4583,5.080686348753295,0.017505807100823306,0.022285242662401047,0.009721427095223957,0.0078091786313824,0.11931020248384192,0.0893082367015202
4584,5.080686348753294,0.01750580674353329,0.022284712013626497,0.009721326675506837,0.007809107809174421,0.11929704756454317,0.08930635296528723
4585,5.080686348753294,0.017505806386361004,0.02228418153970766,0.00972122907115224,0.007809037636700448,0.11928389823452808,0.08930446984976999
4586,5.080686348753294,0.01750580602930639,0.02228365124054867,0.009721140202242844,0.007808968113535718,0.11927077165666308,0.08930258735462815
4587,5.080686348753293,0.01750580567236937,0.022283121116053715,0.009721027356799179,0.007808898738485442,0.11925762973208395,0.08930070547952162
4588,5.080686348753293,0.017505805315549895,0.022282591166127085,0.009720914548515164,0.007808830012060826,0.11924452942629948,0.08929882422411063
4589,5.080686348753294,0.017505804958847897,0.022282061390673128,0.009720801777370438,0.007808761933838055,0.11923139615043052,0.08929694358805565
4590,5.080686348753294,0.017505804602263305,0.022281531789596264,0.009720689043344654,0.007808694503393665,0.11921829143545726,0.08929506357101735
4591,5.080686348753295,0.017505804245796057,0.022281002362800995,0.009720576346417485,0.007808627720304539,0.11920518710670644,0.08929318417265673
4592,5.080686348753295,0.01750580388944609,0.02228047311019189,0.009720463686568613,0.007808561584147902,0.11919206678739934,0.08929130539263502
4593,5.080686348753295,0.017505805424902956,0.02227994403167359,0.009720351063777744,0.007808496094501334,0.11917895078385177,0.08928942723061373
4594,5.080686348753294,0.01750580506857924,0.02227941512715081,0.009720238478024593,0.007808431048889874,0.11916583909370154,0.08928754968625459
4595,5.080686348753294,0.017505804712372678,0.022278886396528346,0.009720125929288894,0.007808366649011101,0.11915273171458841,0.08928567275921963
4596,5.080686348753294,0.01750580435628321,0.022278357839711056,0.009720024311287306,0.007808300222984922,0.11913965637076789,0.08928379644917112
4597,5.080686348753294,0.01750580613823693,0.02227782945660388,0.009719918020833475,0.007808235558737463,0.11912656878363552,0.0892819207557716
4598,5.080686348753294,0.017505805782146455,0.022277301247111813,0.00971982502396753,0.007808171539470243,0.11911347431921361,0.08928004567868386
4599,5.080686348753294,0.01750580542617296,0.022276773211139946,0.009719712619085965,0.007808108164762594,0.11910038415640703,0.08927817121757092
4600,5.080686348753294,0.01750580507031638,0.022276245348593432,0.00971960025112207,0.007808045434194189,0.11908733853908873,0.08927629737209612
4601,5.080686348753295,0.017505804760908603,0.022275717659377497,0.009719487920055662,0.007807983347345042,0.11907432191186183,0.08927442414192302
4602,5.080686348753295,0.017505804405280566,0.02227519014339743,0.009719375625866588,0.0078079219037955104,0.11906127169518697,0.08927255152671541
4603,5.080686348753295,0.01750580404976926,0.02227466280055861,0.009719263368534703,0.007807861103126302,0.11904819870082674,0.08927067952613739
4604,5.080686348753294,0.01750580369437461,0.022274135630766474,0.009719151148039876,0.007807800944918455,0.1190351432986484,0.08926880813985327
4605,5.080686348753294,0.017505805510254276,0.02227360863392654,0.009719038964361994,0.00780774142875336,0.1190221252050433,0.08926693736752767
4606,5.080686348753294,0.01750580515485452,0.022273081809944396,0.00971892681748096,0.007807682554212745,0.11900914814138487,0.0892650672088254
4607,5.080686348753294,0.01750580479957131,0.0222725551587257,0.009718814707376693,0.0078076243208786795,0.11899621266590601,0.0892631976634116
4608,5.080686348753294,0.017505804444404582,0.02227202868017618,0.00971870263402912,0.0078075674725453315,0.11898335770553488,0.0892613287309516
4609,5.080686348753293,0.017505804089354277,0.022271502374201637,0.009718590597418194,0.007807494096618779,0.11897031036495884,0.089259460411111
4610,5.080686348753293,0.017505805902034096,0.02227097624070796,0.009718478597523877,0.0078074213660294205,0.11895726730025385,0.08925759270355572
4611,5.080686348753294,0.017505805546978854,0.02227045027960108,0.009718366634326148,0.0078073492803577525,0.11894422850908827,0.08925572560795185
4612,5.080686348753293,0.017505805192039915,0.02226992449078702,0.009718265051681496,0.007807277839184613,0.11893121023960912,0.08925385912396575
4613,5.080686348753293,0.017505805458293215,0.022269398874171866,0.009718153160683649,0.007807207042091183,0.11891817998675415,0.08925199325126407
4614,5.080686348753292,0.01750580510351867,0.022268873429661787,0.009718041306322787,0.007807136888658985,0.11890515400045498,0.08925012798951368
4615,5.080686348753292,0.01750580474886027,0.022268348157163016,0.009717929488578948,0.007807067378469883,0.11889213227838706,0.08924826333838175
4616,5.080686348753292,0.01750580439431794,0.022267823056581853,0.009717817707432191,0.007806998511106081,0.11887918109357082,0.08924639929753565
4617,5.080686348753292,0.01750580403989163,0.02226729812782468,0.009717705962862583,0.007806930286150122,0.11886624585122549,0.08924453586664305
4618,5.080686348753291,0.01750580368558127,0.022266773370797938,0.009717594254850208,0.007806860586115234,0.11885325983454939,0.08924267304537181
4619,5.080686348753291,0.017505803331386793,0.022266248785408147,0.009717482583375165,0.007806791807710536,0.11884027802761674,0.08924081083339012
4620,5.080686348753291,0.01750580297730815,0.0222657243715619,0.009717370948417573,0.00780672367106407,0.1188272775711098,0.08923894923036638
4621,5.080686348753291,0.017505802623345258,0.022265200129165854,0.009717259349957562,0.00780665617575941,0.11881429988820097,0.08923708823596924
4622,5.080686348753291,0.01750580226949807,0.022264676058126737,0.009717153976334724,0.0078065893213804674,0.11880130792801254,0.08923522784986757
4623,5.080686348753291,0.017505801915766516,0.02226415215835136,0.009717042450133793,0.0078065231075114955,0.11878832021353028,0.08923336807173059
4624,5.080686348753291,0.017505801562150536,0.02226362842974659,0.009716930960371144,0.007806457533737084,0.11877536028027946,0.08923150890122768
4625,5.080686348753291,0.017505801208650064,0.022263104872219375,0.009716832601020015,0.00780639259964216,0.11876241383883247,0.0892296503380285
4626,5.080686348753291,0.017505800855265038,0.02226258148567673,0.009716745946102973,0.007806328304811989,0.11874947170373787,0.08922779238180299
4627,5.080686348753291,0.0175058005019954,0.022262058270025743,0.009716677938036157,0.007806264648832173,0.11873650093927014,0.08922593503222133
4628,5.080686348753292,0.017505800148841084,0.022261535225173566,0.009716566584958192,0.007806201631288653,0.11872353440898609,0.0892240782889539
4629,5.080686348753291,0.01750579979580202,0.022261012351027426,0.009716455268222509,0.0078061392517677,0.11871057211058579,0.08922222215167137
4630,5.080686348753291,0.017505801080827627,0.022260489647494622,0.00971634398780937,0.007806077509855926,0.11869761404177112,0.08922036662004469
4631,5.080686348753291,0.017505800727840144,0.022259967114482526,0.009716232743699055,0.007806016405140281,0.11868469707550158,0.08921851169374499
4632,5.080686348753292,0.01750580037496779,0.02225944475189857,0.00971612153587186,0.007805955937208046,0.11867181273316037,0.08921665737244372
4633,5.080686348753292,0.017505800022210506,0.022258922559650264,0.009716010603703433,0.007805896105646837,0.11865890375379226,0.08921480365581251
4634,5.080686348753292,0.017505799669568223,0.02225840053764519,0.009715899468357308,0.007805836910044607,0.11864602210807516,0.08921295054352331
4635,5.080686348753292,0.017505799317040882,0.022257878685790992,0.009715788369235279,0.007805778349989642,0.11863312556906074,0.08921109803524825
4636,5.080686348753292,0.017505798964628422,0.022257357003995393,0.009715677306317706,0.007805720387548798,0.11862019280359566,0.08920924613065978
4637,5.080686348753292,0.01750579861233078,0.02225683549216618,0.009715566279584953,0.00780566305984502,0.1186072993569978,0.08920739482943055
4638,5.080686348753291,0.01750579826014789,0.022256314150211207,0.0097154603589681,0.007805590352692081,0.11859439448246935,0.08920554413123345
4639,5.080686348753291,0.017505797908079695,0.022255792978038407,0.009715349403993814,0.007805517669217226,0.11858157734770555,0.08920369403574166
4640,5.080686348753292,0.017505799702677006,0.022255271975555786,0.009715238485145728,0.007805445009407624,0.11856882761335134,0.08920184547579885
4641,5.080686348753292,0.01750579935060426,0.022254751142671402,0.009715127602404268,0.007805372988304219,0.11855616984796895,0.08919999658463652
4642,5.080686348753292,0.017505798998646096,0.022254230479293396,0.00971502550003266,0.007805301605494584,0.11854350465951352,0.08919814829520052
4643,5.080686348753292,0.017505798646802455,0.022253709985329974,0.009714928641592877,0.007805230890420393,0.11853084356700898,0.08919630060716494
4644,5.080686348753293,0.01750579829507327,0.02225318966068942,0.009714817864584047,0.007805160812806403,0.11851816320167834,0.0891944535202042
4645,5.080686348753293,0.017505797943458485,0.022252669505280074,0.009714707123604508,0.007805091372241195,0.11850539155987348,0.08919260703399297
4646,5.080686348753293,0.01750579759195803,0.02225214951901035,0.009714611062061179,0.007805022568313678,0.11849263162643729,0.0891907611482061
4647,5.080686348753293,0.017505797240571854,0.022251629701788733,0.009714510968730813,0.007804954400613098,0.11847976683464585,0.08918891586251872
4648,5.080686348753293,0.017505796889299884,0.02225111005352378,0.009714400332980095,0.007804886868729028,0.11846691721243136,0.08918707117660624
4649,5.080686348753293,0.017505796538142066,0.022250590574124117,0.009714300102332063,0.007804819972251378,0.1184540388727157,0.08918522709014426
4650,5.080686348753293,0.017505796187098334,0.022250071263498438,0.009714189537339487,0.007804753710770388,0.11844116471705174,0.08918338360280866
4651,5.080686348753293,0.017505795836168632,0.022249552121555497,0.009714079008260688,0.007804688083876627,0.11842832713040899,0.08918154071427555
4652,5.080686348753293,0.017505795485352894,0.022249035052036216,0.009713968515076258,0.007804623091160997,0.11841549844028995,0.0891796984242213
4653,5.080686348753293,0.017505795134651055,0.022248516246978534,0.009713858057766795,0.0078045570398190675,0.11840263681566882,0.08917785673232251
4654,5.080686348753293,0.01750579478406306,0.022247997610330365,0.00971375226244622,0.007804491622387434,0.11838977936606457,0.08917601563825603
4655,5.080686348753292,0.017505794433588844,0.022247480110964255,0.00971365217389491,0.007804426838457693,0.11837692608922215,0.08917417514169895
4656,5.080686348753291,0.01750579408322835,0.0222469618107571,0.009713569750808912,0.007804362687621766,0.1183640769828882,0.08917233524232862
4657,5.080686348753291,0.01750579373298151,0.022246443678686806,0.009713462328017237,0.007804299169471911,0.11835130204112315,0.0891704959398226
4658,5.080686348753291,0.017505793382848266,0.02224592571466262,0.009713352044829421,0.007804236283600714,0.11833851226781504,0.08916865723385875
4659,5.080686348753291,0.017505793032828555,0.022245407918593845,0.009713241797402116,0.007804174029601086,0.11832569746700404,0.0891668191241151
4660,5.080686348753291,0.017505792682922322,0.022244890290389865,0.00971313158571603,0.00780411240706627,0.11831290481386282,0.08916498161026999
4661,5.080686348753292,0.0175057923331295,0.02224437282996013,0.00971302140975188,0.007804040228741326,0.11830007650653233,0.08916314469200196
4662,5.080686348753291,0.017505791983450026,0.02224385553721415,0.009712911269490402,0.007803968684693774,0.11828725235623237,0.08916130836898979
4663,5.080686348753292,0.01750579163388384,0.022243338412061518,0.009712801579663694,0.007803897774515884,0.11827447803073436,0.08915947264091253
4664,5.080686348753292,0.01750579128443089,0.022242821454411886,0.00971269151070488,0.007803827497800256,0.11826173553294658,0.0891576375074495
4665,5.080686348753291,0.017505790935091102,0.02224230466417497,0.009712581477391043,0.007803757854139816,0.11824904694223684,0.08915580296828016
4666,5.080686348753291,0.01750579058586442,0.02224178804126056,0.009712471479702974,0.00780368579197505,0.11823628450149828,0.08915396902308428
4667,5.080686348753291,0.017505790236750782,0.022241271585578516,0.009712361517621483,0.007803613753137019,0.11822353239055745,0.08915213567154191
4668,5.080686348753291,0.017505789887750135,0.022240755297038766,0.009712251591127393,0.007803542347319447,0.11821073309878076,0.08915030291333327
4669,5.080686348753291,0.017505789538862407,0.022240239175551294,0.009712141700201536,0.007803471574115933,0.11819794088104238,0.08914847074813884
4670,5.080686348753291,0.017505789190087544,0.022239723221026172,0.009712038647431875,0.007803401433120405,0.11818516515179056,0.08914663917563935
4671,5.080686348753291,0.01750578971868088,0.02223920743337352,0.009711928826849054,0.007803331923927115,0.11817237827551841,0.08914480819551578
4672,5.08068634875329,0.017505789370036665,0.022238691812503538,0.0097118190417773,0.007803263046130642,0.11815962127561297,0.08914297780744933
4673,5.08068634875329,0.017505789021505163,0.022238176358326492,0.009711709292197508,0.007803194799325896,0.11814686324586832,0.08914114801112145
4674,5.08068634875329,0.017505788673086317,0.02223766107075271,0.009711611979328946,0.007803122922040838,0.11813408876202805,0.08913931880621384
4675,5.08068634875329,0.01750578832478006,0.022237145949692595,0.009711502299335232,0.007803051067982714,0.11812137112262469,0.08913749019240841
4676,5.08068634875329,0.01750578797658633,0.02223663099505661,0.00971139648222564,0.007802979845275739,0.11810860740418892,0.08913566216938734
4677,5.08068634875329,0.01750578762850507,0.022236116206755287,0.009711286872669627,0.007802909253515273,0.11809585216154667,0.08913383473683302
4678,5.08068634875329,0.01750578728053622,0.02223560158469923,0.009711180940682254,0.007802839292297007,0.11808310042151914,0.0891320078944281
4679,5.08068634875329,0.01750578693267972,0.022235088071885633,0.00971107140150826,0.007802769961216949,0.11807038308103218,0.08913018164185547
4680,5.08068634875329,0.01750578658493551,0.02223457378195034,0.00971097288043743,0.00780270125987144,0.11805764101796987,0.08912835597879824
4681,5.08068634875329,0.017505786237303523,0.022234059657992543,0.009710863410777352,0.0078026331878571385,0.11804489537168311,0.08912653090493977
4682,5.08068634875329,0.017505785889783704,0.022233545699923123,0.009710766364884603,0.007802565744771032,0.11803215383793476,0.08912470641996369
4683,5.080686348753289,0.01750578554237599,0.02223303190765301,0.009710656964512107,0.007802498930210428,0.11801941641451681,0.08912288252355378
4684,5.080686348753289,0.01750578519508033,0.022232518281093207,0.009710547599423854,0.00780243274377296,0.11800668309922296,0.08912105921539416
4685,5.0806863487532885,0.017505784847896652,0.022232004820154787,0.009710438269600904,0.007802367185056581,0.11799395648830416,0.0891192364951691
4686,5.080686348753289,0.017505784500824906,0.02223149153709278,0.009710328975024336,0.0078023022536595705,0.11798127876985674,0.0891174143625632
4687,5.080686348753289,0.01750578447930797,0.022230978407129266,0.009710226347844502,0.007802237949180527,0.11796861559977483,0.08911559492509773
4688,5.080686348753289,0.017505784132424818,0.022230465442520744,0.009710125557964897,0.007802174271218371,0.11795592514837437,0.08911377396655742
4689,5.080686348753289,0.01750578378565342,0.022229952643178553,0.009710016367390292,0.007802111219372349,0.11794322748773625,0.08911195359469139
4690,5.08068634875329,0.017505783438993724,0.022229440009014095,0.00970990721198705,0.007802048793242023,0.11793054931499411,0.0891101338091851
4691,5.080686348753289,0.017505783092445663,0.02222892753993883,0.009709798091736319,0.0078019869924272804,0.11791789444278766,0.08910831460972428
4692,5.08068634875329,0.017505782746009182,0.022228415235864305,0.009709689006619263,0.007801925816528327,0.11790519388851618,0.08910649599599493
4693,5.08068634875329,0.017505782399684224,0.02222790309670212,0.00970957995661706,0.007801860294790884,0.1178924974225942,0.0891046779676832
4694,5.08068634875329,0.01750578205347072,0.022227391122363938,0.009709470941710896,0.007801788869062353,0.11787980504283184,0.08910286052447554
4695,5.08068634875329,0.017505781707368617,0.0222268793127615,0.009709361961881985,0.007801717466316167,0.11786711674704095,0.08910104366605863
4696,5.08068634875329,0.017505781361377853,0.022226367968880605,0.009709253017111542,0.0078016466907820685,0.11785443253303494,0.08909922739211935
4697,5.080686348753291,0.01750578101549837,0.022225856488452725,0.009709150242240056,0.007801576542059783,0.11784176479023376,0.08909741170234488
4698,5.080686348753291,0.01750578066973011,0.02222534517249619,0.009709041366870348,0.007801507019749349,0.11782908873191147,0.08909559659642254
4699,5.080686348753291,0.017505782161399988,0.02222483537743523,0.009708932526503063,0.00780143812345113,0.117816446550816,0.08909378207403996
4700,5.08068634875329,0.017505781815656433,0.022224324390011603,0.009708823721119478,0.007801366834782997,0.11780377863758025,0.089091968134885
4701,5.08068634875329,0.017505781470023983,0.02222381356679557,0.009708724823931062,0.007801296172298599,0.11779111479522261,0.0890901547786457
4702,5.08068634875329,0.017505781124502583,0.02222330290769932,0.009708616087397618,0.007801226135598739,0.11777845502156632,0.08908834200501038
4703,5.080686348753291,0.01750578077909217,0.022222792412635122,0.009708507385792129,0.007801156724284539,0.117765897004637,0.08908652981366759
4704,5.080686348753291,0.017505780433792684,0.022222282081515297,0.009708398719095922,0.007801087937957435,0.11775337966739481,0.08908471820430608
4705,5.080686348753291,0.01750578008860407,0.02222177191425224,0.009708290087290345,0.007801019776219187,0.117740828340647,0.08908290717661488
4706,5.080686348753291,0.01750577974352626,0.022221261910758405,0.009708181490356753,0.00780095223867187,0.11772826265366877,0.08908109673028321
4707,5.080686348753291,0.017505779398559202,0.022220752070946325,0.009708072928276523,0.007800885324917879,0.11771570864669616,0.08907928686500054
4708,5.080686348753291,0.017505779053702836,0.02222024239472858,0.009707964401031043,0.007800819034559923,0.11770307318686585,0.08907747758045659
4709,5.080686348753291,0.0175057787089571,0.02221973288201783,0.009707859029221515,0.007800753367201033,0.11769044178056201,0.08907566887634127
4710,5.08068634875329,0.017505778364321937,0.022219223532726786,0.009707750571254926,0.007800688322444554,0.11767784214969775,0.08907386075234475
4711,5.08068634875329,0.01750577801979729,0.022218715893998386,0.009707648518647085,0.007800623899894146,0.11766525419056066,0.08907205320815743
4712,5.08068634875329,0.017505777675383097,0.022218206871119254,0.009707540129536917,0.00780056009915379,0.1176527188381586,0.08907024624346996
4713,5.080686348753291,0.0175057773310793,0.022217698011398432,0.009707431775168968,0.0078004915494719095,0.11764017647287127,0.08906843985797315
4714,5.08068634875329,0.01750577698688584,0.022217189314748902,0.009707323455524707,0.007800423622529989,0.11762756527820956,0.08906663405135812
4715,5.080686348753291,0.01750577664280266,0.02221668285778935,0.009707215170585622,0.007800356362472596,0.11761495812412334,0.0890648288233162
4716,5.080686348753291,0.017505778009513858,0.022216174486799075,0.009707106920333206,0.007800289724349226,0.11760235500845848,0.08906302417353892
4717,5.08068634875329,0.017505777665467785,0.022215666278619494,0.009706998704748972,0.007800223707764528,0.11758978230007511,0.08906122010171807
4718,5.080686348753291,0.017505777321531874,0.022215158233163845,0.009706890523814448,0.007800158312323461,0.11757718725197241,0.08905941660754564
4719,5.080686348753291,0.017505778372961918,0.022214650350345425,0.009706792631277265,0.0078000935376313025,0.11756459623583924,0.08905761369071388
4720,5.080686348753291,0.017505778029096766,0.022214142630077614,0.009706684518488974,0.007800029383293643,0.11755200924952791,0.08905581135091527
4721,5.080686348753292,0.01750577768534165,0.022213635072273842,0.009706582057950094,0.007799965848916388,0.11753942629089228,0.08905400958784251
4722,5.080686348753292,0.01750577734169651,0.022213127676847598,0.009706474013731628,0.0077999029341057555,0.11752685232053174,0.0890522084011885
4723,5.080686348753291,0.017505776998161283,0.022212620443712444,0.009706366004071246,0.007799840638468275,0.11751427741028461,0.08905040779064641
4724,5.080686348753291,0.017505776654735912,0.022212113372782012,0.009706268773882863,0.007799778961610795,0.11750171818331234,0.08904860775590961
4725,5.080686348753291,0.017505776311420338,0.02221160646396999,0.009706160832134313,0.007799717903140472,0.11748915131217251,0.08904680829667175
4726,5.080686348753291,0.017505775968214506,0.022211099717190135,0.00970605292488908,0.00779964719268614,0.11747658845800238,0.08904500941262662
4727,5.08068634875329,0.017505775625118354,0.022210593132356262,0.009705954682501286,0.007799577103116295,0.11746402961866538,0.08904321110346831
4728,5.080686348753291,0.017505775282131826,0.02221008694322503,0.009705857499401609,0.007799507634037289,0.1174514747920266,0.08904141336889115
4729,5.080686348753291,0.017505774939254863,0.02220958068199985,0.009705749693388563,0.007799438785055782,0.11743900569732581,0.0890396162085896
4730,5.08068634875329,0.01750577459648741,0.022209074582462497,0.009705641921806202,0.0077993705557787485,0.11742654778068463,0.08903781962225844
4731,5.080686348753291,0.017505774253829404,0.022208568644527055,0.009705534184636226,0.007799302945813479,0.11741417591782231,0.08903602360959266
4732,5.080686348753291,0.017505773911280786,0.022208062868107652,0.009705426481860355,0.007799235954767572,0.11740182453159223,0.08903422817028743
4733,5.080686348753291,0.0175057735688415,0.022207557253118498,0.009705318813460317,0.007799170492939025,0.11738952177309503,0.0890324333040382
4734,5.080686348753291,0.017505773226511492,0.022207051799473857,0.009705211179417854,0.007799099961046585,0.11737704698942196,0.08903063901054063
4735,5.08068634875329,0.0175057728842907,0.022206546507088056,0.009705103579714724,0.00779903004842238,0.11736454198779676,0.08902884528949058
4736,5.080686348753291,0.017505772542179065,0.022206041375875497,0.009705008039994386,0.007798960988590585,0.11735201909657433,0.08902705214058419
4737,5.080686348753291,0.017505772200176527,0.022205536405750622,0.00970490050763237,0.007798890523953446,0.11733950019893533,0.08902525956351776
4738,5.080686348753291,0.01750577185828303,0.022205031596627962,0.00970479300955545,0.007798820677980096,0.11732701976175663,0.08902346755798785
4739,5.08068634875329,0.017505771516498524,0.0222045269484221,0.009704685545745434,0.007798751450279203,0.11731451789544475,0.08902167612369127
4740,5.080686348753291,0.017505771174822944,0.022204022461047683,0.009704578116184151,0.007798682840459744,0.11730205149552934,0.08901988526032502
4741,5.080686348753291,0.01750577083325623,0.022203518134419425,0.009704470720853432,0.007798612465236409,0.11728968473640686,0.08901809496758635
4742,5.080686348753291,0.01750577049179833,0.022203013968452093,0.009704363359735133,0.007798542707872495,0.11727733256013465,0.08901630524517268
4743,5.080686348753291,0.017505770150449185,0.022202509963060526,0.009704256032811116,0.007798473631949179,0.11726499636431109,0.0890145160927817
4744,5.080686348753291,0.017505769809208732,0.022202006118159624,0.009704148740063262,0.007798405173084225,0.11725260348131074,0.08901272751011134
4745,5.080686348753291,0.01750576946807692,0.02220150243366435,0.009704041481473457,0.007798337330887768,0.11724019317684327,0.08901093949685973
4746,5.080686348753291,0.017505769127053688,0.02220099890948973,0.009703934257023612,0.00779826706698716,0.1172277668031689,0.0890091520527252
4747,5.080686348753291,0.017505768786138978,0.022200495545550855,0.009703827066695642,0.00779819741994301,0.11721528764445137,0.08900736517740633
4748,5.080686348753291,0.017505769715572918,0.022199992341762877,0.00970371991047148,0.007798129040492075,0.11720281245611847,0.08900557887060194
4749,5.080686348753292,0.01750576937473992,0.022199489298041008,0.009703614722563798,0.007798061276911881,0.11719034123606827,0.08900379313201104
4750,5.080686348753292,0.017505769034015312,0.02219898641430053,0.009703507634287328,0.007797994128813696,0.11717787398220035,0.08900200796133288
4751,5.080686348753293,0.017505768693399048,0.02219848369045678,0.009703400580060608,0.007797927595809101,0.1171654106924159,0.08900022335826695
4752,5.080686348753292,0.017505768352891058,0.02219798112642516,0.009703300539505825,0.007797857464666617,0.11715295136461759,0.08899843932251292
4753,5.080686348753293,0.01750576801249129,0.022197478722121144,0.009703193552582517,0.007797787949180752,0.11714049599670974,0.0889966558537707
4754,5.080686348753293,0.017505767672199687,0.022196976477460245,0.009703086599655188,0.007797719048963295,0.11712804458659809,0.08899487295174043
4755,5.080686348753293,0.017505767332016194,0.022196474392358067,0.009702979680705865,0.007797650763626348,0.11711559713219008,0.08899309061612248
4756,5.080686348753294,0.017505769060167875,0.02219597246673026,0.009702872795716586,0.007797662078938039,0.11710318839836201,0.08899141663415441
4757,5.080686348753294,0.017505772615063274,0.022195471801523554,0.009702765944669402,0.0077976739832727356,0.11709076727255159,0.08898973774159917
4758,5.080686348753295,0.017505772274570452,0.02219497019447476,0.009702659127546377,0.0077976788920667665,0.11707834329106334,0.08898805861060222
4759,5.080686348753295,0.01750577193418571,0.022194468746647704,0.009702553324649815,0.007797668991907585,0.11706591163169278,0.08898637073961913
4760,5.080686348753294,0.017505771593908995,0.02219396745795829,0.009702461861971967,0.007797659763426061,0.11705349293484944,0.08898467795577064
4761,5.080686348753294,0.01750577125374024,0.022193466328322482,0.009702371067825672,0.007797597423784813,0.11704106916297,0.0889829754947673
4762,5.080686348753294,0.017505770913679396,0.02219296535765631,0.009702282415282988,0.007797535695598973,0.11702872576739047,0.0889812522827336
4763,5.080686348753295,0.017505770573726407,0.022192464545875857,0.009702175762184505,0.007797465768856776,0.11701635845567693,0.08897951762261656
4764,5.080686348753295,0.017505770233881213,0.022191963892897276,0.009702077708189094,0.007797396455593571,0.1170039630989974,0.08897777278671334
4765,5.080686348753295,0.017505769894143753,0.022191463398636778,0.00970197542671696,0.007797327755423416,0.11699162741653488,0.08897599602479167
4766,5.080686348753295,0.017505769554513977,0.022190963063010636,0.009701868873656037,0.007797259667960672,0.11697930302704176,0.08897421982602426
4767,5.080686348753295,0.017505769214991827,0.022190462885935187,0.009701762354360573,0.007797192192820003,0.11696695128257749,0.08897244419011413
4768,5.080686348753295,0.017505768875577244,0.02218996286732683,0.009701655868812761,0.007797125329616379,0.11695464649937455,0.08897066911676449
4769,5.080686348753295,0.017505768536270172,0.022189463007102023,0.009701549416994812,0.007797055534797828,0.11694232731877754,0.08896889460567875
4770,5.080686348753295,0.017505768197070556,0.02218896330517729,0.009701442998888948,0.007796986352269251,0.11693004877657003,0.08896712065656057
4771,5.080686348753296,0.01750576785797834,0.022188463761469206,0.009701336614477404,0.007796917781645936,0.11691775316943842,0.08896534726911383
4772,5.080686348753296,0.017505767518993465,0.02218796437589442,0.009701246147215348,0.007796849822543472,0.11690550078579041,0.08896357444304258
4773,5.080686348753296,0.017505767180115872,0.022187465148369633,0.009701149655740763,0.007796780115693245,0.11689322659068961,0.08896180217805114
4774,5.080686348753296,0.017505766841345506,0.022186966078811616,0.009701059283171895,0.007796711020342364,0.11688097552125748,0.08896003047384403
4775,5.080686348753295,0.01750576650268232,0.022186467167137194,0.009700955854238014,0.007796642396392495,0.11686866723648644,0.08895825933012598
4776,5.080686348753296,0.017505766164126243,0.022185968413263257,0.009700849633330106,0.007796574383218674,0.1168563535779221,0.08895648874660197
4777,5.080686348753295,0.017505765825677224,0.022185469817106753,0.009700743446011689,0.007796506980437586,0.11684399249119767,0.08895471872297714
4778,5.080686348753295,0.01750576548733521,0.022184971378584696,0.00970064388025269,0.0077964373831766794,0.11683163531251195,0.0889529492589569
4779,5.080686348753295,0.017505765149100145,0.022184473097614163,0.009700537759363663,0.007796370945815721,0.11681931517705112,0.08895118035424686
4780,5.080686348753295,0.017505764810971967,0.02218397497411228,0.009700431672011364,0.007796305117779701,0.11680696580477345,0.08894941200855282
4781,5.080686348753295,0.017505764472950623,0.022183477007996243,0.009700325618178157,0.007796239898686467,0.11679462033437236,0.08894764422158083
4782,5.080686348753295,0.017505764135036055,0.02218297919918331,0.00970021959784642,0.007796170388171324,0.11678227876379645,0.08894587699303715
4783,5.080686348753294,0.01750576379722821,0.022182481547590793,0.009700113610998541,0.007796101487383101,0.11676994109099581,0.08894411032262825
4784,5.080686348753295,0.017505763459527035,0.022181984053136074,0.009700007657616931,0.0077960320207006405,0.11675760731392212,0.08894234421006082
4785,5.080686348753295,0.017505763121932465,0.02218148671573659,0.009699901737684,0.007795963163352287,0.1167453109113706,0.08894057865504175
4786,5.080686348753296,0.017505762784444455,0.022180989535309836,0.009699795851182177,0.007795893740456501,0.11673298491607674,0.08893881365727818
4787,5.0806863487532965,0.017505762447062936,0.022180492511773377,0.009699689998093909,0.0077958249265024275,0.11672073319643302,0.08893704921647742
4788,5.0806863487532965,0.017505762109787864,0.022179995949586872,0.009699584178401647,0.007795756721108813,0.11670849760602338,0.08893528533234704
4789,5.0806863487532965,0.017505761772619175,0.022179499239551776,0.00969947839208786,0.007795689123894703,0.11669625409021996,0.08893352200459478
4790,5.080686348753296,0.017505761435556814,0.022179002686160017,0.009699372639135027,0.00779562213447944,0.11668403227086428,0.08893175923292862
4791,5.0806863487532965,0.017505761098600733,0.022178506289329405,0.009699266919525646,0.007795555813733151,0.11667177512540211,0.08892999701705677
4792,5.0806863487532965,0.01750576076175087,0.0221780100489778,0.009699161233242222,0.007795490100005986,0.11665954053293434,0.08892823535668763
4793,5.080686348753297,0.01750576042500717,0.022177513965023113,0.009699055580267273,0.0077954249929181926,0.11664735597860991,0.08892647425152982
4794,5.080686348753298,0.017505760088369578,0.022177018037383332,0.009698949960583332,0.007795360492090318,0.11663517582892062,0.08892471370129215
4795,5.080686348753298,0.017505759751838032,0.0221765222659765,0.009698852895692296,0.007795295742079545,0.1166230384834828,0.08892295370568368
4796,5.080686348753297,0.01750575941541248,0.02217602665072071,0.0096987473416402,0.007795231597839993,0.11661075120675267,0.0889211942644137
4797,5.080686348753297,0.017505759079092874,0.022175531191534138,0.009698641820827067,0.0077951676243370755,0.11659846779928516,0.08891943537719163
4798,5.080686348753297,0.01750575874287915,0.022175035888334995,0.009698544062859164,0.007795105849965229,0.11658618825905287,0.0889176770437272
4799,5.080686348753297,0.017505758406771255,0.022174541868496676,0.00969843860765785,0.007795036706388836,0.11657391258402981,0.0889159192637303
4800,5.080686348753297,0.017505758070769137,0.022174046876908625,0.009698333185643544,0.007794968169215136,0.11656164208273741,0.08891416203691105
4801,5.080686348753297,0.017505757734872736,0.022173552041063065,0.009698227796798867,0.007794900238065487,0.11654938865587403,0.08891240536297974
4802,5.080686348753297,0.017505757399082,0.022173057360878465,0.009698122441106455,0.007794832912561549,0.1165371268776848,0.08891064924164695
4803,5.080686348753297,0.01750575706339687,0.02217256439022773,0.009698017118548952,0.00779476385558654,0.11652486664135965,0.08890889367262339
4804,5.080686348753297,0.01750575672781729,0.022172070020957217,0.00969791182910902,0.007794695404236202,0.11651261026013679,0.08890713865562005
4805,5.080686348753297,0.01750575639234321,0.022171577303606874,0.009697806572769328,0.007794627558132697,0.1165003577319992,0.08890538419034809
4806,5.080686348753297,0.017505756056974575,0.022171083244931226,0.009697717586899541,0.007794561443072011,0.11648812293293376,0.08890363027651889
4807,5.080686348753297,0.017505755721711324,0.022170589341509832,0.009697612395001585,0.007794495932149468,0.11647590885424766,0.08890187691384405
4808,5.080686348753298,0.01750575547319747,0.022170095593261517,0.0096975072361525,0.007794431024988303,0.1164637166731609,0.08890012410203538
4809,5.080686348753298,0.017505755138135726,0.02216960200010516,0.00969740211033501,0.007794366721212041,0.11645149940842824,0.08889837184080489
4810,5.080686348753298,0.01750575480317921,0.02216910856195969,0.009697297017531848,0.007794303020444499,0.11643931646957009,0.0888966201298648
4811,5.080686348753297,0.017505754468327858,0.02216861729466147,0.009697191957725762,0.007794234134559707,0.1164270870004799,0.08889486896892754
4812,5.080686348753297,0.017505754133581623,0.022168124166083155,0.009697086930899514,0.007794165852749019,0.11641486137040215,0.08889311835770577
4813,5.080686348753297,0.017505753798940447,0.022167631192272965,0.009696981937035876,0.007794098174636183,0.11640263957733149,0.08889136829591236
4814,5.080686348753298,0.017505753464404274,0.022167138373150076,0.009696876976117635,0.0077940310998452465,0.11639042708290244,0.08888961878326036
4815,5.080686348753298,0.017505753129973056,0.022166645708633723,0.009696772048127588,0.007793964628000548,0.11637821295726261,0.08888786981946306
4816,5.080686348753298,0.017505752795646732,0.02216615319864319,0.009696667153048543,0.007793898758726717,0.11636601226491955,0.08888612140423392
4817,5.080686348753297,0.017505752461425245,0.022165660843097835,0.009696562290863329,0.007793833491648682,0.11635390515833097,0.08888437353728665
4818,5.080686348753297,0.017505752127308545,0.02216516864191707,0.009696457461554777,0.0077937688263916595,0.11634181876507416,0.08888262621833516
4819,5.080686348753297,0.017505751793296578,0.022164676595020354,0.00969636914649074,0.00779370476258116,0.11632965788361108,0.08888087944709355
4820,5.080686348753297,0.01750575145938929,0.022164184702327224,0.009696264381156306,0.007793641529982932,0.11631750214645246,0.08887913322327616
4821,5.080686348753297,0.01750575112558662,0.02216369296375726,0.009696170365556337,0.007793578898011014,0.11630533116132591,0.0888773875465975
4822,5.080686348753297,0.01750575079188852,0.02216320336036878,0.009696091527786528,0.007793516866291829,0.11629315148977121,0.08887564241677232
4823,5.080686348753297,0.017505750458294934,0.022162711929596592,0.009696008645402994,0.007793455434452094,0.11628096792163024,0.08887389783351556
4824,5.080686348753297,0.017505750124805805,0.022162220652706743,0.009695904005155853,0.007793394602118809,0.11626885409455537,0.08887215379654236
4825,5.0806863487532965,0.01750574979142108,0.022161730680531653,0.00969579939766803,0.007793330349140386,0.11625674639221852,0.0888704103055681
4826,5.0806863487532965,0.017505751385511636,0.022161239711045513,0.00969569482292246,0.0077932666961814945,0.11624462134926884,0.08886866736030835
4827,5.080686348753296,0.0175057510521338,0.022160748895201386,0.009695590280902094,0.007793203642869356,0.11623246314056569,0.08886692496047889
4828,5.0806863487532965,0.017505750718860274,0.02216025823291928,0.009695485771589886,0.007793141188831483,0.11622029860781481,0.08886518310579569
4829,5.0806863487532965,0.017505750385690994,0.022159767724119234,0.009695391094288554,0.007793079333695675,0.11620813788020175,0.08886344179597495
4830,5.080686348753296,0.017505750052625908,0.022159277368721364,0.009695286649316452,0.007793018516658069,0.11619598941170511,0.08886170103073306
4831,5.080686348753296,0.017505749719664964,0.022158787166645846,0.009695194293109761,0.00779295829764156,0.11618387347848341,0.08885996080978663
4832,5.080686348753296,0.017505749386808107,0.022158297117812902,0.00969511369386498,0.007792898676274889,0.11617176075374767,0.08885822113285245
4833,5.080686348753296,0.017505749054055286,0.02215780722214282,0.009695009343067574,0.007792839652187087,0.1161596152182959,0.08885648199964756
4834,5.080686348753296,0.01750574872140644,0.022157317479555946,0.009694905024877834,0.0077927812250074705,0.1161474734780961,0.08885474340988915
4835,5.080686348753295,0.01750574838886152,0.022156827889972676,0.009694809179972534,0.007792723394365648,0.11613533553117487,0.08885300536329467
4836,5.080686348753296,0.01750574805642047,0.022156338453313478,0.009694704926065365,0.007792666159891516,0.11612325328688304,0.08885126785958176
4837,5.080686348753295,0.01750574772408324,0.022155849498490445,0.009694600704715313,0.007792609521215258,0.11611114215414337,0.08884953089846825
4838,5.080686348753295,0.017505747391849773,0.02215536269533624,0.009694496515905458,0.007792553477967344,0.11609901556780151,0.08884779447967218
4839,5.080686348753295,0.017505747059720012,0.02215487559975963,0.009694394104447166,0.007792498029778532,0.11608689276686131,0.08884605860291181
4840,5.080686348753295,0.017505746727693908,0.022154386773528534,0.009694300144724817,0.007792443176279865,0.11607477734990707,0.08884432326790555
4841,5.080686348753295,0.017505746395771404,0.022153898099824824,0.009694212372872999,0.007792388940123118,0.11606268346725103,0.08884258847437211
4842,5.080686348753295,0.01750574606395245,0.022153409578569302,0.00969412643991263,0.0077923352979122834,0.11605057200812004,0.08884085422203032
4843,5.080686348753296,0.01750574573223699,0.022152921209682836,0.009694022408714234,0.007792282249279271,0.11603846432653514,0.08883912051059926
4844,5.080686348753295,0.017505747394743722,0.022152432993086342,0.009693918409956294,0.007792229793856274,0.11602636042053577,0.0888373873397982
4845,5.080686348753295,0.017505751068036847,0.022151944928700797,0.009693814443621971,0.007792177931275769,0.11601426028816285,0.0888356547093466
4846,5.080686348753295,0.017505750736006062,0.022151457016447242,0.009693710509694451,0.0077921266611705245,0.11600216392745868,0.08883392261896414
4847,5.080686348753296,0.01750575040407875,0.02215096925624677,0.009693607989665348,0.007792075983173587,0.115990071336467,0.08883219106837072
4848,5.080686348753296,0.01750575007225486,0.022150481648020526,0.009693504120357029,0.007792025896918286,0.11597798251323294,0.08883046005728638
4849,5.080686348753295,0.017505749740534333,0.02214999419168972,0.009693400283405167,0.00779197653171679,0.115965920351177,0.08882872958543145
4850,5.080686348753295,0.017505749408917123,0.02214950688717562,0.009693296478792988,0.007791927757484067,0.11595383905521411,0.0888269996525264
4851,5.080686348753294,0.01750574907740317,0.022149019734399544,0.009693192706503734,0.007791879573854324,0.11594176152115356,0.08882527025829191
4852,5.080686348753295,0.017505748745992426,0.022148532733282874,0.00969309996862981,0.007791831980462053,0.11592969292253183,0.0888235414024489
4853,5.080686348753295,0.017505748414684833,0.022148045883747042,0.00969299625979069,0.007791784976942026,0.11591762290589097,0.08882181308471847
4854,5.080686348753295,0.01750575006620768,0.022147559185713542,0.009692892583224644,0.0077917169665990375,0.11590555664530931,0.08882008530482191
4855,5.080686348753295,0.017505751674319267,0.022147072639103923,0.009692795228081698,0.007791649552117845,0.11589349413884187,0.08881835806248069
4856,5.080686348753294,0.017505751342912733,0.02214658624383979,0.009692707947871772,0.0077915827331305944,0.11588143538454512,0.08881663135741655
4857,5.080686348753293,0.017505751011609266,0.022146099999842815,0.009692625520688256,0.007791516509269716,0.11586941781967015,0.08881490518935137
4858,5.080686348753294,0.01750575068040881,0.022145613907034706,0.009692521968494728,0.007791450880167921,0.11585744317253767,0.08881317955800727
4859,5.080686348753294,0.017505750349311316,0.02214512796533725,0.009692418448492253,0.007791382974916787,0.11584539565124649,0.08881145446310656
4860,5.080686348753294,0.017505750018316727,0.022144642174672272,0.009692314960664179,0.007791315664583191,0.11583335187436956,0.08880972990437173
4861,5.080686348753293,0.01750574968742499,0.022144156534961663,0.009692211504993864,0.007791248948800231,0.11582135748774126,0.0888080058815255
4862,5.080686348753294,0.017505749356636055,0.022143671046127373,0.009692108081464684,0.0077911828272013,0.11580937732922972,0.08880628239429078
4863,5.080686348753294,0.017505749025949865,0.0221431857080914,0.009692008022250674,0.0077911172994200644,0.11579740529927597,0.08880455944239067
4864,5.080686348753294,0.01750574869536637,0.022142700520775806,0.00969190466260778,0.00779104949899018,0.1157854309929408,0.08880283702554849
4865,5.080686348753295,0.017505748364885516,0.022142215484102706,0.009691812296127015,0.007790981719611189,0.11577340588659711,0.08880111514348775
4866,5.080686348753295,0.017505748034507246,0.02214173059799427,0.009691733267866577,0.007790914534019865,0.11576138451307653,0.08879939379593213
4867,5.080686348753295,0.017505749668530364,0.02214124586237273,0.009691630000791058,0.007790847941850461,0.11574941814676447,0.08879779356805292
4868,5.080686348753295,0.017505749338153236,0.022140761277160362,0.0096915267657584,0.00779078194273751,0.11573749638261749,0.08879619195943511
4869,5.080686348753296,0.0175057490078786,0.022140276842279517,0.009691434709814841,0.007790714247096947,0.11572557283658193,0.08879459089847856
4870,5.080686348753296,0.017505748677706403,0.02213979255765258,0.009691331537661777,0.0077906471444927775,0.11571367139604774,0.08879298283532515
4871,5.080686348753296,0.01750574834763659,0.02213930842320201,0.009691228397502335,0.007790580634560016,0.11570178431728345,0.08879136714159272
4872,5.080686348753296,0.017505748017669114,0.022138824438850315,0.009691125289320006,0.007790514752303506,0.11568987575638269,0.08878973724235904
4873,5.080686348753296,0.017505747687803917,0.022138340604520055,0.0096910330420932,0.007790449461978308,0.11567794251830323,0.08878809385308142
4874,5.080686348753296,0.017505747358040943,0.02213785692013385,0.009690929996693038,0.007790384763220282,0.11566605488924588,0.08878643426393584
4875,5.080686348753296,0.017505747028380148,0.02213737338561438,0.0096908381756229,0.007790320655665572,0.1156541669955592,0.08878476979781287
4876,5.080686348753296,0.017505746698821472,0.022136890000884375,0.009690735192902516,0.007790257138950601,0.11564218276080998,0.08878308236661561
4877,5.080686348753296,0.01750574636936487,0.022136406765866624,0.009690632242077585,0.007790194212712073,0.11563021498353854,0.08878138367827501
4878,5.080686348753296,0.017505746040010286,0.02213592368048397,0.009690529323131669,0.007790131876586971,0.11561824911564515,0.08877967260429552
4879,5.080686348753296,0.017505745710757664,0.02213544074465931,0.009690438085578023,0.0077900701302125565,0.11560627600785288,0.08877795808773804
4880,5.080686348753296,0.017505745381606954,0.022134957958315597,0.009690335229134726,0.007790008973226375,0.11559437666072903,0.08877624410186713
4881,5.080686348753296,0.017505745052558107,0.022134475321375847,0.009690232404521576,0.0077899415248997225,0.11558247326937231,0.0887745306464095
4882,5.080686348753296,0.01750574472361106,0.022133992833763112,0.00969012961172218,0.007789874667365997,0.11557052192337507,0.08877281772109195
4883,5.080686348753296,0.017505744394765776,0.022133510495400525,0.00969002685072016,0.0077898084002624825,0.11555860269639182,0.0887711053256416
4884,5.080686348753296,0.017505744066022188,0.022133028306211257,0.00968992412149915,0.007789742723226741,0.11554675208771484,0.08876939345978567
4885,5.080686348753296,0.01750574373738025,0.02213254626611854,0.009689830627768676,0.007789677635896617,0.11553491532475706,0.08876768212325165
4886,5.080686348753296,0.01750574340883991,0.022132064375045658,0.009689727961108889,0.007789613137910228,0.11552306593536646,0.08876597131576716
4887,5.080686348753296,0.017505743080401117,0.02213158263291596,0.009689625326181374,0.007789549228905973,0.11551116466896512,0.08876426103706007
4888,5.080686348753296,0.017505742752063815,0.022131101039652833,0.009689522722969812,0.0077894859085225285,0.11549922479056599,0.08876255128685842
4889,5.080686348753296,0.017505742423827957,0.02213061959517974,0.009689420151457892,0.007789423176398852,0.11548728860103664,0.08876084206489045
4890,5.080686348753296,0.017505742095693493,0.022130138299420177,0.009689317611629321,0.007789355913384758,0.11547535609848066,0.0887591333708846
4891,5.080686348753296,0.017505743091845934,0.022129658071050155,0.00968921510346781,0.007789288671143294,0.11546342728100292,0.08875742520456949
4892,5.080686348753296,0.017505742763777324,0.022129177072393515,0.009689112626957085,0.007789222017835618,0.11545156231682906,0.08875571756567392
4893,5.080686348753296,0.01750574243580999,0.02212869622222129,0.009689010182080888,0.00778915595310089,0.11543964085761489,0.08875401045392697
4894,5.080686348753296,0.017505742107943874,0.022128215520457205,0.009688907768822969,0.00778909047657855,0.11542776180026434,0.0887523038690578
4895,5.080686348753296,0.017505741780178934,0.022127734967025046,0.009688815355923147,0.007789025587908314,0.11541588678335613,0.08875059781079586
4896,5.080686348753296,0.01750574145251511,0.022127254561848646,0.009688713004824344,0.007788961286730175,0.11540397634865421,0.08874889227887073
4897,5.080686348753296,0.017505741124952356,0.022126774304851896,0.009688610685295453,0.007788897572684399,0.11539208338358241,0.08874718727301222
4898,5.080686348753296,0.01750574079749061,0.02212629419595874,0.00968850839732027,0.007788834445411534,0.11538023787999609,0.08874548279295029
4899,5.080686348753296,0.017505740470129833,0.02212581423509318,0.009688406140882611,0.007788771904552399,0.11536840628331677,0.08874377883841518
4900,5.080686348753296,0.017505740142869968,0.022125337310623203,0.009688303915966288,0.0077887099497480905,0.11535657502120428,0.08874207540913721
4901,5.080686348753296,0.01750573981571096,0.022124857645287283,0.00968821563614652,0.007788648580639981,0.11534476282012263,0.08874037250484701
4902,5.080686348753295,0.01750573948865276,0.02212437812775138,0.009688113472790319,0.0077885877968697165,0.11533296704687127,0.08873867012527531
4903,5.080686348753295,0.01750573916169532,0.02212389875793971,0.009688011340907429,0.0077885207992130796,0.11532108225003541,0.08873696827015308
4904,5.080686348753295,0.01750573883483858,0.022123419535776546,0.009687909240481714,0.007788453822192085,0.11530920111378154,0.08873526693921147
4905,5.080686348753295,0.017505738508082496,0.022122940461186215,0.009687815759743137,0.007788387431702858,0.11529732363623349,0.08873356613218182
4906,5.080686348753295,0.017505738181427012,0.022122461534093096,0.009687718125871634,0.007788321627386983,0.11528544981551649,0.08873186584879567
4907,5.080686348753295,0.01750573785487208,0.02212198275442162,0.00968761611838306,0.007788256408886315,0.11527359924358796,0.08873016608878476
4908,5.080686348753296,0.017505737528417647,0.022121504122096288,0.009687514142287653,0.007788191775842988,0.1152617718261956,0.088728466851881
4909,5.080686348753296,0.017505737202063658,0.022121025637041634,0.009687412197569334,0.007788124901259631,0.11524992642187279,0.0887267681378165
4910,5.080686348753295,0.01750573687581006,0.022120547299182256,0.009687314175824474,0.007788058047248751,0.11523806720192348,0.0887250699463236
4911,5.080686348753295,0.017505736549656814,0.02212006910844281,0.00968721600531348,0.007787991778666143,0.11522621162945379,0.08872337227713475
4912,5.080686348753296,0.01750573622360386,0.022119591064748,0.009687114153848046,0.007787926095154502,0.1152143873063344,0.08872167512998269
4913,5.080686348753296,0.017505735897651142,0.022119113168022578,0.009687012333695746,0.00778786099635679,0.11520255915597324,0.08871997850460024
4914,5.0806863487532965,0.017505735571798624,0.02211863541819137,0.009686910544840567,0.007787796481916251,0.11519076532820537,0.08871828240072054
4915,5.0806863487532965,0.01750573524604624,0.022118157815179236,0.009686808904350279,0.007787729730029647,0.11517896934417816,0.0887165868180768
4916,5.080686348753296,0.01750573492039394,0.02211768035891109,0.009686707178029288,0.0077876635626544025,0.11516727219389702,0.08871489175640249
4917,5.080686348753296,0.01750573459484168,0.022117203049311914,0.009686605482957434,0.007787596851718525,0.1151555547526529,0.08871319721543125
4918,5.080686348753296,0.01750573426938941,0.022116725886306737,0.009686503819118739,0.0077875301612712845,0.11514372857559438,0.08871150319489693
4919,5.080686348753296,0.017505733944037066,0.022116248869820637,0.009686402186497241,0.0077874640547863135,0.11513190207437773,0.08870980969453354
4920,5.0806863487532965,0.01750573361878461,0.02211577199977875,0.009686308080562082,0.0077873985319077774,0.11512007920390073,0.08870811671407532
4921,5.0806863487532965,0.017505733293631986,0.022115295276106263,0.009686206509557588,0.007787333592280113,0.11510826773406561,0.08870642425325663
4922,5.0806863487532965,0.017505732968579144,0.022114818698728424,0.00968610496972271,0.00778726923554803,0.11509645211870712,0.0887047323118121
4923,5.0806863487532965,0.01750573264362603,0.02211434226757052,0.00968600502639767,0.007787205461356508,0.11508464012852815,0.08870304088947649
4924,5.0806863487532965,0.017505732318772595,0.022113865982557903,0.00968590354869367,0.007787142269350796,0.11507287453398787,0.0887013499859848
4925,5.0806863487532965,0.017505731994018787,0.022113389843615973,0.00968581421263894,0.007787079659176418,0.11506106978422907,0.08869965960107218
4926,5.0806863487532965,0.01750573166936456,0.02211291385067019,0.00968571349369519,0.007787017630479166,0.11504926865410271,0.08869796973447398
4927,5.080686348753297,0.017505731344809858,0.02211243800364606,0.009685612107996127,0.007786956182905103,0.11503747114176194,0.08869628038592574
4928,5.080686348753297,0.01750573102035463,0.022111962302469142,0.009685516789701396,0.00778689531610056,0.11502569306716476,0.08869459155516318
4929,5.080686348753297,0.017505730695998832,0.02211148674706506,0.009685415465517228,0.007786835029712141,0.11501396234401343,0.08869290324192225
4930,5.080686348753297,0.017505730371742405,0.022111011337359474,0.009685314172376305,0.007786772836619742,0.11500219987795245,0.08869121544593904
4931,5.080686348753297,0.017505730047585304,0.022110536073278106,0.009685212910262796,0.007786711223999209,0.11499041680810854,0.08868952816694985
4932,5.080686348753297,0.017505729723527475,0.022110060954746734,0.009685111679160887,0.007786644814566324,0.11497863781816033,0.08868784140469113
4933,5.080686348753297,0.01750572939956887,0.022109585981691177,0.009685010479054776,0.007786578986545973,0.11496686196357772,0.08868615515889959
4934,5.080686348753297,0.01750572907570944,0.022109111154037322,0.009684909309928668,0.007786513739584877,0.11495508971389277,0.08868446942931209
4935,5.080686348753298,0.01750572875194913,0.0221086364717111,0.009684808171766784,0.007786449073330026,0.11494336608013478,0.08868278421566564
4936,5.080686348753298,0.01750572842828789,0.022108161934638493,0.009684707064553355,0.00778638498742868,0.11493166051959634,0.08868109951769751
4937,5.080686348753298,0.017505728104725667,0.022107687542745537,0.009684605988272619,0.007786321481528365,0.1149199146532935,0.08867941533514509
4938,5.080686348753298,0.017505727781262418,0.02210721329595833,0.00968450494290883,0.007786258555276877,0.11490816021220737,0.088677731667746
4939,5.080686348753297,0.01750572745789809,0.022106739604026423,0.009684403928446252,0.007786196208322283,0.11489644365395217,0.08867604851523804
4940,5.080686348753297,0.01750572713463263,0.022106265705787984,0.00968430294486916,0.00778613444031291,0.11488472991461898,0.08867436587735918
4941,5.080686348753298,0.017505726811465987,0.02210579189382719,0.009684201992161837,0.007786073250897363,0.1148729828276178,0.0886726837538476
4942,5.080686348753297,0.017505726488398116,0.022105318226677037,0.009684101070308586,0.007786012639724505,0.11486125047407415,0.08867100214444165
4943,5.080686348753297,0.017505726165428965,0.02210484470426389,0.00968400017929371,0.007785952606443474,0.11484953174686392,0.08866932104887985
4944,5.080686348753297,0.01750572591217869,0.022104371326514147,0.009683899319101531,0.007785893150703669,0.11483779542183242,0.08866764046690095
4945,5.080686348753297,0.017505725589399713,0.02210389809335427,0.009683798489716382,0.00778582741047795,0.11482606268157788,0.08866596039824387
4946,5.0806863487532965,0.017505725266719303,0.022103425004710766,0.009683697691122602,0.007785762249188482,0.11481433352427828,0.08866428084264769
4947,5.080686348753296,0.017505724944137414,0.0221029520605102,0.009683596923304543,0.007785697666484403,0.1148026079481129,0.08866260179985168
4948,5.080686348753296,0.017505724621653996,0.022102479341704843,0.009683496186246573,0.007785633439847864,0.11479090942151332,0.08866092326959533
4949,5.080686348753296,0.017505724299269,0.02210200668616178,0.009683395479933066,0.007785569791163588,0.11477925146714914,0.0886592452516183
4950,5.080686348753296,0.017505723976982378,0.022101534174841658,0.009683308767829966,0.007785506720081473,0.1147675855007933,0.0886575677456604
4951,5.080686348753296,0.017505723654794074,0.022101061807671248,0.009683208121533672,0.007785444226251686,0.1147558742174309,0.08865589075146169
4952,5.0806863487532965,0.01750572333270404,0.022100589584577373,0.009683107505935467,0.007785382309324656,0.11474416650612265,0.08865421426876233
4953,5.080686348753296,0.017505723010712224,0.022100117505486905,0.009683016753601585,0.00778532096895108,0.1147324623650556,0.08865253829730274
4954,5.080686348753296,0.01750572268881858,0.02209964557032677,0.009682921658869265,0.007785260204781919,0.11472076179241805,0.08865086283682348
4955,5.080686348753296,0.01750572236702306,0.022099173779023953,0.009682821133712695,0.007785200016468404,0.11470906478639963,0.08864918788706536
4956,5.080686348753296,0.01750572204532561,0.02209870213150548,0.009682733355300831,0.007785140403662022,0.11469737134519119,0.08864751344776926
4957,5.0806863487532965,0.017505721723726178,0.02209823062769844,0.009682650255412992,0.007785081366014529,0.1146856814669849,0.08864583951867634
4958,5.0806863487532965,0.01750572140222472,0.02209775926752995,0.009682573703235971,0.007785022903177943,0.11467405244848235,0.08864416609952791
4959,5.080686348753296,0.017505721224947722,0.022097288050927213,0.009682473295033996,0.00778496501480455,0.11466241652373901,0.08864249319006545
4960,5.080686348753296,0.01750572158400113,0.02209681697781746,0.009682372917407922,0.007784904700778298,0.11465076184466791,0.08864082079003067
4961,5.080686348753295,0.017505721262709325,0.02209634604812798,0.00968227675017506,0.007784844961433887,0.11463909768539443,0.0886391488991654
4962,5.080686348753295,0.01750572094151532,0.02209587526178611,0.009682176433228745,0.00778478579642393,0.11462742558085812,0.0886374775172117
4963,5.080686348753295,0.017505722438816772,0.022095404618719255,0.009682076146812015,0.007784727205401302,0.11461576013214068,0.08863580664391178
4964,5.080686348753295,0.017505724004757393,0.022094934118854843,0.009681975890909408,0.007784669188019136,0.11460409512986242,0.08863413627900808
4965,5.080686348753295,0.01750572368347945,0.022094463762120375,0.00968188156560913,0.007784611743930834,0.11459243367617415,0.08863246642224316
4966,5.080686348753295,0.01750572336229923,0.0220939937246911,0.009681781370088193,0.007784554872790057,0.11458079569166305,0.08863079707335983
4967,5.080686348753295,0.017505723953812613,0.022093523653981286,0.009681681205035243,0.007784498574250733,0.11456917937572773,0.08862912823210103
4968,5.080686348753296,0.017505723632734872,0.02209305372618421,0.009681593411429512,0.007784446436075739,0.11455757158736661,0.0886274598982099
4969,5.080686348753296,0.017505723311754727,0.02209258394122758,0.009681498248042998,0.007784394868720181,0.114546002755926,0.08862579207142976
4970,5.080686348753296,0.017505722990872122,0.022092114299039137,0.009681406540381353,0.007784343871839316,0.11453445729474691,0.08862412475150408
4971,5.080686348753296,0.017505722670087022,0.02209164479954669,0.00968130649443969,0.007784293445088669,0.11452295310732379,0.08862245793817658
4972,5.080686348753296,0.017505722349399365,0.022091175442678086,0.00968120647888983,0.007784243588124021,0.11451135311335159,0.08862079163119113
4973,5.080686348753296,0.017505722028809106,0.022090706228361238,0.009681106493716413,0.007784194300601417,0.11449971993806574,0.08861912583029175
4974,5.080686348753296,0.017505722393667385,0.022090237156524094,0.009681006538904085,0.007784145582177157,0.11448809029526244,0.08861746053522268
4975,5.080686348753296,0.017505722532066337,0.02208976822709466,0.009680906614437509,0.007784097432507804,0.114476523421112,0.08861579574572832
4976,5.080686348753296,0.017505723716745296,0.022089299440001004,0.009680809575590855,0.007784049917527925,0.11446496915537134,0.08861413146155328
4977,5.080686348753296,0.017505723396275232,0.022088830795171217,0.009680709711479961,0.007784002970596743,0.11445344756142183,0.08861246768244231
4978,5.080686348753295,0.0175057230759024,0.02208836229253347,0.009680609877668944,0.00778395659137161,0.11444191107184205,0.08861080440814036
4979,5.080686348753296,0.017505722755626757,0.022087893932015965,0.00968051007414251,0.007783910779510138,0.11443040815765407,0.08860914163839256
4980,5.080686348753296,0.017505722435448248,0.022087425745560395,0.009680410300885366,0.0077838523904434995,0.1144188849444629,0.08860747937294422
4981,5.080686348753296,0.017505722115366825,0.022086957669064964,0.009680324119224034,0.00778379457204221,0.11440740002927881,0.08860581761154084
4982,5.080686348753296,0.01750572179538244,0.02208648973447471,0.009680224405084469,0.007783737323962641,0.11439593464740411,0.08860415635392807
4983,5.080686348753295,0.017505721475495045,0.022086021941718048,0.009680124721168814,0.007783680645861429,0.11438450924249086,0.08860249559985177
4984,5.080686348753295,0.01750572115570459,0.02208555429072344,0.00968002506746183,0.007783615240072189,0.11437305635109243,0.08860083534905797
4985,5.080686348753296,0.017505720836011027,0.022085086781419395,0.009679925443948282,0.007783549854099829,0.11436158610368598,0.08859917560129288
4986,5.080686348753296,0.0175057209704571,0.022084619413734477,0.009679825850612946,0.007783485040060095,0.11435010868844471,0.08859751635630286
4987,5.080686348753296,0.017505720650911175,0.022084152187597298,0.009679726287440609,0.00778342079760915,0.11433865891851833,0.0885958576138345
4988,5.080686348753295,0.01750572033146201,0.022083685102936526,0.009679626754416071,0.007783358031591231,0.11432715084598184,0.08859419937363452
4989,5.080686348753296,0.017505721627730095,0.02208321816433847,0.009679537425386955,0.007783296019249088,0.11431564526307188,0.08859254185232672
4990,5.080686348753296,0.017505721308310736,0.02208275136241623,0.009679446762489332,0.007783235083451964,0.11430416331987384,0.08859088461588253
4991,5.0806863487532965,0.01750572098898804,0.02208228470175669,0.009679347317895529,0.0077831747173885205,0.11429259328833258,0.08858922788094804
4992,5.0806863487532965,0.017505720669761953,0.022081818182288715,0.00967925890480384,0.007783114920716457,0.11428102675738817,0.08858757164727073
4993,5.080686348753297,0.01750572035063243,0.022081351803941218,0.009679159519257125,0.007783055693093732,0.11426946372527821,0.08858591591459819
4994,5.0806863487532965,0.017505720031599427,0.022080885566643164,0.009679060163768143,0.007782997034178559,0.11425790419024147,0.08858426068267825
4995,5.0806863487532965,0.01750571971266289,0.022080421371091254,0.009678960838321767,0.007782938943629414,0.11424635382112913,0.0885826059512589
4996,5.0806863487532965,0.01750571939382277,0.022079955415486973,0.00967886154290288,0.007782881421105027,0.11423481300504351,0.08858095172008831
4997,5.080686348753297,0.017505719075079022,0.02207948960071939,0.009678762277496379,0.0077828244662643846,0.11422326394891257,0.08857929798891484
4998,5.080686348753298,0.017505718756431598,0.02207902392671767,0.009678663042087168,0.00778276807876673,0.11421171838282303,0.08857764475748699
4999,5.080686348753297,0.017505718437880447,0.02207855839341102,0.009678563836660159,0.007782712258271563,0.11420017630501987,0.08857599202555344
5000,5.080686348753297,0.017505718119425518,0.022078093000728712,0.009678473893686302,0.00778265700443864,0.11418863771374935,0.0885743397928631
