depot_age1,depot_age2,lab1_age1,lab1_age2,lab2_age1,lab2_age2,tau,V_star
0,0,0,0,0,0,7.5,3.318343538
0,0,0,0,0,0,5,3.317883425
0,0,0,0,0,0,2.5,3.317634598
0,0,0,0,0,1,7.5,3.485538586
0,0,0,0,0,1,5,3.493781698
0,0,0,0,0,1,2.5,3.507291767
0,0,0,0,0,2,7.5,3.79957473
0,0,0,0,0,2,5,3.819556977
0,0,0,0,0,2,2.5,3.844381852
0,0,0,0,0,3,7.5,4.204946995
0,0,0,0,0,3,5,4.224282523
0,0,0,0,0,3,2.5,4.244691283
0,0,0,0,1,0,7.5,3.526822677
0,0,0,0,1,0,5,3.552703922
0,0,0,0,1,0,2.5,3.592163781
0,0,0,0,1,1,7.5,3.792245962
0,0,0,0,1,1,5,3.809621412
0,0,0,0,1,1,2.5,3.831334745
0,0,0,0,1,2,7.5,4.183120668
0,0,0,0,1,2,5,4.193649082
0,0,0,0,1,2,2.5,4.201696979
0,0,0,0,1,3,7.5,4.622485747
0,0,0,0,1,3,5,4.620273955
0,0,0,0,1,3,2.5,4.611988809
0,0,0,0,2,0,7.5,3.875395077
0,0,0,0,2,0,5,3.908611398
0,0,0,0,2,0,2.5,3.945129872
0,0,0,0,2,1,7.5,4.16860464
0,0,0,0,2,1,5,4.177288415
0,0,0,0,2,1,2.5,4.184300837
0,0,0,0,2,2,7.5,4.578833094
0,0,0,0,2,2,5,4.56921822
0,0,0,0,2,2,2.5,4.554663071
0,0,0,0,2,3,7.5,5.025034386
0,0,0,0,2,3,5,4.998213912
0,0,0,0,2,3,2.5,4.9649549
0,0,0,0,3,0,7.5,4.265998629
0,0,0,0,3,0,5,4.283147639
0,0,0,0,3,0,2.5,4.298095964
0,0,0,0,3,1,7.5,4.56200108
0,0,0,0,3,1,5,4.551824656
0,0,0,0,3,1,2.5,4.537266929
0,0,0,0,3,2,7.5,4.974106291
0,0,0,0,3,2,5,4.943754462
0,0,0,0,3,2,2.5,4.907629163
0,0,0,0,3,3,7.5,5.420870653
0,0,0,0,3,3,5,5.372750154
0,0,0,0,3,3,2.5,5.317920992
0,0,0,1,0,0,7.5,3.485538586
0,0,0,1,0,0,5,3.493781698
0,0,0,1,0,0,2.5,3.507291767
0,0,0,1,0,1,7.5,3.665529933
0,0,0,1,0,1,5,3.680136905
0,0,0,1,0,1,2.5,3.703471403
0,0,0,1,0,2,7.5,3.985304867
0,0,0,1,0,2,5,4.00958746
0,0,0,1,0,2,2.5,4.046189115
0,0,0,1,0,3,7.5,4.392250572
0,0,0,1,0,3,5,4.416061342
0,0,0,1,0,3,2.5,4.447457396
0,0,0,1,1,0,7.5,3.706163895
0,0,0,1,1,0,5,3.73681727
0,0,0,1,1,0,2.5,3.78182095
0,0,0,1,1,1,7.5,3.977736795
0,0,0,1,1,1,5,3.998828347
0,0,0,1,1,1,2.5,4.030449371
0,0,0,1,1,2,7.5,4.370424245
0,0,0,1,1,2,5,4.385427901
0,0,0,1,1,2,2.5,4.404463092
0,0,0,1,1,3,7.5,4.81030235
0,0,0,1,1,3,5,4.812280501
0,0,0,1,1,3,2.5,4.814754922
0,0,0,1,2,0,7.5,4.058638455
0,0,0,1,2,0,5,4.092724746
0,0,0,1,2,0,2.5,4.134787042
0,0,0,1,2,1,7.5,4.355082135
0,0,0,1,2,1,5,4.367192409
0,0,0,1,2,1,2.5,4.383415463
0,0,0,1,2,2,7.5,4.766649697
0,0,0,1,2,2,5,4.761224765
0,0,0,1,2,2,2.5,4.757429184
0,0,0,1,2,3,7.5,5.212905075
0,0,0,1,2,3,5,5.190220458
0,0,0,1,2,3,2.5,5.167721014
0,0,0,1,3,0,7.5,4.449242007
0,0,0,1,3,0,5,4.467260987
0,0,0,1,3,0,2.5,4.487753133
0,0,0,1,3,1,7.5,4.748644126
0,0,0,1,3,1,5,4.741728651
0,0,0,1,3,1,2.5,4.736381554
0,0,0,1,3,2,7.5,5.161976979
0,0,0,1,3,2,5,5.135761007
0,0,0,1,3,2,2.5,5.110395276
0,0,0,1,3,3,7.5,5.608741342
0,0,0,1,3,3,5,5.5647567
0,0,0,1,3,3,2.5,5.520687105
0,0,0,2,0,0,7.5,3.79957473
0,0,0,2,0,0,5,3.819556977
0,0,0,2,0,0,2.5,3.844381852
0,0,0,2,0,1,7.5,3.985304867
0,0,0,2,0,1,5,4.00958746
0,0,0,2,0,1,2.5,4.046189115
0,0,0,2,0,2,7.5,4.308530445
0,0,0,2,0,2,5,4.34299014
0,0,0,2,0,2,2.5,4.390824527
0,0,0,2,0,3,7.5,4.717231569
0,0,0,2,0,3,5,4.750147203
0,0,0,2,0,3,2.5,4.792092808
0,0,0,2,1,0,7.5,4.023633087
0,0,0,2,1,0,5,4.061706603
0,0,0,2,1,0,2.5,4.118911034
0,0,0,2,1,1,7.5,4.300223713
0,0,0,2,1,1,5,4.330952024
0,0,0,2,1,1,2.5,4.374125932
0,0,0,2,1,2,7.5,4.695405242
0,0,0,2,1,2,5,4.719513762
0,0,0,2,1,2,2.5,4.749098505
0,0,0,2,1,3,7.5,5.135499688
0,0,0,2,1,3,5,5.146366361
0,0,0,2,1,3,2.5,5.159390334
0,0,0,2,2,0,7.5,4.375686823
0,0,0,2,2,0,5,4.417614079
0,0,0,2,2,0,2.5,4.471877126
0,0,0,2,2,1,7.5,4.678521353
0,0,0,2,2,1,5,4.699543813
0,0,0,2,2,1,2.5,4.727092024
0,0,0,2,2,2,7.5,5.091847034
0,0,0,2,2,2,5,5.095310626
0,0,0,2,2,2,2.5,5.102064596
0,0,0,2,2,3,7.5,5.538102412
0,0,0,2,2,3,5,5.524306319
0,0,0,2,2,3,2.5,5.512356426
0,0,0,2,3,0,7.5,4.766290375
0,0,0,2,3,0,5,4.792150321
0,0,0,2,3,0,2.5,4.824843218
0,0,0,2,3,1,7.5,5.072137429
0,0,0,2,3,1,5,5.074080055
0,0,0,2,3,1,2.5,5.080058116
0,0,0,2,3,2,7.5,5.487174317
0,0,0,2,3,2,5,5.469846868
0,0,0,2,3,2,2.5,5.455030688
0,0,0,2,3,3,7.5,5.933938679
0,0,0,2,3,3,5,5.898842561
0,0,0,2,3,3,2.5,5.865322517
0,0,0,3,0,0,7.5,4.204946995
0,0,0,3,0,0,5,4.224282523
0,0,0,3,0,0,2.5,4.244691283
0,0,0,3,0,1,7.5,4.392250572
0,0,0,3,0,1,5,4.416061342
0,0,0,3,0,1,2.5,4.447457396
0,0,0,3,0,2,7.5,4.717231569
0,0,0,3,0,2,5,4.750147203
0,0,0,3,0,2,2.5,4.792092808
0,0,0,3,0,3,7.5,5.126257204
0,0,0,3,0,3,5,5.157304265
0,0,0,3,0,3,2.5,5.193361089
0,0,0,3,1,0,7.5,4.428432646
0,0,0,3,1,0,5,4.466204422
0,0,0,3,1,0,2.5,4.519220465
0,0,0,3,1,1,7.5,4.708469192
0,0,0,3,1,1,5,4.73788136
0,0,0,3,1,1,2.5,4.775394214
0,0,0,3,1,2,7.5,5.104430878
0,0,0,3,1,2,5,5.126670824
0,0,0,3,1,2,2.5,5.150366786
0,0,0,3,1,3,7.5,5.544525323
0,0,0,3,1,3,5,5.553523424
0,0,0,3,1,3,2.5,5.560658615
0,0,0,3,2,0,7.5,4.780378211
0,0,0,3,2,0,5,4.822111898
0,0,0,3,2,0,2.5,4.872186557
0,0,0,3,2,1,7.5,5.086929088
0,0,0,3,2,1,5,5.106473149
0,0,0,3,2,1,2.5,5.128360305
0,0,0,3,2,2,7.5,5.50087267
0,0,0,3,2,2,5,5.502467689
0,0,0,3,2,2,2.5,5.503332877
0,0,0,3,2,3,7.5,5.947128048
0,0,0,3,2,3,5,5.931463382
0,0,0,3,2,3,2.5,5.913624707
0,0,0,3,3,0,7.5,5.170981764
0,0,0,3,3,0,5,5.19664814
0,0,0,3,3,0,2.5,5.225152648
0,0,0,3,3,1,7.5,5.480545165
0,0,0,3,3,1,5,5.481009391
0,0,0,3,3,1,2.5,5.481326397
0,0,0,3,3,2,7.5,5.896199952
0,0,0,3,3,2,5,5.877003931
0,0,0,3,3,2,2.5,5.856298969
0,0,0,3,3,3,7.5,6.342964315
0,0,0,3,3,3,5,6.305999623
0,0,0,3,3,3,2.5,6.266590799
0,0,1,0,0,0,7.5,3.526822677
0,0,1,0,0,0,5,3.552703922
0,0,1,0,0,0,2.5,3.592163781
0,0,1,0,0,1,7.5,3.706163895
0,0,1,0,0,1,5,3.73681727
0,0,1,0,0,1,2.5,3.78182095
0,0,1,0,0,2,7.5,4.023633087
0,0,1,0,0,2,5,4.061706603
0,0,1,0,0,2,2.5,4.118911034
0,0,1,0,0,3,7.5,4.428432646
0,0,1,0,0,3,5,4.466204422
0,0,1,0,0,3,2.5,4.519220465
0,0,1,0,1,0,7.5,3.747659667
0,0,1,0,1,0,5,3.796023925
0,0,1,0,1,0,2.5,3.866692963
0,0,1,0,1,1,7.5,4.016705879
0,0,1,0,1,1,5,4.05241054
0,0,1,0,1,1,2.5,4.105863928
0,0,1,0,1,2,7.5,4.406606319
0,0,1,0,1,2,5,4.435570981
0,0,1,0,1,2,2.5,4.476226162
0,0,1,0,1,3,7.5,4.845863228
0,0,1,0,1,3,5,4.862195854
0,0,1,0,1,3,2.5,4.886517991
0,0,1,0,2,0,7.5,4.100269331
0,0,1,0,2,0,5,4.151931401
0,0,1,0,2,0,2.5,4.219659055
0,0,1,0,2,1,7.5,4.392947495
0,0,1,0,2,1,5,4.420077542
0,0,1,0,2,1,2.5,4.45883002
0,0,1,0,2,2,7.5,4.802210574
0,0,1,0,2,2,5,4.811140119
0,0,1,0,2,2,2.5,4.829192253
0,0,1,0,2,3,7.5,5.248411867
0,0,1,0,2,3,5,5.240135811
0,0,1,0,2,3,2.5,5.239484083
0,0,1,0,3,0,7.5,4.490872884
0,0,1,0,3,0,5,4.526467642
0,0,1,0,3,0,2.5,4.572625146
0,0,1,0,3,1,7.5,4.786343935
0,0,1,0,3,1,5,4.794613784
0,0,1,0,3,1,2.5,4.811796111
0,0,1,0,3,2,7.5,5.197483771
0,0,1,0,3,2,5,5.18567636
0,0,1,0,3,2,2.5,5.182158345
0,0,1,0,3,3,7.5,5.644248134
0,0,1,0,3,3,5,5.614672053
0,0,1,0,3,3,2.5,5.592450175
0,0,1,1,0,0,7.5,3.792245962
0,0,1,1,0,0,5,3.809621412
0,0,1,1,0,0,2.5,3.831334745
0,0,1,1,0,1,7.5,3.977736795
0,0,1,1,0,1,5,3.998828347
0,0,1,1,0,1,2.5,4.030449371
0,0,1,1,0,2,7.5,4.300223713
0,0,1,1,0,2,5,4.330952024
0,0,1,1,0,2,2.5,4.374125932
0,0,1,1,0,3,7.5,4.708469192
0,0,1,1,0,3,5,4.73788136
0,0,1,1,0,3,2.5,4.775394214
0,0,1,1,1,0,7.5,4.016705879
0,0,1,1,1,0,5,4.05241054
0,0,1,1,1,0,2.5,4.105863928
0,0,1,1,1,1,7.5,4.291916981
0,0,1,1,1,1,5,4.318913908
0,0,1,1,1,1,2.5,4.357427338
0,0,1,1,1,2,7.5,4.686642866
0,0,1,1,1,2,5,4.707247919
0,0,1,1,1,2,2.5,4.73239991
0,0,1,1,1,3,7.5,5.126683226
0,0,1,1,1,3,5,5.134100518
0,0,1,1,1,3,2.5,5.14269174
0,0,1,1,2,0,7.5,4.369063378
0,0,1,1,2,0,5,4.408318015
0,0,1,1,2,0,2.5,4.45883002
0,0,1,1,2,1,7.5,4.669758976
0,0,1,1,2,1,5,4.68727797
0,0,1,1,2,1,2.5,4.71039343
0,0,1,1,2,2,7.5,5.083030573
0,0,1,1,2,2,5,5.083044783
0,0,1,1,2,2,2.5,5.085366002
0,0,1,1,2,3,7.5,5.529285951
0,0,1,1,2,3,5,5.512040476
0,0,1,1,2,3,2.5,5.495657831
0,0,1,1,3,0,7.5,4.75966693
0,0,1,1,3,0,5,4.782854257
0,0,1,1,3,0,2.5,4.811796111
0,0,1,1,3,1,7.5,5.063320968
0,0,1,1,3,1,5,5.061814212
0,0,1,1,3,1,2.5,5.063359522
0,0,1,1,3,2,7.5,5.478357855
0,0,1,1,3,2,5,5.457581025
0,0,1,1,3,2,2.5,5.438332094
0,0,1,1,3,3,7.5,5.925122217
0,0,1,1,3,3,5,5.886576718
0,0,1,1,3,3,2.5,5.848623923
0,0,1,2,0,0,7.5,4.183120668
0,0,1,2,0,0,5,4.193649082
0,0,1,2,0,0,2.5,4.201696979
0,0,1,2,0,1,7.5,4.370424245
0,0,1,2,0,1,5,4.385427901
0,0,1,2,0,1,2.5,4.404463092
0,0,1,2,0,2,7.5,4.695405242
0,0,1,2,0,2,5,4.719513762
0,0,1,2,0,2,2.5,4.749098505
0,0,1,2,0,3,7.5,5.104430878
0,0,1,2,0,3,5,5.126670824
0,0,1,2,0,3,2.5,5.150366786
0,0,1,2,1,0,7.5,4.406606319
0,0,1,2,1,0,5,4.435570981
0,0,1,2,1,0,2.5,4.476226162
0,0,1,2,1,1,7.5,4.686642866
0,0,1,2,1,1,5,4.707247919
0,0,1,2,1,1,2.5,4.73239991
0,0,1,2,1,2,7.5,5.082604551
0,0,1,2,1,2,5,5.096037383
0,0,1,2,1,2,2.5,5.107372482
0,0,1,2,1,3,7.5,5.522698997
0,0,1,2,1,3,5,5.522889983
0,0,1,2,1,3,2.5,5.517664312
0,0,1,2,2,0,7.5,4.758551884
0,0,1,2,2,0,5,4.791478457
0,0,1,2,2,0,2.5,4.829192253
0,0,1,2,2,1,7.5,5.065102761
0,0,1,2,2,1,5,5.075839708
0,0,1,2,2,1,2.5,5.085366002
0,0,1,2,2,2,7.5,5.479046343
0,0,1,2,2,2,5,5.471834248
0,0,1,2,2,2,2.5,5.460338574
0,0,1,2,2,3,7.5,5.925301721
0,0,1,2,2,3,5,5.90082994
0,0,1,2,2,3,2.5,5.870630404
0,0,1,2,3,0,7.5,5.149155437
0,0,1,2,3,0,5,5.166014698
0,0,1,2,3,0,2.5,5.182158345
0,0,1,2,3,1,7.5,5.458718838
0,0,1,2,3,1,5,5.45037595
0,0,1,2,3,1,2.5,5.438332094
0,0,1,2,3,2,7.5,5.874373625
0,0,1,2,3,2,5,5.84637049
0,0,1,2,3,2,2.5,5.813304666
0,0,1,2,3,3,7.5,6.321137988
0,0,1,2,3,3,5,6.275366182
0,0,1,2,3,3,2.5,6.223596495
0,0,1,3,0,0,7.5,4.622485747
0,0,1,3,0,0,5,4.620273955
0,0,1,3,0,0,2.5,4.611988809
0,0,1,3,0,1,7.5,4.81030235
0,0,1,3,0,1,5,4.812280501
0,0,1,3,0,1,2.5,4.814754922
0,0,1,3,0,2,7.5,5.135499688
0,0,1,3,0,2,5,5.146366361
0,0,1,3,0,2,2.5,5.159390334
0,0,1,3,0,3,7.5,5.544525323
0,0,1,3,0,3,5,5.553523424
0,0,1,3,0,3,2.5,5.560658615
0,0,1,3,1,0,7.5,4.845863228
0,0,1,3,1,0,5,4.862195854
0,0,1,3,1,0,2.5,4.886517991
0,0,1,3,1,1,7.5,5.126683226
0,0,1,3,1,1,5,5.134100518
0,0,1,3,1,1,2.5,5.14269174
0,0,1,3,1,2,7.5,5.522698997
0,0,1,3,1,2,5,5.522889983
0,0,1,3,1,2,2.5,5.517664312
0,0,1,3,1,3,7.5,5.962793442
0,0,1,3,1,3,5,5.949742583
0,0,1,3,1,3,2.5,5.927956141
0,0,1,3,2,0,7.5,5.197808793
0,0,1,3,2,0,5,5.21810333
0,0,1,3,2,0,2.5,5.239484083
0,0,1,3,2,1,7.5,5.505143122
0,0,1,3,2,1,5,5.502692308
0,0,1,3,2,1,2.5,5.495657831
0,0,1,3,2,2,7.5,5.919140789
0,0,1,3,2,2,5,5.898686848
0,0,1,3,2,2,2.5,5.870630404
0,0,1,3,2,3,7.5,6.365396167
0,0,1,3,2,3,5,6.32768254
0,0,1,3,2,3,2.5,6.280922233
0,0,1,3,3,0,7.5,5.588412345
0,0,1,3,3,0,5,5.592639571
0,0,1,3,3,0,2.5,5.592450175
0,0,1,3,3,1,7.5,5.898759198
0,0,1,3,3,1,5,5.877228549
0,0,1,3,3,1,2.5,5.848623923
0,0,1,3,3,2,7.5,6.314468071
0,0,1,3,3,2,5,6.273223089
0,0,1,3,3,2,2.5,6.223596495
0,0,1,3,3,3,7.5,6.761232434
0,0,1,3,3,3,5,6.702218782
0,0,1,3,3,3,2.5,6.633888325
0,0,2,0,0,0,7.5,3.875395077
0,0,2,0,0,0,5,3.908611398
0,0,2,0,0,0,2.5,3.945129872
0,0,2,0,0,1,7.5,4.058638455
0,0,2,0,0,1,5,4.092724746
0,0,2,0,0,1,2.5,4.134787042
0,0,2,0,0,2,7.5,4.375686823
0,0,2,0,0,2,5,4.417614079
0,0,2,0,0,2,2.5,4.471877126
0,0,2,0,0,3,7.5,4.780378211
0,0,2,0,0,3,5,4.822111898
0,0,2,0,0,3,2.5,4.872186557
0,0,2,0,1,0,7.5,4.100269331
0,0,2,0,1,0,5,4.151931401
0,0,2,0,1,0,2.5,4.219659055
0,0,2,0,1,1,7.5,4.369063378
0,0,2,0,1,1,5,4.408318015
0,0,2,0,1,1,2.5,4.45883002
0,0,2,0,1,2,7.5,4.758551884
0,0,2,0,1,2,5,4.791478457
0,0,2,0,1,2,2.5,4.829192253
0,0,2,0,1,3,7.5,5.197808793
0,0,2,0,1,3,5,5.21810333
0,0,2,0,1,3,2.5,5.239484083
0,0,2,0,2,0,7.5,4.452878996
0,0,2,0,2,0,5,4.507838877
0,0,2,0,2,0,2.5,4.572625146
0,0,2,0,2,1,7.5,4.745304994
0,0,2,0,2,1,5,4.775985018
0,0,2,0,2,1,2.5,4.811796111
0,0,2,0,2,2,7.5,5.154156139
0,0,2,0,2,2,5,5.167047594
0,0,2,0,2,2,2.5,5.182158345
0,0,2,0,2,3,7.5,5.600357432
0,0,2,0,2,3,5,5.596043287
0,0,2,0,2,3,2.5,5.592450175
0,0,2,0,3,0,7.5,4.843482548
0,0,2,0,3,0,5,4.882375118
0,0,2,0,3,0,2.5,4.925591238
0,0,2,0,3,1,7.5,5.138701434
0,0,2,0,3,1,5,5.150521259
0,0,2,0,3,1,2.5,5.164762203
0,0,2,0,3,2,7.5,5.549429337
0,0,2,0,3,2,5,5.541583836
0,0,2,0,3,2,2.5,5.535124437
0,0,2,0,3,3,7.5,5.996193699
0,0,2,0,3,3,5,5.970579529
0,0,2,0,3,3,2.5,5.945416266
0,0,2,1,0,0,7.5,4.16860464
0,0,2,1,0,0,5,4.177288415
0,0,2,1,0,0,2.5,4.184300837
0,0,2,1,0,1,7.5,4.355082135
0,0,2,1,0,1,5,4.367192409
0,0,2,1,0,1,2.5,4.383415463
0,0,2,1,0,2,7.5,4.678521353
0,0,2,1,0,2,5,4.699543813
0,0,2,1,0,2,2.5,4.727092024
0,0,2,1,0,3,7.5,5.086929088
0,0,2,1,0,3,5,5.106473149
0,0,2,1,0,3,2.5,5.128360305
0,0,2,1,1,0,7.5,4.392947495
0,0,2,1,1,0,5,4.420077542
0,0,2,1,1,0,2.5,4.45883002
0,0,2,1,1,1,7.5,4.669758976
0,0,2,1,1,1,5,4.68727797
0,0,2,1,1,1,2.5,4.71039343
0,0,2,1,1,2,7.5,5.065102761
0,0,2,1,1,2,5,5.075839708
0,0,2,1,1,2,2.5,5.085366002
0,0,2,1,1,3,7.5,5.505143122
0,0,2,1,1,3,5,5.502692308
0,0,2,1,1,3,2.5,5.495657831
0,0,2,1,2,0,7.5,4.745304994
0,0,2,1,2,0,5,4.775985018
0,0,2,1,2,0,2.5,4.811796111
0,0,2,1,2,1,7.5,5.047600971
0,0,2,1,2,1,5,5.055642032
0,0,2,1,2,1,2.5,5.063359522
0,0,2,1,2,2,7.5,5.461490468
0,0,2,1,2,2,5,5.451636573
0,0,2,1,2,2,2.5,5.438332094
0,0,2,1,2,3,7.5,5.907745846
0,0,2,1,2,3,5,5.880632265
0,0,2,1,2,3,2.5,5.848623923
0,0,2,1,3,0,7.5,5.135908546
0,0,2,1,3,0,5,5.150521259
0,0,2,1,3,0,2.5,5.164762203
0,0,2,1,3,1,7.5,5.441162963
0,0,2,1,3,1,5,5.430178274
0,0,2,1,3,1,2.5,5.416325613
0,0,2,1,3,2,7.5,5.85681775
0,0,2,1,3,2,5,5.826172814
0,0,2,1,3,2,2.5,5.791298185
0,0,2,1,3,3,7.5,6.303582113
0,0,2,1,3,3,5,6.255168507
0,0,2,1,3,3,2.5,6.201590015
0,0,2,2,0,0,7.5,4.578833094
0,0,2,2,0,0,5,4.56921822
0,0,2,2,0,0,2.5,4.554663071
0,0,2,2,0,1,7.5,4.766649697
0,0,2,2,0,1,5,4.761224765
0,0,2,2,0,1,2.5,4.757429184
0,0,2,2,0,2,7.5,5.091847034
0,0,2,2,0,2,5,5.095310626
0,0,2,2,0,2,2.5,5.102064596
0,0,2,2,0,3,7.5,5.50087267
0,0,2,2,0,3,5,5.502467689
0,0,2,2,0,3,2.5,5.503332877
0,0,2,2,1,0,7.5,4.802210574
0,0,2,2,1,0,5,4.811140119
0,0,2,2,1,0,2.5,4.829192253
0,0,2,2,1,1,7.5,5.083030573
0,0,2,2,1,1,5,5.083044783
0,0,2,2,1,1,2.5,5.085366002
0,0,2,2,1,2,7.5,5.479046343
0,0,2,2,1,2,5,5.471834248
0,0,2,2,1,2,2.5,5.460338574
0,0,2,2,1,3,7.5,5.919140789
0,0,2,2,1,3,5,5.898686848
0,0,2,2,1,3,2.5,5.870630404
0,0,2,2,2,0,7.5,5.154156139
0,0,2,2,2,0,5,5.167047594
0,0,2,2,2,0,2.5,5.182158345
0,0,2,2,2,1,7.5,5.461490468
0,0,2,2,2,1,5,5.451636573
0,0,2,2,2,1,2.5,5.438332094
0,0,2,2,2,2,7.5,5.875488135
0,0,2,2,2,2,5,5.847631113
0,0,2,2,2,2,2.5,5.813304666
0,0,2,2,2,3,7.5,6.321743513
0,0,2,2,2,3,5,6.276626805
0,0,2,2,2,3,2.5,6.223596495
0,0,2,2,3,0,7.5,5.544759692
0,0,2,2,3,0,5,5.541583836
0,0,2,2,3,0,2.5,5.535124437
0,0,2,2,3,1,7.5,5.855106545
0,0,2,2,3,1,5,5.826172814
0,0,2,2,3,1,2.5,5.791298185
0,0,2,2,3,2,7.5,6.270815417
0,0,2,2,3,2,5,6.222167354
0,0,2,2,3,2,2.5,6.166270758
0,0,2,2,3,3,7.5,6.71757978
0,0,2,2,3,3,5,6.651163047
0,0,2,2,3,3,2.5,6.576562587
0,0,2,3,0,0,7.5,5.025034386
0,0,2,3,0,0,5,4.998213912
0,0,2,3,0,0,2.5,4.9649549
0,0,2,3,0,1,7.5,5.212905075
0,0,2,3,0,1,5,5.190220458
0,0,2,3,0,1,2.5,5.167721014
0,0,2,3,0,2,7.5,5.538102412
0,0,2,3,0,2,5,5.524306319
0,0,2,3,0,2,2.5,5.512356426
0,0,2,3,0,3,7.5,5.947128048
0,0,2,3,0,3,5,5.931463382
0,0,2,3,0,3,2.5,5.913624707
0,0,2,3,1,0,7.5,5.248411867
0,0,2,3,1,0,5,5.240135811
0,0,2,3,1,0,2.5,5.239484083
0,0,2,3,1,1,7.5,5.529285951
0,0,2,3,1,1,5,5.512040476
0,0,2,3,1,1,2.5,5.495657831
0,0,2,3,1,2,7.5,5.925301721
0,0,2,3,1,2,5,5.90082994
0,0,2,3,1,2,2.5,5.870630404
0,0,2,3,1,3,7.5,6.365396167
0,0,2,3,1,3,5,6.32768254
0,0,2,3,1,3,2.5,6.280922233
0,0,2,3,2,0,7.5,5.600357432
0,0,2,3,2,0,5,5.596043287
0,0,2,3,2,0,2.5,5.592450175
0,0,2,3,2,1,7.5,5.907745846
0,0,2,3,2,1,5,5.880632265
0,0,2,3,2,1,2.5,5.848623923
0,0,2,3,2,2,7.5,6.321743513
0,0,2,3,2,2,5,6.276626805
0,0,2,3,2,2,2.5,6.223596495
0,0,2,3,2,3,7.5,6.767998891
0,0,2,3,2,3,5,6.705622498
0,0,2,3,2,3,2.5,6.633888325
0,0,2,3,3,0,7.5,5.990960985
0,0,2,3,3,0,5,5.970579529
0,0,2,3,3,0,2.5,5.945416266
0,0,2,3,3,1,7.5,6.301361923
0,0,2,3,3,1,5,6.255168507
0,0,2,3,3,1,2.5,6.201590015
0,0,2,3,3,2,7.5,6.717070795
0,0,2,3,3,2,5,6.651163047
0,0,2,3,3,2,2.5,6.576562587
0,0,2,3,3,3,7.5,7.163835158
0,0,2,3,3,3,5,7.08015874
0,0,2,3,3,3,2.5,6.986854416
0,0,3,0,0,0,7.5,4.265998629
0,0,3,0,0,0,5,4.283147639
0,0,3,0,0,0,2.5,4.298095964
0,0,3,0,0,1,7.5,4.449242007
0,0,3,0,0,1,5,4.467260987
0,0,3,0,0,1,2.5,4.487753133
0,0,3,0,0,2,7.5,4.766290375
0,0,3,0,0,2,5,4.792150321
0,0,3,0,0,2,2.5,4.824843218
0,0,3,0,0,3,7.5,5.170981764
0,0,3,0,0,3,5,5.19664814
0,0,3,0,0,3,2.5,5.225152648
0,0,3,0,1,0,7.5,4.490872884
0,0,3,0,1,0,5,4.526467642
0,0,3,0,1,0,2.5,4.572625146
0,0,3,0,1,1,7.5,4.75966693
0,0,3,0,1,1,5,4.782854257
0,0,3,0,1,1,2.5,4.811796111
0,0,3,0,1,2,7.5,5.149155437
0,0,3,0,1,2,5,5.166014698
0,0,3,0,1,2,2.5,5.182158345
0,0,3,0,1,3,7.5,5.588412345
0,0,3,0,1,3,5,5.592639571
0,0,3,0,1,3,2.5,5.592450175
0,0,3,0,2,0,7.5,4.843482548
0,0,3,0,2,0,5,4.882375118
0,0,3,0,2,0,2.5,4.925591238
0,0,3,0,2,1,7.5,5.135908546
0,0,3,0,2,1,5,5.150521259
0,0,3,0,2,1,2.5,5.164762203
0,0,3,0,2,2,7.5,5.544759692
0,0,3,0,2,2,5,5.541583836
0,0,3,0,2,2,2.5,5.535124437
0,0,3,0,2,3,7.5,5.990960985
0,0,3,0,2,3,5,5.970579529
0,0,3,0,2,3,2.5,5.945416266
0,0,3,0,3,0,7.5,5.234086101
0,0,3,0,3,0,5,5.25691136
0,0,3,0,3,0,2.5,5.27855733
0,0,3,0,3,1,7.5,5.529304986
0,0,3,0,3,1,5,5.525057501
0,0,3,0,3,1,2.5,5.517728295
0,0,3,0,3,2,7.5,5.940032889
0,0,3,0,3,2,5,5.916120078
0,0,3,0,3,2,2.5,5.888090529
0,0,3,0,3,3,7.5,6.386797252
0,0,3,0,3,3,5,6.345115771
0,0,3,0,3,3,2.5,6.298382358
0,0,3,1,0,0,7.5,4.56200108
0,0,3,1,0,0,5,4.551824656
0,0,3,1,0,0,2.5,4.537266929
0,0,3,1,0,1,7.5,4.748644126
0,0,3,1,0,1,5,4.741728651
0,0,3,1,0,1,2.5,4.736381554
0,0,3,1,0,2,7.5,5.072137429
0,0,3,1,0,2,5,5.074080055
0,0,3,1,0,2,2.5,5.080058116
0,0,3,1,0,3,7.5,5.480545165
0,0,3,1,0,3,5,5.481009391
0,0,3,1,0,3,2.5,5.481326397
0,0,3,1,1,0,7.5,4.786343935
0,0,3,1,1,0,5,4.794613784
0,0,3,1,1,0,2.5,4.811796111
0,0,3,1,1,1,7.5,5.063320968
0,0,3,1,1,1,5,5.061814212
0,0,3,1,1,1,2.5,5.063359522
0,0,3,1,1,2,7.5,5.458718838
0,0,3,1,1,2,5,5.45037595
0,0,3,1,1,2,2.5,5.438332094
0,0,3,1,1,3,7.5,5.898759198
0,0,3,1,1,3,5,5.877228549
0,0,3,1,1,3,2.5,5.848623923
0,0,3,1,2,0,7.5,5.138701434
0,0,3,1,2,0,5,5.150521259
0,0,3,1,2,0,2.5,5.164762203
0,0,3,1,2,1,7.5,5.441162963
0,0,3,1,2,1,5,5.430178274
0,0,3,1,2,1,2.5,5.416325613
0,0,3,1,2,2,7.5,5.855106545
0,0,3,1,2,2,5,5.826172814
0,0,3,1,2,2,2.5,5.791298185
0,0,3,1,2,3,7.5,6.301361923
0,0,3,1,2,3,5,6.255168507
0,0,3,1,2,3,2.5,6.201590015
0,0,3,1,3,0,7.5,5.529304986
0,0,3,1,3,0,5,5.525057501
0,0,3,1,3,0,2.5,5.517728295
0,0,3,1,3,1,7.5,5.834724955
0,0,3,1,3,1,5,5.804714516
0,0,3,1,3,1,2.5,5.769291705
0,0,3,1,3,2,7.5,6.250433827
0,0,3,1,3,2,5,6.200709056
0,0,3,1,3,2,2.5,6.144264277
0,0,3,1,3,3,7.5,6.69719819
0,0,3,1,3,3,5,6.629704749
0,0,3,1,3,3,2.5,6.554556107
0,0,3,2,0,0,7.5,4.974106291
0,0,3,2,0,0,5,4.943754462
0,0,3,2,0,0,2.5,4.907629163
0,0,3,2,0,1,7.5,5.161976979
0,0,3,2,0,1,5,5.135761007
0,0,3,2,0,1,2.5,5.110395276
0,0,3,2,0,2,7.5,5.487174317
0,0,3,2,0,2,5,5.469846868
0,0,3,2,0,2,2.5,5.455030688
0,0,3,2,0,3,7.5,5.896199952
0,0,3,2,0,3,5,5.877003931
0,0,3,2,0,3,2.5,5.856298969
0,0,3,2,1,0,7.5,5.197483771
0,0,3,2,1,0,5,5.18567636
0,0,3,2,1,0,2.5,5.182158345
0,0,3,2,1,1,7.5,5.478357855
0,0,3,2,1,1,5,5.457581025
0,0,3,2,1,1,2.5,5.438332094
0,0,3,2,1,2,7.5,5.874373625
0,0,3,2,1,2,5,5.84637049
0,0,3,2,1,2,2.5,5.813304666
0,0,3,2,1,3,7.5,6.314468071
0,0,3,2,1,3,5,6.273223089
0,0,3,2,1,3,2.5,6.223596495
0,0,3,2,2,0,7.5,5.549429337
0,0,3,2,2,0,5,5.541583836
0,0,3,2,2,0,2.5,5.535124437
0,0,3,2,2,1,7.5,5.85681775
0,0,3,2,2,1,5,5.826172814
0,0,3,2,2,1,2.5,5.791298185
0,0,3,2,2,2,7.5,6.270815417
0,0,3,2,2,2,5,6.222167354
0,0,3,2,2,2,2.5,6.166270758
0,0,3,2,2,3,7.5,6.717070795
0,0,3,2,2,3,5,6.651163047
0,0,3,2,2,3,2.5,6.576562587
0,0,3,2,3,0,7.5,5.940032889
0,0,3,2,3,0,5,5.916120078
0,0,3,2,3,0,2.5,5.888090529
0,0,3,2,3,1,7.5,6.250433827
0,0,3,2,3,1,5,6.200709056
0,0,3,2,3,1,2.5,6.144264277
0,0,3,2,3,2,7.5,6.6661427
0,0,3,2,3,2,5,6.596703596
0,0,3,2,3,2,2.5,6.519236849
0,0,3,2,3,3,7.5,7.112907062
0,0,3,2,3,3,5,7.025699289
0,0,3,2,3,3,2.5,6.929528679
0,0,3,3,0,0,7.5,5.420870653
0,0,3,3,0,0,5,5.372750154
0,0,3,3,0,0,2.5,5.317920992
0,0,3,3,0,1,7.5,5.608741342
0,0,3,3,0,1,5,5.5647567
0,0,3,3,0,1,2.5,5.520687105
0,0,3,3,0,2,7.5,5.933938679
0,0,3,3,0,2,5,5.898842561
0,0,3,3,0,2,2.5,5.865322517
0,0,3,3,0,3,7.5,6.342964315
0,0,3,3,0,3,5,6.305999623
0,0,3,3,0,3,2.5,6.266590799
0,0,3,3,1,0,7.5,5.644248134
0,0,3,3,1,0,5,5.614672053
0,0,3,3,1,0,2.5,5.592450175
0,0,3,3,1,1,7.5,5.925122217
0,0,3,3,1,1,5,5.886576718
0,0,3,3,1,1,2.5,5.848623923
0,0,3,3,1,2,7.5,6.321137988
0,0,3,3,1,2,5,6.275366182
0,0,3,3,1,2,2.5,6.223596495
0,0,3,3,1,3,7.5,6.761232434
0,0,3,3,1,3,5,6.702218782
0,0,3,3,1,3,2.5,6.633888325
0,0,3,3,2,0,7.5,5.996193699
0,0,3,3,2,0,5,5.970579529
0,0,3,3,2,0,2.5,5.945416266
0,0,3,3,2,1,7.5,6.303582113
0,0,3,3,2,1,5,6.255168507
0,0,3,3,2,1,2.5,6.201590015
0,0,3,3,2,2,7.5,6.71757978
0,0,3,3,2,2,5,6.651163047
0,0,3,3,2,2,2.5,6.576562587
0,0,3,3,2,3,7.5,7.163835158
0,0,3,3,2,3,5,7.08015874
0,0,3,3,2,3,2.5,6.986854416
0,0,3,3,3,0,7.5,6.386797252
0,0,3,3,3,0,5,6.345115771
0,0,3,3,3,0,2.5,6.298382358
0,0,3,3,3,1,7.5,6.69719819
0,0,3,3,3,1,5,6.629704749
0,0,3,3,3,1,2.5,6.554556107
0,0,3,3,3,2,7.5,7.112907062
0,0,3,3,3,2,5,7.025699289
0,0,3,3,3,2,2.5,6.929528679
0,0,3,3,3,3,7.5,7.559671425
0,0,3,3,3,3,5,7.454694981
0,0,3,3,3,3,2.5,7.339820508
0,1,0,0,0,0,7.5,3.642412405
0,1,0,0,0,0,5,3.650655517
0,1,0,0,0,0,2.5,3.664165586
0,1,0,0,0,1,7.5,3.822403752
0,1,0,0,0,1,5,3.837010724
0,1,0,0,0,1,2.5,3.860345222
0,1,0,0,0,2,7.5,4.142178685
0,1,0,0,0,2,5,4.166461279
0,1,0,0,0,2,2.5,4.203062933
0,1,0,0,0,3,7.5,4.549124391
0,1,0,0,0,3,5,4.57293516
0,1,0,0,0,3,2.5,4.604331214
0,1,0,0,1,0,7.5,3.863037713
0,1,0,0,1,0,5,3.893691088
0,1,0,0,1,0,2.5,3.938694768
0,1,0,0,1,1,7.5,4.134610613
0,1,0,0,1,1,5,4.155702165
0,1,0,0,1,1,2.5,4.187323189
0,1,0,0,1,2,7.5,4.527298064
0,1,0,0,1,2,5,4.542301719
0,1,0,0,1,2,2.5,4.561336911
0,1,0,0,1,3,7.5,4.967176169
0,1,0,0,1,3,5,4.969154319
0,1,0,0,1,3,2.5,4.97162874
0,1,0,0,2,0,7.5,4.215512273
0,1,0,0,2,0,5,4.249598564
0,1,0,0,2,0,2.5,4.29166086
0,1,0,0,2,1,7.5,4.511955953
0,1,0,0,2,1,5,4.524066228
0,1,0,0,2,1,2.5,4.540289281
0,1,0,0,2,2,7.5,4.923523515
0,1,0,0,2,2,5,4.918098584
0,1,0,0,2,2,2.5,4.914303003
0,1,0,0,2,3,7.5,5.369778893
0,1,0,0,2,3,5,5.347094277
0,1,0,0,2,3,2.5,5.324594832
0,1,0,0,3,0,7.5,4.606115826
0,1,0,0,3,0,5,4.624134806
0,1,0,0,3,0,2.5,4.644626952
0,1,0,0,3,1,7.5,4.905517945
0,1,0,0,3,1,5,4.898602469
0,1,0,0,3,1,2.5,4.893255373
0,1,0,0,3,2,7.5,5.318850798
0,1,0,0,3,2,5,5.292634826
0,1,0,0,3,2,2.5,5.267269094
0,1,0,0,3,3,7.5,5.76561516
0,1,0,0,3,3,5,5.721630518
0,1,0,0,3,3,2.5,5.677560924
0,1,0,1,0,0,7.5,3.822403752
0,1,0,1,0,0,5,3.837010724
0,1,0,1,0,0,2.5,3.860345222
0,1,0,1,0,1,7.5,4.034310612
0,1,0,1,0,1,5,4.061313032
0,1,0,1,0,1,2.5,4.094031586
0,1,0,1,0,2,7.5,4.367529022
0,1,0,1,0,2,5,4.401022426
0,1,0,1,0,2,2.5,4.440074049
0,1,0,1,0,3,7.5,4.777329859
0,1,0,1,0,3,5,4.808697711
0,1,0,1,0,3,2.5,4.842117266
0,1,0,1,1,0,7.5,4.074363782
0,1,0,1,1,0,5,4.116800808
0,1,0,1,1,0,2.5,4.169464192
0,1,0,1,1,1,7.5,4.359754983
0,1,0,1,1,1,5,4.389851539
0,1,0,1,1,1,2.5,4.423559369
0,1,0,1,1,2,7.5,4.755503532
0,1,0,1,1,2,5,4.77806427
0,1,0,1,1,2,2.5,4.799122963
0,1,0,1,1,3,7.5,5.195764767
0,1,0,1,1,3,5,5.205100917
0,1,0,1,1,3,2.5,5.209414792
0,1,0,1,2,0,7.5,4.439258361
0,1,0,1,2,0,5,4.480923358
0,1,0,1,2,0,2.5,4.522430284
0,1,0,1,2,1,7.5,4.739662066
0,1,0,1,2,1,5,4.758821182
0,1,0,1,2,1,2.5,4.776525461
0,1,0,1,2,2,7.5,5.152112113
0,1,0,1,2,2,5,5.154045182
0,1,0,1,2,2,2.5,5.152089054
0,1,0,1,2,3,7.5,5.598411203
0,1,0,1,2,3,5,5.583040875
0,1,0,1,2,3,2.5,5.562380884
0,1,0,1,3,0,7.5,4.831812994
0,1,0,1,3,0,5,4.8554596
0,1,0,1,3,0,2.5,4.875396375
0,1,0,1,3,1,7.5,5.133367883
0,1,0,1,3,1,5,5.133357424
0,1,0,1,3,1,2.5,5.129491552
0,1,0,1,3,2,7.5,5.547483107
0,1,0,1,3,2,5,5.528581424
0,1,0,1,3,2,2.5,5.505055146
0,1,0,1,3,3,7.5,5.994247469
0,1,0,1,3,3,5,5.957577116
0,1,0,1,3,3,2.5,5.915346976
0,1,0,2,0,0,7.5,4.142178685
0,1,0,2,0,0,5,4.166461279
0,1,0,2,0,0,2.5,4.203062933
0,1,0,2,0,1,7.5,4.367529022
0,1,0,2,0,1,5,4.401022426
0,1,0,2,0,1,2.5,4.440074049
0,1,0,2,0,2,7.5,4.706264577
0,1,0,2,0,2,5,4.743958176
0,1,0,2,0,2,2.5,4.789584085
0,1,0,2,0,3,7.5,5.117595614
0,1,0,2,0,3,5,5.152641056
0,1,0,2,0,3,2.5,5.191627302
0,1,0,2,1,0,7.5,4.407049071
0,1,0,2,1,0,5,4.453604902
0,1,0,2,1,0,2.5,4.508451605
0,1,0,2,1,1,7.5,4.698217897
0,1,0,2,1,1,5,4.731779692
0,1,0,2,1,1,2.5,4.771335619
0,1,0,2,1,2,7.5,5.095769288
0,1,0,2,1,2,5,5.122007615
0,1,0,2,1,2,2.5,5.148632999
0,1,0,2,1,3,7.5,5.536313537
0,1,0,2,1,3,5,5.549044262
0,1,0,2,1,3,2.5,5.558924828
0,1,0,2,2,0,7.5,4.775144429
0,1,0,2,2,0,5,4.816841506
0,1,0,2,2,0,2.5,4.861417697
0,1,0,2,2,1,7.5,5.078991353
0,1,0,2,2,1,5,5.10116111
0,1,0,2,2,1,2.5,5.12430171
0,1,0,2,2,2,7.5,5.492660884
0,1,0,2,2,2,5,5.497988527
0,1,0,2,2,2,2.5,5.501599091
0,1,0,2,2,3,7.5,5.938959973
0,1,0,2,2,3,5,5.92698422
0,1,0,2,2,3,2.5,5.91189092
0,1,0,2,3,0,7.5,5.167488649
0,1,0,2,3,0,5,5.191377748
0,1,0,2,3,0,2.5,5.214383788
0,1,0,2,3,1,7.5,5.472794966
0,1,0,2,3,1,5,5.475697351
0,1,0,2,3,1,2.5,5.477267802
0,1,0,2,3,2,7.5,5.888031877
0,1,0,2,3,2,5,5.872524769
0,1,0,2,3,2,2.5,5.854565182
0,1,0,2,3,3,7.5,6.33479624
0,1,0,2,3,3,5,6.301520461
0,1,0,2,3,3,2.5,6.264857012
0,1,0,3,0,0,7.5,4.549124391
0,1,0,3,0,0,5,4.57293516
0,1,0,3,0,0,2.5,4.604331214
0,1,0,3,0,1,7.5,4.777329859
0,1,0,3,0,1,5,4.808697711
0,1,0,3,0,1,2.5,4.842117266
0,1,0,3,0,2,7.5,5.117595614
0,1,0,3,0,2,5,5.152641056
0,1,0,3,0,2,2.5,5.191627302
0,1,0,3,0,3,7.5,5.52940526
0,1,0,3,0,3,5,5.561323937
0,1,0,3,0,3,2.5,5.593670519
0,1,0,3,1,0,7.5,4.815341034
0,1,0,3,1,0,5,4.858781063
0,1,0,3,1,0,2.5,4.908761035
0,1,0,3,1,1,7.5,5.109114038
0,1,0,3,1,1,5,5.140050798
0,1,0,3,1,1,2.5,5.173378836
0,1,0,3,1,2,7.5,5.507578933
0,1,0,3,1,2,5,5.530690495
0,1,0,3,1,2,2.5,5.550676216
0,1,0,3,1,3,7.5,5.948123183
0,1,0,3,1,3,5,5.957727143
0,1,0,3,1,3,2.5,5.960968046
0,1,0,3,2,0,7.5,5.182809601
0,1,0,3,2,0,5,5.221789941
0,1,0,3,2,0,2.5,5.261727127
0,1,0,3,2,1,7.5,5.490126797
0,1,0,3,2,1,5,5.509432216
0,1,0,3,2,1,2.5,5.526344928
0,1,0,3,2,2,7.5,5.904470529
0,1,0,3,2,2,5,5.906671408
0,1,0,3,2,2,2.5,5.903642308
0,1,0,3,2,3,7.5,6.350769619
0,1,0,3,2,3,5,6.3356671
0,1,0,3,2,3,2.5,6.313934137
0,1,0,3,3,0,7.5,5.575099737
0,1,0,3,3,0,5,5.596326183
0,1,0,3,3,0,2.5,5.614693219
0,1,0,3,3,1,7.5,5.883930411
0,1,0,3,3,1,5,5.883968458
0,1,0,3,3,1,2.5,5.879311019
0,1,0,3,3,2,7.5,6.299841523
0,1,0,3,3,2,5,6.281207649
0,1,0,3,3,2,2.5,6.2566084
0,1,0,3,3,3,7.5,6.746605886
0,1,0,3,3,3,5,6.710203342
0,1,0,3,3,3,2.5,6.666900229
0,1,1,0,0,0,7.5,3.863037713
0,1,1,0,0,0,5,3.893691088
0,1,1,0,0,0,2.5,3.938694768
0,1,1,0,0,1,7.5,4.074363782
0,1,1,0,0,1,5,4.116800808
0,1,1,0,0,1,2.5,4.169464192
0,1,1,0,0,2,7.5,4.407049071
0,1,1,0,0,2,5,4.453604902
0,1,1,0,0,2,2.5,4.508451605
0,1,1,0,0,3,7.5,4.815341034
0,1,1,0,0,3,5,4.858781063
0,1,1,0,0,3,2.5,4.908761035
0,1,1,0,1,0,7.5,4.114708499
0,1,1,0,1,0,5,4.173390968
0,1,1,0,1,0,2.5,4.249011345
0,1,1,0,1,1,7.5,4.399666218
0,1,1,0,1,1,5,4.443669337
0,1,1,0,1,1,2.5,4.495404498
0,1,1,0,1,2,7.5,4.793514708
0,1,1,0,1,2,5,4.828147622
0,1,1,0,1,2,2.5,4.865766732
0,1,1,0,1,3,7.5,5.232986808
0,1,1,0,1,3,5,5.254772495
0,1,1,0,1,3,2.5,5.276058561
0,1,1,0,2,0,7.5,4.48024659
0,1,1,0,2,0,5,4.53779795
0,1,1,0,2,0,2.5,4.601977436
0,1,1,0,2,1,7.5,4.778944594
0,1,1,0,2,1,5,4.811786955
0,1,1,0,2,1,2.5,4.84837059
0,1,1,0,2,2,7.5,5.189334154
0,1,1,0,2,2,5,5.20371676
0,1,1,0,2,2,2.5,5.218732824
0,1,1,0,2,3,7.5,5.635535447
0,1,1,0,2,3,5,5.632712452
0,1,1,0,2,3,2.5,5.629024653
0,1,1,0,3,0,7.5,4.872868775
0,1,1,0,3,0,5,4.912334192
0,1,1,0,3,0,2.5,4.954943528
0,1,1,0,3,1,7.5,5.172448055
0,1,1,0,3,1,5,5.186323196
0,1,1,0,3,1,2.5,5.201336682
0,1,1,0,3,2,7.5,5.584607351
0,1,1,0,3,2,5,5.578253002
0,1,1,0,3,2,2.5,5.571698916
0,1,1,0,3,3,7.5,6.031371714
0,1,1,0,3,3,5,6.007248694
0,1,1,0,3,3,2.5,5.981990745
0,1,1,1,0,0,7.5,4.134610613
0,1,1,1,0,0,5,4.155702165
0,1,1,1,0,0,2.5,4.187323189
0,1,1,1,0,1,7.5,4.359754983
0,1,1,1,0,1,5,4.389851539
0,1,1,1,0,1,2.5,4.423559369
0,1,1,1,0,2,7.5,4.698217897
0,1,1,1,0,2,5,4.731779692
0,1,1,1,0,2,2.5,4.771335619
0,1,1,1,0,3,7.5,5.109114038
0,1,1,1,0,3,5,5.140050798
0,1,1,1,0,3,2.5,5.173378836
0,1,1,1,1,0,7.5,4.399666218
0,1,1,1,1,0,5,4.443669337
0,1,1,1,1,0,2.5,4.495404498
0,1,1,1,1,1,7.5,4.690171217
0,1,1,1,1,1,5,4.719601208
0,1,1,1,1,1,2.5,4.753087152
0,1,1,1,1,2,7.5,5.087287711
0,1,1,1,1,2,5,5.109417357
0,1,1,1,1,2,2.5,5.130384533
0,1,1,1,1,3,7.5,5.527734164
0,1,1,1,1,3,5,5.536454004
0,1,1,1,1,3,2.5,5.540676362
0,1,1,1,2,0,7.5,4.768369102
0,1,1,1,2,0,5,4.807545443
0,1,1,1,2,0,2.5,4.84837059
0,1,1,1,2,1,7.5,5.070509776
0,1,1,1,2,1,5,5.088570852
0,1,1,1,2,1,2.5,5.106053244
0,1,1,1,2,2,7.5,5.484081511
0,1,1,1,2,2,5,5.485398269
0,1,1,1,2,2,2.5,5.483350624
0,1,1,1,2,3,7.5,5.9303806
0,1,1,1,2,3,5,5.914393962
0,1,1,1,2,3,2.5,5.893642454
0,1,1,1,3,0,7.5,5.160865204
0,1,1,1,3,0,5,5.182081685
0,1,1,1,3,0,2.5,5.201336682
0,1,1,1,3,1,7.5,5.464215593
0,1,1,1,3,1,5,5.463107093
0,1,1,1,3,1,2.5,5.459019336
0,1,1,1,3,2,7.5,5.879452504
0,1,1,1,3,2,5,5.859934511
0,1,1,1,3,2,2.5,5.836316716
0,1,1,1,3,3,7.5,6.326216867
0,1,1,1,3,3,5,6.288930203
0,1,1,1,3,3,2.5,6.246608545
0,1,1,2,0,0,7.5,4.527298064
0,1,1,2,0,0,5,4.542301719
0,1,1,2,0,0,2.5,4.561336911
0,1,1,2,0,1,7.5,4.755503532
0,1,1,2,0,1,5,4.77806427
0,1,1,2,0,1,2.5,4.799122963
0,1,1,2,0,2,7.5,5.095769288
0,1,1,2,0,2,5,5.122007615
0,1,1,2,0,2,2.5,5.148632999
0,1,1,2,0,3,7.5,5.507578933
0,1,1,2,0,3,5,5.530690495
0,1,1,2,0,3,2.5,5.550676216
0,1,1,2,1,0,7.5,4.793514708
0,1,1,2,1,0,5,4.828147622
0,1,1,2,1,0,2.5,4.865766732
0,1,1,2,1,1,7.5,5.087287711
0,1,1,2,1,1,5,5.109417357
0,1,1,2,1,1,2.5,5.130384533
0,1,1,2,1,2,7.5,5.485752606
0,1,1,2,1,2,5,5.500057054
0,1,1,2,1,2,2.5,5.507681913
0,1,1,2,1,3,7.5,5.926296856
0,1,1,2,1,3,5,5.927093702
0,1,1,2,1,3,2.5,5.917973742
0,1,1,2,2,0,7.5,5.160983275
0,1,1,2,2,0,5,5.1911565
0,1,1,2,2,0,2.5,5.218732824
0,1,1,2,2,1,7.5,5.468300471
0,1,1,2,2,1,5,5.478798775
0,1,1,2,2,1,2.5,5.483350624
0,1,1,2,2,2,7.5,5.882644203
0,1,1,2,2,2,5,5.876037966
0,1,1,2,2,2,2.5,5.860648005
0,1,1,2,2,3,7.5,6.328943292
0,1,1,2,2,3,5,6.305033659
0,1,1,2,2,3,2.5,6.270939834
0,1,1,2,3,0,7.5,5.55327341
0,1,1,2,3,0,5,5.565692741
0,1,1,2,3,0,2.5,5.571698916
0,1,1,2,3,1,7.5,5.862104084
0,1,1,2,3,1,5,5.853335017
0,1,1,2,3,1,2.5,5.836316716
0,1,1,2,3,2,7.5,6.278015196
0,1,1,2,3,2,5,6.250574208
0,1,1,2,3,2,2.5,6.213614096
0,1,1,2,3,3,7.5,6.724779559
0,1,1,2,3,3,5,6.679569901
0,1,1,2,3,3,2.5,6.623905926
0,1,1,3,0,0,7.5,4.967176169
0,1,1,3,0,0,5,4.969154319
0,1,1,3,0,0,2.5,4.97162874
0,1,1,3,0,1,7.5,5.195764767
0,1,1,3,0,1,5,5.205100917
0,1,1,3,0,1,2.5,5.209414792
0,1,1,3,0,2,7.5,5.536313537
0,1,1,3,0,2,5,5.549044262
0,1,1,3,0,2,2.5,5.558924828
0,1,1,3,0,3,7.5,5.948123183
0,1,1,3,0,3,5,5.957727143
0,1,1,3,0,3,2.5,5.960968046
0,1,1,3,1,0,7.5,5.232986808
0,1,1,3,1,0,5,5.254772495
0,1,1,3,1,0,2.5,5.276058561
0,1,1,3,1,1,7.5,5.527734164
0,1,1,3,1,1,5,5.536454004
0,1,1,3,1,1,2.5,5.540676362
0,1,1,3,1,2,7.5,5.926296856
0,1,1,3,1,2,5,5.927093702
0,1,1,3,1,2,2.5,5.917973742
0,1,1,3,1,3,7.5,6.366841106
0,1,1,3,1,3,5,6.354130349
0,1,1,3,1,3,2.5,6.328265572
0,1,1,3,2,0,7.5,5.600347204
0,1,1,3,2,0,5,5.617781373
0,1,1,3,2,0,2.5,5.629024653
0,1,1,3,2,1,7.5,5.908746924
0,1,1,3,2,1,5,5.905835422
0,1,1,3,2,1,2.5,5.893642454
0,1,1,3,2,2,7.5,6.323188453
0,1,1,3,2,2,5,6.303074614
0,1,1,3,2,2,2.5,6.270939834
0,1,1,3,2,3,7.5,6.769487542
0,1,1,3,2,3,5,6.732070306
0,1,1,3,2,3,2.5,6.681231663
0,1,1,3,3,0,7.5,5.99263734
0,1,1,3,3,0,5,5.992317614
0,1,1,3,3,0,2.5,5.981990745
0,1,1,3,3,1,7.5,6.302550538
0,1,1,3,3,1,5,6.280371664
0,1,1,3,3,1,2.5,6.246608545
0,1,1,3,3,2,7.5,6.718559446
0,1,1,3,3,2,5,6.677610855
0,1,1,3,3,2,2.5,6.623905926
0,1,1,3,3,3,7.5,7.165323809
0,1,1,3,3,3,5,7.106606548
0,1,1,3,3,3,2.5,7.034197755
0,1,2,0,0,0,7.5,4.215512273
0,1,2,0,0,0,5,4.249598564
0,1,2,0,0,0,2.5,4.29166086
0,1,2,0,0,1,7.5,4.439258361
0,1,2,0,0,1,5,4.480923358
0,1,2,0,0,1,2.5,4.522430284
0,1,2,0,0,2,7.5,4.775144429
0,1,2,0,0,2,5,4.816841506
0,1,2,0,0,2,2.5,4.861417697
0,1,2,0,0,3,7.5,5.182809601
0,1,2,0,0,3,5,5.221789941
0,1,2,0,0,3,2.5,5.261727127
0,1,2,0,1,0,7.5,4.48024659
0,1,2,0,1,0,5,4.53779795
0,1,2,0,1,0,2.5,4.601977436
0,1,2,0,1,1,7.5,4.768369102
0,1,2,0,1,1,5,4.807545443
0,1,2,0,1,1,2.5,4.84837059
0,1,2,0,1,2,7.5,5.160983275
0,1,2,0,1,2,5,5.1911565
0,1,2,0,1,2,2.5,5.218732824
0,1,2,0,1,3,7.5,5.600347204
0,1,2,0,1,3,5,5.617781373
0,1,2,0,1,3,2.5,5.629024653
0,1,2,0,2,0,7.5,4.849821947
0,1,2,0,2,0,5,4.902204932
0,1,2,0,2,0,2.5,4.954943528
0,1,2,0,2,1,7.5,5.147530418
0,1,2,0,2,1,5,5.175663061
0,1,2,0,2,1,2.5,5.201336682
0,1,2,0,2,2,7.5,5.556694551
0,1,2,0,2,2,5,5.566725637
0,1,2,0,2,2,2.5,5.571698916
0,1,2,0,2,3,7.5,6.002895844
0,1,2,0,2,3,5,5.99572133
0,1,2,0,2,3,2.5,5.981990745
0,1,2,0,3,0,7.5,5.242444132
0,1,2,0,3,0,5,5.276741173
0,1,2,0,3,0,2.5,5.30790962
0,1,2,0,3,1,7.5,5.541033879
0,1,2,0,3,1,5,5.550199302
0,1,2,0,3,1,2.5,5.554302773
0,1,2,0,3,2,7.5,5.951967748
0,1,2,0,3,2,5,5.941261879
0,1,2,0,3,2,2.5,5.924665007
0,1,2,0,3,3,7.5,6.398732111
0,1,2,0,3,3,5,6.370257572
0,1,2,0,3,3,2.5,6.334956837
0,1,2,1,0,0,7.5,4.511955953
0,1,2,1,0,0,5,4.524066228
0,1,2,1,0,0,2.5,4.540289281
0,1,2,1,0,1,7.5,4.739662066
0,1,2,1,0,1,5,4.758821182
0,1,2,1,0,1,2.5,4.776525461
0,1,2,1,0,2,7.5,5.078991353
0,1,2,1,0,2,5,5.10116111
0,1,2,1,0,2,2.5,5.12430171
0,1,2,1,0,3,7.5,5.490126797
0,1,2,1,0,3,5,5.509432216
0,1,2,1,0,3,2.5,5.526344928
0,1,2,1,1,0,7.5,4.778944594
0,1,2,1,1,0,5,4.811786955
0,1,2,1,1,0,2.5,4.84837059
0,1,2,1,1,1,7.5,5.070509776
0,1,2,1,1,1,5,5.088570852
0,1,2,1,1,1,2.5,5.106053244
0,1,2,1,1,2,7.5,5.468300471
0,1,2,1,1,2,5,5.478798775
0,1,2,1,1,2,2.5,5.483350624
0,1,2,1,1,3,7.5,5.908746924
0,1,2,1,1,3,5,5.905835422
0,1,2,1,1,3,2.5,5.893642454
0,1,2,1,2,0,7.5,5.147530418
0,1,2,1,2,0,5,5.175663061
0,1,2,1,2,0,2.5,5.201336682
0,1,2,1,2,1,7.5,5.450848335
0,1,2,1,2,1,5,5.457540495
0,1,2,1,2,1,2.5,5.459019336
0,1,2,1,2,2,7.5,5.865094271
0,1,2,1,2,2,5,5.854779687
0,1,2,1,2,2,2.5,5.836316716
0,1,2,1,2,3,7.5,6.31139336
0,1,2,1,2,3,5,6.283775379
0,1,2,1,2,3,2.5,6.246608545
0,1,2,1,3,0,7.5,5.54002652
0,1,2,1,3,0,5,5.550199302
0,1,2,1,3,0,2.5,5.554302773
0,1,2,1,3,1,7.5,5.844554152
0,1,2,1,3,1,5,5.832076737
0,1,2,1,3,1,2.5,5.811985427
0,1,2,1,3,2,7.5,6.260465264
0,1,2,1,3,2,5,6.229315929
0,1,2,1,3,2,2.5,6.189282808
0,1,2,1,3,3,7.5,6.707229627
0,1,2,1,3,3,5,6.658311621
0,1,2,1,3,3,2.5,6.599574637
0,1,2,2,0,0,7.5,4.923523515
0,1,2,2,0,0,5,4.918098584
0,1,2,2,0,0,2.5,4.914303003
0,1,2,2,0,1,7.5,5.152112113
0,1,2,2,0,1,5,5.154045182
0,1,2,2,0,1,2.5,5.152089054
0,1,2,2,0,2,7.5,5.492660884
0,1,2,2,0,2,5,5.497988527
0,1,2,2,0,2,2.5,5.501599091
0,1,2,2,0,3,7.5,5.904470529
0,1,2,2,0,3,5,5.906671408
0,1,2,2,0,3,2.5,5.903642308
0,1,2,2,1,0,7.5,5.189334154
0,1,2,2,1,0,5,5.20371676
0,1,2,2,1,0,2.5,5.218732824
0,1,2,2,1,1,7.5,5.484081511
0,1,2,2,1,1,5,5.485398269
0,1,2,2,1,1,2.5,5.483350624
0,1,2,2,1,2,7.5,5.882644203
0,1,2,2,1,2,5,5.876037966
0,1,2,2,1,2,2.5,5.860648005
0,1,2,2,1,3,7.5,6.323188453
0,1,2,2,1,3,5,6.303074614
0,1,2,2,1,3,2.5,6.270939834
0,1,2,2,2,0,7.5,5.556694551
0,1,2,2,2,0,5,5.566725637
0,1,2,2,2,0,2.5,5.571698916
0,1,2,2,2,1,7.5,5.865094271
0,1,2,2,2,1,5,5.854779687
0,1,2,2,2,1,2.5,5.836316716
0,1,2,2,2,2,7.5,6.279535799
0,1,2,2,2,2,5,6.252018878
0,1,2,2,2,2,2.5,6.213614096
0,1,2,2,2,3,7.5,6.725834888
0,1,2,2,2,3,5,6.681014571
0,1,2,2,2,3,2.5,6.623905926
0,1,2,2,3,0,7.5,5.948984686
0,1,2,2,3,0,5,5.941261879
0,1,2,2,3,0,2.5,5.924665007
0,1,2,2,3,1,7.5,6.258897884
0,1,2,2,3,1,5,6.229315929
0,1,2,2,3,1,2.5,6.189282808
0,1,2,2,3,2,7.5,6.674906793
0,1,2,2,3,2,5,6.62655512
0,1,2,2,3,2,2.5,6.566580188
0,1,2,2,3,3,7.5,7.121671155
0,1,2,2,3,3,5,7.055550813
0,1,2,2,3,3,2.5,6.976872018
0,1,2,3,0,0,7.5,5.369778893
0,1,2,3,0,0,5,5.347094277
0,1,2,3,0,0,2.5,5.324594832
0,1,2,3,0,1,7.5,5.598411203
0,1,2,3,0,1,5,5.583040875
0,1,2,3,0,1,2.5,5.562380884
0,1,2,3,0,2,7.5,5.938959973
0,1,2,3,0,2,5,5.92698422
0,1,2,3,0,2,2.5,5.91189092
0,1,2,3,0,3,7.5,6.350769619
0,1,2,3,0,3,5,6.3356671
0,1,2,3,0,3,2.5,6.313934137
0,1,2,3,1,0,7.5,5.635535447
0,1,2,3,1,0,5,5.632712452
0,1,2,3,1,0,2.5,5.629024653
0,1,2,3,1,1,7.5,5.9303806
0,1,2,3,1,1,5,5.914393962
0,1,2,3,1,1,2.5,5.893642454
0,1,2,3,1,2,7.5,6.328943292
0,1,2,3,1,2,5,6.305033659
0,1,2,3,1,2,2.5,6.270939834
0,1,2,3,1,3,7.5,6.769487542
0,1,2,3,1,3,5,6.732070306
0,1,2,3,1,3,2.5,6.681231663
0,1,2,3,2,0,7.5,6.002895844
0,1,2,3,2,0,5,5.99572133
0,1,2,3,2,0,2.5,5.981990745
0,1,2,3,2,1,7.5,6.31139336
0,1,2,3,2,1,5,6.283775379
0,1,2,3,2,1,2.5,6.246608545
0,1,2,3,2,2,7.5,6.725834888
0,1,2,3,2,2,5,6.681014571
0,1,2,3,2,2,2.5,6.623905926
0,1,2,3,2,3,7.5,7.172133978
0,1,2,3,2,3,5,7.110010264
0,1,2,3,2,3,2.5,7.034197755
0,1,2,3,3,0,7.5,6.395185979
0,1,2,3,3,0,5,6.370257572
0,1,2,3,3,0,2.5,6.334956837
0,1,2,3,3,1,7.5,6.705196974
0,1,2,3,3,1,5,6.658311621
0,1,2,3,3,1,2.5,6.599574637
0,1,2,3,3,2,7.5,7.121205882
0,1,2,3,3,2,5,7.055550813
0,1,2,3,3,2,2.5,6.976872018
0,1,2,3,3,3,7.5,7.567970244
0,1,2,3,3,3,5,7.484546505
0,1,2,3,3,3,2.5,7.387163847
0,1,3,0,0,0,7.5,4.606115826
0,1,3,0,0,0,5,4.624134806
0,1,3,0,0,0,2.5,4.644626952
0,1,3,0,0,1,7.5,4.831812994
0,1,3,0,0,1,5,4.8554596
0,1,3,0,0,1,2.5,4.875396375
0,1,3,0,0,2,7.5,5.167488649
0,1,3,0,0,2,5,5.191377748
0,1,3,0,0,2,2.5,5.214383788
0,1,3,0,0,3,7.5,5.575099737
0,1,3,0,0,3,5,5.596326183
0,1,3,0,0,3,2.5,5.614693219
0,1,3,0,1,0,7.5,4.872868775
0,1,3,0,1,0,5,4.912334192
0,1,3,0,1,0,2.5,4.954943528
0,1,3,0,1,1,7.5,5.160865204
0,1,3,0,1,1,5,5.182081685
0,1,3,0,1,1,2.5,5.201336682
0,1,3,0,1,2,7.5,5.55327341
0,1,3,0,1,2,5,5.565692741
0,1,3,0,1,2,2.5,5.571698916
0,1,3,0,1,3,7.5,5.99263734
0,1,3,0,1,3,5,5.992317614
0,1,3,0,1,3,2.5,5.981990745
0,1,3,0,2,0,7.5,5.242444132
0,1,3,0,2,0,5,5.276741173
0,1,3,0,2,0,2.5,5.30790962
0,1,3,0,2,1,7.5,5.54002652
0,1,3,0,2,1,5,5.550199302
0,1,3,0,2,1,2.5,5.554302773
0,1,3,0,2,2,7.5,5.948984686
0,1,3,0,2,2,5,5.941261879
0,1,3,0,2,2,2.5,5.924665007
0,1,3,0,2,3,7.5,6.395185979
0,1,3,0,2,3,5,6.370257572
0,1,3,0,2,3,2.5,6.334956837
0,1,3,0,3,0,7.5,5.635066317
0,1,3,0,3,0,5,5.651277415
0,1,3,0,3,0,2.5,5.660875712
0,1,3,0,3,1,7.5,5.933529981
0,1,3,0,3,1,5,5.924735544
0,1,3,0,3,1,2.5,5.907268865
0,1,3,0,3,2,7.5,6.344257883
0,1,3,0,3,2,5,6.315798121
0,1,3,0,3,2,2.5,6.277631099
0,1,3,0,3,3,7.5,6.791022246
0,1,3,0,3,3,5,6.744793813
0,1,3,0,3,3,2.5,6.687922928
0,1,3,1,0,0,7.5,4.905517945
0,1,3,1,0,0,5,4.898602469
0,1,3,1,0,0,2.5,4.893255373
0,1,3,1,0,1,7.5,5.133367883
0,1,3,1,0,1,5,5.133357424
0,1,3,1,0,1,2.5,5.129491552
0,1,3,1,0,2,7.5,5.472794966
0,1,3,1,0,2,5,5.475697351
0,1,3,1,0,2,2.5,5.477267802
0,1,3,1,0,3,7.5,5.883930411
0,1,3,1,0,3,5,5.883968458
0,1,3,1,0,3,2.5,5.879311019
0,1,3,1,1,0,7.5,5.172448055
0,1,3,1,1,0,5,5.186323196
0,1,3,1,1,0,2.5,5.201336682
0,1,3,1,1,1,7.5,5.464215593
0,1,3,1,1,1,5,5.463107093
0,1,3,1,1,1,2.5,5.459019336
0,1,3,1,1,2,7.5,5.862104084
0,1,3,1,1,2,5,5.853335017
0,1,3,1,1,2,2.5,5.836316716
0,1,3,1,1,3,7.5,6.302550538
0,1,3,1,1,3,5,6.280371664
0,1,3,1,1,3,2.5,6.246608545
0,1,3,1,2,0,7.5,5.541033879
0,1,3,1,2,0,5,5.550199302
0,1,3,1,2,0,2.5,5.554302773
0,1,3,1,2,1,7.5,5.844554152
0,1,3,1,2,1,5,5.832076737
0,1,3,1,2,1,2.5,5.811985427
0,1,3,1,2,2,7.5,6.258897884
0,1,3,1,2,2,5,6.229315929
0,1,3,1,2,2,2.5,6.189282808
0,1,3,1,2,3,7.5,6.705196974
0,1,3,1,2,3,5,6.658311621
0,1,3,1,2,3,2.5,6.599574637
0,1,3,1,3,0,7.5,5.933529981
0,1,3,1,3,0,5,5.924735544
0,1,3,1,3,0,2.5,5.907268865
0,1,3,1,3,1,7.5,6.23825997
0,1,3,1,3,1,5,6.206612979
0,1,3,1,3,1,2.5,6.164951519
0,1,3,1,3,2,7.5,6.654268878
0,1,3,1,3,2,5,6.60385217
0,1,3,1,3,2,2.5,6.542248899
0,1,3,1,3,3,7.5,7.10103324
0,1,3,1,3,3,5,7.032847863
0,1,3,1,3,3,2.5,6.952540729
0,1,3,2,0,0,7.5,5.318850798
0,1,3,2,0,0,5,5.292634826
0,1,3,2,0,0,2.5,5.267269094
0,1,3,2,0,1,7.5,5.547483107
0,1,3,2,0,1,5,5.528581424
0,1,3,2,0,1,2.5,5.505055146
0,1,3,2,0,2,7.5,5.888031877
0,1,3,2,0,2,5,5.872524769
0,1,3,2,0,2,2.5,5.854565182
0,1,3,2,0,3,7.5,6.299841523
0,1,3,2,0,3,5,6.281207649
0,1,3,2,0,3,2.5,6.2566084
0,1,3,2,1,0,7.5,5.584607351
0,1,3,2,1,0,5,5.578253002
0,1,3,2,1,0,2.5,5.571698916
0,1,3,2,1,1,7.5,5.879452504
0,1,3,2,1,1,5,5.859934511
0,1,3,2,1,1,2.5,5.836316716
0,1,3,2,1,2,7.5,6.278015196
0,1,3,2,1,2,5,6.250574208
0,1,3,2,1,2,2.5,6.213614096
0,1,3,2,1,3,7.5,6.718559446
0,1,3,2,1,3,5,6.677610855
0,1,3,2,1,3,2.5,6.623905926
0,1,3,2,2,0,7.5,5.951967748
0,1,3,2,2,0,5,5.941261879
0,1,3,2,2,0,2.5,5.924665007
0,1,3,2,2,1,7.5,6.260465264
0,1,3,2,2,1,5,6.229315929
0,1,3,2,2,1,2.5,6.189282808
0,1,3,2,2,2,7.5,6.674906793
0,1,3,2,2,2,5,6.62655512
0,1,3,2,2,2,2.5,6.566580188
0,1,3,2,2,3,7.5,7.121205882
0,1,3,2,2,3,5,7.055550813
0,1,3,2,2,3,2.5,6.976872018
0,1,3,2,3,0,7.5,6.344257883
0,1,3,2,3,0,5,6.315798121
0,1,3,2,3,0,2.5,6.277631099
0,1,3,2,3,1,7.5,6.654268878
0,1,3,2,3,1,5,6.60385217
0,1,3,2,3,1,2.5,6.542248899
0,1,3,2,3,2,7.5,7.070277786
0,1,3,2,3,2,5,7.001091362
0,1,3,2,3,2,2.5,6.91954628
0,1,3,2,3,3,7.5,7.517042149
0,1,3,2,3,3,5,7.430087055
0,1,3,2,3,3,2.5,7.329838109
0,1,3,3,0,0,7.5,5.76561516
0,1,3,3,0,0,5,5.721630518
0,1,3,3,0,0,2.5,5.677560924
0,1,3,3,0,1,7.5,5.994247469
0,1,3,3,0,1,5,5.957577116
0,1,3,3,0,1,2.5,5.915346976
0,1,3,3,0,2,7.5,6.33479624
0,1,3,3,0,2,5,6.301520461
0,1,3,3,0,2,2.5,6.264857012
0,1,3,3,0,3,7.5,6.746605886
0,1,3,3,0,3,5,6.710203342
0,1,3,3,0,3,2.5,6.666900229
0,1,3,3,1,0,7.5,6.031371714
0,1,3,3,1,0,5,6.007248694
0,1,3,3,1,0,2.5,5.981990745
0,1,3,3,1,1,7.5,6.326216867
0,1,3,3,1,1,5,6.288930203
0,1,3,3,1,1,2.5,6.246608545
0,1,3,3,1,2,7.5,6.724779559
0,1,3,3,1,2,5,6.679569901
0,1,3,3,1,2,2.5,6.623905926
0,1,3,3,1,3,7.5,7.165323809
0,1,3,3,1,3,5,7.106606548
0,1,3,3,1,3,2.5,7.034197755
0,1,3,3,2,0,7.5,6.398732111
0,1,3,3,2,0,5,6.370257572
0,1,3,3,2,0,2.5,6.334956837
0,1,3,3,2,1,7.5,6.707229627
0,1,3,3,2,1,5,6.658311621
0,1,3,3,2,1,2.5,6.599574637
0,1,3,3,2,2,7.5,7.121671155
0,1,3,3,2,2,5,7.055550813
0,1,3,3,2,2,2.5,6.976872018
0,1,3,3,2,3,7.5,7.567970244
0,1,3,3,2,3,5,7.484546505
0,1,3,3,2,3,2.5,7.387163847
0,1,3,3,3,0,7.5,6.791022246
0,1,3,3,3,0,5,6.744793813
0,1,3,3,3,0,2.5,6.687922928
0,1,3,3,3,1,7.5,7.10103324
0,1,3,3,3,1,5,7.032847863
0,1,3,3,3,1,2.5,6.952540729
0,1,3,3,3,2,7.5,7.517042149
0,1,3,3,3,2,5,7.430087055
0,1,3,3,3,2,2.5,7.329838109
0,1,3,3,3,3,7.5,7.963806511
0,1,3,3,3,3,5,7.859082747
0,1,3,3,3,3,2.5,7.740129939
0,2,0,0,0,0,7.5,3.956448549
0,2,0,0,0,0,5,3.976430796
0,2,0,0,0,0,2.5,4.001255671
0,2,0,0,0,1,7.5,4.142178685
0,2,0,0,0,1,5,4.166461279
0,2,0,0,0,1,2.5,4.203062933
0,2,0,0,0,2,7.5,4.465404263
0,2,0,0,0,2,5,4.499863959
0,2,0,0,0,2,2.5,4.547698345
0,2,0,0,0,3,7.5,4.874105388
0,2,0,0,0,3,5,4.907021021
0,2,0,0,0,3,2.5,4.948966626
0,2,0,0,1,0,7.5,4.180506906
0,2,0,0,1,0,5,4.218580422
0,2,0,0,1,0,2.5,4.275784853
0,2,0,0,1,1,7.5,4.457097531
0,2,0,0,1,1,5,4.487825843
0,2,0,0,1,1,2.5,4.530999751
0,2,0,0,1,2,7.5,4.852279061
0,2,0,0,1,2,5,4.87638758
0,2,0,0,1,2,2.5,4.905972323
0,2,0,0,1,3,7.5,5.292373506
0,2,0,0,1,3,5,5.30324018
0,2,0,0,1,3,2.5,5.316264153
0,2,0,0,2,0,7.5,4.532560641
0,2,0,0,2,0,5,4.574487897
0,2,0,0,2,0,2.5,4.628750945
0,2,0,0,2,1,7.5,4.835395171
0,2,0,0,2,1,5,4.856417632
0,2,0,0,2,1,2.5,4.883965843
0,2,0,0,2,2,7.5,5.248720853
0,2,0,0,2,2,5,5.252184445
0,2,0,0,2,2,2.5,5.258938415
0,2,0,0,2,3,7.5,5.694976231
0,2,0,0,2,3,5,5.681180137
0,2,0,0,2,3,2.5,5.669230244
0,2,0,0,3,0,7.5,4.923164194
0,2,0,0,3,0,5,4.949024139
0,2,0,0,3,0,2.5,4.981717036
0,2,0,0,3,1,7.5,5.229011248
0,2,0,0,3,1,5,5.230953874
0,2,0,0,3,1,2.5,5.236931934
0,2,0,0,3,2,7.5,5.644048135
0,2,0,0,3,2,5,5.626720687
0,2,0,0,3,2,2.5,5.611904507
0,2,0,0,3,3,7.5,6.090812498
0,2,0,0,3,3,5,6.055716379
0,2,0,0,3,3,2.5,6.022196336
0,2,0,1,0,0,7.5,4.142178685
0,2,0,1,0,0,5,4.166461279
0,2,0,1,0,0,2.5,4.203062933
0,2,0,1,0,1,7.5,4.361973936
0,2,0,1,0,1,5,4.393653628
0,2,0,1,0,1,2.5,4.43718627
0,2,0,1,0,2,7.5,4.691107353
0,2,0,1,0,2,5,4.731686014
0,2,0,1,0,2,2.5,4.779964743
0,2,0,1,0,3,7.5,5.09989137
0,2,0,1,0,3,5,5.138174327
0,2,0,1,0,3,2.5,5.18200796
0,2,0,1,1,0,7.5,4.402795175
0,2,0,1,1,0,5,4.450827476
0,2,0,1,1,0,2.5,4.517036859
0,2,0,1,1,1,7.5,4.683528907
0,2,0,1,1,1,5,4.721110948
0,2,0,1,1,1,2.5,4.765183849
0,2,0,1,1,2,7.5,5.078065043
0,2,0,1,1,2,5,5.107540886
0,2,0,1,1,2,2.5,5.139013656
0,2,0,1,1,3,7.5,5.517946576
0,2,0,1,1,3,5,5.534577533
0,2,0,1,1,3,2.5,5.549305486
0,2,0,1,2,0,7.5,4.76506021
0,2,0,1,2,0,5,4.816103079
0,2,0,1,2,0,2.5,4.870002951
0,2,0,1,2,1,7.5,5.062897778
0,2,0,1,2,1,5,5.089717168
0,2,0,1,2,1,2.5,5.118149941
0,2,0,1,2,2,7.5,5.474293922
0,2,0,1,2,2,5,5.483521798
0,2,0,1,2,2,2.5,5.491979748
0,2,0,1,2,3,7.5,5.920593011
0,2,0,1,2,3,5,5.91251749
0,2,0,1,2,3,2.5,5.902271578
0,2,0,1,3,0,7.5,5.157888692
0,2,0,1,3,0,5,5.190639321
0,2,0,1,3,0,2.5,5.222969043
0,2,0,1,3,1,7.5,5.456517282
0,2,0,1,3,1,5,5.46425341
0,2,0,1,3,1,2.5,5.471116033
0,2,0,1,3,2,7.5,5.869664916
0,2,0,1,3,2,5,5.858058039
0,2,0,1,3,2,2.5,5.84494584
0,2,0,1,3,3,7.5,6.316429278
0,2,0,1,3,3,5,6.287053732
0,2,0,1,3,3,2.5,6.255237669
0,2,0,2,0,0,7.5,4.465404263
0,2,0,2,0,0,5,4.499863959
0,2,0,2,0,0,2.5,4.547698345
0,2,0,2,0,1,7.5,4.691107353
0,2,0,2,0,1,5,4.731686014
0,2,0,2,0,1,2.5,4.779964743
0,2,0,2,0,2,7.5,5.022425987
0,2,0,2,0,2,5,5.069659903
0,2,0,2,0,2,2.5,5.126210788
0,2,0,2,0,3,7.5,5.431276587
0,2,0,2,0,3,5,5.477155812
0,2,0,2,0,3,2.5,5.528254005
0,2,0,2,1,0,7.5,4.733457744
0,2,0,2,1,0,5,4.790015969
0,2,0,2,1,0,2.5,4.857554476
0,2,0,2,1,1,7.5,5.015205389
0,2,0,2,1,1,5,5.059128517
0,2,0,2,1,1,2.5,5.109696108
0,2,0,2,1,2,7.5,5.40945026
0,2,0,2,1,2,5,5.446522371
0,2,0,2,1,2,2.5,5.485259702
0,2,0,2,1,3,7.5,5.849614808
0,2,0,2,1,3,5,5.873559018
0,2,0,2,1,3,2.5,5.895551532
0,2,0,2,2,0,7.5,5.09908957
0,2,0,2,2,0,5,5.154313595
0,2,0,2,2,0,2.5,5.210520568
0,2,0,2,2,1,7.5,5.394671964
0,2,0,2,2,1,5,5.428146511
0,2,0,2,2,1,2.5,5.4626622
0,2,0,2,2,2,7.5,5.805962154
0,2,0,2,2,2,5,5.822503283
0,2,0,2,2,2,2.5,5.838225794
0,2,0,2,2,3,7.5,6.252261243
0,2,0,2,2,3,5,6.251498975
0,2,0,2,2,3,2.5,6.248517623
0,2,0,2,3,0,7.5,5.491685783
0,2,0,2,3,0,5,5.528849837
0,2,0,2,3,0,2.5,5.56348666
0,2,0,2,3,1,7.5,5.788389265
0,2,0,2,3,1,5,5.802682753
0,2,0,2,3,1,2.5,5.815628292
0,2,0,2,3,2,7.5,6.201333148
0,2,0,2,3,2,5,6.197039524
0,2,0,2,3,2,2.5,6.191191886
0,2,0,2,3,3,7.5,6.64809751
0,2,0,2,3,3,5,6.626035217
0,2,0,2,3,3,2.5,6.601483715
0,2,0,3,0,0,7.5,4.874105388
0,2,0,3,0,0,5,4.907021021
0,2,0,3,0,0,2.5,4.948966626
0,2,0,3,0,1,7.5,5.09989137
0,2,0,3,0,1,5,5.138174327
0,2,0,3,0,1,2.5,5.18200796
0,2,0,3,0,2,7.5,5.431276587
0,2,0,3,0,2,5,5.477155812
0,2,0,3,0,2,2.5,5.528254005
0,2,0,3,0,3,7.5,5.840605795
0,2,0,3,0,3,5,5.88465172
0,2,0,3,0,3,2.5,5.930297223
0,2,0,3,1,0,7.5,5.142291014
0,2,0,3,1,0,5,5.195555554
0,2,0,3,1,0,2.5,5.257863907
0,2,0,3,1,1,7.5,5.423968567
0,2,0,3,1,1,5,5.466212651
0,2,0,3,1,1,2.5,5.511739326
0,2,0,3,1,2,7.5,5.818779468
0,2,0,3,1,2,5,5.854018279
0,2,0,3,1,2,2.5,5.887302919
0,2,0,3,1,3,7.5,6.258944016
0,2,0,3,1,3,5,6.281054926
0,2,0,3,1,3,2.5,6.297594749
0,2,0,3,2,0,7.5,5.507252335
0,2,0,3,2,0,5,5.559625453
0,2,0,3,2,0,2.5,5.610829998
0,2,0,3,2,1,7.5,5.803674446
0,2,0,3,2,1,5,5.835230645
0,2,0,3,2,1,2.5,5.864705417
0,2,0,3,2,2,7.5,6.215291362
0,2,0,3,2,2,5,6.229999191
0,2,0,3,2,2,2.5,6.240269011
0,2,0,3,2,3,7.5,6.661590452
0,2,0,3,2,3,5,6.658994884
0,2,0,3,2,3,2.5,6.65056084
0,2,0,3,3,0,7.5,5.899794463
0,2,0,3,3,0,5,5.934161695
0,2,0,3,3,0,2.5,5.96379609
0,2,0,3,3,1,7.5,6.197391747
0,2,0,3,3,1,5,6.209766887
0,2,0,3,3,1,2.5,6.217671509
0,2,0,3,3,2,7.5,6.610662356
0,2,0,3,3,2,5,6.604535433
0,2,0,3,3,2,2.5,6.593235103
0,2,0,3,3,3,7.5,7.057426718
0,2,0,3,3,3,5,7.033531125
0,2,0,3,3,3,2.5,7.003526932
0,2,1,0,0,0,7.5,4.180506906
0,2,1,0,0,0,5,4.218580422
0,2,1,0,0,0,2.5,4.275784853
0,2,1,0,0,1,7.5,4.402795175
0,2,1,0,0,1,5,4.450827476
0,2,1,0,0,1,2.5,4.517036859
0,2,1,0,0,2,7.5,4.733457744
0,2,1,0,0,2,5,4.790015969
0,2,1,0,0,2,2.5,4.857554476
0,2,1,0,0,3,7.5,5.142291014
0,2,1,0,0,3,5,5.195555554
0,2,1,0,0,3,2.5,5.257863907
0,2,1,0,1,0,7.5,4.443646143
0,2,1,0,1,0,5,4.508126504
0,2,1,0,1,0,2.5,4.597414518
0,2,1,0,1,1,7.5,4.725977095
0,2,1,0,1,1,5,4.779852677
0,2,1,0,1,1,2.5,4.84450737
0,2,1,0,1,2,7.5,5.120464687
0,2,1,0,1,2,5,5.164922113
0,2,1,0,1,2,2.5,5.214869603
0,2,1,0,1,3,7.5,5.5600231
0,2,1,0,1,3,5,5.591546986
0,2,1,0,1,3,2.5,5.625161433
0,2,1,0,2,0,7.5,4.807627317
0,2,1,0,2,0,5,4.875220344
0,2,1,0,2,0,2.5,4.950380609
0,2,1,0,2,1,7.5,5.105688607
0,2,1,0,2,1,5,5.148333718
0,2,1,0,2,1,2.5,5.197473461
0,2,1,0,2,2,7.5,5.516370447
0,2,1,0,2,2,5,5.54049125
0,2,1,0,2,2,2.5,5.567835695
0,2,1,0,2,3,7.5,5.962571739
0,2,1,0,2,3,5,5.969486943
0,2,1,0,2,3,2.5,5.978127525
0,2,1,0,3,0,7.5,5.200887631
0,2,1,0,3,0,5,5.249756586
0,2,1,0,3,0,2.5,5.303346701
0,2,1,0,3,1,7.5,5.499278381
0,2,1,0,3,1,5,5.52286996
0,2,1,0,3,1,2.5,5.550439553
0,2,1,0,3,2,7.5,5.911643644
0,2,1,0,3,2,5,5.915027492
0,2,1,0,3,2,2.5,5.920801787
0,2,1,0,3,3,7.5,6.358408006
0,2,1,0,3,3,5,6.344023185
0,2,1,0,3,3,2.5,6.331093616
0,2,1,1,0,0,7.5,4.457097531
0,2,1,1,0,0,5,4.487825843
0,2,1,1,0,0,2.5,4.530999751
0,2,1,1,0,1,7.5,4.683528907
0,2,1,1,0,1,5,4.721110948
0,2,1,1,0,1,2.5,4.765183849
0,2,1,1,0,2,7.5,5.015205389
0,2,1,1,0,2,5,5.059128517
0,2,1,1,0,2,2.5,5.109696108
0,2,1,1,0,3,7.5,5.423968567
0,2,1,1,0,3,5,5.466212651
0,2,1,1,0,3,2.5,5.511739326
0,2,1,1,1,0,7.5,4.725977095
0,2,1,1,1,0,5,4.779852677
0,2,1,1,1,0,2.5,4.84450737
0,2,1,1,1,1,7.5,5.007984792
0,2,1,1,1,1,5,5.04859713
0,2,1,1,1,1,2.5,5.093181429
0,2,1,1,1,2,7.5,5.40214224
0,2,1,1,1,2,5,5.43557921
0,2,1,1,1,2,2.5,5.468745022
0,2,1,1,1,3,7.5,5.842208991
0,2,1,1,1,3,5,5.862615857
0,2,1,1,1,3,2.5,5.879036852
0,2,1,1,2,0,7.5,5.092260158
0,2,1,1,2,0,5,5.145017531
0,2,1,1,2,0,2.5,5.197473461
0,2,1,1,2,1,7.5,5.387363944
0,2,1,1,2,1,5,5.41720335
0,2,1,1,2,1,2.5,5.44614752
0,2,1,1,2,2,7.5,5.798556338
0,2,1,1,2,2,5,5.811560122
0,2,1,1,2,2,2.5,5.821711114
0,2,1,1,2,3,7.5,6.244855427
0,2,1,1,2,3,5,6.240555814
0,2,1,1,2,3,2.5,6.232002943
0,2,1,1,3,0,7.5,5.485062338
0,2,1,1,3,0,5,5.519553773
0,2,1,1,3,0,2.5,5.550439553
0,2,1,1,3,1,7.5,5.780983449
0,2,1,1,3,1,5,5.791739592
0,2,1,1,3,1,2.5,5.799113612
0,2,1,1,3,2,7.5,6.193927331
0,2,1,1,3,2,5,6.186096364
0,2,1,1,3,2,2.5,6.174677206
0,2,1,1,3,3,7.5,6.640691694
0,2,1,1,3,3,5,6.615092056
0,2,1,1,3,3,2.5,6.584969035
0,2,1,2,0,0,7.5,4.852279061
0,2,1,2,0,0,5,4.87638758
0,2,1,2,0,0,2.5,4.905972323
0,2,1,2,0,1,7.5,5.078065043
0,2,1,2,0,1,5,5.107540886
0,2,1,2,0,1,2.5,5.139013656
0,2,1,2,0,2,7.5,5.40945026
0,2,1,2,0,2,5,5.446522371
0,2,1,2,0,2,2.5,5.485259702
0,2,1,2,0,3,7.5,5.818779468
0,2,1,2,0,3,5,5.854018279
0,2,1,2,0,3,2.5,5.887302919
0,2,1,2,1,0,7.5,5.120464687
0,2,1,2,1,0,5,5.164922113
0,2,1,2,1,0,2.5,5.214869603
0,2,1,2,1,1,7.5,5.40214224
0,2,1,2,1,1,5,5.43557921
0,2,1,2,1,1,2.5,5.468745022
0,2,1,2,1,2,7.5,5.796953141
0,2,1,2,1,2,5,5.823384838
0,2,1,2,1,2,2.5,5.844308616
0,2,1,2,1,3,7.5,6.237117689
0,2,1,2,1,3,5,6.250421485
0,2,1,2,1,3,2.5,6.254600445
0,2,1,2,2,0,7.5,5.485426008
0,2,1,2,2,0,5,5.528992012
0,2,1,2,2,0,2.5,5.567835695
0,2,1,2,2,1,7.5,5.781848119
0,2,1,2,2,1,5,5.804597204
0,2,1,2,2,1,2.5,5.821711114
0,2,1,2,2,2,7.5,6.193465035
0,2,1,2,2,2,5,6.19936575
0,2,1,2,2,2,2.5,6.197274708
0,2,1,2,2,3,7.5,6.639764125
0,2,1,2,2,3,5,6.628361443
0,2,1,2,2,3,2.5,6.607566537
0,2,1,2,3,0,7.5,5.877968136
0,2,1,2,3,0,5,5.903528254
0,2,1,2,3,0,2.5,5.920801787
0,2,1,2,3,1,7.5,6.17556542
0,2,1,2,3,1,5,6.179133446
0,2,1,2,3,1,2.5,6.174677206
0,2,1,2,3,2,7.5,6.588836029
0,2,1,2,3,2,5,6.573901992
0,2,1,2,3,2,2.5,6.550240799
0,2,1,2,3,3,7.5,7.035600392
0,2,1,2,3,3,5,7.002897684
0,2,1,2,3,3,2.5,6.960532629
0,2,1,3,0,0,7.5,5.292373506
0,2,1,3,0,0,5,5.30324018
0,2,1,3,0,0,2.5,5.316264153
0,2,1,3,0,1,7.5,5.517946576
0,2,1,3,0,1,5,5.534577533
0,2,1,3,0,1,2.5,5.549305486
0,2,1,3,0,2,7.5,5.849614808
0,2,1,3,0,2,5,5.873559018
0,2,1,3,0,2,2.5,5.895551532
0,2,1,3,0,3,7.5,6.258944016
0,2,1,3,0,3,5,6.281054926
0,2,1,3,0,3,2.5,6.297594749
0,2,1,3,1,0,7.5,5.5600231
0,2,1,3,1,0,5,5.591546986
0,2,1,3,1,0,2.5,5.625161433
0,2,1,3,1,1,7.5,5.842208991
0,2,1,3,1,1,5,5.862615857
0,2,1,3,1,1,2.5,5.879036852
0,2,1,3,1,2,7.5,6.237117689
0,2,1,3,1,2,5,6.250421485
0,2,1,3,1,2,2.5,6.254600445
0,2,1,3,1,3,7.5,6.677282237
0,2,1,3,1,3,5,6.677458132
0,2,1,3,1,3,2.5,6.664892275
0,2,1,3,2,0,7.5,5.924876251
0,2,1,3,2,0,5,5.955616885
0,2,1,3,2,0,2.5,5.978127525
0,2,1,3,2,1,7.5,6.221914871
0,2,1,3,2,1,5,6.231633851
0,2,1,3,2,1,2.5,6.232002943
0,2,1,3,2,2,7.5,6.633629583
0,2,1,3,2,2,5,6.626402397
0,2,1,3,2,2,2.5,6.607566537
0,2,1,3,2,3,7.5,7.079928672
0,2,1,3,2,3,5,7.05539809
0,2,1,3,2,3,2.5,7.017858367
0,2,1,3,3,0,7.5,6.317418379
0,2,1,3,3,0,5,6.330153126
0,2,1,3,3,0,2.5,6.331093616
0,2,1,3,3,1,7.5,6.615632171
0,2,1,3,3,1,5,6.606170093
0,2,1,3,3,1,2.5,6.584969035
0,2,1,3,3,2,7.5,7.029000577
0,2,1,3,3,2,5,7.000938639
0,2,1,3,3,2,2.5,6.960532629
0,2,1,3,3,3,7.5,7.475764939
0,2,1,3,3,3,5,7.429934331
0,2,1,3,3,3,2.5,7.370824458
0,2,2,0,0,0,7.5,4.532560641
0,2,2,0,0,0,5,4.574487897
0,2,2,0,0,0,2.5,4.628750945
0,2,2,0,0,1,7.5,4.76506021
0,2,2,0,0,1,5,4.816103079
0,2,2,0,0,1,2.5,4.870002951
0,2,2,0,0,2,7.5,5.09908957
0,2,2,0,0,2,5,5.154313595
0,2,2,0,0,2,2.5,5.210520568
0,2,2,0,0,3,7.5,5.507252335
0,2,2,0,0,3,5,5.559625453
0,2,2,0,0,3,2.5,5.610829998
0,2,2,0,1,0,7.5,4.807627317
0,2,2,0,1,0,5,4.875220344
0,2,2,0,1,0,2.5,4.950380609
0,2,2,0,1,1,7.5,5.092260158
0,2,2,0,1,1,5,5.145017531
0,2,2,0,1,1,2.5,5.197473461
0,2,2,0,1,2,7.5,5.485426008
0,2,2,0,1,2,5,5.528992012
0,2,2,0,1,2,2.5,5.567835695
0,2,2,0,1,3,7.5,5.924876251
0,2,2,0,1,3,5,5.955616885
0,2,2,0,1,3,2.5,5.978127525
0,2,2,0,2,0,7.5,5.176922015
0,2,2,0,2,0,5,5.242314185
0,2,2,0,2,0,2.5,5.303346701
0,2,2,0,2,1,7.5,5.471919066
0,2,2,0,2,1,5,5.513498573
0,2,2,0,2,1,2.5,5.550439553
0,2,2,0,2,2,7.5,5.881223597
0,2,2,0,2,2,5,5.904561149
0,2,2,0,2,2,2.5,5.920801787
0,2,2,0,2,3,7.5,6.32742489
0,2,2,0,2,3,5,6.333556842
0,2,2,0,2,3,2.5,6.331093616
0,2,2,0,3,0,7.5,5.570182329
0,2,2,0,3,0,5,5.616850426
0,2,2,0,3,0,2.5,5.656312793
0,2,2,0,3,1,7.5,5.86550884
0,2,2,0,3,1,5,5.888034814
0,2,2,0,3,1,2.5,5.903405645
0,2,2,0,3,2,7.5,6.276496794
0,2,2,0,3,2,5,6.279097391
0,2,2,0,3,2,2.5,6.273767879
0,2,2,0,3,3,7.5,6.723261157
0,2,2,0,3,3,5,6.708093084
0,2,2,0,3,3,2.5,6.684059708
0,2,2,1,0,0,7.5,4.835395171
0,2,2,1,0,0,5,4.856417632
0,2,2,1,0,0,2.5,4.883965843
0,2,2,1,0,1,7.5,5.062897778
0,2,2,1,0,1,5,5.089717168
0,2,2,1,0,1,2.5,5.118149941
0,2,2,1,0,2,7.5,5.394671964
0,2,2,1,0,2,5,5.428146511
0,2,2,1,0,2,2.5,5.4626622
0,2,2,1,0,3,7.5,5.803674446
0,2,2,1,0,3,5,5.835230645
0,2,2,1,0,3,2.5,5.864705417
0,2,2,1,1,0,7.5,5.105688607
0,2,2,1,1,0,5,5.148333718
0,2,2,1,1,0,2.5,5.197473461
0,2,2,1,1,1,7.5,5.387363944
0,2,2,1,1,1,5,5.41720335
0,2,2,1,1,1,2.5,5.44614752
0,2,2,1,1,2,7.5,5.781848119
0,2,2,1,1,2,5,5.804597204
0,2,2,1,1,2,2.5,5.821711114
0,2,2,1,1,3,7.5,6.221914871
0,2,2,1,1,3,5,6.231633851
0,2,2,1,1,3,2.5,6.232002943
0,2,2,1,2,0,7.5,5.471919066
0,2,2,1,2,0,5,5.513498573
0,2,2,1,2,0,2.5,5.550439553
0,2,2,1,2,1,7.5,5.766743097
0,2,2,1,2,1,5,5.785809571
0,2,2,1,2,1,2.5,5.799113612
0,2,2,1,2,2,7.5,6.178262217
0,2,2,1,2,2,5,6.180578116
0,2,2,1,2,2,2.5,6.174677206
0,2,2,1,2,3,7.5,6.624561306
0,2,2,1,2,3,5,6.609573809
0,2,2,1,2,3,2.5,6.584969035
0,2,2,1,3,0,7.5,5.864721245
0,2,2,1,3,0,5,5.888034814
0,2,2,1,3,0,2.5,5.903405645
0,2,2,1,3,1,7.5,6.160362601
0,2,2,1,3,1,5,6.160345812
0,2,2,1,3,1,2.5,6.152079704
0,2,2,1,3,2,7.5,6.57363321
0,2,2,1,3,2,5,6.555114358
0,2,2,1,3,2,2.5,6.527643297
0,2,2,1,3,3,7.5,7.020397573
0,2,2,1,3,3,5,6.984110051
0,2,2,1,3,3,2.5,6.937935127
0,2,2,2,0,0,7.5,5.248720853
0,2,2,2,0,0,5,5.252184445
0,2,2,2,0,0,2.5,5.258938415
0,2,2,2,0,1,7.5,5.474293922
0,2,2,2,0,1,5,5.483521798
0,2,2,2,0,1,2.5,5.491979748
0,2,2,2,0,2,7.5,5.805962154
0,2,2,2,0,2,5,5.822503283
0,2,2,2,0,2,2.5,5.838225794
0,2,2,2,0,3,7.5,6.215291362
0,2,2,2,0,3,5,6.229999191
0,2,2,2,0,3,2.5,6.240269011
0,2,2,2,1,0,7.5,5.516370447
0,2,2,2,1,0,5,5.54049125
0,2,2,2,1,0,2.5,5.567835695
0,2,2,2,1,1,7.5,5.798556338
0,2,2,2,1,1,5,5.811560122
0,2,2,2,1,1,2.5,5.821711114
0,2,2,2,1,2,7.5,6.193465035
0,2,2,2,1,2,5,6.19936575
0,2,2,2,1,2,2.5,6.197274708
0,2,2,2,1,3,7.5,6.633629583
0,2,2,2,1,3,5,6.626402397
0,2,2,2,1,3,2.5,6.607566537
0,2,2,2,2,0,7.5,5.881223597
0,2,2,2,2,0,5,5.904561149
0,2,2,2,2,0,2.5,5.920801787
0,2,2,2,2,1,7.5,6.178262217
0,2,2,2,2,1,5,6.180578116
0,2,2,2,2,1,2.5,6.174677206
0,2,2,2,2,2,7.5,6.589976929
0,2,2,2,2,2,5,6.575346662
0,2,2,2,2,2,2.5,6.550240799
0,2,2,2,2,3,7.5,7.036276019
0,2,2,2,2,3,5,7.004342355
0,2,2,2,2,3,2.5,6.960532629
0,2,2,2,3,0,7.5,6.273765725
0,2,2,2,3,0,5,6.279097391
0,2,2,2,3,0,2.5,6.273767879
0,2,2,2,3,1,7.5,6.571979518
0,2,2,2,3,1,5,6.555114358
0,2,2,2,3,1,2.5,6.527643297
0,2,2,2,3,2,7.5,6.985347923
0,2,2,2,3,2,5,6.949882904
0,2,2,2,3,2,2.5,6.903206891
0,2,2,2,3,3,7.5,7.432112286
0,2,2,2,3,3,5,7.378878596
0,2,2,2,3,3,2.5,7.313498721
0,2,2,3,0,0,7.5,5.694976231
0,2,2,3,0,0,5,5.681180137
0,2,2,3,0,0,2.5,5.669230244
0,2,2,3,0,1,7.5,5.920593011
0,2,2,3,0,1,5,5.91251749
0,2,2,3,0,1,2.5,5.902271578
0,2,2,3,0,2,7.5,6.252261243
0,2,2,3,0,2,5,6.251498975
0,2,2,3,0,2,2.5,6.248517623
0,2,2,3,0,3,7.5,6.661590452
0,2,2,3,0,3,5,6.658994884
0,2,2,3,0,3,2.5,6.65056084
0,2,2,3,1,0,7.5,5.962571739
0,2,2,3,1,0,5,5.969486943
0,2,2,3,1,0,2.5,5.978127525
0,2,2,3,1,1,7.5,6.244855427
0,2,2,3,1,1,5,6.240555814
0,2,2,3,1,1,2.5,6.232002943
0,2,2,3,1,2,7.5,6.639764125
0,2,2,3,1,2,5,6.628361443
0,2,2,3,1,2,2.5,6.607566537
0,2,2,3,1,3,7.5,7.079928672
0,2,2,3,1,3,5,7.05539809
0,2,2,3,1,3,2.5,7.017858367
0,2,2,3,2,0,7.5,6.32742489
0,2,2,3,2,0,5,6.333556842
0,2,2,3,2,0,2.5,6.331093616
0,2,2,3,2,1,7.5,6.624561306
0,2,2,3,2,1,5,6.609573809
0,2,2,3,2,1,2.5,6.584969035
0,2,2,3,2,2,7.5,7.036276019
0,2,2,3,2,2,5,7.004342355
0,2,2,3,2,2,2.5,6.960532629
0,2,2,3,2,3,7.5,7.482575108
0,2,2,3,2,3,5,7.433338047
0,2,2,3,2,3,2.5,7.370824458
0,2,2,3,3,0,7.5,6.719967018
0,2,2,3,3,0,5,6.708093084
0,2,2,3,3,0,2.5,6.684059708
0,2,2,3,3,1,7.5,7.018278607
0,2,2,3,3,1,5,6.984110051
0,2,2,3,3,1,2.5,6.937935127
0,2,2,3,3,2,7.5,7.431647012
0,2,2,3,3,2,5,7.378878596
0,2,2,3,3,2,2.5,7.313498721
0,2,2,3,3,3,7.5,7.878411375
0,2,2,3,3,3,5,7.807874289
0,2,2,3,3,3,2.5,7.72379055
0,2,3,0,0,0,7.5,4.923164194
0,2,3,0,0,0,5,4.949024139
0,2,3,0,0,0,2.5,4.981717036
0,2,3,0,0,1,7.5,5.157888692
0,2,3,0,0,1,5,5.190639321
0,2,3,0,0,1,2.5,5.222969043
0,2,3,0,0,2,7.5,5.491685783
0,2,3,0,0,2,5,5.528849837
0,2,3,0,0,2,2.5,5.56348666
0,2,3,0,0,3,7.5,5.899794463
0,2,3,0,0,3,5,5.934161695
0,2,3,0,0,3,2.5,5.96379609
0,2,3,0,1,0,7.5,5.200887631
0,2,3,0,1,0,5,5.249756586
0,2,3,0,1,0,2.5,5.303346701
0,2,3,0,1,1,7.5,5.485062338
0,2,3,0,1,1,5,5.519553773
0,2,3,0,1,1,2.5,5.550439553
0,2,3,0,1,2,7.5,5.877968136
0,2,3,0,1,2,5,5.903528254
0,2,3,0,1,2,2.5,5.920801787
0,2,3,0,1,3,7.5,6.317418379
0,2,3,0,1,3,5,6.330153126
0,2,3,0,1,3,2.5,6.331093616
0,2,3,0,2,0,7.5,5.570182329
0,2,3,0,2,0,5,5.616850426
0,2,3,0,2,0,2.5,5.656312793
0,2,3,0,2,1,7.5,5.864721245
0,2,3,0,2,1,5,5.888034814
0,2,3,0,2,1,2.5,5.903405645
0,2,3,0,2,2,7.5,6.273765725
0,2,3,0,2,2,5,6.279097391
0,2,3,0,2,2,2.5,6.273767879
0,2,3,0,2,3,7.5,6.719967018
0,2,3,0,2,3,5,6.708093084
0,2,3,0,2,3,2.5,6.684059708
0,2,3,0,3,0,7.5,5.963442643
0,2,3,0,3,0,5,5.991386668
0,2,3,0,3,0,2.5,6.009278884
0,2,3,0,3,1,7.5,6.25831102
0,2,3,0,3,1,5,6.262571056
0,2,3,0,3,1,2.5,6.256371736
0,2,3,0,3,2,7.5,6.669038922
0,2,3,0,3,2,5,6.653633633
0,2,3,0,3,2,2.5,6.62673397
0,2,3,0,3,3,7.5,7.115803285
0,2,3,0,3,3,5,7.082629326
0,2,3,0,3,3,2.5,7.0370258
0,2,3,1,0,0,7.5,5.229011248
0,2,3,1,0,0,5,5.230953874
0,2,3,1,0,0,2.5,5.236931934
0,2,3,1,0,1,7.5,5.456517282
0,2,3,1,0,1,5,5.46425341
0,2,3,1,0,1,2.5,5.471116033
0,2,3,1,0,2,7.5,5.788389265
0,2,3,1,0,2,5,5.802682753
0,2,3,1,0,2,2.5,5.815628292
0,2,3,1,0,3,7.5,6.197391747
0,2,3,1,0,3,5,6.209766887
0,2,3,1,0,3,2.5,6.217671509
0,2,3,1,1,0,7.5,5.499278381
0,2,3,1,1,0,5,5.52286996
0,2,3,1,1,0,2.5,5.550439553
0,2,3,1,1,1,7.5,5.780983449
0,2,3,1,1,1,5,5.791739592
0,2,3,1,1,1,2.5,5.799113612
0,2,3,1,1,2,7.5,6.17556542
0,2,3,1,1,2,5,6.179133446
0,2,3,1,1,2,2.5,6.174677206
0,2,3,1,1,3,7.5,6.615632171
0,2,3,1,1,3,5,6.606170093
0,2,3,1,1,3,2.5,6.584969035
0,2,3,1,2,0,7.5,5.86550884
0,2,3,1,2,0,5,5.888034814
0,2,3,1,2,0,2.5,5.903405645
0,2,3,1,2,1,7.5,6.160362601
0,2,3,1,2,1,5,6.160345812
0,2,3,1,2,1,2.5,6.152079704
0,2,3,1,2,2,7.5,6.571979518
0,2,3,1,2,2,5,6.555114358
0,2,3,1,2,2,2.5,6.527643297
0,2,3,1,2,3,7.5,7.018278607
0,2,3,1,2,3,5,6.984110051
0,2,3,1,2,3,2.5,6.937935127
0,2,3,1,3,0,7.5,6.25831102
0,2,3,1,3,0,5,6.262571056
0,2,3,1,3,0,2.5,6.256371736
0,2,3,1,3,1,7.5,6.553982106
0,2,3,1,3,1,5,6.534882054
0,2,3,1,3,1,2.5,6.505045795
0,2,3,1,3,2,7.5,6.967350511
0,2,3,1,3,2,5,6.9296506
0,2,3,1,3,2,2.5,6.880609389
0,2,3,1,3,3,7.5,7.414114874
0,2,3,1,3,3,5,7.358646292
0,2,3,1,3,3,2.5,7.290901219
0,2,3,2,0,0,7.5,5.644048135
0,2,3,2,0,0,5,5.626720687
0,2,3,2,0,0,2.5,5.611904507
0,2,3,2,0,1,7.5,5.869664916
0,2,3,2,0,1,5,5.858058039
0,2,3,2,0,1,2.5,5.84494584
0,2,3,2,0,2,7.5,6.201333148
0,2,3,2,0,2,5,6.197039524
0,2,3,2,0,2,2.5,6.191191886
0,2,3,2,0,3,7.5,6.610662356
0,2,3,2,0,3,5,6.604535433
0,2,3,2,0,3,2.5,6.593235103
0,2,3,2,1,0,7.5,5.911643644
0,2,3,2,1,0,5,5.915027492
0,2,3,2,1,0,2.5,5.920801787
0,2,3,2,1,1,7.5,6.193927331
0,2,3,2,1,1,5,6.186096364
0,2,3,2,1,1,2.5,6.174677206
0,2,3,2,1,2,7.5,6.588836029
0,2,3,2,1,2,5,6.573901992
0,2,3,2,1,2,2.5,6.550240799
0,2,3,2,1,3,7.5,7.029000577
0,2,3,2,1,3,5,7.000938639
0,2,3,2,1,3,2.5,6.960532629
0,2,3,2,2,0,7.5,6.276496794
0,2,3,2,2,0,5,6.279097391
0,2,3,2,2,0,2.5,6.273767879
0,2,3,2,2,1,7.5,6.57363321
0,2,3,2,2,1,5,6.555114358
0,2,3,2,2,1,2.5,6.527643297
0,2,3,2,2,2,7.5,6.985347923
0,2,3,2,2,2,5,6.949882904
0,2,3,2,2,2,2.5,6.903206891
0,2,3,2,2,3,7.5,7.431647012
0,2,3,2,2,3,5,7.378878596
0,2,3,2,2,3,2.5,7.313498721
0,2,3,2,3,0,7.5,6.669038922
0,2,3,2,3,0,5,6.653633633
0,2,3,2,3,0,2.5,6.62673397
0,2,3,2,3,1,7.5,6.967350511
0,2,3,2,3,1,5,6.9296506
0,2,3,2,3,1,2.5,6.880609389
0,2,3,2,3,2,7.5,7.380718917
0,2,3,2,3,2,5,7.324419146
0,2,3,2,3,2,2.5,7.256172983
0,2,3,2,3,3,7.5,7.827483279
0,2,3,2,3,3,5,7.753414838
0,2,3,2,3,3,2.5,7.666464812
0,2,3,3,0,0,7.5,6.090812498
0,2,3,3,0,0,5,6.055716379
0,2,3,3,0,0,2.5,6.022196336
0,2,3,3,0,1,7.5,6.316429278
0,2,3,3,0,1,5,6.287053732
0,2,3,3,0,1,2.5,6.255237669
0,2,3,3,0,2,7.5,6.64809751
0,2,3,3,0,2,5,6.626035217
0,2,3,3,0,2,2.5,6.601483715
0,2,3,3,0,3,7.5,7.057426718
0,2,3,3,0,3,5,7.033531125
0,2,3,3,0,3,2.5,7.003526932
0,2,3,3,1,0,7.5,6.358408006
0,2,3,3,1,0,5,6.344023185
0,2,3,3,1,0,2.5,6.331093616
0,2,3,3,1,1,7.5,6.640691694
0,2,3,3,1,1,5,6.615092056
0,2,3,3,1,1,2.5,6.584969035
0,2,3,3,1,2,7.5,7.035600392
0,2,3,3,1,2,5,7.002897684
0,2,3,3,1,2,2.5,6.960532629
0,2,3,3,1,3,7.5,7.475764939
0,2,3,3,1,3,5,7.429934331
0,2,3,3,1,3,2.5,7.370824458
0,2,3,3,2,0,7.5,6.723261157
0,2,3,3,2,0,5,6.708093084
0,2,3,3,2,0,2.5,6.684059708
0,2,3,3,2,1,7.5,7.020397573
0,2,3,3,2,1,5,6.984110051
0,2,3,3,2,1,2.5,6.937935127
0,2,3,3,2,2,7.5,7.432112286
0,2,3,3,2,2,5,7.378878596
0,2,3,3,2,2,2.5,7.313498721
0,2,3,3,2,3,7.5,7.878411375
0,2,3,3,2,3,5,7.807874289
0,2,3,3,2,3,2.5,7.72379055
0,2,3,3,3,0,7.5,7.115803285
0,2,3,3,3,0,5,7.082629326
0,2,3,3,3,0,2.5,7.0370258
0,2,3,3,3,1,7.5,7.414114874
0,2,3,3,3,1,5,7.358646292
0,2,3,3,3,1,2.5,7.290901219
0,2,3,3,3,2,7.5,7.827483279
0,2,3,3,3,2,5,7.753414838
0,2,3,3,3,2,2.5,7.666464812
0,2,3,3,3,3,7.5,8.274247642
0,2,3,3,3,3,5,8.182410531
0,2,3,3,3,3,2.5,8.076756642
0,3,0,0,0,0,7.5,4.251743163
0,3,0,0,0,0,5,4.258037307
0,3,0,0,0,0,2.5,4.270055259
0,3,0,0,0,1,7.5,4.413516507
0,3,0,0,0,1,5,4.43004417
0,3,0,0,0,1,2.5,4.456424955
0,3,0,0,0,2,7.5,4.723957638
0,3,0,0,0,2,5,4.753371953
0,3,0,0,0,2,2.5,4.793051658
0,3,0,0,0,3,7.5,5.128092724
0,3,0,0,0,3,5,5.157759719
0,3,0,0,0,3,2.5,5.193361089
0,3,0,0,1,0,7.5,4.458271221
0,3,0,0,1,0,5,4.492857804
0,3,0,0,1,0,2.5,4.544584441
0,3,0,0,1,1,7.5,4.717334193
0,3,0,0,1,1,5,4.74407589
0,3,0,0,1,1,2.5,4.780004552
0,3,0,0,1,2,7.5,5.106266397
0,3,0,0,1,2,5,5.127126278
0,3,0,0,1,2,2.5,5.150366786
0,3,0,0,1,3,7.5,5.545497168
0,3,0,0,1,3,5,5.553751151
0,3,0,0,1,3,2.5,5.560658615
0,3,0,0,2,0,7.5,4.806843621
0,3,0,0,2,0,5,4.848765279
0,3,0,0,2,0,2.5,4.897550533
0,3,0,0,2,1,7.5,5.093019507
0,3,0,0,2,1,5,5.111632839
0,3,0,0,2,1,2.5,5.132970643
0,3,0,0,2,2,7.5,5.501844515
0,3,0,0,2,2,5,5.502695416
0,3,0,0,2,2,2.5,5.503332877
0,3,0,0,2,3,7.5,5.948045808
0,3,0,0,2,3,5,5.931691109
0,3,0,0,2,3,2.5,5.913624707
0,3,0,0,3,0,7.5,5.197447173
0,3,0,0,3,0,5,5.223301521
0,3,0,0,3,0,2.5,5.250516625
0,3,0,0,3,1,7.5,5.486389809
0,3,0,0,3,1,5,5.486169081
0,3,0,0,3,1,2.5,5.485936735
0,3,0,0,3,2,7.5,5.897117712
0,3,0,0,3,2,5,5.877231658
0,3,0,0,3,2,2.5,5.856298969
0,3,0,0,3,3,7.5,6.343882075
0,3,0,0,3,3,5,6.30622735
0,3,0,0,3,3,2.5,6.266590799
0,3,0,1,0,0,7.5,4.413516507
0,3,0,1,0,0,5,4.43004417
0,3,0,1,0,0,2.5,4.456424955
0,3,0,1,0,1,7.5,4.575289852
0,3,0,1,0,1,5,4.602051033
0,3,0,1,0,1,2.5,4.642794652
0,3,0,1,0,2,7.5,4.885730983
0,3,0,1,0,2,5,4.925378817
0,3,0,1,0,2,2.5,4.979421355
0,3,0,1,0,3,7.5,5.289866069
0,3,0,1,0,3,5,5.329766583
0,3,0,1,0,3,2.5,5.379730785
0,3,0,1,1,0,7.5,4.620044566
0,3,0,1,1,0,5,4.664864667
0,3,0,1,1,0,2.5,4.730954138
0,3,0,1,1,1,7.5,4.879107537
0,3,0,1,1,1,5,4.916082753
0,3,0,1,1,1,2.5,4.966374248
0,3,0,1,1,2,7.5,5.268039742
0,3,0,1,1,2,5,5.299133142
0,3,0,1,1,2,2.5,5.336736482
0,3,0,1,1,3,7.5,5.707270513
0,3,0,1,1,3,5,5.725758015
0,3,0,1,1,3,2.5,5.747028312
0,3,0,1,2,0,7.5,4.968616965
0,3,0,1,2,0,5,5.020772143
0,3,0,1,2,0,2.5,5.083920229
0,3,0,1,2,1,7.5,5.254792852
0,3,0,1,2,1,5,5.283639703
0,3,0,1,2,1,2.5,5.31934034
0,3,0,1,2,2,7.5,5.66361786
0,3,0,1,2,2,5,5.674702279
0,3,0,1,2,2,2.5,5.689702574
0,3,0,1,2,3,7.5,6.109819153
0,3,0,1,2,3,5,6.103697972
0,3,0,1,2,3,2.5,6.099994403
0,3,0,1,3,0,7.5,5.359220518
0,3,0,1,3,0,5,5.395308385
0,3,0,1,3,0,2.5,5.436886321
0,3,0,1,3,1,7.5,5.648163154
0,3,0,1,3,1,5,5.658175944
0,3,0,1,3,1,2.5,5.672306432
0,3,0,1,3,2,7.5,6.058891057
0,3,0,1,3,2,5,6.049238521
0,3,0,1,3,2,2.5,6.042668666
0,3,0,1,3,3,7.5,6.505655419
0,3,0,1,3,3,5,6.478234214
0,3,0,1,3,3,2.5,6.452960495
0,3,0,2,0,0,7.5,4.723957638
0,3,0,2,0,0,5,4.753371953
0,3,0,2,0,0,2.5,4.793051658
0,3,0,2,0,1,7.5,4.885730983
0,3,0,2,0,1,5,4.925378817
0,3,0,2,0,1,2.5,4.979421355
0,3,0,2,0,2,7.5,5.196172113
0,3,0,2,0,2,5,5.2487066
0,3,0,2,0,2,2.5,5.316048058
0,3,0,2,0,3,7.5,5.600307199
0,3,0,2,0,3,5,5.653094366
0,3,0,2,0,3,2.5,5.716357489
0,3,0,2,1,0,7.5,4.930485697
0,3,0,2,1,0,5,4.988192451
0,3,0,2,1,0,2.5,5.067580841
0,3,0,2,1,1,7.5,5.189548668
0,3,0,2,1,1,5,5.239410537
0,3,0,2,1,1,2.5,5.303000951
0,3,0,2,1,2,7.5,5.578480873
0,3,0,2,1,2,5,5.622460925
0,3,0,2,1,2,2.5,5.673363185
0,3,0,2,1,3,7.5,6.017711644
0,3,0,2,1,3,5,6.049085798
0,3,0,2,1,3,2.5,6.083655015
0,3,0,2,2,0,7.5,5.279058096
0,3,0,2,2,0,5,5.344099926
0,3,0,2,2,0,2.5,5.420546933
0,3,0,2,2,1,7.5,5.565233982
0,3,0,2,2,1,5,5.606967486
0,3,0,2,2,1,2.5,5.655967043
0,3,0,2,2,2,7.5,5.97405899
0,3,0,2,2,2,5,5.998030063
0,3,0,2,2,2,2.5,6.026329277
0,3,0,2,2,3,7.5,6.420260283
0,3,0,2,2,3,5,6.427025755
0,3,0,2,2,3,2.5,6.436621106
0,3,0,2,3,0,7.5,5.669661648
0,3,0,2,3,0,5,5.718636168
0,3,0,2,3,0,2.5,5.773513024
0,3,0,2,3,1,7.5,5.958604285
0,3,0,2,3,1,5,5.981503728
0,3,0,2,3,1,2.5,6.008933135
0,3,0,2,3,2,7.5,6.369332187
0,3,0,2,3,2,5,6.372566305
0,3,0,2,3,2,2.5,6.379295369
0,3,0,2,3,3,7.5,6.81609655
0,3,0,2,3,3,5,6.801561997
0,3,0,2,3,3,2.5,6.789587198
0,3,0,3,0,0,7.5,5.128092724
0,3,0,3,0,0,5,5.157759719
0,3,0,3,0,0,2.5,5.193361089
0,3,0,3,0,1,7.5,5.289866069
0,3,0,3,0,1,5,5.329766583
0,3,0,3,0,1,2.5,5.379730785
0,3,0,3,0,2,7.5,5.600307199
0,3,0,3,0,2,5,5.653094366
0,3,0,3,0,2,2.5,5.716357489
0,3,0,3,0,3,7.5,6.004442286
0,3,0,3,0,3,5,6.057482132
0,3,0,3,0,3,2.5,6.116666919
0,3,0,3,1,0,7.5,5.334620783
0,3,0,3,1,0,5,5.392580216
0,3,0,3,1,0,2.5,5.467890271
0,3,0,3,1,1,7.5,5.593683754
0,3,0,3,1,1,5,5.643798303
0,3,0,3,1,1,2.5,5.703310382
0,3,0,3,1,2,7.5,5.982615959
0,3,0,3,1,2,5,6.026848691
0,3,0,3,1,2,2.5,6.073672616
0,3,0,3,1,3,7.5,6.42184673
0,3,0,3,1,3,5,6.453473564
0,3,0,3,1,3,2.5,6.483964445
0,3,0,3,2,0,7.5,5.683193182
0,3,0,3,2,0,5,5.748487692
0,3,0,3,2,0,2.5,5.820856363
0,3,0,3,2,1,7.5,5.969369069
0,3,0,3,2,1,5,6.011355252
0,3,0,3,2,1,2.5,6.056276474
0,3,0,3,2,2,7.5,6.378194077
0,3,0,3,2,2,5,6.402417829
0,3,0,3,2,2,2.5,6.426638708
0,3,0,3,2,3,7.5,6.824395369
0,3,0,3,2,3,5,6.831413521
0,3,0,3,2,3,2.5,6.836930537
0,3,0,3,3,0,7.5,6.073796735
0,3,0,3,3,0,5,6.123023934
0,3,0,3,3,0,2.5,6.173822455
0,3,0,3,3,1,7.5,6.362739371
0,3,0,3,3,1,5,6.385891494
0,3,0,3,3,1,2.5,6.409242565
0,3,0,3,3,2,7.5,6.773467274
0,3,0,3,3,2,5,6.776954071
0,3,0,3,3,2,2.5,6.779604799
0,3,0,3,3,3,7.5,7.220231636
0,3,0,3,3,3,5,7.205949763
0,3,0,3,3,3,2.5,7.189896629
0,3,1,0,0,0,7.5,4.458271221
0,3,1,0,0,0,5,4.492857804
0,3,1,0,0,0,2.5,4.544584441
0,3,1,0,0,1,7.5,4.620044566
0,3,1,0,0,1,5,4.664864667
0,3,1,0,0,1,2.5,4.730954138
0,3,1,0,0,2,7.5,4.930485697
0,3,1,0,0,2,5,4.988192451
0,3,1,0,0,2,2.5,5.067580841
0,3,1,0,0,3,7.5,5.334620783
0,3,1,0,0,3,5,5.392580216
0,3,1,0,0,3,2.5,5.467890271
0,3,1,0,1,0,7.5,4.66479928
0,3,1,0,1,0,5,4.727678301
0,3,1,0,1,0,2.5,4.819113624
0,3,1,0,1,1,7.5,4.923862251
0,3,1,0,1,1,5,4.978896387
0,3,1,0,1,1,2.5,5.054533734
0,3,1,0,1,2,7.5,5.312794456
0,3,1,0,1,2,5,5.361946775
0,3,1,0,1,2,2.5,5.424895968
0,3,1,0,1,3,7.5,5.752025227
0,3,1,0,1,3,5,5.788571648
0,3,1,0,1,3,2.5,5.835187798
0,3,1,0,2,0,7.5,5.013371679
0,3,1,0,2,0,5,5.083585777
0,3,1,0,2,0,2.5,5.172079715
0,3,1,0,2,1,7.5,5.299547566
0,3,1,0,2,1,5,5.346453336
0,3,1,0,2,1,2.5,5.407499826
0,3,1,0,2,2,7.5,5.708372574
0,3,1,0,2,2,5,5.737515913
0,3,1,0,2,2,2.5,5.77786206
0,3,1,0,2,3,7.5,6.154573867
0,3,1,0,2,3,5,6.166511606
0,3,1,0,2,3,2.5,6.188153889
0,3,1,0,3,0,7.5,5.403975232
0,3,1,0,3,0,5,5.458122018
0,3,1,0,3,0,2.5,5.525045807
0,3,1,0,3,1,7.5,5.692917868
0,3,1,0,3,1,5,5.720989578
0,3,1,0,3,1,2.5,5.760465918
0,3,1,0,3,2,7.5,6.103645771
0,3,1,0,3,2,5,6.112052155
0,3,1,0,3,2,2.5,6.130828152
0,3,1,0,3,3,7.5,6.550410133
0,3,1,0,3,3,5,6.541047847
0,3,1,0,3,3,2.5,6.541119981
0,3,1,1,0,0,7.5,4.717334193
0,3,1,1,0,0,5,4.74407589
0,3,1,1,0,0,2.5,4.780004552
0,3,1,1,0,1,7.5,4.879107537
0,3,1,1,0,1,5,4.916082753
0,3,1,1,0,1,2.5,4.966374248
0,3,1,1,0,2,7.5,5.189548668
0,3,1,1,0,2,5,5.239410537
0,3,1,1,0,2,2.5,5.303000951
0,3,1,1,0,3,7.5,5.593683754
0,3,1,1,0,3,5,5.643798303
0,3,1,1,0,3,2.5,5.703310382
0,3,1,1,1,0,7.5,4.923862251
0,3,1,1,1,0,5,4.978896387
0,3,1,1,1,0,2.5,5.054533734
0,3,1,1,1,1,7.5,5.182925223
0,3,1,1,1,1,5,5.230114473
0,3,1,1,1,1,2.5,5.289953845
0,3,1,1,1,2,7.5,5.571857427
0,3,1,1,1,2,5,5.613164862
0,3,1,1,1,2,2.5,5.660316079
0,3,1,1,1,3,7.5,6.011088198
0,3,1,1,1,3,5,6.039789735
0,3,1,1,1,3,2.5,6.070607908
0,3,1,1,2,0,7.5,5.272434651
0,3,1,1,2,0,5,5.334803863
0,3,1,1,2,0,2.5,5.407499826
0,3,1,1,2,1,7.5,5.558610537
0,3,1,1,2,1,5,5.597671423
0,3,1,1,2,1,2.5,5.642919936
0,3,1,1,2,2,7.5,5.967435545
0,3,1,1,2,2,5,5.988733999
0,3,1,1,2,2,2.5,6.01328217
0,3,1,1,2,3,7.5,6.413636838
0,3,1,1,2,3,5,6.417729692
0,3,1,1,2,3,2.5,6.423574
0,3,1,1,3,0,7.5,5.663038203
0,3,1,1,3,0,5,5.709340105
0,3,1,1,3,0,2.5,5.760465918
0,3,1,1,3,1,7.5,5.951980839
0,3,1,1,3,1,5,5.972207664
0,3,1,1,3,1,2.5,5.995886028
0,3,1,1,3,2,7.5,6.362708742
0,3,1,1,3,2,5,6.363270241
0,3,1,1,3,2,2.5,6.366248262
0,3,1,1,3,3,7.5,6.809473105
0,3,1,1,3,3,5,6.792265934
0,3,1,1,3,3,2.5,6.776540092
0,3,1,2,0,0,7.5,5.106266397
0,3,1,2,0,0,5,5.127126278
0,3,1,2,0,0,2.5,5.150366786
0,3,1,2,0,1,7.5,5.268039742
0,3,1,2,0,1,5,5.299133142
0,3,1,2,0,1,2.5,5.336736482
0,3,1,2,0,2,7.5,5.578480873
0,3,1,2,0,2,5,5.622460925
0,3,1,2,0,2,2.5,5.673363185
0,3,1,2,0,3,7.5,5.982615959
0,3,1,2,0,3,5,6.026848691
0,3,1,2,0,3,2.5,6.073672616
0,3,1,2,1,0,7.5,5.312794456
0,3,1,2,1,0,5,5.361946775
0,3,1,2,1,0,2.5,5.424895968
0,3,1,2,1,1,7.5,5.571857427
0,3,1,2,1,1,5,5.613164862
0,3,1,2,1,1,2.5,5.660316079
0,3,1,2,1,2,7.5,5.960789632
0,3,1,2,1,2,5,5.99621525
0,3,1,2,1,2,2.5,6.030678313
0,3,1,2,1,3,7.5,6.400020403
0,3,1,2,1,3,5,6.422840123
0,3,1,2,1,3,2.5,6.440970142
0,3,1,2,2,0,7.5,5.661366855
0,3,1,2,2,0,5,5.717854251
0,3,1,2,2,0,2.5,5.77786206
0,3,1,2,2,1,7.5,5.947542742
0,3,1,2,2,1,5,5.980721811
0,3,1,2,2,1,2.5,6.01328217
0,3,1,2,2,2,7.5,6.35636775
0,3,1,2,2,2,5,6.371784388
0,3,1,2,2,2,2.5,6.383644404
0,3,1,2,2,3,7.5,6.802569043
0,3,1,2,2,3,5,6.80078008
0,3,1,2,2,3,2.5,6.793936234
0,3,1,2,3,0,7.5,6.051970408
0,3,1,2,3,0,5,6.092390493
0,3,1,2,3,0,2.5,6.130828152
0,3,1,2,3,1,7.5,6.340913044
0,3,1,2,3,1,5,6.355258053
0,3,1,2,3,1,2.5,6.366248262
0,3,1,2,3,2,7.5,6.751640947
0,3,1,2,3,2,5,6.746320629
0,3,1,2,3,2,2.5,6.736610496
0,3,1,2,3,3,7.5,7.198405309
0,3,1,2,3,3,5,7.175316322
0,3,1,2,3,3,2.5,7.146902325
0,3,1,3,0,0,7.5,5.545497168
0,3,1,3,0,0,5,5.553751151
0,3,1,3,0,0,2.5,5.560658615
0,3,1,3,0,1,7.5,5.707270513
0,3,1,3,0,1,5,5.725758015
0,3,1,3,0,1,2.5,5.747028312
0,3,1,3,0,2,7.5,6.017711644
0,3,1,3,0,2,5,6.049085798
0,3,1,3,0,2,2.5,6.083655015
0,3,1,3,0,3,7.5,6.42184673
0,3,1,3,0,3,5,6.453473564
0,3,1,3,0,3,2.5,6.483964445
0,3,1,3,1,0,7.5,5.752025227
0,3,1,3,1,0,5,5.788571648
0,3,1,3,1,0,2.5,5.835187798
0,3,1,3,1,1,7.5,6.011088198
0,3,1,3,1,1,5,6.039789735
0,3,1,3,1,1,2.5,6.070607908
0,3,1,3,1,2,7.5,6.400020403
0,3,1,3,1,2,5,6.422840123
0,3,1,3,1,2,2.5,6.440970142
0,3,1,3,1,3,7.5,6.839251174
0,3,1,3,1,3,5,6.849464996
0,3,1,3,1,3,2.5,6.851261971
0,3,1,3,2,0,7.5,6.100597626
0,3,1,3,2,0,5,6.144479124
0,3,1,3,2,0,2.5,6.188153889
0,3,1,3,2,1,7.5,6.386773513
0,3,1,3,2,1,5,6.407346684
0,3,1,3,2,1,2.5,6.423574
0,3,1,3,2,2,7.5,6.795598521
0,3,1,3,2,2,5,6.798409261
0,3,1,3,2,2,2.5,6.793936234
0,3,1,3,2,3,7.5,7.241799814
0,3,1,3,2,3,5,7.227404953
0,3,1,3,2,3,2.5,7.204228063
0,3,1,3,3,0,7.5,6.491201179
0,3,1,3,3,0,5,6.519015366
0,3,1,3,3,0,2.5,6.541119981
0,3,1,3,3,1,7.5,6.780143815
0,3,1,3,3,1,5,6.781882925
0,3,1,3,3,1,2.5,6.776540092
0,3,1,3,3,2,7.5,7.190871718
0,3,1,3,3,2,5,7.172945502
0,3,1,3,3,2,2.5,7.146902325
0,3,1,3,3,3,7.5,7.63763608
0,3,1,3,3,3,5,7.601941195
0,3,1,3,3,3,2.5,7.557194155
0,3,2,0,0,0,7.5,4.806843621
0,3,2,0,0,0,5,4.848765279
0,3,2,0,0,0,2.5,4.897550533
0,3,2,0,0,1,7.5,4.968616965
0,3,2,0,0,1,5,5.020772143
0,3,2,0,0,1,2.5,5.083920229
0,3,2,0,0,2,7.5,5.279058096
0,3,2,0,0,2,5,5.344099926
0,3,2,0,0,2,2.5,5.420546933
0,3,2,0,0,3,7.5,5.683193182
0,3,2,0,0,3,5,5.748487692
0,3,2,0,0,3,2.5,5.820856363
0,3,2,0,1,0,7.5,5.013371679
0,3,2,0,1,0,5,5.083585777
0,3,2,0,1,0,2.5,5.172079715
0,3,2,0,1,1,7.5,5.272434651
0,3,2,0,1,1,5,5.334803863
0,3,2,0,1,1,2.5,5.407499826
0,3,2,0,1,2,7.5,5.661366855
0,3,2,0,1,2,5,5.717854251
0,3,2,0,1,2,2.5,5.77786206
0,3,2,0,1,3,7.5,6.100597626
0,3,2,0,1,3,5,6.144479124
0,3,2,0,1,3,2.5,6.188153889
0,3,2,0,2,0,7.5,5.361944079
0,3,2,0,2,0,5,5.439493252
0,3,2,0,2,0,2.5,5.525045807
0,3,2,0,2,1,7.5,5.648119965
0,3,2,0,2,1,5,5.702360812
0,3,2,0,2,1,2.5,5.760465918
0,3,2,0,2,2,7.5,6.056944973
0,3,2,0,2,2,5,6.093423389
0,3,2,0,2,2,2.5,6.130828152
0,3,2,0,2,3,7.5,6.503146266
0,3,2,0,2,3,5,6.522419081
0,3,2,0,2,3,2.5,6.541119981
0,3,2,0,3,0,7.5,5.752547631
0,3,2,0,3,0,5,5.814029494
0,3,2,0,3,0,2.5,5.878011899
0,3,2,0,3,1,7.5,6.041490267
0,3,2,0,3,1,5,6.076897054
0,3,2,0,3,1,2.5,6.113432009
0,3,2,0,3,2,7.5,6.45221817
0,3,2,0,3,2,5,6.467959631
0,3,2,0,3,2,2.5,6.483794243
0,3,2,0,3,3,7.5,6.898982533
0,3,2,0,3,3,5,6.896955323
0,3,2,0,3,3,2.5,6.894086073
0,3,2,1,0,0,7.5,5.093019507
0,3,2,1,0,0,5,5.111632839
0,3,2,1,0,0,2.5,5.132970643
0,3,2,1,0,1,7.5,5.254792852
0,3,2,1,0,1,5,5.283639703
0,3,2,1,0,1,2.5,5.31934034
0,3,2,1,0,2,7.5,5.565233982
0,3,2,1,0,2,5,5.606967486
0,3,2,1,0,2,2.5,5.655967043
0,3,2,1,0,3,7.5,5.969369069
0,3,2,1,0,3,5,6.011355252
0,3,2,1,0,3,2.5,6.056276474
0,3,2,1,1,0,7.5,5.299547566
0,3,2,1,1,0,5,5.346453336
0,3,2,1,1,0,2.5,5.407499826
0,3,2,1,1,1,7.5,5.558610537
0,3,2,1,1,1,5,5.597671423
0,3,2,1,1,1,2.5,5.642919936
0,3,2,1,1,2,7.5,5.947542742
0,3,2,1,1,2,5,5.980721811
0,3,2,1,1,2,2.5,6.01328217
0,3,2,1,1,3,7.5,6.386773513
0,3,2,1,1,3,5,6.407346684
0,3,2,1,1,3,2.5,6.423574
0,3,2,1,2,0,7.5,5.648119965
0,3,2,1,2,0,5,5.702360812
0,3,2,1,2,0,2.5,5.760465918
0,3,2,1,2,1,7.5,5.934295851
0,3,2,1,2,1,5,5.965228372
0,3,2,1,2,1,2.5,5.995886028
0,3,2,1,2,2,7.5,6.343120859
0,3,2,1,2,2,5,6.356290949
0,3,2,1,2,2,2.5,6.366248262
0,3,2,1,2,3,7.5,6.789322152
0,3,2,1,2,3,5,6.785286641
0,3,2,1,2,3,2.5,6.776540092
0,3,2,1,3,0,7.5,6.038723517
0,3,2,1,3,0,5,6.076897054
0,3,2,1,3,0,2.5,6.113432009
0,3,2,1,3,1,7.5,6.327666154
0,3,2,1,3,1,5,6.339764613
0,3,2,1,3,1,2.5,6.34885212
0,3,2,1,3,2,7.5,6.738394056
0,3,2,1,3,2,5,6.73082719
0,3,2,1,3,2,2.5,6.719214354
0,3,2,1,3,3,7.5,7.185158419
0,3,2,1,3,3,5,7.159822883
0,3,2,1,3,3,2.5,7.129506183
0,3,2,2,0,0,7.5,5.501844515
0,3,2,2,0,0,5,5.502695416
0,3,2,2,0,0,2.5,5.503332877
0,3,2,2,0,1,7.5,5.66361786
0,3,2,2,0,1,5,5.674702279
0,3,2,2,0,1,2.5,5.689702574
0,3,2,2,0,2,7.5,5.97405899
0,3,2,2,0,2,5,5.998030063
0,3,2,2,0,2,2.5,6.026329277
0,3,2,2,0,3,7.5,6.378194077
0,3,2,2,0,3,5,6.402417829
0,3,2,2,0,3,2.5,6.426638708
0,3,2,2,1,0,7.5,5.708372574
0,3,2,2,1,0,5,5.737515913
0,3,2,2,1,0,2.5,5.77786206
0,3,2,2,1,1,7.5,5.967435545
0,3,2,2,1,1,5,5.988733999
0,3,2,2,1,1,2.5,6.01328217
0,3,2,2,1,2,7.5,6.35636775
0,3,2,2,1,2,5,6.371784388
0,3,2,2,1,2,2.5,6.383644404
0,3,2,2,1,3,7.5,6.795598521
0,3,2,2,1,3,5,6.798409261
0,3,2,2,1,3,2.5,6.793936234
0,3,2,2,2,0,7.5,6.056944973
0,3,2,2,2,0,5,6.093423389
0,3,2,2,2,0,2.5,6.130828152
0,3,2,2,2,1,7.5,6.343120859
0,3,2,2,2,1,5,6.356290949
0,3,2,2,2,1,2.5,6.366248262
0,3,2,2,2,2,7.5,6.751945867
0,3,2,2,2,2,5,6.747353525
0,3,2,2,2,2,2.5,6.736610496
0,3,2,2,2,3,7.5,7.19814716
0,3,2,2,2,3,5,7.176349218
0,3,2,2,2,3,2.5,7.146902325
0,3,2,2,3,0,7.5,6.447548525
0,3,2,2,3,0,5,6.467959631
0,3,2,2,3,0,2.5,6.483794243
0,3,2,2,3,1,7.5,6.736491162
0,3,2,2,3,1,5,6.73082719
0,3,2,2,3,1,2.5,6.719214354
0,3,2,2,3,2,7.5,7.147219064
0,3,2,2,3,2,5,7.121889767
0,3,2,2,3,2,2.5,7.089576588
0,3,2,2,3,3,7.5,7.593983427
0,3,2,2,3,3,5,7.55088546
0,3,2,2,3,3,2.5,7.499868417
0,3,2,3,0,0,7.5,5.948045808
0,3,2,3,0,0,5,5.931691109
0,3,2,3,0,0,2.5,5.913624707
0,3,2,3,0,1,7.5,6.109819153
0,3,2,3,0,1,5,6.103697972
0,3,2,3,0,1,2.5,6.099994403
0,3,2,3,0,2,7.5,6.420260283
0,3,2,3,0,2,5,6.427025755
0,3,2,3,0,2,2.5,6.436621106
0,3,2,3,0,3,7.5,6.824395369
0,3,2,3,0,3,5,6.831413521
0,3,2,3,0,3,2.5,6.836930537
0,3,2,3,1,0,7.5,6.154573867
0,3,2,3,1,0,5,6.166511606
0,3,2,3,1,0,2.5,6.188153889
0,3,2,3,1,1,7.5,6.413636838
0,3,2,3,1,1,5,6.417729692
0,3,2,3,1,1,2.5,6.423574
0,3,2,3,1,2,7.5,6.802569043
0,3,2,3,1,2,5,6.80078008
0,3,2,3,1,2,2.5,6.793936234
0,3,2,3,1,3,7.5,7.241799814
0,3,2,3,1,3,5,7.227404953
0,3,2,3,1,3,2.5,7.204228063
0,3,2,3,2,0,7.5,6.503146266
0,3,2,3,2,0,5,6.522419081
0,3,2,3,2,0,2.5,6.541119981
0,3,2,3,2,1,7.5,6.789322152
0,3,2,3,2,1,5,6.785286641
0,3,2,3,2,1,2.5,6.776540092
0,3,2,3,2,2,7.5,7.19814716
0,3,2,3,2,2,5,7.176349218
0,3,2,3,2,2,2.5,7.146902325
0,3,2,3,2,3,7.5,7.644348453
0,3,2,3,2,3,5,7.605344911
0,3,2,3,2,3,2.5,7.557194155
0,3,2,3,3,0,7.5,6.893749818
0,3,2,3,3,0,5,6.896955323
0,3,2,3,3,0,2.5,6.894086073
0,3,2,3,3,1,7.5,7.182692455
0,3,2,3,3,1,5,7.159822883
0,3,2,3,3,1,2.5,7.129506183
0,3,2,3,3,2,7.5,7.593420357
0,3,2,3,3,2,5,7.55088546
0,3,2,3,3,2,2.5,7.499868417
0,3,2,3,3,3,7.5,8.04018472
0,3,2,3,3,3,5,7.979881152
0,3,2,3,3,3,2.5,7.910160247
0,3,3,0,0,0,7.5,5.197447173
0,3,3,0,0,0,5,5.223301521
0,3,3,0,0,0,2.5,5.250516625
0,3,3,0,0,1,7.5,5.359220518
0,3,3,0,0,1,5,5.395308385
0,3,3,0,0,1,2.5,5.436886321
0,3,3,0,0,2,7.5,5.669661648
0,3,3,0,0,2,5,5.718636168
0,3,3,0,0,2,2.5,5.773513024
0,3,3,0,0,3,7.5,6.073796735
0,3,3,0,0,3,5,6.123023934
0,3,3,0,0,3,2.5,6.173822455
0,3,3,0,1,0,7.5,5.403975232
0,3,3,0,1,0,5,5.458122018
0,3,3,0,1,0,2.5,5.525045807
0,3,3,0,1,1,7.5,5.663038203
0,3,3,0,1,1,5,5.709340105
0,3,3,0,1,1,2.5,5.760465918
0,3,3,0,1,2,7.5,6.051970408
0,3,3,0,1,2,5,6.092390493
0,3,3,0,1,2,2.5,6.130828152
0,3,3,0,1,3,7.5,6.491201179
0,3,3,0,1,3,5,6.519015366
0,3,3,0,1,3,2.5,6.541119981
0,3,3,0,2,0,7.5,5.752547631
0,3,3,0,2,0,5,5.814029494
0,3,3,0,2,0,2.5,5.878011899
0,3,3,0,2,1,7.5,6.038723517
0,3,3,0,2,1,5,6.076897054
0,3,3,0,2,1,2.5,6.113432009
0,3,3,0,2,2,7.5,6.447548525
0,3,3,0,2,2,5,6.467959631
0,3,3,0,2,2,2.5,6.483794243
0,3,3,0,2,3,7.5,6.893749818
0,3,3,0,2,3,5,6.896955323
0,3,3,0,2,3,2.5,6.894086073
0,3,3,0,3,0,7.5,6.143151183
0,3,3,0,3,0,5,6.188565736
0,3,3,0,3,0,2.5,6.230977991
0,3,3,0,3,1,7.5,6.43209382
0,3,3,0,3,1,5,6.451433296
0,3,3,0,3,1,2.5,6.466398101
0,3,3,0,3,2,7.5,6.842821722
0,3,3,0,3,2,5,6.842495872
0,3,3,0,3,2,2.5,6.836760335
0,3,3,0,3,3,7.5,7.289586085
0,3,3,0,3,3,5,7.271491565
0,3,3,0,3,3,2.5,7.247052164
0,3,3,1,0,0,7.5,5.486389809
0,3,3,1,0,0,5,5.486169081
0,3,3,1,0,0,2.5,5.485936735
0,3,3,1,0,1,7.5,5.648163154
0,3,3,1,0,1,5,5.658175944
0,3,3,1,0,1,2.5,5.672306432
0,3,3,1,0,2,7.5,5.958604285
0,3,3,1,0,2,5,5.981503728
0,3,3,1,0,2,2.5,6.008933135
0,3,3,1,0,3,7.5,6.362739371
0,3,3,1,0,3,5,6.385891494
0,3,3,1,0,3,2.5,6.409242565
0,3,3,1,1,0,7.5,5.692917868
0,3,3,1,1,0,5,5.720989578
0,3,3,1,1,0,2.5,5.760465918
0,3,3,1,1,1,7.5,5.951980839
0,3,3,1,1,1,5,5.972207664
0,3,3,1,1,1,2.5,5.995886028
0,3,3,1,1,2,7.5,6.340913044
0,3,3,1,1,2,5,6.355258053
0,3,3,1,1,2,2.5,6.366248262
0,3,3,1,1,3,7.5,6.780143815
0,3,3,1,1,3,5,6.781882925
0,3,3,1,1,3,2.5,6.776540092
0,3,3,1,2,0,7.5,6.041490267
0,3,3,1,2,0,5,6.076897054
0,3,3,1,2,0,2.5,6.113432009
0,3,3,1,2,1,7.5,6.327666154
0,3,3,1,2,1,5,6.339764613
0,3,3,1,2,1,2.5,6.34885212
0,3,3,1,2,2,7.5,6.736491162
0,3,3,1,2,2,5,6.73082719
0,3,3,1,2,2,2.5,6.719214354
0,3,3,1,2,3,7.5,7.182692455
0,3,3,1,2,3,5,7.159822883
0,3,3,1,2,3,2.5,7.129506183
0,3,3,1,3,0,7.5,6.43209382
0,3,3,1,3,0,5,6.451433296
0,3,3,1,3,0,2.5,6.466398101
0,3,3,1,3,1,7.5,6.721036456
0,3,3,1,3,1,5,6.714300855
0,3,3,1,3,1,2.5,6.701818212
0,3,3,1,3,2,7.5,7.131764359
0,3,3,1,3,2,5,7.105363432
0,3,3,1,3,2,2.5,7.072180446
0,3,3,1,3,3,7.5,7.578528721
0,3,3,1,3,3,5,7.534359125
0,3,3,1,3,3,2.5,7.482472275
0,3,3,2,0,0,7.5,5.897117712
0,3,3,2,0,0,5,5.877231658
0,3,3,2,0,0,2.5,5.856298969
0,3,3,2,0,1,7.5,6.058891057
0,3,3,2,0,1,5,6.049238521
0,3,3,2,0,1,2.5,6.042668666
0,3,3,2,0,2,7.5,6.369332187
0,3,3,2,0,2,5,6.372566305
0,3,3,2,0,2,2.5,6.379295369
0,3,3,2,0,3,7.5,6.773467274
0,3,3,2,0,3,5,6.776954071
0,3,3,2,0,3,2.5,6.779604799
0,3,3,2,1,0,7.5,6.103645771
0,3,3,2,1,0,5,6.112052155
0,3,3,2,1,0,2.5,6.130828152
0,3,3,2,1,1,7.5,6.362708742
0,3,3,2,1,1,5,6.363270241
0,3,3,2,1,1,2.5,6.366248262
0,3,3,2,1,2,7.5,6.751640947
0,3,3,2,1,2,5,6.746320629
0,3,3,2,1,2,2.5,6.736610496
0,3,3,2,1,3,7.5,7.190871718
0,3,3,2,1,3,5,7.172945502
0,3,3,2,1,3,2.5,7.146902325
0,3,3,2,2,0,7.5,6.45221817
0,3,3,2,2,0,5,6.467959631
0,3,3,2,2,0,2.5,6.483794243
0,3,3,2,2,1,7.5,6.738394056
0,3,3,2,2,1,5,6.73082719
0,3,3,2,2,1,2.5,6.719214354
0,3,3,2,2,2,7.5,7.147219064
0,3,3,2,2,2,5,7.121889767
0,3,3,2,2,2,2.5,7.089576588
0,3,3,2,2,3,7.5,7.593420357
0,3,3,2,2,3,5,7.55088546
0,3,3,2,2,3,2.5,7.499868417
0,3,3,2,3,0,7.5,6.842821722
0,3,3,2,3,0,5,6.842495872
0,3,3,2,3,0,2.5,6.836760335
0,3,3,2,3,1,7.5,7.131764359
0,3,3,2,3,1,5,7.105363432
0,3,3,2,3,1,2.5,7.072180446
0,3,3,2,3,2,7.5,7.542492261
0,3,3,2,3,2,5,7.496426009
0,3,3,2,3,2,2.5,7.442542679
0,3,3,2,3,3,7.5,7.989256624
0,3,3,2,3,3,5,7.925421702
0,3,3,2,3,3,2.5,7.852834509
0,3,3,3,0,0,7.5,6.343882075
0,3,3,3,0,0,5,6.30622735
0,3,3,3,0,0,2.5,6.266590799
0,3,3,3,0,1,7.5,6.505655419
0,3,3,3,0,1,5,6.478234214
0,3,3,3,0,1,2.5,6.452960495
0,3,3,3,0,2,7.5,6.81609655
0,3,3,3,0,2,5,6.801561997
0,3,3,3,0,2,2.5,6.789587198
0,3,3,3,0,3,7.5,7.220231636
0,3,3,3,0,3,5,7.205949763
0,3,3,3,0,3,2.5,7.189896629
0,3,3,3,1,0,7.5,6.550410133
0,3,3,3,1,0,5,6.541047847
0,3,3,3,1,0,2.5,6.541119981
0,3,3,3,1,1,7.5,6.809473105
0,3,3,3,1,1,5,6.792265934
0,3,3,3,1,1,2.5,6.776540092
0,3,3,3,1,2,7.5,7.198405309
0,3,3,3,1,2,5,7.175316322
0,3,3,3,1,2,2.5,7.146902325
0,3,3,3,1,3,7.5,7.63763608
0,3,3,3,1,3,5,7.601941195
0,3,3,3,1,3,2.5,7.557194155
0,3,3,3,2,0,7.5,6.898982533
0,3,3,3,2,0,5,6.896955323
0,3,3,3,2,0,2.5,6.894086073
0,3,3,3,2,1,7.5,7.185158419
0,3,3,3,2,1,5,7.159822883
0,3,3,3,2,1,2.5,7.129506183
0,3,3,3,2,2,7.5,7.593983427
0,3,3,3,2,2,5,7.55088546
0,3,3,3,2,2,2.5,7.499868417
0,3,3,3,2,3,7.5,8.04018472
0,3,3,3,2,3,5,7.979881152
0,3,3,3,2,3,2.5,7.910160247
0,3,3,3,3,0,7.5,7.289586085
0,3,3,3,3,0,5,7.271491565
0,3,3,3,3,0,2.5,7.247052164
0,3,3,3,3,1,7.5,7.578528721
0,3,3,3,3,1,5,7.534359125
0,3,3,3,3,1,2.5,7.482472275
0,3,3,3,3,2,7.5,7.989256624
0,3,3,3,3,2,5,7.925421702
0,3,3,3,3,2,2.5,7.852834509
0,3,3,3,3,3,7.5,8.436020987
0,3,3,3,3,3,5,8.354417394
0,3,3,3,3,3,2.5,8.263126338
1,0,0,0,0,0,7.5,3.683696496
1,0,0,0,0,0,5,3.685550427
1,0,0,0,0,0,2.5,3.67060069
1,0,0,0,0,1,7.5,3.859781662
1,0,0,0,0,1,5,3.86214576
1,0,0,0,0,1,2.5,3.860257859
1,0,0,0,0,2,7.5,4.174672309
1,0,0,0,0,2,5,4.188148766
1,0,0,0,0,2,2.5,4.197347944
1,0,0,0,0,3,7.5,4.580206829
1,0,0,0,0,3,5,4.592874312
1,0,0,0,0,3,2.5,4.597657374
1,0,0,0,1,0,7.5,3.900164385
1,0,0,0,1,0,5,3.920370924
1,0,0,0,1,0,2.5,3.945129872
1,0,0,0,1,1,7.5,4.166985693
1,0,0,0,1,1,5,4.177985475
1,0,0,0,1,1,2.5,4.184300837
1,0,0,0,1,2,7.5,4.558380503
1,0,0,0,1,2,5,4.562240871
1,0,0,0,1,2,2.5,4.554663071
1,0,0,0,1,3,7.5,4.997745581
1,0,0,0,1,3,5,4.988865744
1,0,0,0,1,3,2.5,4.9649549
1,0,0,0,2,0,7.5,4.248736784
1,0,0,0,2,0,5,4.2762784
1,0,0,0,2,0,2.5,4.298095964
1,0,0,0,2,1,7.5,4.543344371
1,0,0,0,2,1,5,4.545652477
1,0,0,0,2,1,2.5,4.537266929
1,0,0,0,2,2,7.5,4.954092928
1,0,0,0,2,2,5,4.937810009
1,0,0,0,2,2,2.5,4.907629163
1,0,0,0,2,3,7.5,5.400294221
1,0,0,0,2,3,5,5.366805702
1,0,0,0,2,3,2.5,5.317920992
1,0,0,0,3,0,7.5,4.639340337
1,0,0,0,3,0,5,4.650814642
1,0,0,0,3,0,2.5,4.651062056
1,0,0,0,3,1,7.5,4.936740811
1,0,0,0,3,1,5,4.920188719
1,0,0,0,3,1,2.5,4.890233021
1,0,0,0,3,2,7.5,5.349366125
1,0,0,0,3,2,5,5.312346251
1,0,0,0,3,2,2.5,5.260595254
1,0,0,0,3,3,7.5,5.796130488
1,0,0,0,3,3,5,5.741341943
1,0,0,0,3,3,2.5,5.670887084
1,0,0,1,0,0,7.5,3.859781662
1,0,0,1,0,0,5,3.86214576
1,0,0,1,0,0,2.5,3.860257859
1,0,0,1,0,1,7.5,4.050269915
1,0,0,1,0,1,5,4.054673147
1,0,0,1,0,1,2.5,4.056437495
1,0,0,1,0,2,7.5,4.373084804
1,0,0,1,0,2,5,4.384123702
1,0,0,1,0,2,2.5,4.399155206
1,0,0,1,0,3,7.5,4.780030509
1,0,0,1,0,3,5,4.790597584
1,0,0,1,0,3,2.5,4.800423487
1,0,0,1,1,0,7.5,4.090572773
1,0,0,1,1,0,5,4.111353512
1,0,0,1,1,0,2.5,4.134787042
1,0,0,1,1,1,7.5,4.365408562
1,0,0,1,1,1,5,4.373364588
1,0,0,1,1,1,2.5,4.383415463
1,0,0,1,1,2,7.5,4.758204183
1,0,0,1,1,2,5,4.759964142
1,0,0,1,1,2,2.5,4.757429184
1,0,0,1,1,3,7.5,5.198082288
1,0,0,1,1,3,5,5.186816742
1,0,0,1,1,3,2.5,5.167721014
1,0,0,1,2,0,7.5,4.445979118
1,0,0,1,2,0,5,4.467260987
1,0,0,1,2,0,2.5,4.487753133
1,0,0,1,2,1,7.5,4.742753902
1,0,0,1,2,1,5,4.741728651
1,0,0,1,2,1,2.5,4.736381554
1,0,0,1,2,2,7.5,5.154429634
1,0,0,1,2,2,5,5.135761007
1,0,0,1,2,2,2.5,5.110395276
1,0,0,1,2,3,7.5,5.600685012
1,0,0,1,2,3,5,5.5647567
1,0,0,1,2,3,2.5,5.520687105
1,0,0,1,3,0,7.5,4.836582671
1,0,0,1,3,0,5,4.841797229
1,0,0,1,3,0,2.5,4.840719225
1,0,0,1,3,1,7.5,5.136315894
1,0,0,1,3,1,5,5.116264893
1,0,0,1,3,1,2.5,5.089347646
1,0,0,1,3,2,7.5,5.549756916
1,0,0,1,3,2,5,5.510297249
1,0,0,1,3,2,2.5,5.463361368
1,0,0,1,3,3,7.5,5.996521279
1,0,0,1,3,3,5,5.939292942
1,0,0,1,3,3,2.5,5.873653197
1,0,0,2,0,0,7.5,4.174672309
1,0,0,2,0,0,5,4.188148766
1,0,0,2,0,0,2.5,4.197347944
1,0,0,2,0,1,7.5,4.373084804
1,0,0,2,0,1,5,4.384123702
1,0,0,2,0,1,2.5,4.399155206
1,0,0,2,0,2,7.5,4.699133997
1,0,0,2,0,2,5,4.717526382
1,0,0,2,0,2,2.5,4.743790619
1,0,0,2,0,3,7.5,5.107835121
1,0,0,2,0,3,5,5.124683444
1,0,0,2,0,3,2.5,5.1450589
1,0,0,2,1,0,7.5,4.411413025
1,0,0,2,1,0,5,4.436242845
1,0,0,2,1,0,2.5,4.471877126
1,0,0,2,1,1,7.5,4.690827265
1,0,0,2,1,1,5,4.705488266
1,0,0,2,1,1,2.5,4.727092024
1,0,0,2,1,2,7.5,5.086008795
1,0,0,2,1,2,5,5.094050003
1,0,0,2,1,2,2.5,5.102064596
1,0,0,2,1,3,7.5,5.52610324
1,0,0,2,1,3,5,5.520902603
1,0,0,2,1,3,2.5,5.512356426
1,0,0,2,2,0,7.5,4.766290375
1,0,0,2,2,0,5,4.792150321
1,0,0,2,2,0,2.5,4.824843218
1,0,0,2,2,1,7.5,5.069124905
1,0,0,2,2,1,5,5.074080055
1,0,0,2,2,1,2.5,5.080058116
1,0,0,2,2,2,7.5,5.482450587
1,0,0,2,2,2,5,5.469846868
1,0,0,2,2,2,2.5,5.455030688
1,0,0,2,2,3,7.5,5.928705965
1,0,0,2,2,3,5,5.898842561
1,0,0,2,2,3,2.5,5.865322517
1,0,0,2,3,0,7.5,5.156893928
1,0,0,2,3,0,5,5.166686562
1,0,0,2,3,0,2.5,5.17780931
1,0,0,2,3,1,7.5,5.462740982
1,0,0,2,3,1,5,5.448616297
1,0,0,2,3,1,2.5,5.433024208
1,0,0,2,3,2,7.5,5.877777869
1,0,0,2,3,2,5,5.84438311
1,0,0,2,3,2,2.5,5.80799678
1,0,0,2,3,3,7.5,6.324542232
1,0,0,2,3,3,5,6.273378802
1,0,0,2,3,3,2.5,6.218288609
1,0,0,3,0,0,7.5,4.580206829
1,0,0,3,0,0,5,4.592874312
1,0,0,3,0,0,2.5,4.597657374
1,0,0,3,0,1,7.5,4.780030509
1,0,0,3,0,1,5,4.790597584
1,0,0,3,0,1,2.5,4.800423487
1,0,0,3,0,2,7.5,5.107835121
1,0,0,3,0,2,5,5.124683444
1,0,0,3,0,2,2.5,5.1450589
1,0,0,3,0,3,7.5,5.516860757
1,0,0,3,0,3,5,5.531840507
1,0,0,3,0,3,2.5,5.546327181
1,0,0,3,1,0,7.5,4.816212584
1,0,0,3,1,0,5,4.840740664
1,0,0,3,1,0,2.5,4.872186557
1,0,0,3,1,1,7.5,5.099072745
1,0,0,3,1,1,5,5.112417601
1,0,0,3,1,1,2.5,5.128360305
1,0,0,3,1,2,7.5,5.49503443
1,0,0,3,1,2,5,5.501207066
1,0,0,3,1,2,2.5,5.503332877
1,0,0,3,1,3,7.5,5.935128876
1,0,0,3,1,3,5,5.928059666
1,0,0,3,1,3,2.5,5.913624707
1,0,0,3,2,0,7.5,5.170981764
1,0,0,3,2,0,5,5.19664814
1,0,0,3,2,0,2.5,5.225152648
1,0,0,3,2,1,7.5,5.47753264
1,0,0,3,2,1,5,5.481009391
1,0,0,3,2,1,2.5,5.481326397
1,0,0,3,2,2,7.5,5.891476222
1,0,0,3,2,2,5,5.877003931
1,0,0,3,2,2,2.5,5.856298969
1,0,0,3,2,3,7.5,6.3377316
1,0,0,3,2,3,5,6.305999623
1,0,0,3,2,3,2.5,6.266590799
1,0,0,3,3,0,7.5,5.561585316
1,0,0,3,3,0,5,5.571184381
1,0,0,3,3,0,2.5,5.57811874
1,0,0,3,3,1,7.5,5.871148717
1,0,0,3,3,1,5,5.855545632
1,0,0,3,3,1,2.5,5.834292489
1,0,0,3,3,2,7.5,6.286803504
1,0,0,3,3,2,5,6.251540173
1,0,0,3,3,2,2.5,6.209265061
1,0,0,3,3,3,7.5,6.733567867
1,0,0,3,3,3,5,6.680535865
1,0,0,3,3,3,2.5,6.61955689
1,0,1,0,0,0,7.5,3.900164385
1,0,1,0,0,0,5,3.920370924
1,0,1,0,0,0,2.5,3.945129872
1,0,1,0,0,1,7.5,4.090572773
1,0,1,0,0,1,5,4.111353512
1,0,1,0,0,1,2.5,4.134787042
1,0,1,0,0,2,7.5,4.411413025
1,0,1,0,0,2,5,4.436242845
1,0,1,0,0,2,2.5,4.471877126
1,0,1,0,0,3,7.5,4.816212584
1,0,1,0,0,3,5,4.840740664
1,0,1,0,0,3,2.5,4.872186557
1,0,1,0,1,0,7.5,4.131737441
1,0,1,0,1,0,5,4.170560167
1,0,1,0,1,0,2.5,4.219659055
1,0,1,0,1,1,7.5,4.404377646
1,0,1,0,1,1,5,4.426946781
1,0,1,0,1,1,2.5,4.45883002
1,0,1,0,1,2,7.5,4.794386257
1,0,1,0,1,2,5,4.810107223
1,0,1,0,1,2,2.5,4.829192253
1,0,1,0,1,3,7.5,5.233643165
1,0,1,0,1,3,5,5.236732096
1,0,1,0,1,3,2.5,5.239484083
1,0,1,0,2,0,7.5,4.487609995
1,0,1,0,2,0,5,4.526467642
1,0,1,0,2,0,2.5,4.572625146
1,0,1,0,2,1,7.5,4.780619263
1,0,1,0,2,1,5,4.794613784
1,0,1,0,2,1,2.5,4.811796111
1,0,1,0,2,2,7.5,5.189990512
1,0,1,0,2,2,5,5.18567636
1,0,1,0,2,2,2.5,5.182158345
1,0,1,0,2,3,7.5,5.636191805
1,0,1,0,2,3,5,5.614672053
1,0,1,0,2,3,2.5,5.592450175
1,0,1,0,3,0,7.5,4.878213547
1,0,1,0,3,0,5,4.901003884
1,0,1,0,3,0,2.5,4.925591238
1,0,1,0,3,1,7.5,5.174015703
1,0,1,0,3,1,5,5.169150025
1,0,1,0,3,1,2.5,5.164762203
1,0,1,0,3,2,7.5,5.585263709
1,0,1,0,3,2,5,5.560212602
1,0,1,0,3,2,2.5,5.535124437
1,0,1,0,3,3,7.5,6.032028072
1,0,1,0,3,3,5,5.989208295
1,0,1,0,3,3,2.5,5.945416266
1,0,1,1,0,0,7.5,4.166985693
1,0,1,1,0,0,5,4.177985475
1,0,1,1,0,0,2.5,4.184300837
1,0,1,1,0,1,7.5,4.365408562
1,0,1,1,0,1,5,4.373364588
1,0,1,1,0,1,2.5,4.383415463
1,0,1,1,0,2,7.5,4.690827265
1,0,1,1,0,2,5,4.705488266
1,0,1,1,0,2,2.5,4.727092024
1,0,1,1,0,3,7.5,5.099072745
1,0,1,1,0,3,5,5.112417601
1,0,1,1,0,3,2.5,5.128360305
1,0,1,1,1,0,7.5,4.404377646
1,0,1,1,1,0,5,4.426946781
1,0,1,1,1,0,2.5,4.45883002
1,0,1,1,1,1,7.5,4.682520533
1,0,1,1,1,1,5,4.69345015
1,0,1,1,1,1,2.5,4.71039343
1,0,1,1,1,2,7.5,5.077246418
1,0,1,1,1,2,5,5.08178416
1,0,1,1,1,2,2.5,5.085366002
1,0,1,1,1,3,7.5,5.517286779
1,0,1,1,1,3,5,5.50863676
1,0,1,1,1,3,2.5,5.495657831
1,0,1,1,2,0,7.5,4.75966693
1,0,1,1,2,0,5,4.782854257
1,0,1,1,2,0,2.5,4.811796111
1,0,1,1,2,1,7.5,5.060362528
1,0,1,1,2,1,5,5.061814212
1,0,1,1,2,1,2.5,5.063359522
1,0,1,1,2,2,7.5,5.473634125
1,0,1,1,2,2,5,5.457581025
1,0,1,1,2,2,2.5,5.438332094
1,0,1,1,2,3,7.5,5.919889503
1,0,1,1,2,3,5,5.886576718
1,0,1,1,2,3,2.5,5.848623923
1,0,1,1,3,0,7.5,5.150270482
1,0,1,1,3,0,5,5.157390499
1,0,1,1,3,0,2.5,5.164762203
1,0,1,1,3,1,7.5,5.45392452
1,0,1,1,3,1,5,5.436350454
1,0,1,1,3,1,2.5,5.416325613
1,0,1,1,3,2,7.5,5.868961407
1,0,1,1,3,2,5,5.832117267
1,0,1,1,3,2,2.5,5.791298185
1,0,1,1,3,3,7.5,6.31572577
1,0,1,1,3,3,5,6.261112959
1,0,1,1,3,3,2.5,6.201590015
1,0,1,2,0,0,7.5,4.558380503
1,0,1,2,0,0,5,4.562240871
1,0,1,2,0,0,2.5,4.554663071
1,0,1,2,0,1,7.5,4.758204183
1,0,1,2,0,1,5,4.759964142
1,0,1,2,0,1,2.5,4.757429184
1,0,1,2,0,2,7.5,5.086008795
1,0,1,2,0,2,5,5.094050003
1,0,1,2,0,2,2.5,5.102064596
1,0,1,2,0,3,7.5,5.49503443
1,0,1,2,0,3,5,5.501207066
1,0,1,2,0,3,2.5,5.503332877
1,0,1,2,1,0,7.5,4.794386257
1,0,1,2,1,0,5,4.810107223
1,0,1,2,1,0,2.5,4.829192253
1,0,1,2,1,1,7.5,5.077246418
1,0,1,2,1,1,5,5.08178416
1,0,1,2,1,1,2.5,5.085366002
1,0,1,2,1,2,7.5,5.473208103
1,0,1,2,1,2,5,5.470573625
1,0,1,2,1,2,2.5,5.460338574
1,0,1,2,1,3,7.5,5.913302549
1,0,1,2,1,3,5,5.897426225
1,0,1,2,1,3,2.5,5.870630404
1,0,1,2,2,0,7.5,5.149155437
1,0,1,2,2,0,5,5.166014698
1,0,1,2,2,0,2.5,5.182158345
1,0,1,2,2,1,7.5,5.455706314
1,0,1,2,2,1,5,5.45037595
1,0,1,2,2,1,2.5,5.438332094
1,0,1,2,2,2,7.5,5.869649895
1,0,1,2,2,2,5,5.84637049
1,0,1,2,2,2,2.5,5.813304666
1,0,1,2,2,3,7.5,6.315905274
1,0,1,2,2,3,5,6.275366182
1,0,1,2,2,3,2.5,6.223596495
1,0,1,2,3,0,7.5,5.539758989
1,0,1,2,3,0,5,5.54055094
1,0,1,2,3,0,2.5,5.535124437
1,0,1,2,3,1,7.5,5.84932239
1,0,1,2,3,1,5,5.824912191
1,0,1,2,3,1,2.5,5.791298185
1,0,1,2,3,2,7.5,6.264977178
1,0,1,2,3,2,5,6.220906731
1,0,1,2,3,2,2.5,6.166270758
1,0,1,2,3,3,7.5,6.71174154
1,0,1,2,3,3,5,6.649902424
1,0,1,2,3,3,2.5,6.576562587
1,0,1,3,0,0,7.5,4.997745581
1,0,1,3,0,0,5,4.988865744
1,0,1,3,0,0,2.5,4.9649549
1,0,1,3,0,1,7.5,5.198082288
1,0,1,3,0,1,5,5.186816742
1,0,1,3,0,1,2.5,5.167721014
1,0,1,3,0,2,7.5,5.52610324
1,0,1,3,0,2,5,5.520902603
1,0,1,3,0,2,2.5,5.512356426
1,0,1,3,0,3,7.5,5.935128876
1,0,1,3,0,3,5,5.928059666
1,0,1,3,0,3,2.5,5.913624707
1,0,1,3,1,0,7.5,5.233643165
1,0,1,3,1,0,5,5.236732096
1,0,1,3,1,0,2.5,5.239484083
1,0,1,3,1,1,7.5,5.517286779
1,0,1,3,1,1,5,5.50863676
1,0,1,3,1,1,2.5,5.495657831
1,0,1,3,1,2,7.5,5.913302549
1,0,1,3,1,2,5,5.897426225
1,0,1,3,1,2,2.5,5.870630404
1,0,1,3,1,3,7.5,6.353396995
1,0,1,3,1,3,5,6.324278825
1,0,1,3,1,3,2.5,6.280922233
1,0,1,3,2,0,7.5,5.588412345
1,0,1,3,2,0,5,5.592639571
1,0,1,3,2,0,2.5,5.592450175
1,0,1,3,2,1,7.5,5.895746674
1,0,1,3,2,1,5,5.877228549
1,0,1,3,2,1,2.5,5.848623923
1,0,1,3,2,2,7.5,6.309744341
1,0,1,3,2,2,5,6.273223089
1,0,1,3,2,2,2.5,6.223596495
1,0,1,3,2,3,7.5,6.755999719
1,0,1,3,2,3,5,6.702218782
1,0,1,3,2,3,2.5,6.633888325
1,0,1,3,3,0,7.5,5.979015898
1,0,1,3,3,0,5,5.967175813
1,0,1,3,3,0,2.5,5.945416266
1,0,1,3,3,1,7.5,6.289362751
1,0,1,3,3,1,5,6.251764791
1,0,1,3,3,1,2.5,6.201590015
1,0,1,3,3,2,7.5,6.705071623
1,0,1,3,3,2,5,6.647759331
1,0,1,3,3,2,2.5,6.576562587
1,0,1,3,3,3,7.5,7.151835986
1,0,1,3,3,3,5,7.076755024
1,0,1,3,3,3,2.5,6.986854416
1,0,2,0,0,0,7.5,4.248736784
1,0,2,0,0,0,5,4.2762784
1,0,2,0,0,0,2.5,4.298095964
1,0,2,0,0,1,7.5,4.445979118
1,0,2,0,0,1,5,4.467260987
1,0,2,0,0,1,2.5,4.487753133
1,0,2,0,0,2,7.5,4.766290375
1,0,2,0,0,2,5,4.792150321
1,0,2,0,0,2,2.5,4.824843218
1,0,2,0,0,3,7.5,5.170981764
1,0,2,0,0,3,5,5.19664814
1,0,2,0,0,3,2.5,5.225152648
1,0,2,0,1,0,7.5,4.487609995
1,0,2,0,1,0,5,4.526467642
1,0,2,0,1,0,2.5,4.572625146
1,0,2,0,1,1,7.5,4.75966693
1,0,2,0,1,1,5,4.782854257
1,0,2,0,1,1,2.5,4.811796111
1,0,2,0,1,2,7.5,5.149155437
1,0,2,0,1,2,5,5.166014698
1,0,2,0,1,2,2.5,5.182158345
1,0,2,0,1,3,7.5,5.588412345
1,0,2,0,1,3,5,5.592639571
1,0,2,0,1,3,2.5,5.592450175
1,0,2,0,2,0,7.5,4.843482548
1,0,2,0,2,0,5,4.882375118
1,0,2,0,2,0,2.5,4.925591238
1,0,2,0,2,1,7.5,5.135908546
1,0,2,0,2,1,5,5.150521259
1,0,2,0,2,1,2.5,5.164762203
1,0,2,0,2,2,7.5,5.544759692
1,0,2,0,2,2,5,5.541583836
1,0,2,0,2,2,2.5,5.535124437
1,0,2,0,2,3,7.5,5.990960985
1,0,2,0,2,3,5,5.970579529
1,0,2,0,2,3,2.5,5.945416266
1,0,2,0,3,0,7.5,5.234086101
1,0,2,0,3,0,5,5.25691136
1,0,2,0,3,0,2.5,5.27855733
1,0,2,0,3,1,7.5,5.529304986
1,0,2,0,3,1,5,5.525057501
1,0,2,0,3,1,2.5,5.517728295
1,0,2,0,3,2,7.5,5.940032889
1,0,2,0,3,2,5,5.916120078
1,0,2,0,3,2,2.5,5.888090529
1,0,2,0,3,3,7.5,6.386797252
1,0,2,0,3,3,5,6.345115771
1,0,2,0,3,3,2.5,6.298382358
1,0,2,1,0,0,7.5,4.543344371
1,0,2,1,0,0,5,4.545652477
1,0,2,1,0,0,2.5,4.537266929
1,0,2,1,0,1,7.5,4.742753902
1,0,2,1,0,1,5,4.741728651
1,0,2,1,0,1,2.5,4.736381554
1,0,2,1,0,2,7.5,5.069124905
1,0,2,1,0,2,5,5.074080055
1,0,2,1,0,2,2.5,5.080058116
1,0,2,1,0,3,7.5,5.47753264
1,0,2,1,0,3,5,5.481009391
1,0,2,1,0,3,2.5,5.481326397
1,0,2,1,1,0,7.5,4.780619263
1,0,2,1,1,0,5,4.794613784
1,0,2,1,1,0,2.5,4.811796111
1,0,2,1,1,1,7.5,5.060362528
1,0,2,1,1,1,5,5.061814212
1,0,2,1,1,1,2.5,5.063359522
1,0,2,1,1,2,7.5,5.455706314
1,0,2,1,1,2,5,5.45037595
1,0,2,1,1,2,2.5,5.438332094
1,0,2,1,1,3,7.5,5.895746674
1,0,2,1,1,3,5,5.877228549
1,0,2,1,1,3,2.5,5.848623923
1,0,2,1,2,0,7.5,5.135908546
1,0,2,1,2,0,5,5.150521259
1,0,2,1,2,0,2.5,5.164762203
1,0,2,1,2,1,7.5,5.438204524
1,0,2,1,2,1,5,5.430178274
1,0,2,1,2,1,2.5,5.416325613
1,0,2,1,2,2,7.5,5.852094021
1,0,2,1,2,2,5,5.826172814
1,0,2,1,2,2,2.5,5.791298185
1,0,2,1,2,3,7.5,6.298349399
1,0,2,1,2,3,5,6.255168507
1,0,2,1,2,3,2.5,6.201590015
1,0,2,1,3,0,7.5,5.526512099
1,0,2,1,3,0,5,5.525057501
1,0,2,1,3,0,2.5,5.517728295
1,0,2,1,3,1,7.5,5.831766515
1,0,2,1,3,1,5,5.804714516
1,0,2,1,3,1,2.5,5.769291705
1,0,2,1,3,2,7.5,6.247421303
1,0,2,1,3,2,5,6.200709056
1,0,2,1,3,2,2.5,6.144264277
1,0,2,1,3,3,7.5,6.694185665
1,0,2,1,3,3,5,6.629704749
1,0,2,1,3,3,2.5,6.554556107
1,0,2,2,0,0,7.5,4.954092928
1,0,2,2,0,0,5,4.937810009
1,0,2,2,0,0,2.5,4.907629163
1,0,2,2,0,1,7.5,5.154429634
1,0,2,2,0,1,5,5.135761007
1,0,2,2,0,1,2.5,5.110395276
1,0,2,2,0,2,7.5,5.482450587
1,0,2,2,0,2,5,5.469846868
1,0,2,2,0,2,2.5,5.455030688
1,0,2,2,0,3,7.5,5.891476222
1,0,2,2,0,3,5,5.877003931
1,0,2,2,0,3,2.5,5.856298969
1,0,2,2,1,0,7.5,5.189990512
1,0,2,2,1,0,5,5.18567636
1,0,2,2,1,0,2.5,5.182158345
1,0,2,2,1,1,7.5,5.473634125
1,0,2,2,1,1,5,5.457581025
1,0,2,2,1,1,2.5,5.438332094
1,0,2,2,1,2,7.5,5.869649895
1,0,2,2,1,2,5,5.84637049
1,0,2,2,1,2,2.5,5.813304666
1,0,2,2,1,3,7.5,6.309744341
1,0,2,2,1,3,5,6.273223089
1,0,2,2,1,3,2.5,6.223596495
1,0,2,2,2,0,7.5,5.544759692
1,0,2,2,2,0,5,5.541583836
1,0,2,2,2,0,2.5,5.535124437
1,0,2,2,2,1,7.5,5.852094021
1,0,2,2,2,1,5,5.826172814
1,0,2,2,2,1,2.5,5.791298185
1,0,2,2,2,2,7.5,6.266091688
1,0,2,2,2,2,5,6.222167354
1,0,2,2,2,2,2.5,6.166270758
1,0,2,2,2,3,7.5,6.712347066
1,0,2,2,2,3,5,6.651163047
1,0,2,2,2,3,2.5,6.576562587
1,0,2,2,3,0,7.5,5.935363244
1,0,2,2,3,0,5,5.916120078
1,0,2,2,3,0,2.5,5.888090529
1,0,2,2,3,1,7.5,6.245710097
1,0,2,2,3,1,5,6.200709056
1,0,2,2,3,1,2.5,6.144264277
1,0,2,2,3,2,7.5,6.66141897
1,0,2,2,3,2,5,6.596703596
1,0,2,2,3,2,2.5,6.519236849
1,0,2,2,3,3,7.5,7.108183332
1,0,2,2,3,3,5,7.025699289
1,0,2,2,3,3,2.5,6.929528679
1,0,2,3,0,0,7.5,5.400294221
1,0,2,3,0,0,5,5.366805702
1,0,2,3,0,0,2.5,5.317920992
1,0,2,3,0,1,7.5,5.600685012
1,0,2,3,0,1,5,5.5647567
1,0,2,3,0,1,2.5,5.520687105
1,0,2,3,0,2,7.5,5.928705965
1,0,2,3,0,2,5,5.898842561
1,0,2,3,0,2,2.5,5.865322517
1,0,2,3,0,3,7.5,6.3377316
1,0,2,3,0,3,5,6.305999623
1,0,2,3,0,3,2.5,6.266590799
1,0,2,3,1,0,7.5,5.636191805
1,0,2,3,1,0,5,5.614672053
1,0,2,3,1,0,2.5,5.592450175
1,0,2,3,1,1,7.5,5.919889503
1,0,2,3,1,1,5,5.886576718
1,0,2,3,1,1,2.5,5.848623923
1,0,2,3,1,2,7.5,6.315905274
1,0,2,3,1,2,5,6.275366182
1,0,2,3,1,2,2.5,6.223596495
1,0,2,3,1,3,7.5,6.755999719
1,0,2,3,1,3,5,6.702218782
1,0,2,3,1,3,2.5,6.633888325
1,0,2,3,2,0,7.5,5.990960985
1,0,2,3,2,0,5,5.970579529
1,0,2,3,2,0,2.5,5.945416266
1,0,2,3,2,1,7.5,6.298349399
1,0,2,3,2,1,5,6.255168507
1,0,2,3,2,1,2.5,6.201590015
1,0,2,3,2,2,7.5,6.712347066
1,0,2,3,2,2,5,6.651163047
1,0,2,3,2,2,2.5,6.576562587
1,0,2,3,2,3,7.5,7.158602444
1,0,2,3,2,3,5,7.08015874
1,0,2,3,2,3,2.5,6.986854416
1,0,2,3,3,0,7.5,6.381564537
1,0,2,3,3,0,5,6.345115771
1,0,2,3,3,0,2.5,6.298382358
1,0,2,3,3,1,7.5,6.691965475
1,0,2,3,3,1,5,6.629704749
1,0,2,3,3,1,2.5,6.554556107
1,0,2,3,3,2,7.5,7.107674348
1,0,2,3,3,2,5,7.025699289
1,0,2,3,3,2,2.5,6.929528679
1,0,2,3,3,3,7.5,7.55443871
1,0,2,3,3,3,5,7.454694981
1,0,2,3,3,3,2.5,7.339820508
1,0,3,0,0,0,7.5,4.639340337
1,0,3,0,0,0,5,4.650814642
1,0,3,0,0,0,2.5,4.651062056
1,0,3,0,0,1,7.5,4.836582671
1,0,3,0,0,1,5,4.841797229
1,0,3,0,0,1,2.5,4.840719225
1,0,3,0,0,2,7.5,5.156893928
1,0,3,0,0,2,5,5.166686562
1,0,3,0,0,2,2.5,5.17780931
1,0,3,0,0,3,7.5,5.561585316
1,0,3,0,0,3,5,5.571184381
1,0,3,0,0,3,2.5,5.57811874
1,0,3,0,1,0,7.5,4.878213547
1,0,3,0,1,0,5,4.901003884
1,0,3,0,1,0,2.5,4.925591238
1,0,3,0,1,1,7.5,5.150270482
1,0,3,0,1,1,5,5.157390499
1,0,3,0,1,1,2.5,5.164762203
1,0,3,0,1,2,7.5,5.539758989
1,0,3,0,1,2,5,5.54055094
1,0,3,0,1,2,2.5,5.535124437
1,0,3,0,1,3,7.5,5.979015898
1,0,3,0,1,3,5,5.967175813
1,0,3,0,1,3,2.5,5.945416266
1,0,3,0,2,0,7.5,5.234086101
1,0,3,0,2,0,5,5.25691136
1,0,3,0,2,0,2.5,5.27855733
1,0,3,0,2,1,7.5,5.526512099
1,0,3,0,2,1,5,5.525057501
1,0,3,0,2,1,2.5,5.517728295
1,0,3,0,2,2,7.5,5.935363244
1,0,3,0,2,2,5,5.916120078
1,0,3,0,2,2,2.5,5.888090529
1,0,3,0,2,3,7.5,6.381564537
1,0,3,0,2,3,5,6.345115771
1,0,3,0,2,3,2.5,6.298382358
1,0,3,0,3,0,7.5,5.624689653
1,0,3,0,3,0,5,5.631447602
1,0,3,0,3,0,2.5,5.631523422
1,0,3,0,3,1,7.5,5.919908539
1,0,3,0,3,1,5,5.899593743
1,0,3,0,3,1,2.5,5.870694386
1,0,3,0,3,2,7.5,6.330636441
1,0,3,0,3,2,5,6.29065632
1,0,3,0,3,2,2.5,6.24105662
1,0,3,0,3,3,7.5,6.777400804
1,0,3,0,3,3,5,6.719652012
1,0,3,0,3,3,2.5,6.65134845
1,0,3,1,0,0,7.5,4.936740811
1,0,3,1,0,0,5,4.920188719
1,0,3,1,0,0,2.5,4.890233021
1,0,3,1,0,1,7.5,5.136315894
1,0,3,1,0,1,5,5.116264893
1,0,3,1,0,1,2.5,5.089347646
1,0,3,1,0,2,7.5,5.462740982
1,0,3,1,0,2,5,5.448616297
1,0,3,1,0,2,2.5,5.433024208
1,0,3,1,0,3,7.5,5.871148717
1,0,3,1,0,3,5,5.855545632
1,0,3,1,0,3,2.5,5.834292489
1,0,3,1,1,0,7.5,5.174015703
1,0,3,1,1,0,5,5.169150025
1,0,3,1,1,0,2.5,5.164762203
1,0,3,1,1,1,7.5,5.45392452
1,0,3,1,1,1,5,5.436350454
1,0,3,1,1,1,2.5,5.416325613
1,0,3,1,1,2,7.5,5.84932239
1,0,3,1,1,2,5,5.824912191
1,0,3,1,1,2,2.5,5.791298185
1,0,3,1,1,3,7.5,6.289362751
1,0,3,1,1,3,5,6.251764791
1,0,3,1,1,3,2.5,6.201590015
1,0,3,1,2,0,7.5,5.529304986
1,0,3,1,2,0,5,5.525057501
1,0,3,1,2,0,2.5,5.517728295
1,0,3,1,2,1,7.5,5.831766515
1,0,3,1,2,1,5,5.804714516
1,0,3,1,2,1,2.5,5.769291705
1,0,3,1,2,2,7.5,6.245710097
1,0,3,1,2,2,5,6.200709056
1,0,3,1,2,2,2.5,6.144264277
1,0,3,1,2,3,7.5,6.691965475
1,0,3,1,2,3,5,6.629704749
1,0,3,1,2,3,2.5,6.554556107
1,0,3,1,3,0,7.5,5.919908539
1,0,3,1,3,0,5,5.899593743
1,0,3,1,3,0,2.5,5.870694386
1,0,3,1,3,1,7.5,6.225328507
1,0,3,1,3,1,5,6.179250758
1,0,3,1,3,1,2.5,6.122257797
1,0,3,1,3,2,7.5,6.64103738
1,0,3,1,3,2,5,6.575245298
1,0,3,1,3,2,2.5,6.497230369
1,0,3,1,3,3,7.5,7.087801742
1,0,3,1,3,3,5,7.00424099
1,0,3,1,3,3,2.5,6.907522198
1,0,3,2,0,0,7.5,5.349366125
1,0,3,2,0,0,5,5.312346251
1,0,3,2,0,0,2.5,5.260595254
1,0,3,2,0,1,7.5,5.549756916
1,0,3,2,0,1,5,5.510297249
1,0,3,2,0,1,2.5,5.463361368
1,0,3,2,0,2,7.5,5.877777869
1,0,3,2,0,2,5,5.84438311
1,0,3,2,0,2,2.5,5.80799678
1,0,3,2,0,3,7.5,6.286803504
1,0,3,2,0,3,5,6.251540173
1,0,3,2,0,3,2.5,6.209265061
1,0,3,2,1,0,7.5,5.585263709
1,0,3,2,1,0,5,5.560212602
1,0,3,2,1,0,2.5,5.535124437
1,0,3,2,1,1,7.5,5.868961407
1,0,3,2,1,1,5,5.832117267
1,0,3,2,1,1,2.5,5.791298185
1,0,3,2,1,2,7.5,6.264977178
1,0,3,2,1,2,5,6.220906731
1,0,3,2,1,2,2.5,6.166270758
1,0,3,2,1,3,7.5,6.705071623
1,0,3,2,1,3,5,6.647759331
1,0,3,2,1,3,2.5,6.576562587
1,0,3,2,2,0,7.5,5.940032889
1,0,3,2,2,0,5,5.916120078
1,0,3,2,2,0,2.5,5.888090529
1,0,3,2,2,1,7.5,6.247421303
1,0,3,2,2,1,5,6.200709056
1,0,3,2,2,1,2.5,6.144264277
1,0,3,2,2,2,7.5,6.66141897
1,0,3,2,2,2,5,6.596703596
1,0,3,2,2,2,2.5,6.519236849
1,0,3,2,2,3,7.5,7.107674348
1,0,3,2,2,3,5,7.025699289
1,0,3,2,2,3,2.5,6.929528679
1,0,3,2,3,0,7.5,6.330636441
1,0,3,2,3,0,5,6.29065632
1,0,3,2,3,0,2.5,6.24105662
1,0,3,2,3,1,7.5,6.64103738
1,0,3,2,3,1,5,6.575245298
1,0,3,2,3,1,2.5,6.497230369
1,0,3,2,3,2,7.5,7.056746252
1,0,3,2,3,2,5,6.971239838
1,0,3,2,3,2,2.5,6.872202941
1,0,3,2,3,3,7.5,7.503510615
1,0,3,2,3,3,5,7.40023553
1,0,3,2,3,3,2.5,7.28249477
1,0,3,3,0,0,7.5,5.796130488
1,0,3,3,0,0,5,5.741341943
1,0,3,3,0,0,2.5,5.670887084
1,0,3,3,0,1,7.5,5.996521279
1,0,3,3,0,1,5,5.939292942
1,0,3,3,0,1,2.5,5.873653197
1,0,3,3,0,2,7.5,6.324542232
1,0,3,3,0,2,5,6.273378802
1,0,3,3,0,2,2.5,6.218288609
1,0,3,3,0,3,7.5,6.733567867
1,0,3,3,0,3,5,6.680535865
1,0,3,3,0,3,2.5,6.61955689
1,0,3,3,1,0,7.5,6.032028072
1,0,3,3,1,0,5,5.989208295
1,0,3,3,1,0,2.5,5.945416266
1,0,3,3,1,1,7.5,6.31572577
1,0,3,3,1,1,5,6.261112959
1,0,3,3,1,1,2.5,6.201590015
1,0,3,3,1,2,7.5,6.71174154
1,0,3,3,1,2,5,6.649902424
1,0,3,3,1,2,2.5,6.576562587
1,0,3,3,1,3,7.5,7.151835986
1,0,3,3,1,3,5,7.076755024
1,0,3,3,1,3,2.5,6.986854416
1,0,3,3,2,0,7.5,6.386797252
1,0,3,3,2,0,5,6.345115771
1,0,3,3,2,0,2.5,6.298382358
1,0,3,3,2,1,7.5,6.694185665
1,0,3,3,2,1,5,6.629704749
1,0,3,3,2,1,2.5,6.554556107
1,0,3,3,2,2,7.5,7.108183332
1,0,3,3,2,2,5,7.025699289
1,0,3,3,2,2,2.5,6.929528679
1,0,3,3,2,3,7.5,7.55443871
1,0,3,3,2,3,5,7.454694981
1,0,3,3,2,3,2.5,7.339820508
1,0,3,3,3,0,7.5,6.777400804
1,0,3,3,3,0,5,6.719652012
1,0,3,3,3,0,2.5,6.65134845
1,0,3,3,3,1,7.5,7.087801742
1,0,3,3,3,1,5,7.00424099
1,0,3,3,3,1,2.5,6.907522198
1,0,3,3,3,2,7.5,7.503510615
1,0,3,3,3,2,5,7.40023553
1,0,3,3,3,2,2.5,7.28249477
1,0,3,3,3,3,7.5,7.950274977
1,0,3,3,3,3,5,7.829231223
1,0,3,3,3,3,2.5,7.6927866
1,1,0,0,0,0,7.5,3.949119781
1,1,0,0,0,0,5,3.966495231
1,1,0,0,0,0,2.5,3.988208564
1,1,0,0,0,1,7.5,4.134610613
1,1,0,0,0,1,5,4.155702165
1,1,0,0,0,1,2.5,4.187323189
1,1,0,0,0,2,7.5,4.457097531
1,1,0,0,0,2,5,4.487825843
1,1,0,0,0,2,2.5,4.530999751
1,1,0,0,0,3,7.5,4.865343011
1,1,0,0,0,3,5,4.894755178
1,1,0,0,0,3,2.5,4.932268032
1,1,0,0,1,0,7.5,4.173579698
1,1,0,0,1,0,5,4.209284358
1,1,0,0,1,0,2.5,4.262737746
1,1,0,0,1,1,7.5,4.448790799
1,1,0,0,1,1,5,4.475787726
1,1,0,0,1,1,2.5,4.514301157
1,1,0,0,1,2,7.5,4.843516684
1,1,0,0,1,2,5,4.864121737
1,1,0,0,1,2,2.5,4.889273729
1,1,0,0,1,3,7.5,5.283557045
1,1,0,0,1,3,5,5.290974337
1,1,0,0,1,3,2.5,5.299565558
1,1,0,0,2,0,7.5,4.525937196
1,1,0,0,2,0,5,4.565191834
1,1,0,0,2,0,2.5,4.615703838
1,1,0,0,2,1,7.5,4.826632795
1,1,0,0,2,1,5,4.844151789
1,1,0,0,2,1,2.5,4.867267248
1,1,0,0,2,2,7.5,5.239904391
1,1,0,0,2,2,5,5.239918602
1,1,0,0,2,2,2.5,5.242239821
1,1,0,0,2,3,7.5,5.686159769
1,1,0,0,2,3,5,5.668914294
1,1,0,0,2,3,2.5,5.65253165
1,1,0,0,3,0,7.5,4.916540748
1,1,0,0,3,0,5,4.939728076
1,1,0,0,3,0,2.5,4.96866993
1,1,0,0,3,1,7.5,5.220194786
1,1,0,0,3,1,5,5.218688031
1,1,0,0,3,1,2.5,5.22023334
1,1,0,0,3,2,7.5,5.635231673
1,1,0,0,3,2,5,5.614454844
1,1,0,0,3,2,2.5,5.595205912
1,1,0,0,3,3,7.5,6.081996036
1,1,0,0,3,3,5,6.043450536
1,1,0,0,3,3,2.5,6.005497742
1,1,0,1,0,0,7.5,4.134610613
1,1,0,1,0,0,5,4.155702165
1,1,0,1,0,0,2.5,4.187323189
1,1,0,1,0,1,7.5,4.39898668
1,1,0,1,0,1,5,4.423504915
1,1,0,1,0,1,2.5,4.446997677
1,1,0,1,0,2,7.5,4.742871913
1,1,0,1,0,2,5,4.769614216
1,1,0,1,0,2,2.5,4.79304014
1,1,0,1,0,3,7.5,5.154300899
1,1,0,1,0,3,5,5.1772895
1,1,0,1,0,3,2.5,5.195083358
1,1,0,1,1,0,7.5,4.438249949
1,1,0,1,1,0,5,4.478295631
1,1,0,1,1,0,2.5,4.522430284
1,1,0,1,1,1,7.5,4.734794112
1,1,0,1,1,1,5,4.758215601
1,1,0,1,1,1,2.5,4.776525461
1,1,0,1,1,2,7.5,5.132474572
1,1,0,1,1,2,5,5.146656059
1,1,0,1,1,2,2.5,5.152089054
1,1,0,1,1,3,7.5,5.572735806
1,1,0,1,1,3,5,5.573692706
1,1,0,1,1,3,2.5,5.562380884
1,1,0,1,2,0,7.5,4.813010934
1,1,0,1,2,0,5,4.848590361
1,1,0,1,2,0,2.5,4.875396375
1,1,0,1,2,1,7.5,5.116167087
1,1,0,1,2,1,5,5.127185244
1,1,0,1,2,1,2.5,5.129491552
1,1,0,1,2,2,7.5,5.529083153
1,1,0,1,2,2,5,5.522636971
1,1,0,1,2,2,2.5,5.505055146
1,1,0,1,2,3,7.5,5.975382242
1,1,0,1,2,3,5,5.951632664
1,1,0,1,2,3,2.5,5.915346976
1,1,0,1,3,0,7.5,5.207031459
1,1,0,1,3,0,5,5.223126603
1,1,0,1,3,0,2.5,5.228362467
1,1,0,1,3,1,7.5,5.509872904
1,1,0,1,3,1,5,5.501721486
1,1,0,1,3,1,2.5,5.482457644
1,1,0,1,3,2,7.5,5.924454146
1,1,0,1,3,2,5,5.897173213
1,1,0,1,3,2,2.5,5.858021238
1,1,0,1,3,3,7.5,6.371218509
1,1,0,1,3,3,5,6.326168906
1,1,0,1,3,3,2.5,6.268313067
1,1,0,2,0,0,7.5,4.457097531
1,1,0,2,0,0,5,4.487825843
1,1,0,2,0,0,2.5,4.530999751
1,1,0,2,0,1,7.5,4.742871913
1,1,0,2,0,1,5,4.769614216
1,1,0,2,0,1,2.5,4.79304014
1,1,0,2,0,2,7.5,5.094044514
1,1,0,2,0,2,5,5.118494417
1,1,0,2,0,2,2.5,5.142550177
1,1,0,2,0,3,7.5,5.506787359
1,1,0,2,0,3,5,5.527177298
1,1,0,2,0,3,2.5,5.544593394
1,1,0,2,1,0,7.5,4.782226411
1,1,0,2,1,0,5,4.822196691
1,1,0,2,1,0,2.5,4.861417697
1,1,0,2,1,1,7.5,5.085943749
1,1,0,2,1,1,5,5.106315934
1,1,0,2,1,1,2.5,5.12430171
1,1,0,2,1,2,7.5,5.484961033
1,1,0,2,1,2,5,5.496543857
1,1,0,2,1,2,2.5,5.501599091
1,1,0,2,1,3,7.5,5.925505282
1,1,0,2,1,3,5,5.923580504
1,1,0,2,1,3,2.5,5.91189092
1,1,0,2,2,0,7.5,5.16270473
1,1,0,2,2,0,5,5.191377748
1,1,0,2,2,0,2.5,5.214383788
1,1,0,2,2,1,7.5,5.468129013
1,1,0,2,2,1,5,5.475697351
1,1,0,2,2,1,2.5,5.477267802
1,1,0,2,2,2,7.5,5.881852629
1,1,0,2,2,2,5,5.872524769
1,1,0,2,2,2,2.5,5.854565182
1,1,0,2,2,3,7.5,6.328151718
1,1,0,2,2,3,5,6.301520461
1,1,0,2,2,3,2.5,6.264857012
1,1,0,2,3,0,7.5,5.556460757
1,1,0,2,3,0,5,5.56591399
1,1,0,2,3,0,2.5,5.56734988
1,1,0,2,3,1,7.5,5.861932626
1,1,0,2,3,1,5,5.850233593
1,1,0,2,3,1,2.5,5.830233894
1,1,0,2,3,2,7.5,6.277223622
1,1,0,2,3,2,5,6.247061011
1,1,0,2,3,2,2.5,6.207531274
1,1,0,2,3,3,7.5,6.723987985
1,1,0,2,3,3,5,6.676056703
1,1,0,2,3,3,2.5,6.617823104
1,1,0,3,0,0,7.5,4.865343011
1,1,0,3,0,0,5,4.894755178
1,1,0,3,0,0,2.5,4.932268032
1,1,0,3,0,1,7.5,5.154300899
1,1,0,3,0,1,5,5.1772895
1,1,0,3,0,1,2.5,5.195083358
1,1,0,3,0,2,7.5,5.506787359
1,1,0,3,0,2,5,5.527177298
1,1,0,3,0,2,2.5,5.544593394
1,1,0,3,0,3,7.5,5.920008812
1,1,0,3,0,3,5,5.935860178
1,1,0,3,0,3,2.5,5.946636611
1,1,0,3,1,0,7.5,5.192312074
1,1,0,3,1,0,5,5.227372852
1,1,0,3,1,0,2.5,5.261727127
1,1,0,3,1,1,7.5,5.498305782
1,1,0,3,1,1,5,5.51458704
1,1,0,3,1,1,2.5,5.526344928
1,1,0,3,1,2,7.5,5.898182486
1,1,0,3,1,2,5,5.905226737
1,1,0,3,1,2,2.5,5.903642308
1,1,0,3,1,3,7.5,6.338726735
1,1,0,3,1,3,5,6.332263384
1,1,0,3,1,3,2.5,6.313934137
1,1,0,3,2,0,7.5,5.572001346
1,1,0,3,2,0,5,5.596326183
1,1,0,3,2,0,2.5,5.614693219
1,1,0,3,2,1,7.5,5.88073035
1,1,0,3,2,1,5,5.883968458
1,1,0,3,2,1,2.5,5.879311019
1,1,0,3,2,2,7.5,6.295074082
1,1,0,3,2,2,5,6.281207649
1,1,0,3,2,2,2.5,6.2566084
1,1,0,3,2,3,7.5,6.741373171
1,1,0,3,2,3,5,6.710203342
1,1,0,3,2,3,2.5,6.666900229
1,1,0,3,3,0,7.5,5.965703289
1,1,0,3,3,0,5,5.970862424
1,1,0,3,3,0,2.5,5.967659311
1,1,0,3,3,1,7.5,6.274533964
1,1,0,3,3,1,5,6.258504699
1,1,0,3,3,1,2.5,6.232277111
1,1,0,3,3,2,7.5,6.690445075
1,1,0,3,3,2,5,6.655743891
1,1,0,3,3,2,2.5,6.609574491
1,1,0,3,3,3,7.5,7.137209438
1,1,0,3,3,3,5,7.084739584
1,1,0,3,3,3,2.5,7.019866321
1,1,1,0,0,0,7.5,4.173579698
1,1,1,0,0,0,5,4.209284358
1,1,1,0,0,0,2.5,4.262737746
1,1,1,0,0,1,7.5,4.438249949
1,1,1,0,0,1,5,4.478295631
1,1,1,0,0,1,2.5,4.522430284
1,1,1,0,0,2,7.5,4.782226411
1,1,1,0,0,2,5,4.822196691
1,1,1,0,0,2,2.5,4.861417697
1,1,1,0,0,3,7.5,5.192312074
1,1,1,0,0,3,5,5.227372852
1,1,1,0,0,3,2.5,5.261727127
1,1,1,0,1,0,7.5,4.477804765
1,1,1,0,1,0,5,4.534188731
1,1,1,0,1,0,2.5,4.601977436
1,1,1,0,1,1,7.5,4.774539795
1,1,1,0,1,1,5,4.812033399
1,1,1,0,1,1,2.5,4.84837059
1,1,1,0,1,2,7.5,5.170485747
1,1,1,0,1,2,5,5.196739411
1,1,1,0,1,2,2.5,5.218732824
1,1,1,0,1,3,7.5,5.609957847
1,1,1,0,1,3,5,5.623364284
1,1,1,0,1,3,2.5,5.629024653
1,1,1,0,2,0,7.5,4.853833611
1,1,1,0,2,0,5,4.905464952
1,1,1,0,2,0,2.5,4.954943528
1,1,1,0,2,1,7.5,5.155449615
1,1,1,0,2,1,5,5.180151017
1,1,1,0,2,1,2.5,5.201336682
1,1,1,0,2,2,7.5,5.566305194
1,1,1,0,2,2,5,5.572308549
1,1,1,0,2,2,2.5,5.571698916
1,1,1,0,2,3,7.5,6.012506487
1,1,1,0,2,3,5,6.001304242
1,1,1,0,2,3,2.5,5.981990745
1,1,1,0,3,0,7.5,5.24808724
1,1,1,0,3,0,5,5.280001194
1,1,1,0,3,0,2.5,5.30790962
1,1,1,0,3,1,7.5,5.548953077
1,1,1,0,3,1,5,5.554687259
1,1,1,0,3,1,2.5,5.554302773
1,1,1,0,3,2,7.5,5.961578391
1,1,1,0,3,2,5,5.946844791
1,1,1,0,3,2,2.5,5.924665007
1,1,1,0,3,3,7.5,6.408342754
1,1,1,0,3,3,5,6.375840483
1,1,1,0,3,3,2.5,6.334956837
1,1,1,1,0,0,7.5,4.448790799
1,1,1,1,0,0,5,4.475787726
1,1,1,1,0,0,2.5,4.514301157
1,1,1,1,0,1,7.5,4.734794112
1,1,1,1,0,1,5,4.758215601
1,1,1,1,0,1,2.5,4.776525461
1,1,1,1,0,2,7.5,5.085943749
1,1,1,1,0,2,5,5.106315934
1,1,1,1,0,2,2.5,5.12430171
1,1,1,1,0,3,7.5,5.498305782
1,1,1,1,0,3,5,5.51458704
1,1,1,1,0,3,2.5,5.526344928
1,1,1,1,1,0,7.5,4.774539795
1,1,1,1,1,0,5,4.812033399
1,1,1,1,1,0,2.5,4.84837059
1,1,1,1,1,1,7.5,5.077842984
1,1,1,1,1,1,5,5.09413745
1,1,1,1,1,1,2.5,5.106053244
1,1,1,1,1,2,7.5,5.476479456
1,1,1,1,1,2,5,5.483953599
1,1,1,1,1,2,2.5,5.483350624
1,1,1,1,1,3,7.5,5.916925909
1,1,1,1,1,3,5,5.910990246
1,1,1,1,1,3,2.5,5.893642454
1,1,1,1,2,0,7.5,5.155875318
1,1,1,1,2,0,5,5.182081685
1,1,1,1,2,0,2.5,5.201336682
1,1,1,1,2,1,7.5,5.459647436
1,1,1,1,2,1,5,5.463107093
1,1,1,1,2,1,2.5,5.459019336
1,1,1,1,2,2,7.5,5.873273256
1,1,1,1,2,2,5,5.859934511
1,1,1,1,2,2,2.5,5.836316716
1,1,1,1,2,3,7.5,6.319572345
1,1,1,1,2,3,5,6.288930203
1,1,1,1,2,3,2.5,6.246608545
1,1,1,1,3,0,7.5,5.549837312
1,1,1,1,3,0,5,5.556617926
1,1,1,1,3,0,2.5,5.554302773
1,1,1,1,3,1,7.5,5.853353253
1,1,1,1,3,1,5,5.837643335
1,1,1,1,3,1,2.5,5.811985427
1,1,1,1,3,2,7.5,6.268644249
1,1,1,1,3,2,5,6.234470753
1,1,1,1,3,2,2.5,6.189282808
1,1,1,1,3,3,7.5,6.715408612
1,1,1,1,3,3,5,6.663466445
1,1,1,1,3,3,2.5,6.599574637
1,1,1,2,0,0,7.5,4.843516684
1,1,1,2,0,0,5,4.864121737
1,1,1,2,0,0,2.5,4.889273729
1,1,1,2,0,1,7.5,5.132474572
1,1,1,2,0,1,5,5.146656059
1,1,1,2,0,1,2.5,5.152089054
1,1,1,2,0,2,7.5,5.484961033
1,1,1,2,0,2,5,5.496543857
1,1,1,2,0,2,2.5,5.501599091
1,1,1,2,0,3,7.5,5.898182486
1,1,1,2,0,3,5,5.905226737
1,1,1,2,0,3,2.5,5.903642308
1,1,1,2,1,0,7.5,5.170485747
1,1,1,2,1,0,5,5.196739411
1,1,1,2,1,0,2.5,5.218732824
1,1,1,2,1,1,7.5,5.476479456
1,1,1,2,1,1,5,5.483953599
1,1,1,2,1,1,2.5,5.483350624
1,1,1,2,1,2,7.5,5.876356159
1,1,1,2,1,2,5,5.874593296
1,1,1,2,1,2,2.5,5.860648005
1,1,1,2,1,3,7.5,6.316900409
1,1,1,2,1,3,5,6.301629943
1,1,1,2,1,3,2.5,6.270939834
1,1,1,2,2,0,7.5,5.55017502
1,1,1,2,2,0,5,5.565692741
1,1,1,2,2,0,2.5,5.571698916
1,1,1,2,2,1,7.5,5.858904023
1,1,1,2,2,1,5,5.853335017
1,1,1,2,2,1,2.5,5.836316716
1,1,1,2,2,2,7.5,6.273247755
1,1,1,2,2,2,5,6.250574208
1,1,1,2,2,2,2.5,6.213614096
1,1,1,2,2,3,7.5,6.719546844
1,1,1,2,2,3,5,6.679569901
1,1,1,2,2,3,2.5,6.623905926
1,1,1,2,3,0,7.5,5.943876962
1,1,1,2,3,0,5,5.940228983
1,1,1,2,3,0,2.5,5.924665007
1,1,1,2,3,1,7.5,6.252707637
1,1,1,2,3,1,5,6.227871258
1,1,1,2,3,1,2.5,6.189282808
1,1,1,2,3,2,7.5,6.668618749
1,1,1,2,3,2,5,6.62511045
1,1,1,2,3,2,2.5,6.566580188
1,1,1,2,3,3,7.5,7.115383111
1,1,1,2,3,3,5,7.054106143
1,1,1,2,3,3,2.5,6.976872018
1,1,1,3,0,0,7.5,5.283557045
1,1,1,3,0,0,5,5.290974337
1,1,1,3,0,0,2.5,5.299565558
1,1,1,3,0,1,7.5,5.572735806
1,1,1,3,0,1,5,5.573692706
1,1,1,3,0,1,2.5,5.562380884
1,1,1,3,0,2,7.5,5.925505282
1,1,1,3,0,2,5,5.923580504
1,1,1,3,0,2,2.5,5.91189092
1,1,1,3,0,3,7.5,6.338726735
1,1,1,3,0,3,5,6.332263384
1,1,1,3,0,3,2.5,6.313934137
1,1,1,3,1,0,7.5,5.609957847
1,1,1,3,1,0,5,5.623364284
1,1,1,3,1,0,2.5,5.629024653
1,1,1,3,1,1,7.5,5.916925909
1,1,1,3,1,1,5,5.910990246
1,1,1,3,1,1,2.5,5.893642454
1,1,1,3,1,2,7.5,6.316900409
1,1,1,3,1,2,5,6.301629943
1,1,1,3,1,2,2.5,6.270939834
1,1,1,3,1,3,7.5,6.757444659
1,1,1,3,1,3,5,6.728666591
1,1,1,3,1,3,2.5,6.681231663
1,1,1,3,2,0,7.5,5.989538949
1,1,1,3,2,0,5,5.992317614
1,1,1,3,2,0,2.5,5.981990745
1,1,1,3,2,1,7.5,6.299350477
1,1,1,3,2,1,5,6.280371664
1,1,1,3,2,1,2.5,6.246608545
1,1,1,3,2,2,7.5,6.713792005
1,1,1,3,2,2,5,6.677610855
1,1,1,3,2,2,2.5,6.623905926
1,1,1,3,2,3,7.5,7.160091094
1,1,1,3,2,3,5,7.106606548
1,1,1,3,2,3,2.5,7.034197755
1,1,1,3,3,0,7.5,6.383240892
1,1,1,3,3,0,5,6.366853856
1,1,1,3,3,0,2.5,6.334956837
1,1,1,3,3,1,7.5,6.69315409
1,1,1,3,3,1,5,6.654907906
1,1,1,3,3,1,2.5,6.599574637
1,1,1,3,3,2,7.5,7.109162999
1,1,1,3,3,2,5,7.052147097
1,1,1,3,3,2,2.5,6.976872018
1,1,1,3,3,3,7.5,7.555927361
1,1,1,3,3,3,5,7.48114279
1,1,1,3,3,3,2.5,7.387163847
1,1,2,0,0,0,7.5,4.525937196
1,1,2,0,0,0,5,4.565191834
1,1,2,0,0,0,2.5,4.615703838
1,1,2,0,0,1,7.5,4.813010934
1,1,2,0,0,1,5,4.848590361
1,1,2,0,0,1,2.5,4.875396375
1,1,2,0,0,2,7.5,5.16270473
1,1,2,0,0,2,5,5.191377748
1,1,2,0,0,2,2.5,5.214383788
1,1,2,0,0,3,7.5,5.572001346
1,1,2,0,0,3,5,5.596326183
1,1,2,0,0,3,2.5,5.614693219
1,1,2,0,1,0,7.5,4.853833611
1,1,2,0,1,0,5,4.905464952
1,1,2,0,1,0,2.5,4.954943528
1,1,2,0,1,1,7.5,5.155875318
1,1,2,0,1,1,5,5.182081685
1,1,2,0,1,1,2.5,5.201336682
1,1,2,0,1,2,7.5,5.55017502
1,1,2,0,1,2,5,5.565692741
1,1,2,0,1,2,2.5,5.571698916
1,1,2,0,1,3,7.5,5.989538949
1,1,2,0,1,3,5,5.992317614
1,1,2,0,1,3,2.5,5.981990745
1,1,2,0,2,0,7.5,5.237162611
1,1,2,0,2,0,5,5.276741173
1,1,2,0,2,0,2.5,5.30790962
1,1,2,0,2,1,7.5,5.536668077
1,1,2,0,2,1,5,5.550199302
1,1,2,0,2,1,2.5,5.554302773
1,1,2,0,2,2,7.5,5.945886296
1,1,2,0,2,2,5,5.941261879
1,1,2,0,2,2,2.5,5.924665007
1,1,2,0,2,3,7.5,6.392087589
1,1,2,0,2,3,5,6.370257572
1,1,2,0,2,3,2.5,6.334956837
1,1,2,0,3,0,7.5,5.63141624
1,1,2,0,3,0,5,5.651277415
1,1,2,0,3,0,2.5,5.660875712
1,1,2,0,3,1,7.5,5.930171538
1,1,2,0,3,1,5,5.924735544
1,1,2,0,3,1,2.5,5.907268865
1,1,2,0,3,2,7.5,6.341159493
1,1,2,0,3,2,5,6.315798121
1,1,2,0,3,2,2.5,6.277631099
1,1,2,0,3,3,7.5,6.787923856
1,1,2,0,3,3,5,6.744793813
1,1,2,0,3,3,2.5,6.687922928
1,1,2,1,0,0,7.5,4.826632795
1,1,2,1,0,0,5,4.844151789
1,1,2,1,0,0,2.5,4.867267248
1,1,2,1,0,1,7.5,5.116167087
1,1,2,1,0,1,5,5.127185244
1,1,2,1,0,1,2.5,5.129491552
1,1,2,1,0,2,7.5,5.468129013
1,1,2,1,0,2,5,5.475697351
1,1,2,1,0,2,2.5,5.477267802
1,1,2,1,0,3,7.5,5.88073035
1,1,2,1,0,3,5,5.883968458
1,1,2,1,0,3,2.5,5.879311019
1,1,2,1,1,0,7.5,5.155449615
1,1,2,1,1,0,5,5.180151017
1,1,2,1,1,0,2.5,5.201336682
1,1,2,1,1,1,7.5,5.459647436
1,1,2,1,1,1,5,5.463107093
1,1,2,1,1,1,2.5,5.459019336
1,1,2,1,1,2,7.5,5.858904023
1,1,2,1,1,2,5,5.853335017
1,1,2,1,1,2,2.5,5.836316716
1,1,2,1,1,3,7.5,6.299350477
1,1,2,1,1,3,5,6.280371664
1,1,2,1,1,3,2.5,6.246608545
1,1,2,1,2,0,7.5,5.536668077
1,1,2,1,2,0,5,5.550199302
1,1,2,1,2,0,2.5,5.554302773
1,1,2,1,2,1,7.5,5.841451887
1,1,2,1,2,1,5,5.832076737
1,1,2,1,2,1,2.5,5.811985427
1,1,2,1,2,2,7.5,6.255697823
1,1,2,1,2,2,5,6.229315929
1,1,2,1,2,2,2.5,6.189282808
1,1,2,1,2,3,7.5,6.701996912
1,1,2,1,2,3,5,6.658311621
1,1,2,1,2,3,2.5,6.599574637
1,1,2,1,3,0,7.5,5.930630072
1,1,2,1,3,0,5,5.924735544
1,1,2,1,3,0,2.5,5.907268865
1,1,2,1,3,1,7.5,6.235157705
1,1,2,1,3,1,5,6.206612979
1,1,2,1,3,1,2.5,6.164951519
1,1,2,1,3,2,7.5,6.651068817
1,1,2,1,3,2,5,6.60385217
1,1,2,1,3,2,2.5,6.542248899
1,1,2,1,3,3,7.5,7.097833179
1,1,2,1,3,3,5,7.032847863
1,1,2,1,3,3,2.5,6.952540729
1,1,2,2,0,0,7.5,5.239904391
1,1,2,2,0,0,5,5.239918602
1,1,2,2,0,0,2.5,5.242239821
1,1,2,2,0,1,7.5,5.529083153
1,1,2,2,0,1,5,5.522636971
1,1,2,2,0,1,2.5,5.505055146
1,1,2,2,0,2,7.5,5.881852629
1,1,2,2,0,2,5,5.872524769
1,1,2,2,0,2,2.5,5.854565182
1,1,2,2,0,3,7.5,6.295074082
1,1,2,2,0,3,5,6.281207649
1,1,2,2,0,3,2.5,6.2566084
1,1,2,2,1,0,7.5,5.566305194
1,1,2,2,1,0,5,5.572308549
1,1,2,2,1,0,2.5,5.571698916
1,1,2,2,1,1,7.5,5.873273256
1,1,2,2,1,1,5,5.859934511
1,1,2,2,1,1,2.5,5.836316716
1,1,2,2,1,2,7.5,6.273247755
1,1,2,2,1,2,5,6.250574208
1,1,2,2,1,2,2.5,6.213614096
1,1,2,2,1,3,7.5,6.713792005
1,1,2,2,1,3,5,6.677610855
1,1,2,2,1,3,2.5,6.623905926
1,1,2,2,2,0,7.5,5.945886296
1,1,2,2,2,0,5,5.941261879
1,1,2,2,2,0,2.5,5.924665007
1,1,2,2,2,1,7.5,6.255697823
1,1,2,2,2,1,5,6.229315929
1,1,2,2,2,1,2.5,6.189282808
1,1,2,2,2,2,7.5,6.670139351
1,1,2,2,2,2,5,6.62655512
1,1,2,2,2,2,2.5,6.566580188
1,1,2,2,2,3,7.5,7.116438441
1,1,2,2,2,3,5,7.055550813
1,1,2,2,2,3,2.5,6.976872018
1,1,2,2,3,0,7.5,6.339588239
1,1,2,2,3,0,5,6.315798121
1,1,2,2,3,0,2.5,6.277631099
1,1,2,2,3,1,7.5,6.649501437
1,1,2,2,3,1,5,6.60385217
1,1,2,2,3,1,2.5,6.542248899
1,1,2,2,3,2,7.5,7.065510345
1,1,2,2,3,2,5,7.001091362
1,1,2,2,3,2,2.5,6.91954628
1,1,2,2,3,3,7.5,7.512274708
1,1,2,2,3,3,5,7.430087055
1,1,2,2,3,3,2.5,7.329838109
1,1,2,3,0,0,7.5,5.686159769
1,1,2,3,0,0,5,5.668914294
1,1,2,3,0,0,2.5,5.65253165
1,1,2,3,0,1,7.5,5.975382242
1,1,2,3,0,1,5,5.951632664
1,1,2,3,0,1,2.5,5.915346976
1,1,2,3,0,2,7.5,6.328151718
1,1,2,3,0,2,5,6.301520461
1,1,2,3,0,2,2.5,6.264857012
1,1,2,3,0,3,7.5,6.741373171
1,1,2,3,0,3,5,6.710203342
1,1,2,3,0,3,2.5,6.666900229
1,1,2,3,1,0,7.5,6.012506487
1,1,2,3,1,0,5,6.001304242
1,1,2,3,1,0,2.5,5.981990745
1,1,2,3,1,1,7.5,6.319572345
1,1,2,3,1,1,5,6.288930203
1,1,2,3,1,1,2.5,6.246608545
1,1,2,3,1,2,7.5,6.719546844
1,1,2,3,1,2,5,6.679569901
1,1,2,3,1,2,2.5,6.623905926
1,1,2,3,1,3,7.5,7.160091094
1,1,2,3,1,3,5,7.106606548
1,1,2,3,1,3,2.5,7.034197755
1,1,2,3,2,0,7.5,6.392087589
1,1,2,3,2,0,5,6.370257572
1,1,2,3,2,0,2.5,6.334956837
1,1,2,3,2,1,7.5,6.701996912
1,1,2,3,2,1,5,6.658311621
1,1,2,3,2,1,2.5,6.599574637
1,1,2,3,2,2,7.5,7.116438441
1,1,2,3,2,2,5,7.055550813
1,1,2,3,2,2,2.5,6.976872018
1,1,2,3,2,3,7.5,7.56273753
1,1,2,3,2,3,5,7.484546505
1,1,2,3,2,3,2.5,7.387163847
1,1,2,3,3,0,7.5,6.785789531
1,1,2,3,3,0,5,6.744793813
1,1,2,3,3,0,2.5,6.687922928
1,1,2,3,3,1,7.5,7.095800526
1,1,2,3,3,1,5,7.032847863
1,1,2,3,3,1,2.5,6.952540729
1,1,2,3,3,2,7.5,7.511809434
1,1,2,3,3,2,5,7.430087055
1,1,2,3,3,2,2.5,7.329838109
1,1,2,3,3,3,7.5,7.958573797
1,1,2,3,3,3,5,7.859082747
1,1,2,3,3,3,2.5,7.740129939
1,1,3,0,0,0,7.5,4.916540748
1,1,3,0,0,0,5,4.939728076
1,1,3,0,0,0,2.5,4.96866993
1,1,3,0,0,1,7.5,5.207031459
1,1,3,0,0,1,5,5.223126603
1,1,3,0,0,1,2.5,5.228362467
1,1,3,0,0,2,7.5,5.556460757
1,1,3,0,0,2,5,5.56591399
1,1,3,0,0,2,2.5,5.56734988
1,1,3,0,0,3,7.5,5.965703289
1,1,3,0,0,3,5,5.970862424
1,1,3,0,0,3,2.5,5.967659311
1,1,3,0,1,0,7.5,5.24808724
1,1,3,0,1,0,5,5.280001194
1,1,3,0,1,0,2.5,5.30790962
1,1,3,0,1,1,7.5,5.549837312
1,1,3,0,1,1,5,5.556617926
1,1,3,0,1,1,2.5,5.554302773
1,1,3,0,1,2,7.5,5.943876962
1,1,3,0,1,2,5,5.940228983
1,1,3,0,1,2,2.5,5.924665007
1,1,3,0,1,3,7.5,6.383240892
1,1,3,0,1,3,5,6.366853856
1,1,3,0,1,3,2.5,6.334956837
1,1,3,0,2,0,7.5,5.63141624
1,1,3,0,2,0,5,5.651277415
1,1,3,0,2,0,2.5,5.660875712
1,1,3,0,2,1,7.5,5.930630072
1,1,3,0,2,1,5,5.924735544
1,1,3,0,2,1,2.5,5.907268865
1,1,3,0,2,2,7.5,6.339588239
1,1,3,0,2,2,5,6.315798121
1,1,3,0,2,2,2.5,6.277631099
1,1,3,0,2,3,7.5,6.785789531
1,1,3,0,2,3,5,6.744793813
1,1,3,0,2,3,2.5,6.687922928
1,1,3,0,3,0,7.5,6.02566987
1,1,3,0,3,0,5,6.025813657
1,1,3,0,3,0,2.5,6.013841803
1,1,3,0,3,1,7.5,6.324133533
1,1,3,0,3,1,5,6.299271786
1,1,3,0,3,1,2.5,6.260234957
1,1,3,0,3,2,7.5,6.734861436
1,1,3,0,3,2,5,6.690334363
1,1,3,0,3,2,2.5,6.630597191
1,1,3,0,3,3,7.5,7.181625798
1,1,3,0,3,3,5,7.119330055
1,1,3,0,3,3,2.5,7.04088902
1,1,3,1,0,0,7.5,5.220194786
1,1,3,1,0,0,5,5.218688031
1,1,3,1,0,0,2.5,5.22023334
1,1,3,1,0,1,7.5,5.509872904
1,1,3,1,0,1,5,5.501721486
1,1,3,1,0,1,2.5,5.482457644
1,1,3,1,0,2,7.5,5.861932626
1,1,3,1,0,2,5,5.850233593
1,1,3,1,0,2,2.5,5.830233894
1,1,3,1,0,3,7.5,6.274533964
1,1,3,1,0,3,5,6.258504699
1,1,3,1,0,3,2.5,6.232277111
1,1,3,1,1,0,7.5,5.548953077
1,1,3,1,1,0,5,5.554687259
1,1,3,1,1,0,2.5,5.554302773
1,1,3,1,1,1,7.5,5.853353253
1,1,3,1,1,1,5,5.837643335
1,1,3,1,1,1,2.5,5.811985427
1,1,3,1,1,2,7.5,6.252707637
1,1,3,1,1,2,5,6.227871258
1,1,3,1,1,2,2.5,6.189282808
1,1,3,1,1,3,7.5,6.69315409
1,1,3,1,1,3,5,6.654907906
1,1,3,1,1,3,2.5,6.599574637
1,1,3,1,2,0,7.5,5.930171538
1,1,3,1,2,0,5,5.924735544
1,1,3,1,2,0,2.5,5.907268865
1,1,3,1,2,1,7.5,6.235157705
1,1,3,1,2,1,5,6.206612979
1,1,3,1,2,1,2.5,6.164951519
1,1,3,1,2,2,7.5,6.649501437
1,1,3,1,2,2,5,6.60385217
1,1,3,1,2,2,2.5,6.542248899
1,1,3,1,2,3,7.5,7.095800526
1,1,3,1,2,3,5,7.032847863
1,1,3,1,2,3,2.5,6.952540729
1,1,3,1,3,0,7.5,6.324133533
1,1,3,1,3,0,5,6.299271786
1,1,3,1,3,0,2.5,6.260234957
1,1,3,1,3,1,7.5,6.628863522
1,1,3,1,3,1,5,6.581149221
1,1,3,1,3,1,2.5,6.517917611
1,1,3,1,3,2,7.5,7.04487243
1,1,3,1,3,2,5,6.978388412
1,1,3,1,3,2,2.5,6.895214991
1,1,3,1,3,3,7.5,7.491636793
1,1,3,1,3,3,5,7.407384105
1,1,3,1,3,3,2.5,7.305506821
1,1,3,2,0,0,7.5,5.635231673
1,1,3,2,0,0,5,5.614454844
1,1,3,2,0,0,2.5,5.595205912
1,1,3,2,0,1,7.5,5.924454146
1,1,3,2,0,1,5,5.897173213
1,1,3,2,0,1,2.5,5.858021238
1,1,3,2,0,2,7.5,6.277223622
1,1,3,2,0,2,5,6.247061011
1,1,3,2,0,2,2.5,6.207531274
1,1,3,2,0,3,7.5,6.690445075
1,1,3,2,0,3,5,6.655743891
1,1,3,2,0,3,2.5,6.609574491
1,1,3,2,1,0,7.5,5.961578391
1,1,3,2,1,0,5,5.946844791
1,1,3,2,1,0,2.5,5.924665007
1,1,3,2,1,1,7.5,6.268644249
1,1,3,2,1,1,5,6.234470753
1,1,3,2,1,1,2.5,6.189282808
1,1,3,2,1,2,7.5,6.668618749
1,1,3,2,1,2,5,6.62511045
1,1,3,2,1,2,2.5,6.566580188
1,1,3,2,1,3,7.5,7.109162999
1,1,3,2,1,3,5,7.052147097
1,1,3,2,1,3,2.5,6.976872018
1,1,3,2,2,0,7.5,6.341159493
1,1,3,2,2,0,5,6.315798121
1,1,3,2,2,0,2.5,6.277631099
1,1,3,2,2,1,7.5,6.651068817
1,1,3,2,2,1,5,6.60385217
1,1,3,2,2,1,2.5,6.542248899
1,1,3,2,2,2,7.5,7.065510345
1,1,3,2,2,2,5,7.001091362
1,1,3,2,2,2,2.5,6.91954628
1,1,3,2,2,3,7.5,7.511809434
1,1,3,2,2,3,5,7.430087055
1,1,3,2,2,3,2.5,7.329838109
1,1,3,2,3,0,7.5,6.734861436
1,1,3,2,3,0,5,6.690334363
1,1,3,2,3,0,2.5,6.630597191
1,1,3,2,3,1,7.5,7.04487243
1,1,3,2,3,1,5,6.978388412
1,1,3,2,3,1,2.5,6.895214991
1,1,3,2,3,2,7.5,7.460881338
1,1,3,2,3,2,5,7.375627604
1,1,3,2,3,2,2.5,7.272512372
1,1,3,2,3,3,7.5,7.907645701
1,1,3,2,3,3,5,7.804623296
1,1,3,2,3,3,2.5,7.682804201
1,1,3,3,0,0,7.5,6.081996036
1,1,3,3,0,0,5,6.043450536
1,1,3,3,0,0,2.5,6.005497742
1,1,3,3,0,1,7.5,6.371218509
1,1,3,3,0,1,5,6.326168906
1,1,3,3,0,1,2.5,6.268313067
1,1,3,3,0,2,7.5,6.723987985
1,1,3,3,0,2,5,6.676056703
1,1,3,3,0,2,2.5,6.617823104
1,1,3,3,0,3,7.5,7.137209438
1,1,3,3,0,3,5,7.084739584
1,1,3,3,0,3,2.5,7.019866321
1,1,3,3,1,0,7.5,6.408342754
1,1,3,3,1,0,5,6.375840483
1,1,3,3,1,0,2.5,6.334956837
1,1,3,3,1,1,7.5,6.715408612
1,1,3,3,1,1,5,6.663466445
1,1,3,3,1,1,2.5,6.599574637
1,1,3,3,1,2,7.5,7.115383111
1,1,3,3,1,2,5,7.054106143
1,1,3,3,1,2,2.5,6.976872018
1,1,3,3,1,3,7.5,7.555927361
1,1,3,3,1,3,5,7.48114279
1,1,3,3,1,3,2.5,7.387163847
1,1,3,3,2,0,7.5,6.787923856
1,1,3,3,2,0,5,6.744793813
1,1,3,3,2,0,2.5,6.687922928
1,1,3,3,2,1,7.5,7.097833179
1,1,3,3,2,1,5,7.032847863
1,1,3,3,2,1,2.5,6.952540729
1,1,3,3,2,2,7.5,7.512274708
1,1,3,3,2,2,5,7.430087055
1,1,3,3,2,2,2.5,7.329838109
1,1,3,3,2,3,7.5,7.958573797
1,1,3,3,2,3,5,7.859082747
1,1,3,3,2,3,2.5,7.740129939
1,1,3,3,3,0,7.5,7.181625798
1,1,3,3,3,0,5,7.119330055
1,1,3,3,3,0,2.5,7.04088902
1,1,3,3,3,1,7.5,7.491636793
1,1,3,3,3,1,5,7.407384105
1,1,3,3,3,1,2.5,7.305506821
1,1,3,3,3,2,7.5,7.907645701
1,1,3,3,3,2,5,7.804623296
1,1,3,3,3,2,2.5,7.682804201
1,1,3,3,3,3,7.5,8.354410064
1,1,3,3,3,3,5,8.233618989
1,1,3,3,3,3,2.5,8.09309603
1,2,0,0,0,0,7.5,4.339994487
1,2,0,0,0,0,5,4.350522901
1,2,0,0,0,0,2.5,4.358570798
1,2,0,0,0,1,7.5,4.527298064
1,2,0,0,0,1,5,4.542301719
1,2,0,0,0,1,2.5,4.561336911
1,2,0,0,0,2,7.5,4.852279061
1,2,0,0,0,2,5,4.87638758
1,2,0,0,0,2,2.5,4.905972323
1,2,0,0,0,3,7.5,5.261304696
1,2,0,0,0,3,5,5.283544643
1,2,0,0,0,3,2.5,5.307240604
1,2,0,0,1,0,7.5,4.563480138
1,2,0,0,1,0,5,4.592444799
1,2,0,0,1,0,2.5,4.63309998
1,2,0,0,1,1,7.5,4.843516684
1,2,0,0,1,1,5,4.864121737
1,2,0,0,1,1,2.5,4.889273729
1,2,0,0,1,2,7.5,5.239478369
1,2,0,0,1,2,5,5.252911202
1,2,0,0,1,2,2.5,5.264246301
1,2,0,0,1,3,7.5,5.679572815
1,2,0,0,1,3,5,5.679763802
1,2,0,0,1,3,2.5,5.67453813
1,2,0,0,2,0,7.5,4.915425703
1,2,0,0,2,0,5,4.948352275
1,2,0,0,2,0,2.5,4.986066072
1,2,0,0,2,1,7.5,5.22197658
1,2,0,0,2,1,5,5.232713526
1,2,0,0,2,1,2.5,5.242239821
1,2,0,0,2,2,7.5,5.635920162
1,2,0,0,2,2,5,5.628708066
1,2,0,0,2,2,2.5,5.617212393
1,2,0,0,2,3,7.5,6.08217554
1,2,0,0,2,3,5,6.057703759
1,2,0,0,2,3,2.5,6.027504222
1,2,0,0,3,0,7.5,5.306029255
1,2,0,0,3,0,5,5.322888517
1,2,0,0,3,0,2.5,5.339032164
1,2,0,0,3,1,7.5,5.615592657
1,2,0,0,3,1,5,5.607249768
1,2,0,0,3,1,2.5,5.595205912
1,2,0,0,3,2,7.5,6.031247444
1,2,0,0,3,2,5,6.003244308
1,2,0,0,3,2,2.5,5.970178484
1,2,0,0,3,3,7.5,6.478011806
1,2,0,0,3,3,5,6.432240001
1,2,0,0,3,3,2.5,6.380470314
1,2,0,1,0,0,7.5,4.527298064
1,2,0,1,0,0,5,4.542301719
1,2,0,1,0,0,2.5,4.561336911
1,2,0,1,0,1,7.5,4.753196983
1,2,0,1,0,1,5,4.770711115
1,2,0,1,0,1,2.5,4.790152362
1,2,0,1,0,2,7.5,5.082781704
1,2,0,1,0,2,5,5.107482879
1,2,0,1,0,2,2.5,5.132930834
1,2,0,1,0,3,7.5,5.491266323
1,2,0,1,0,3,5,5.513971191
1,2,0,1,0,3,2.5,5.534974051
1,2,0,1,1,0,7.5,4.793548907
1,2,0,1,1,0,5,4.827657237
1,2,0,1,1,0,2.5,4.870002951
1,2,0,1,1,1,7.5,5.075149173
1,2,0,1,1,1,5,5.096907813
1,2,0,1,1,1,2.5,5.118149941
1,2,0,1,1,2,7.5,5.469439996
1,2,0,1,1,2,5,5.48333775
1,2,0,1,1,2,2.5,5.491979748
1,2,0,1,1,3,7.5,5.909321529
1,2,0,1,1,3,5,5.910374397
1,2,0,1,1,3,2.5,5.902271578
1,2,0,1,2,0,7.5,5.156048905
1,2,0,1,2,0,5,5.191672217
1,2,0,1,2,0,2.5,5.222969043
1,2,0,1,2,1,7.5,5.454218646
1,2,0,1,2,1,5,5.465514033
1,2,0,1,2,1,2.5,5.471116033
1,2,0,1,2,2,7.5,5.865668875
1,2,0,1,2,2,5,5.859318662
1,2,0,1,2,2,2.5,5.84494584
1,2,0,1,2,3,7.5,6.311967964
1,2,0,1,2,3,5,6.288314355
1,2,0,1,2,3,2.5,6.255237669
1,2,0,1,3,0,7.5,5.54857799
1,2,0,1,3,0,5,5.566208458
1,2,0,1,3,0,2.5,5.575935134
1,2,0,1,3,1,7.5,5.84783815
1,2,0,1,3,1,5,5.840050275
1,2,0,1,3,1,2.5,5.824082124
1,2,0,1,3,2,7.5,6.261039869
1,2,0,1,3,2,5,6.233854904
1,2,0,1,3,2,2.5,6.197911932
1,2,0,1,3,3,7.5,6.707804231
1,2,0,1,3,3,5,6.662850597
1,2,0,1,3,3,2.5,6.608203761
1,2,0,2,0,0,7.5,4.852279061
1,2,0,2,0,0,5,4.87638758
1,2,0,2,0,0,2.5,4.905972323
1,2,0,2,0,1,7.5,5.082781704
1,2,0,2,0,1,5,5.107482879
1,2,0,2,0,1,2.5,5.132930834
1,2,0,2,0,2,7.5,5.413628335
1,2,0,2,0,2,5,5.444196145
1,2,0,2,0,2,2.5,5.47917688
1,2,0,2,0,3,7.5,5.822179537
1,2,0,2,0,3,5,5.851692053
1,2,0,2,0,3,2.5,5.881220097
1,2,0,2,1,0,7.5,5.12507801
1,2,0,2,1,0,5,5.165812834
1,2,0,2,1,0,2.5,5.210520568
1,2,0,2,1,1,7.5,5.406407737
1,2,0,2,1,1,5,5.433664759
1,2,0,2,1,1,2.5,5.4626622
1,2,0,2,1,2,7.5,5.80035321
1,2,0,2,1,2,5,5.821058612
1,2,0,2,1,2,2.5,5.838225794
1,2,0,2,1,3,7.5,6.240517758
1,2,0,2,1,3,5,6.24809526
1,2,0,2,1,3,2.5,6.248517623
1,2,0,2,2,0,7.5,5.490237834
1,2,0,2,2,0,5,5.528849837
1,2,0,2,2,0,2.5,5.56348666
1,2,0,2,2,1,7.5,5.785574915
1,2,0,2,2,1,5,5.802682753
1,2,0,2,2,1,2.5,5.815628292
1,2,0,2,2,2,7.5,6.196865104
1,2,0,2,2,2,5,6.197039524
1,2,0,2,2,2,2.5,6.191191886
1,2,0,2,2,3,7.5,6.643164194
1,2,0,2,2,3,5,6.626035217
1,2,0,2,2,3,2.5,6.601483715
1,2,0,2,3,0,7.5,5.882534649
1,2,0,2,3,0,5,5.903386078
1,2,0,2,3,0,2.5,5.916452751
1,2,0,2,3,1,7.5,6.179292215
1,2,0,2,3,1,5,6.177218995
1,2,0,2,3,1,2.5,6.168594384
1,2,0,2,3,2,7.5,6.592236098
1,2,0,2,3,2,5,6.571575766
1,2,0,2,3,2,2.5,6.544157977
1,2,0,2,3,3,7.5,7.03900046
1,2,0,2,3,3,5,7.000571459
1,2,0,2,3,3,2.5,6.954449807
1,2,0,3,0,0,7.5,5.261304696
1,2,0,3,0,0,5,5.283544643
1,2,0,3,0,0,2.5,5.307240604
1,2,0,3,0,1,7.5,5.491266323
1,2,0,3,0,1,5,5.513971191
1,2,0,3,0,1,2.5,5.534974051
1,2,0,3,0,2,7.5,5.822179537
1,2,0,3,0,2,5,5.851692053
1,2,0,3,0,2,2.5,5.881220097
1,2,0,3,0,3,7.5,6.231209347
1,2,0,3,0,3,5,6.259187962
1,2,0,3,0,3,2.5,6.283263314
1,2,0,3,1,0,7.5,5.533665967
1,2,0,3,1,0,5,5.571352418
1,2,0,3,1,0,2.5,5.610829998
1,2,0,3,1,1,7.5,5.814871517
1,2,0,3,1,1,5,5.840748893
1,2,0,3,1,1,2.5,5.864705417
1,2,0,3,1,2,7.5,6.209383021
1,2,0,3,1,2,5,6.228554521
1,2,0,3,1,2,2.5,6.240269011
1,2,0,3,1,3,7.5,6.649547568
1,2,0,3,1,3,5,6.655591168
1,2,0,3,1,3,2.5,6.65056084
1,2,0,3,2,0,7.5,5.898155285
1,2,0,3,2,0,5,5.934161695
1,2,0,3,2,0,2.5,5.96379609
1,2,0,3,2,1,7.5,6.194277999
1,2,0,3,2,1,5,6.209766887
1,2,0,3,2,1,2.5,6.217671509
1,2,0,3,2,2,7.5,6.605894915
1,2,0,3,2,2,5,6.604535433
1,2,0,3,2,2,2.5,6.593235103
1,2,0,3,2,3,7.5,7.052194004
1,2,0,3,2,3,5,7.033531125
1,2,0,3,2,3,2.5,7.003526932
1,2,0,3,3,0,7.5,6.290398015
1,2,0,3,3,0,5,6.308697936
1,2,0,3,3,0,2.5,6.316762182
1,2,0,3,3,1,7.5,6.587995299
1,2,0,3,3,1,5,6.584303129
1,2,0,3,3,1,2.5,6.570637601
1,2,0,3,3,2,7.5,7.001265908
1,2,0,3,3,2,5,6.979071675
1,2,0,3,3,2,2.5,6.946201194
1,2,0,3,3,3,7.5,7.448030271
1,2,0,3,3,3,5,7.408067367
1,2,0,3,3,3,2.5,7.356493024
1,2,1,0,0,0,7.5,4.563480138
1,2,1,0,0,0,5,4.592444799
1,2,1,0,0,0,2.5,4.63309998
1,2,1,0,0,1,7.5,4.793548907
1,2,1,0,0,1,5,4.827657237
1,2,1,0,0,1,2.5,4.870002951
1,2,1,0,0,2,7.5,5.12507801
1,2,1,0,0,2,5,5.165812834
1,2,1,0,0,2,2.5,5.210520568
1,2,1,0,0,3,7.5,5.533665967
1,2,1,0,0,3,5,5.571352418
1,2,1,0,0,3,2.5,5.610829998
1,2,1,0,1,0,7.5,4.83393056
1,2,1,0,1,0,5,4.884728538
1,2,1,0,1,0,2.5,4.950380609
1,2,1,0,1,1,7.5,5.117543275
1,2,1,0,1,1,5,5.155649542
1,2,1,0,1,1,2.5,5.197473461
1,2,1,0,1,2,7.5,5.51183964
1,2,1,0,1,2,5,5.540718977
1,2,1,0,1,2,2.5,5.567835695
1,2,1,0,1,3,7.5,5.951398053
1,2,1,0,1,3,5,5.96734385
1,2,1,0,1,3,2.5,5.978127525
1,2,1,0,2,0,7.5,5.198561928
1,2,1,0,2,0,5,5.250789482
1,2,1,0,2,0,2.5,5.303346701
1,2,1,0,2,1,7.5,5.497009475
1,2,1,0,2,1,5,5.524130583
1,2,1,0,2,1,2.5,5.550439553
1,2,1,0,2,2,7.5,5.9077454
1,2,1,0,2,2,5,5.916288115
1,2,1,0,2,2,2.5,5.920801787
1,2,1,0,2,3,7.5,6.353946693
1,2,1,0,2,3,5,6.345283808
1,2,1,0,2,3,2.5,6.331093616
1,2,1,0,3,0,7.5,5.591576929
1,2,1,0,3,0,5,5.625325724
1,2,1,0,3,0,2.5,5.656312793
1,2,1,0,3,1,7.5,5.890599249
1,2,1,0,3,1,5,5.898666825
1,2,1,0,3,1,2.5,5.903405645
1,2,1,0,3,2,7.5,6.303018597
1,2,1,0,3,2,5,6.290824357
1,2,1,0,3,2,2.5,6.273767879
1,2,1,0,3,3,7.5,6.749782959
1,2,1,0,3,3,5,6.719820049
1,2,1,0,3,3,2.5,6.684059708
1,2,1,1,0,0,7.5,4.843516684
1,2,1,1,0,0,5,4.864121737
1,2,1,1,0,0,2.5,4.889273729
1,2,1,1,0,1,7.5,5.075149173
1,2,1,1,0,1,5,5.096907813
1,2,1,1,0,1,2.5,5.118149941
1,2,1,1,0,2,7.5,5.406407737
1,2,1,1,0,2,5,5.433664759
1,2,1,1,0,2,2.5,5.4626622
1,2,1,1,0,3,7.5,5.814871517
1,2,1,1,0,3,5,5.840748893
1,2,1,1,0,3,2.5,5.864705417
1,2,1,1,1,0,7.5,5.117543275
1,2,1,1,1,0,5,5.155649542
1,2,1,1,1,0,2.5,5.197473461
1,2,1,1,1,1,7.5,5.39918714
1,2,1,1,1,1,5,5.423133372
1,2,1,1,1,1,2.5,5.44614752
1,2,1,1,1,2,7.5,5.79304519
1,2,1,1,1,2,5,5.810115452
1,2,1,1,1,2,2.5,5.821711114
1,2,1,1,1,3,7.5,6.233111941
1,2,1,1,1,3,5,6.237152099
1,2,1,1,1,3,2.5,6.232002943
1,2,1,1,2,0,7.5,5.483408422
1,2,1,1,2,0,5,5.519553773
1,2,1,1,2,0,2.5,5.550439553
1,2,1,1,2,1,7.5,5.778266895
1,2,1,1,2,1,5,5.791739592
1,2,1,1,2,1,2.5,5.799113612
1,2,1,1,2,2,7.5,6.189459288
1,2,1,1,2,2,5,6.186096364
1,2,1,1,2,2,2.5,6.174677206
1,2,1,1,2,3,7.5,6.635758377
1,2,1,1,2,3,5,6.615092056
1,2,1,1,2,3,2.5,6.584969035
1,2,1,1,3,0,7.5,5.875911203
1,2,1,1,3,0,5,5.894090015
1,2,1,1,3,0,2.5,5.903405645
1,2,1,1,3,1,7.5,6.171886399
1,2,1,1,3,1,5,6.166275834
1,2,1,1,3,1,2.5,6.152079704
1,2,1,1,3,2,7.5,6.584830281
1,2,1,1,3,2,5,6.560632605
1,2,1,1,3,2,2.5,6.527643297
1,2,1,1,3,3,7.5,7.031594644
1,2,1,1,3,3,5,6.989628298
1,2,1,1,3,3,2.5,6.937935127
1,2,1,2,0,0,7.5,5.239478369
1,2,1,2,0,0,5,5.252911202
1,2,1,2,0,0,2.5,5.264246301
1,2,1,2,0,1,7.5,5.469439996
1,2,1,2,0,1,5,5.48333775
1,2,1,2,0,1,2.5,5.491979748
1,2,1,2,0,2,7.5,5.80035321
1,2,1,2,0,2,5,5.821058612
1,2,1,2,0,2,2.5,5.838225794
1,2,1,2,0,3,7.5,6.209383021
1,2,1,2,0,3,5,6.228554521
1,2,1,2,0,3,2.5,6.240269011
1,2,1,2,1,0,7.5,5.51183964
1,2,1,2,1,0,5,5.540718977
1,2,1,2,1,0,2.5,5.567835695
1,2,1,2,1,1,7.5,5.79304519
1,2,1,2,1,1,5,5.810115452
1,2,1,2,1,1,2.5,5.821711114
1,2,1,2,1,2,7.5,6.187556694
1,2,1,2,1,2,5,6.19792108
1,2,1,2,1,2,2.5,6.197274708
1,2,1,2,1,3,7.5,6.627721241
1,2,1,2,1,3,5,6.624957727
1,2,1,2,1,3,2.5,6.607566537
1,2,1,2,2,0,7.5,5.876328958
1,2,1,2,2,0,5,5.903528254
1,2,1,2,2,0,2.5,5.920801787
1,2,1,2,2,1,7.5,6.172451672
1,2,1,2,2,1,5,6.179133446
1,2,1,2,2,1,2.5,6.174677206
1,2,1,2,2,2,7.5,6.584068588
1,2,1,2,2,2,5,6.573901992
1,2,1,2,2,2,2.5,6.550240799
1,2,1,2,2,3,7.5,7.030367677
1,2,1,2,2,3,5,7.002897684
1,2,1,2,2,3,2.5,6.960532629
1,2,1,2,3,0,7.5,6.268571688
1,2,1,2,3,0,5,6.278064495
1,2,1,2,3,0,2.5,6.273767879
1,2,1,2,3,1,7.5,6.566168972
1,2,1,2,3,1,5,6.553669688
1,2,1,2,3,1,2.5,6.527643297
1,2,1,2,3,2,7.5,6.979439581
1,2,1,2,3,2,5,6.948438233
1,2,1,2,3,2,2.5,6.903206891
1,2,1,2,3,3,7.5,7.426203944
1,2,1,2,3,3,5,7.377433926
1,2,1,2,3,3,2.5,7.313498721
1,2,1,3,0,0,7.5,5.679572815
1,2,1,3,0,0,5,5.679763802
1,2,1,3,0,0,2.5,5.67453813
1,2,1,3,0,1,7.5,5.909321529
1,2,1,3,0,1,5,5.910374397
1,2,1,3,0,1,2.5,5.902271578
1,2,1,3,0,2,7.5,6.240517758
1,2,1,3,0,2,5,6.24809526
1,2,1,3,0,2,2.5,6.248517623
1,2,1,3,0,3,7.5,6.649547568
1,2,1,3,0,3,5,6.655591168
1,2,1,3,0,3,2.5,6.65056084
1,2,1,3,1,0,7.5,5.951398053
1,2,1,3,1,0,5,5.96734385
1,2,1,3,1,0,2.5,5.978127525
1,2,1,3,1,1,7.5,6.233111941
1,2,1,3,1,1,5,6.237152099
1,2,1,3,1,1,2.5,6.232002943
1,2,1,3,1,2,7.5,6.627721241
1,2,1,3,1,2,5,6.624957727
1,2,1,3,1,2,2.5,6.607566537
1,2,1,3,1,3,7.5,7.067885789
1,2,1,3,1,3,5,7.051994374
1,2,1,3,1,3,2.5,7.017858367
1,2,1,3,2,0,7.5,6.315779201
1,2,1,3,2,0,5,6.330153126
1,2,1,3,2,0,2.5,6.331093616
1,2,1,3,2,1,7.5,6.612518423
1,2,1,3,2,1,5,6.606170093
1,2,1,3,2,1,2.5,6.584969035
1,2,1,3,2,2,7.5,7.024233135
1,2,1,3,2,2,5,7.000938639
1,2,1,3,2,2,2.5,6.960532629
1,2,1,3,2,3,7.5,7.470532225
1,2,1,3,2,3,5,7.429934331
1,2,1,3,2,3,2.5,7.370824458
1,2,1,3,3,0,7.5,6.708021931
1,2,1,3,3,0,5,6.704689368
1,2,1,3,3,0,2.5,6.684059708
1,2,1,3,3,1,7.5,7.006235723
1,2,1,3,3,1,5,6.980706335
1,2,1,3,3,1,2.5,6.937935127
1,2,1,3,3,2,7.5,7.419604129
1,2,1,3,3,2,5,7.375474881
1,2,1,3,3,2,2.5,7.313498721
1,2,1,3,3,3,7.5,7.866368492
1,2,1,3,3,3,5,7.804470573
1,2,1,3,3,3,2.5,7.72379055
1,2,2,0,0,0,7.5,4.915425703
1,2,2,0,0,0,5,4.948352275
1,2,2,0,0,0,2.5,4.986066072
1,2,2,0,0,1,7.5,5.156048905
1,2,2,0,0,1,5,5.191672217
1,2,2,0,0,1,2.5,5.222969043
1,2,2,0,0,2,7.5,5.490237834
1,2,2,0,0,2,5,5.528849837
1,2,2,0,0,2,2.5,5.56348666
1,2,2,0,0,3,7.5,5.898155285
1,2,2,0,0,3,5,5.934161695
1,2,2,0,0,3,2.5,5.96379609
1,2,2,0,1,0,7.5,5.198561928
1,2,2,0,1,0,5,5.250789482
1,2,2,0,1,0,2.5,5.303346701
1,2,2,0,1,1,7.5,5.483408422
1,2,2,0,1,1,5,5.519553773
1,2,2,0,1,1,2.5,5.550439553
1,2,2,0,1,2,7.5,5.876328958
1,2,2,0,1,2,5,5.903528254
1,2,2,0,1,2,2.5,5.920801787
1,2,2,0,1,3,7.5,6.315779201
1,2,2,0,1,3,5,6.330153126
1,2,2,0,1,3,2.5,6.331093616
1,2,2,0,2,0,7.5,5.568016193
1,2,2,0,2,0,5,5.616850426
1,2,2,0,2,0,2.5,5.656312793
1,2,2,0,2,1,7.5,5.862822016
1,2,2,0,2,1,5,5.888034814
1,2,2,0,2,1,2.5,5.903405645
1,2,2,0,2,2,7.5,6.272126547
1,2,2,0,2,2,5,6.279097391
1,2,2,0,2,2,2.5,6.273767879
1,2,2,0,2,3,7.5,6.71832784
1,2,2,0,2,3,5,6.708093084
1,2,2,0,2,3,2.5,6.684059708
1,2,2,0,3,0,7.5,5.961031194
1,2,2,0,3,0,5,5.991386668
1,2,2,0,3,0,2.5,6.009278884
1,2,2,0,3,1,7.5,6.25641179
1,2,2,0,3,1,5,6.262571056
1,2,2,0,3,1,2.5,6.256371736
1,2,2,0,3,2,7.5,6.667399745
1,2,2,0,3,2,5,6.653633633
1,2,2,0,3,2,2.5,6.62673397
1,2,2,0,3,3,7.5,7.114164107
1,2,2,0,3,3,5,7.082629326
1,2,2,0,3,3,2.5,7.0370258
1,2,2,1,0,0,7.5,5.22197658
1,2,2,1,0,0,5,5.232713526
1,2,2,1,0,0,2.5,5.242239821
1,2,2,1,0,1,7.5,5.454218646
1,2,2,1,0,1,5,5.465514033
1,2,2,1,0,1,2.5,5.471116033
1,2,2,1,0,2,7.5,5.785574915
1,2,2,1,0,2,5,5.802682753
1,2,2,1,0,2,2.5,5.815628292
1,2,2,1,0,3,7.5,6.194277999
1,2,2,1,0,3,5,6.209766887
1,2,2,1,0,3,2.5,6.217671509
1,2,2,1,1,0,7.5,5.497009475
1,2,2,1,1,0,5,5.524130583
1,2,2,1,1,0,2.5,5.550439553
1,2,2,1,1,1,7.5,5.778266895
1,2,2,1,1,1,5,5.791739592
1,2,2,1,1,1,2.5,5.799113612
1,2,2,1,1,2,7.5,6.172451672
1,2,2,1,1,2,5,6.179133446
1,2,2,1,1,2,2.5,6.174677206
1,2,2,1,1,3,7.5,6.612518423
1,2,2,1,1,3,5,6.606170093
1,2,2,1,1,3,2.5,6.584969035
1,2,2,1,2,0,7.5,5.862822016
1,2,2,1,2,0,5,5.888034814
1,2,2,1,2,0,2.5,5.903405645
1,2,2,1,2,1,7.5,6.15734665
1,2,2,1,2,1,5,6.160345812
1,2,2,1,2,1,2.5,6.152079704
1,2,2,1,2,2,7.5,6.568865769
1,2,2,1,2,2,5,6.555114358
1,2,2,1,2,2,2.5,6.527643297
1,2,2,1,2,3,7.5,7.015164859
1,2,2,1,2,3,5,6.984110051
1,2,2,1,2,3,2.5,6.937935127
1,2,2,1,3,0,7.5,6.255324798
1,2,2,1,3,0,5,6.262571056
1,2,2,1,3,0,2.5,6.256371736
1,2,2,1,3,1,7.5,6.550966154
1,2,2,1,3,1,5,6.534882054
1,2,2,1,3,1,2.5,6.505045795
1,2,2,1,3,2,7.5,6.964236763
1,2,2,1,3,2,5,6.9296506
1,2,2,1,3,2,2.5,6.880609389
1,2,2,1,3,3,7.5,7.411001125
1,2,2,1,3,3,5,7.358646292
1,2,2,1,3,3,2.5,7.290901219
1,2,2,2,0,0,7.5,5.635920162
1,2,2,2,0,0,5,5.628708066
1,2,2,2,0,0,2.5,5.617212393
1,2,2,2,0,1,7.5,5.865668875
1,2,2,2,0,1,5,5.859318662
1,2,2,2,0,1,2.5,5.84494584
1,2,2,2,0,2,7.5,6.196865104
1,2,2,2,0,2,5,6.197039524
1,2,2,2,0,2,2.5,6.191191886
1,2,2,2,0,3,7.5,6.605894915
1,2,2,2,0,3,5,6.604535433
1,2,2,2,0,3,2.5,6.593235103
1,2,2,2,1,0,7.5,5.9077454
1,2,2,2,1,0,5,5.916288115
1,2,2,2,1,0,2.5,5.920801787
1,2,2,2,1,1,7.5,6.189459288
1,2,2,2,1,1,5,6.186096364
1,2,2,2,1,1,2.5,6.174677206
1,2,2,2,1,2,7.5,6.584068588
1,2,2,2,1,2,5,6.573901992
1,2,2,2,1,2,2.5,6.550240799
1,2,2,2,1,3,7.5,7.024233135
1,2,2,2,1,3,5,7.000938639
1,2,2,2,1,3,2.5,6.960532629
1,2,2,2,2,0,7.5,6.272126547
1,2,2,2,2,0,5,6.279097391
1,2,2,2,2,0,2.5,6.273767879
1,2,2,2,2,1,7.5,6.568865769
1,2,2,2,2,1,5,6.555114358
1,2,2,2,2,1,2.5,6.527643297
1,2,2,2,2,2,7.5,6.980580482
1,2,2,2,2,2,5,6.949882904
1,2,2,2,2,2,2.5,6.903206891
1,2,2,2,2,3,7.5,7.426879571
1,2,2,2,2,3,5,7.378878596
1,2,2,2,2,3,2.5,7.313498721
1,2,2,2,3,0,7.5,6.664369277
1,2,2,2,3,0,5,6.653633633
1,2,2,2,3,0,2.5,6.62673397
1,2,2,2,3,1,7.5,6.96258307
1,2,2,2,3,1,5,6.9296506
1,2,2,2,3,1,2.5,6.880609389
1,2,2,2,3,2,7.5,7.375951475
1,2,2,2,3,2,5,7.324419146
1,2,2,2,3,2,2.5,7.256172983
1,2,2,2,3,3,7.5,7.822715838
1,2,2,2,3,3,5,7.753414838
1,2,2,2,3,3,2.5,7.666464812
1,2,2,3,0,0,7.5,6.08217554
1,2,2,3,0,0,5,6.057703759
1,2,2,3,0,0,2.5,6.027504222
1,2,2,3,0,1,7.5,6.311967964
1,2,2,3,0,1,5,6.288314355
1,2,2,3,0,1,2.5,6.255237669
1,2,2,3,0,2,7.5,6.643164194
1,2,2,3,0,2,5,6.626035217
1,2,2,3,0,2,2.5,6.601483715
1,2,2,3,0,3,7.5,7.052194004
1,2,2,3,0,3,5,7.033531125
1,2,2,3,0,3,2.5,7.003526932
1,2,2,3,1,0,7.5,6.353946693
1,2,2,3,1,0,5,6.345283808
1,2,2,3,1,0,2.5,6.331093616
1,2,2,3,1,1,7.5,6.635758377
1,2,2,3,1,1,5,6.615092056
1,2,2,3,1,1,2.5,6.584969035
1,2,2,3,1,2,7.5,7.030367677
1,2,2,3,1,2,5,7.002897684
1,2,2,3,1,2,2.5,6.960532629
1,2,2,3,1,3,7.5,7.470532225
1,2,2,3,1,3,5,7.429934331
1,2,2,3,1,3,2.5,7.370824458
1,2,2,3,2,0,7.5,6.71832784
1,2,2,3,2,0,5,6.708093084
1,2,2,3,2,0,2.5,6.684059708
1,2,2,3,2,1,7.5,7.015164859
1,2,2,3,2,1,5,6.984110051
1,2,2,3,2,1,2.5,6.937935127
1,2,2,3,2,2,7.5,7.426879571
1,2,2,3,2,2,5,7.378878596
1,2,2,3,2,2,2.5,7.313498721
1,2,2,3,2,3,7.5,7.873178661
1,2,2,3,2,3,5,7.807874289
1,2,2,3,2,3,2.5,7.72379055
1,2,2,3,3,0,7.5,7.11057057
1,2,2,3,3,0,5,7.082629326
1,2,2,3,3,0,2.5,7.0370258
1,2,2,3,3,1,7.5,7.408882159
1,2,2,3,3,1,5,7.358646292
1,2,2,3,3,1,2.5,7.290901219
1,2,2,3,3,2,7.5,7.822250565
1,2,2,3,3,2,5,7.753414838
1,2,2,3,3,2,2.5,7.666464812
1,2,2,3,3,3,7.5,8.269014927
1,2,2,3,3,3,5,8.182410531
1,2,2,3,3,3,2.5,8.076756642
1,2,3,0,0,0,7.5,5.306029255
1,2,3,0,0,0,5,5.322888517
1,2,3,0,0,0,2.5,5.339032164
1,2,3,0,0,1,7.5,5.54857799
1,2,3,0,0,1,5,5.566208458
1,2,3,0,0,1,2.5,5.575935134
1,2,3,0,0,2,7.5,5.882534649
1,2,3,0,0,2,5,5.903386078
1,2,3,0,0,2,2.5,5.916452751
1,2,3,0,0,3,7.5,6.290398015
1,2,3,0,0,3,5,6.308697936
1,2,3,0,0,3,2.5,6.316762182
1,2,3,0,1,0,7.5,5.591576929
1,2,3,0,1,0,5,5.625325724
1,2,3,0,1,0,2.5,5.656312793
1,2,3,0,1,1,7.5,5.875911203
1,2,3,0,1,1,5,5.894090015
1,2,3,0,1,1,2.5,5.903405645
1,2,3,0,1,2,7.5,6.268571688
1,2,3,0,1,2,5,6.278064495
1,2,3,0,1,2,2.5,6.273767879
1,2,3,0,1,3,7.5,6.708021931
1,2,3,0,1,3,5,6.704689368
1,2,3,0,1,3,2.5,6.684059708
1,2,3,0,2,0,7.5,5.961031194
1,2,3,0,2,0,5,5.991386668
1,2,3,0,2,0,2.5,6.009278884
1,2,3,0,2,1,7.5,6.255324798
1,2,3,0,2,1,5,6.262571056
1,2,3,0,2,1,2.5,6.256371736
1,2,3,0,2,2,7.5,6.664369277
1,2,3,0,2,2,5,6.653633633
1,2,3,0,2,2,2.5,6.62673397
1,2,3,0,2,3,7.5,7.11057057
1,2,3,0,2,3,5,7.082629326
1,2,3,0,2,3,2.5,7.0370258
1,2,3,0,3,0,7.5,6.354046196
1,2,3,0,3,0,5,6.36592291
1,2,3,0,3,0,2.5,6.362244976
1,2,3,0,3,1,7.5,6.648914572
1,2,3,0,3,1,5,6.637107298
1,2,3,0,3,1,2.5,6.609337828
1,2,3,0,3,2,7.5,7.059642475
1,2,3,0,3,2,5,7.028169875
1,2,3,0,3,2,2.5,6.979700062
1,2,3,0,3,3,7.5,7.506406837
1,2,3,0,3,3,5,7.457165567
1,2,3,0,3,3,2.5,7.389991891
1,2,3,1,0,0,7.5,5.615592657
1,2,3,1,0,0,5,5.607249768
1,2,3,1,0,0,2.5,5.595205912
1,2,3,1,0,1,7.5,5.84783815
1,2,3,1,0,1,5,5.840050275
1,2,3,1,0,1,2.5,5.824082124
1,2,3,1,0,2,7.5,6.179292215
1,2,3,1,0,2,5,6.177218995
1,2,3,1,0,2,2.5,6.168594384
1,2,3,1,0,3,7.5,6.587995299
1,2,3,1,0,3,5,6.584303129
1,2,3,1,0,3,2.5,6.570637601
1,2,3,1,1,0,7.5,5.890599249
1,2,3,1,1,0,5,5.898666825
1,2,3,1,1,0,2.5,5.903405645
1,2,3,1,1,1,7.5,6.171886399
1,2,3,1,1,1,5,6.166275834
1,2,3,1,1,1,2.5,6.152079704
1,2,3,1,1,2,7.5,6.566168972
1,2,3,1,1,2,5,6.553669688
1,2,3,1,1,2,2.5,6.527643297
1,2,3,1,1,3,7.5,7.006235723
1,2,3,1,1,3,5,6.980706335
1,2,3,1,1,3,2.5,6.937935127
1,2,3,1,2,0,7.5,6.25641179
1,2,3,1,2,0,5,6.262571056
1,2,3,1,2,0,2.5,6.256371736
1,2,3,1,2,1,7.5,6.550966154
1,2,3,1,2,1,5,6.534882054
1,2,3,1,2,1,2.5,6.505045795
1,2,3,1,2,2,7.5,6.96258307
1,2,3,1,2,2,5,6.9296506
1,2,3,1,2,2,2.5,6.880609389
1,2,3,1,2,3,7.5,7.408882159
1,2,3,1,2,3,5,7.358646292
1,2,3,1,2,3,2.5,7.290901219
1,2,3,1,3,0,7.5,6.648914572
1,2,3,1,3,0,5,6.637107298
1,2,3,1,3,0,2.5,6.609337828
1,2,3,1,3,1,7.5,6.944585658
1,2,3,1,3,1,5,6.909418296
1,2,3,1,3,1,2.5,6.858011887
1,2,3,1,3,2,7.5,7.357954063
1,2,3,1,3,2,5,7.304186842
1,2,3,1,3,2,2.5,7.233575481
1,2,3,1,3,3,7.5,7.804718426
1,2,3,1,3,3,5,7.733182534
1,2,3,1,3,3,2.5,7.64386731
1,2,3,2,0,0,7.5,6.031247444
1,2,3,2,0,0,5,6.003244308
1,2,3,2,0,0,2.5,5.970178484
1,2,3,2,0,1,7.5,6.261039869
1,2,3,2,0,1,5,6.233854904
1,2,3,2,0,1,2.5,6.197911932
1,2,3,2,0,2,7.5,6.592236098
1,2,3,2,0,2,5,6.571575766
1,2,3,2,0,2,2.5,6.544157977
1,2,3,2,0,3,7.5,7.001265908
1,2,3,2,0,3,5,6.979071675
1,2,3,2,0,3,2.5,6.946201194
1,2,3,2,1,0,7.5,6.303018597
1,2,3,2,1,0,5,6.290824357
1,2,3,2,1,0,2.5,6.273767879
1,2,3,2,1,1,7.5,6.584830281
1,2,3,2,1,1,5,6.560632605
1,2,3,2,1,1,2.5,6.527643297
1,2,3,2,1,2,7.5,6.979439581
1,2,3,2,1,2,5,6.948438233
1,2,3,2,1,2,2.5,6.903206891
1,2,3,2,1,3,7.5,7.419604129
1,2,3,2,1,3,5,7.375474881
1,2,3,2,1,3,2.5,7.313498721
1,2,3,2,2,0,7.5,6.667399745
1,2,3,2,2,0,5,6.653633633
1,2,3,2,2,0,2.5,6.62673397
1,2,3,2,2,1,7.5,6.964236763
1,2,3,2,2,1,5,6.9296506
1,2,3,2,2,1,2.5,6.880609389
1,2,3,2,2,2,7.5,7.375951475
1,2,3,2,2,2,5,7.324419146
1,2,3,2,2,2,2.5,7.256172983
1,2,3,2,2,3,7.5,7.822250565
1,2,3,2,2,3,5,7.753414838
1,2,3,2,2,3,2.5,7.666464812
1,2,3,2,3,0,7.5,7.059642475
1,2,3,2,3,0,5,7.028169875
1,2,3,2,3,0,2.5,6.979700062
1,2,3,2,3,1,7.5,7.357954063
1,2,3,2,3,1,5,7.304186842
1,2,3,2,3,1,2.5,7.233575481
1,2,3,2,3,2,7.5,7.771322469
1,2,3,2,3,2,5,7.698955387
1,2,3,2,3,2,2.5,7.609139075
1,2,3,2,3,3,7.5,8.218086832
1,2,3,2,3,3,5,8.12795108
1,2,3,2,3,3,2.5,8.019430904
1,2,3,3,0,0,7.5,6.478011806
1,2,3,3,0,0,5,6.432240001
1,2,3,3,0,0,2.5,6.380470314
1,2,3,3,0,1,7.5,6.707804231
1,2,3,3,0,1,5,6.662850597
1,2,3,3,0,1,2.5,6.608203761
1,2,3,3,0,2,7.5,7.03900046
1,2,3,3,0,2,5,7.000571459
1,2,3,3,0,2,2.5,6.954449807
1,2,3,3,0,3,7.5,7.448030271
1,2,3,3,0,3,5,7.408067367
1,2,3,3,0,3,2.5,7.356493024
1,2,3,3,1,0,7.5,6.749782959
1,2,3,3,1,0,5,6.719820049
1,2,3,3,1,0,2.5,6.684059708
1,2,3,3,1,1,7.5,7.031594644
1,2,3,3,1,1,5,6.989628298
1,2,3,3,1,1,2.5,6.937935127
1,2,3,3,1,2,7.5,7.426203944
1,2,3,3,1,2,5,7.377433926
1,2,3,3,1,2,2.5,7.313498721
1,2,3,3,1,3,7.5,7.866368492
1,2,3,3,1,3,5,7.804470573
1,2,3,3,1,3,2.5,7.72379055
1,2,3,3,2,0,7.5,7.114164107
1,2,3,3,2,0,5,7.082629326
1,2,3,3,2,0,2.5,7.0370258
1,2,3,3,2,1,7.5,7.411001125
1,2,3,3,2,1,5,7.358646292
1,2,3,3,2,1,2.5,7.290901219
1,2,3,3,2,2,7.5,7.822715838
1,2,3,3,2,2,5,7.753414838
1,2,3,3,2,2,2.5,7.666464812
1,2,3,3,2,3,7.5,8.269014927
1,2,3,3,2,3,5,8.182410531
1,2,3,3,2,3,2.5,8.076756642
1,2,3,3,3,0,7.5,7.506406837
1,2,3,3,3,0,5,7.457165567
1,2,3,3,3,0,2.5,7.389991891
1,2,3,3,3,1,7.5,7.804718426
1,2,3,3,3,1,5,7.733182534
1,2,3,3,3,1,2.5,7.64386731
1,2,3,3,3,2,7.5,8.218086832
1,2,3,3,3,2,5,8.12795108
1,2,3,3,3,2,2.5,8.019430904
1,2,3,3,3,3,7.5,8.664851194
1,2,3,3,3,3,5,8.556946772
1,2,3,3,3,3,2.5,8.429722733
1,3,0,0,0,0,7.5,4.642346715
1,3,0,0,0,0,5,4.632573548
1,3,0,0,0,0,2.5,4.62302135
1,3,0,0,0,1,7.5,4.80412006
1,3,0,0,0,1,5,4.804580412
1,3,0,0,0,1,2.5,4.809391047
1,3,0,0,0,2,7.5,5.11456119
1,3,0,0,0,2,5,5.127908195
1,3,0,0,0,2,2.5,5.14601775
1,3,0,0,0,3,7.5,5.518696277
1,3,0,0,0,3,5,5.532295961
1,3,0,0,0,3,2.5,5.546327181
1,3,0,0,1,0,7.5,4.848874774
1,3,0,0,1,0,5,4.867394045
1,3,0,0,1,0,2.5,4.897550533
1,3,0,0,1,1,7.5,5.107937745
1,3,0,0,1,1,5,5.118612132
1,3,0,0,1,1,2.5,5.132970643
1,3,0,0,1,2,7.5,5.49686995
1,3,0,0,1,2,5,5.50166252
1,3,0,0,1,2,2.5,5.503332877
1,3,0,0,1,3,7.5,5.936100721
1,3,0,0,1,3,5,5.928287393
1,3,0,0,1,3,2.5,5.913624707
1,3,0,0,2,0,7.5,5.197447173
1,3,0,0,2,0,5,5.223301521
1,3,0,0,2,0,2.5,5.250516625
1,3,0,0,2,1,7.5,5.483623059
1,3,0,0,2,1,5,5.486169081
1,3,0,0,2,1,2.5,5.485936735
1,3,0,0,2,2,7.5,5.892448067
1,3,0,0,2,2,5,5.877231658
1,3,0,0,2,2,2.5,5.856298969
1,3,0,0,2,3,7.5,6.33864936
1,3,0,0,2,3,5,6.30622735
1,3,0,0,2,3,2.5,6.266590799
1,3,0,0,3,0,7.5,5.588050725
1,3,0,0,3,0,5,5.597837763
1,3,0,0,3,0,2.5,5.603482716
1,3,0,0,3,1,7.5,5.876993362
1,3,0,0,3,1,5,5.860705323
1,3,0,0,3,1,2.5,5.838902827
1,3,0,0,3,2,7.5,6.287721264
1,3,0,0,3,2,5,6.2517679
1,3,0,0,3,2,2.5,6.209265061
1,3,0,0,3,3,7.5,6.734485627
1,3,0,0,3,3,5,6.680763592
1,3,0,0,3,3,2.5,6.61955689
1,3,0,1,0,0,7.5,4.80412006
1,3,0,1,0,0,5,4.804580412
1,3,0,1,0,0,2.5,4.809391047
1,3,0,1,0,1,7.5,4.965893405
1,3,0,1,0,1,5,4.976587275
1,3,0,1,0,1,2.5,4.995760744
1,3,0,1,0,2,7.5,5.276334535
1,3,0,1,0,2,5,5.299915059
1,3,0,1,0,2,2.5,5.332387447
1,3,0,1,0,3,7.5,5.680469621
1,3,0,1,0,3,5,5.704302825
1,3,0,1,0,3,2.5,5.732696877
1,3,0,1,1,0,7.5,5.010648119
1,3,0,1,1,0,5,5.039400909
1,3,0,1,1,0,2.5,5.083920229
1,3,0,1,1,1,7.5,5.26971109
1,3,0,1,1,1,5,5.290618995
1,3,0,1,1,1,2.5,5.31934034
1,3,0,1,1,2,7.5,5.658643295
1,3,0,1,1,2,5,5.673669383
1,3,0,1,1,2,2.5,5.689702574
1,3,0,1,1,3,7.5,6.097874066
1,3,0,1,1,3,5,6.100294256
1,3,0,1,1,3,2.5,6.099994403
1,3,0,1,2,0,7.5,5.359220518
1,3,0,1,2,0,5,5.395308385
1,3,0,1,2,0,2.5,5.436886321
1,3,0,1,2,1,7.5,5.645396404
1,3,0,1,2,1,5,5.658175944
1,3,0,1,2,1,2.5,5.672306432
1,3,0,1,2,2,7.5,6.054221412
1,3,0,1,2,2,5,6.049238521
1,3,0,1,2,2,2.5,6.042668666
1,3,0,1,2,3,7.5,6.500422705
1,3,0,1,2,3,5,6.478234214
1,3,0,1,2,3,2.5,6.452960495
1,3,0,1,3,0,7.5,5.74982407
1,3,0,1,3,0,5,5.769844626
1,3,0,1,3,0,2.5,5.789852413
1,3,0,1,3,1,7.5,6.038766707
1,3,0,1,3,1,5,6.032712186
1,3,0,1,3,1,2.5,6.025272523
1,3,0,1,3,2,7.5,6.449494609
1,3,0,1,3,2,5,6.423774763
1,3,0,1,3,2,2.5,6.395634757
1,3,0,1,3,3,7.5,6.896258972
1,3,0,1,3,3,5,6.852770456
1,3,0,1,3,3,2.5,6.805926587
1,3,0,2,0,0,7.5,5.11456119
1,3,0,2,0,0,5,5.127908195
1,3,0,2,0,0,2.5,5.14601775
1,3,0,2,0,1,7.5,5.276334535
1,3,0,2,0,1,5,5.299915059
1,3,0,2,0,1,2.5,5.332387447
1,3,0,2,0,2,7.5,5.586775665
1,3,0,2,0,2,5,5.623242842
1,3,0,2,0,2,2.5,5.66901415
1,3,0,2,0,3,7.5,5.990910752
1,3,0,2,0,3,5,6.027630608
1,3,0,2,0,3,2.5,6.06932358
1,3,0,2,1,0,7.5,5.321089249
1,3,0,2,1,0,5,5.362728692
1,3,0,2,1,0,2.5,5.420546933
1,3,0,2,1,1,7.5,5.58015222
1,3,0,2,1,1,5,5.613946779
1,3,0,2,1,1,2.5,5.655967043
1,3,0,2,1,2,7.5,5.969084425
1,3,0,2,1,2,5,5.996997167
1,3,0,2,1,2,2.5,6.026329277
1,3,0,2,1,3,7.5,6.408315196
1,3,0,2,1,3,5,6.42362204
1,3,0,2,1,3,2.5,6.436621106
1,3,0,2,2,0,7.5,5.669661648
1,3,0,2,2,0,5,5.718636168
1,3,0,2,2,0,2.5,5.773513024
1,3,0,2,2,1,7.5,5.955837535
1,3,0,2,2,1,5,5.981503728
1,3,0,2,2,1,2.5,6.008933135
1,3,0,2,2,2,7.5,6.364662543
1,3,0,2,2,2,5,6.372566305
1,3,0,2,2,2,2.5,6.379295369
1,3,0,2,2,3,7.5,6.810863835
1,3,0,2,2,3,5,6.801561997
1,3,0,2,2,3,2.5,6.789587198
1,3,0,2,3,0,7.5,6.060265201
1,3,0,2,3,0,5,6.09317241
1,3,0,2,3,0,2.5,6.126479116
1,3,0,2,3,1,7.5,6.349207837
1,3,0,2,3,1,5,6.35603997
1,3,0,2,3,1,2.5,6.361899227
1,3,0,2,3,2,7.5,6.75993574
1,3,0,2,3,2,5,6.747102546
1,3,0,2,3,2,2.5,6.73226146
1,3,0,2,3,3,7.5,7.206700102
1,3,0,2,3,3,5,7.176098239
1,3,0,2,3,3,2.5,7.14255329
1,3,0,3,0,0,7.5,5.518696277
1,3,0,3,0,0,5,5.532295961
1,3,0,3,0,0,2.5,5.546327181
1,3,0,3,0,1,7.5,5.680469621
1,3,0,3,0,1,5,5.704302825
1,3,0,3,0,1,2.5,5.732696877
1,3,0,3,0,2,7.5,5.990910752
1,3,0,3,0,2,5,6.027630608
1,3,0,3,0,2,2.5,6.06932358
1,3,0,3,0,3,7.5,6.395045838
1,3,0,3,0,3,5,6.432018374
1,3,0,3,0,3,2.5,6.469633011
1,3,0,3,1,0,7.5,5.725224335
1,3,0,3,1,0,5,5.767116458
1,3,0,3,1,0,2.5,5.820856363
1,3,0,3,1,1,7.5,5.984287307
1,3,0,3,1,1,5,6.018334545
1,3,0,3,1,1,2.5,6.056276474
1,3,0,3,1,2,7.5,6.373219512
1,3,0,3,1,2,5,6.401384933
1,3,0,3,1,2,2.5,6.426638708
1,3,0,3,1,3,7.5,6.812450282
1,3,0,3,1,3,5,6.828009806
1,3,0,3,1,3,2.5,6.836930537
1,3,0,3,2,0,7.5,6.073796735
1,3,0,3,2,0,5,6.123023934
1,3,0,3,2,0,2.5,6.173822455
1,3,0,3,2,1,7.5,6.359972621
1,3,0,3,2,1,5,6.385891494
1,3,0,3,2,1,2.5,6.409242565
1,3,0,3,2,2,7.5,6.768797629
1,3,0,3,2,2,5,6.776954071
1,3,0,3,2,2,2.5,6.779604799
1,3,0,3,2,3,7.5,7.214998922
1,3,0,3,2,3,5,7.205949763
1,3,0,3,2,3,2.5,7.189896629
1,3,0,3,3,0,7.5,6.464400287
1,3,0,3,3,0,5,6.497560176
1,3,0,3,3,0,2.5,6.526788547
1,3,0,3,3,1,7.5,6.753342923
1,3,0,3,3,1,5,6.760427735
1,3,0,3,3,1,2.5,6.762208657
1,3,0,3,3,2,7.5,7.164070826
1,3,0,3,3,2,5,7.151490312
1,3,0,3,3,2,2.5,7.132570891
1,3,0,3,3,3,7.5,7.610835189
1,3,0,3,3,3,5,7.580486005
1,3,0,3,3,3,2.5,7.54286272
1,3,1,0,0,0,7.5,4.848874774
1,3,1,0,0,0,5,4.867394045
1,3,1,0,0,0,2.5,4.897550533
1,3,1,0,0,1,7.5,5.010648119
1,3,1,0,0,1,5,5.039400909
1,3,1,0,0,1,2.5,5.083920229
1,3,1,0,0,2,7.5,5.321089249
1,3,1,0,0,2,5,5.362728692
1,3,1,0,0,2,2.5,5.420546933
1,3,1,0,0,3,7.5,5.725224335
1,3,1,0,0,3,5,5.767116458
1,3,1,0,0,3,2.5,5.820856363
1,3,1,0,1,0,7.5,5.055402833
1,3,1,0,1,0,5,5.102214543
1,3,1,0,1,0,2.5,5.172079715
1,3,1,0,1,1,7.5,5.314465804
1,3,1,0,1,1,5,5.353432629
1,3,1,0,1,1,2.5,5.407499826
1,3,1,0,1,2,7.5,5.703398009
1,3,1,0,1,2,5,5.736483017
1,3,1,0,1,2,2.5,5.77786206
1,3,1,0,1,3,7.5,6.14262878
1,3,1,0,1,3,5,6.16310789
1,3,1,0,1,3,2.5,6.188153889
1,3,1,0,2,0,7.5,5.403975232
1,3,1,0,2,0,5,5.458122018
1,3,1,0,2,0,2.5,5.525045807
1,3,1,0,2,1,7.5,5.690151118
1,3,1,0,2,1,5,5.720989578
1,3,1,0,2,1,2.5,5.760465918
1,3,1,0,2,2,7.5,6.098976126
1,3,1,0,2,2,5,6.112052155
1,3,1,0,2,2,2.5,6.130828152
1,3,1,0,2,3,7.5,6.545177419
1,3,1,0,2,3,5,6.541047847
1,3,1,0,2,3,2.5,6.541119981
1,3,1,0,3,0,7.5,5.794578784
1,3,1,0,3,0,5,5.83265826
1,3,1,0,3,0,2.5,5.878011899
1,3,1,0,3,1,7.5,6.083521421
1,3,1,0,3,1,5,6.09552582
1,3,1,0,3,1,2.5,6.113432009
1,3,1,0,3,2,7.5,6.494249323
1,3,1,0,3,2,5,6.486588397
1,3,1,0,3,2,2.5,6.483794243
1,3,1,0,3,3,7.5,6.941013686
1,3,1,0,3,3,5,6.915584089
1,3,1,0,3,3,2.5,6.894086073
1,3,1,1,0,0,7.5,5.107937745
1,3,1,1,0,0,5,5.118612132
1,3,1,1,0,0,2.5,5.132970643
1,3,1,1,0,1,7.5,5.26971109
1,3,1,1,0,1,5,5.290618995
1,3,1,1,0,1,2.5,5.31934034
1,3,1,1,0,2,7.5,5.58015222
1,3,1,1,0,2,5,5.613946779
1,3,1,1,0,2,2.5,5.655967043
1,3,1,1,0,3,7.5,5.984287307
1,3,1,1,0,3,5,6.018334545
1,3,1,1,0,3,2.5,6.056276474
1,3,1,1,1,0,7.5,5.314465804
1,3,1,1,1,0,5,5.353432629
1,3,1,1,1,0,2.5,5.407499826
1,3,1,1,1,1,7.5,5.573528775
1,3,1,1,1,1,5,5.604650715
1,3,1,1,1,1,2.5,5.642919936
1,3,1,1,1,2,7.5,5.96246098
1,3,1,1,1,2,5,5.987701103
1,3,1,1,1,2,2.5,6.01328217
1,3,1,1,1,3,7.5,6.401691751
1,3,1,1,1,3,5,6.414325976
1,3,1,1,1,3,2.5,6.423574
1,3,1,1,2,0,7.5,5.663038203
1,3,1,1,2,0,5,5.709340105
1,3,1,1,2,0,2.5,5.760465918
1,3,1,1,2,1,7.5,5.949214089
1,3,1,1,2,1,5,5.972207664
1,3,1,1,2,1,2.5,5.995886028
1,3,1,1,2,2,7.5,6.358039097
1,3,1,1,2,2,5,6.363270241
1,3,1,1,2,2,2.5,6.366248262
1,3,1,1,2,3,7.5,6.80424039
1,3,1,1,2,3,5,6.792265934
1,3,1,1,2,3,2.5,6.776540092
1,3,1,1,3,0,7.5,6.053641755
1,3,1,1,3,0,5,6.083876346
1,3,1,1,3,0,2.5,6.113432009
1,3,1,1,3,1,7.5,6.342584392
1,3,1,1,3,1,5,6.346743906
1,3,1,1,3,1,2.5,6.34885212
1,3,1,1,3,2,7.5,6.753312294
1,3,1,1,3,2,5,6.737806483
1,3,1,1,3,2,2.5,6.719214354
1,3,1,1,3,3,7.5,7.200076657
1,3,1,1,3,3,5,7.166802176
1,3,1,1,3,3,2.5,7.129506183
1,3,1,2,0,0,7.5,5.49686995
1,3,1,2,0,0,5,5.50166252
1,3,1,2,0,0,2.5,5.503332877
1,3,1,2,0,1,7.5,5.658643295
1,3,1,2,0,1,5,5.673669383
1,3,1,2,0,1,2.5,5.689702574
1,3,1,2,0,2,7.5,5.969084425
1,3,1,2,0,2,5,5.996997167
1,3,1,2,0,2,2.5,6.026329277
1,3,1,2,0,3,7.5,6.373219512
1,3,1,2,0,3,5,6.401384933
1,3,1,2,0,3,2.5,6.426638708
1,3,1,2,1,0,7.5,5.703398009
1,3,1,2,1,0,5,5.736483017
1,3,1,2,1,0,2.5,5.77786206
1,3,1,2,1,1,7.5,5.96246098
1,3,1,2,1,1,5,5.987701103
1,3,1,2,1,1,2.5,6.01328217
1,3,1,2,1,2,7.5,6.351393185
1,3,1,2,1,2,5,6.370751492
1,3,1,2,1,2,2.5,6.383644404
1,3,1,2,1,3,7.5,6.790623956
1,3,1,2,1,3,5,6.797376365
1,3,1,2,1,3,2.5,6.793936234
1,3,1,2,2,0,7.5,6.051970408
1,3,1,2,2,0,5,6.092390493
1,3,1,2,2,0,2.5,6.130828152
1,3,1,2,2,1,7.5,6.338146294
1,3,1,2,2,1,5,6.355258053
1,3,1,2,2,1,2.5,6.366248262
1,3,1,2,2,2,7.5,6.746971302
1,3,1,2,2,2,5,6.746320629
1,3,1,2,2,2,2.5,6.736610496
1,3,1,2,2,3,7.5,7.193172595
1,3,1,2,2,3,5,7.175316322
1,3,1,2,2,3,2.5,7.146902325
1,3,1,2,3,0,7.5,6.44257396
1,3,1,2,3,0,5,6.466926735
1,3,1,2,3,0,2.5,6.483794243
1,3,1,2,3,1,7.5,6.731516597
1,3,1,2,3,1,5,6.729794294
1,3,1,2,3,1,2.5,6.719214354
1,3,1,2,3,2,7.5,7.142244499
1,3,1,2,3,2,5,7.120856871
1,3,1,2,3,2,2.5,7.089576588
1,3,1,2,3,3,7.5,7.589008862
1,3,1,2,3,3,5,7.549852564
1,3,1,2,3,3,2.5,7.499868417
1,3,1,3,0,0,7.5,5.936100721
1,3,1,3,0,0,5,5.928287393
1,3,1,3,0,0,2.5,5.913624707
1,3,1,3,0,1,7.5,6.097874066
1,3,1,3,0,1,5,6.100294256
1,3,1,3,0,1,2.5,6.099994403
1,3,1,3,0,2,7.5,6.408315196
1,3,1,3,0,2,5,6.42362204
1,3,1,3,0,2,2.5,6.436621106
1,3,1,3,0,3,7.5,6.812450282
1,3,1,3,0,3,5,6.828009806
1,3,1,3,0,3,2.5,6.836930537
1,3,1,3,1,0,7.5,6.14262878
1,3,1,3,1,0,5,6.16310789
1,3,1,3,1,0,2.5,6.188153889
1,3,1,3,1,1,7.5,6.401691751
1,3,1,3,1,1,5,6.414325976
1,3,1,3,1,1,2.5,6.423574
1,3,1,3,1,2,7.5,6.790623956
1,3,1,3,1,2,5,6.797376365
1,3,1,3,1,2,2.5,6.793936234
1,3,1,3,1,3,7.5,7.229854727
1,3,1,3,1,3,5,7.224001237
1,3,1,3,1,3,2.5,7.204228063
1,3,1,3,2,0,7.5,6.491201179
1,3,1,3,2,0,5,6.519015366
1,3,1,3,2,0,2.5,6.541119981
1,3,1,3,2,1,7.5,6.777377065
1,3,1,3,2,1,5,6.781882925
1,3,1,3,2,1,2.5,6.776540092
1,3,1,3,2,2,7.5,7.186202073
1,3,1,3,2,2,5,7.172945502
1,3,1,3,2,2,2.5,7.146902325
1,3,1,3,2,3,7.5,7.632403366
1,3,1,3,2,3,5,7.601941195
1,3,1,3,2,3,2.5,7.557194155
1,3,1,3,3,0,7.5,6.881804731
1,3,1,3,3,0,5,6.893551608
1,3,1,3,3,0,2.5,6.894086073
1,3,1,3,3,1,7.5,7.170747368
1,3,1,3,3,1,5,7.156419167
1,3,1,3,3,1,2.5,7.129506183
1,3,1,3,3,2,7.5,7.58147527
1,3,1,3,3,2,5,7.547481744
1,3,1,3,3,2,2.5,7.499868417
1,3,1,3,3,3,7.5,8.028239633
1,3,1,3,3,3,5,7.976477437
1,3,1,3,3,3,2.5,7.910160247
1,3,2,0,0,0,7.5,5.197447173
1,3,2,0,0,0,5,5.223301521
1,3,2,0,0,0,2.5,5.250516625
1,3,2,0,0,1,7.5,5.359220518
1,3,2,0,0,1,5,5.395308385
1,3,2,0,0,1,2.5,5.436886321
1,3,2,0,0,2,7.5,5.669661648
1,3,2,0,0,2,5,5.718636168
1,3,2,0,0,2,2.5,5.773513024
1,3,2,0,0,3,7.5,6.073796735
1,3,2,0,0,3,5,6.123023934
1,3,2,0,0,3,2.5,6.173822455
1,3,2,0,1,0,7.5,5.403975232
1,3,2,0,1,0,5,5.458122018
1,3,2,0,1,0,2.5,5.525045807
1,3,2,0,1,1,7.5,5.663038203
1,3,2,0,1,1,5,5.709340105
1,3,2,0,1,1,2.5,5.760465918
1,3,2,0,1,2,7.5,6.051970408
1,3,2,0,1,2,5,6.092390493
1,3,2,0,1,2,2.5,6.130828152
1,3,2,0,1,3,7.5,6.491201179
1,3,2,0,1,3,5,6.519015366
1,3,2,0,1,3,2.5,6.541119981
1,3,2,0,2,0,7.5,5.752547631
1,3,2,0,2,0,5,5.814029494
1,3,2,0,2,0,2.5,5.878011899
1,3,2,0,2,1,7.5,6.038723517
1,3,2,0,2,1,5,6.076897054
1,3,2,0,2,1,2.5,6.113432009
1,3,2,0,2,2,7.5,6.447548525
1,3,2,0,2,2,5,6.467959631
1,3,2,0,2,2,2.5,6.483794243
1,3,2,0,2,3,7.5,6.893749818
1,3,2,0,2,3,5,6.896955323
1,3,2,0,2,3,2.5,6.894086073
1,3,2,0,3,0,7.5,6.143151183
1,3,2,0,3,0,5,6.188565736
1,3,2,0,3,0,2.5,6.230977991
1,3,2,0,3,1,7.5,6.43209382
1,3,2,0,3,1,5,6.451433296
1,3,2,0,3,1,2.5,6.466398101
1,3,2,0,3,2,7.5,6.842821722
1,3,2,0,3,2,5,6.842495872
1,3,2,0,3,2,2.5,6.836760335
1,3,2,0,3,3,7.5,7.289586085
1,3,2,0,3,3,5,7.271491565
1,3,2,0,3,3,2.5,7.247052164
1,3,2,1,0,0,7.5,5.483623059
1,3,2,1,0,0,5,5.486169081
1,3,2,1,0,0,2.5,5.485936735
1,3,2,1,0,1,7.5,5.645396404
1,3,2,1,0,1,5,5.658175944
1,3,2,1,0,1,2.5,5.672306432
1,3,2,1,0,2,7.5,5.955837535
1,3,2,1,0,2,5,5.981503728
1,3,2,1,0,2,2.5,6.008933135
1,3,2,1,0,3,7.5,6.359972621
1,3,2,1,0,3,5,6.385891494
1,3,2,1,0,3,2.5,6.409242565
1,3,2,1,1,0,7.5,5.690151118
1,3,2,1,1,0,5,5.720989578
1,3,2,1,1,0,2.5,5.760465918
1,3,2,1,1,1,7.5,5.949214089
1,3,2,1,1,1,5,5.972207664
1,3,2,1,1,1,2.5,5.995886028
1,3,2,1,1,2,7.5,6.338146294
1,3,2,1,1,2,5,6.355258053
1,3,2,1,1,2,2.5,6.366248262
1,3,2,1,1,3,7.5,6.777377065
1,3,2,1,1,3,5,6.781882925
1,3,2,1,1,3,2.5,6.776540092
1,3,2,1,2,0,7.5,6.038723517
1,3,2,1,2,0,5,6.076897054
1,3,2,1,2,0,2.5,6.113432009
1,3,2,1,2,1,7.5,6.324899404
1,3,2,1,2,1,5,6.339764613
1,3,2,1,2,1,2.5,6.34885212
1,3,2,1,2,2,7.5,6.733724412
1,3,2,1,2,2,5,6.73082719
1,3,2,1,2,2,2.5,6.719214354
1,3,2,1,2,3,7.5,7.179925705
1,3,2,1,2,3,5,7.159822883
1,3,2,1,2,3,2.5,7.129506183
1,3,2,1,3,0,7.5,6.42932707
1,3,2,1,3,0,5,6.451433296
1,3,2,1,3,0,2.5,6.466398101
1,3,2,1,3,1,7.5,6.718269706
1,3,2,1,3,1,5,6.714300855
1,3,2,1,3,1,2.5,6.701818212
1,3,2,1,3,2,7.5,7.128997609
1,3,2,1,3,2,5,7.105363432
1,3,2,1,3,2,2.5,7.072180446
1,3,2,1,3,3,7.5,7.575761971
1,3,2,1,3,3,5,7.534359125
1,3,2,1,3,3,2.5,7.482472275
1,3,2,2,0,0,7.5,5.892448067
1,3,2,2,0,0,5,5.877231658
1,3,2,2,0,0,2.5,5.856298969
1,3,2,2,0,1,7.5,6.054221412
1,3,2,2,0,1,5,6.049238521
1,3,2,2,0,1,2.5,6.042668666
1,3,2,2,0,2,7.5,6.364662543
1,3,2,2,0,2,5,6.372566305
1,3,2,2,0,2,2.5,6.379295369
1,3,2,2,0,3,7.5,6.768797629
1,3,2,2,0,3,5,6.776954071
1,3,2,2,0,3,2.5,6.779604799
1,3,2,2,1,0,7.5,6.098976126
1,3,2,2,1,0,5,6.112052155
1,3,2,2,1,0,2.5,6.130828152
1,3,2,2,1,1,7.5,6.358039097
1,3,2,2,1,1,5,6.363270241
1,3,2,2,1,1,2.5,6.366248262
1,3,2,2,1,2,7.5,6.746971302
1,3,2,2,1,2,5,6.746320629
1,3,2,2,1,2,2.5,6.736610496
1,3,2,2,1,3,7.5,7.186202073
1,3,2,2,1,3,5,7.172945502
1,3,2,2,1,3,2.5,7.146902325
1,3,2,2,2,0,7.5,6.447548525
1,3,2,2,2,0,5,6.467959631
1,3,2,2,2,0,2.5,6.483794243
1,3,2,2,2,1,7.5,6.733724412
1,3,2,2,2,1,5,6.73082719
1,3,2,2,2,1,2.5,6.719214354
1,3,2,2,2,2,7.5,7.14254942
1,3,2,2,2,2,5,7.121889767
1,3,2,2,2,2,2.5,7.089576588
1,3,2,2,2,3,7.5,7.588750712
1,3,2,2,2,3,5,7.55088546
1,3,2,2,2,3,2.5,7.499868417
1,3,2,2,3,0,7.5,6.838152078
1,3,2,2,3,0,5,6.842495872
1,3,2,2,3,0,2.5,6.836760335
1,3,2,2,3,1,7.5,7.127094714
1,3,2,2,3,1,5,7.105363432
1,3,2,2,3,1,2.5,7.072180446
1,3,2,2,3,2,7.5,7.537822617
1,3,2,2,3,2,5,7.496426009
1,3,2,2,3,2,2.5,7.442542679
1,3,2,2,3,3,7.5,7.984586979
1,3,2,2,3,3,5,7.925421702
1,3,2,2,3,3,2.5,7.852834509
1,3,2,3,0,0,7.5,6.33864936
1,3,2,3,0,0,5,6.30622735
1,3,2,3,0,0,2.5,6.266590799
1,3,2,3,0,1,7.5,6.500422705
1,3,2,3,0,1,5,6.478234214
1,3,2,3,0,1,2.5,6.452960495
1,3,2,3,0,2,7.5,6.810863835
1,3,2,3,0,2,5,6.801561997
1,3,2,3,0,2,2.5,6.789587198
1,3,2,3,0,3,7.5,7.214998922
1,3,2,3,0,3,5,7.205949763
1,3,2,3,0,3,2.5,7.189896629
1,3,2,3,1,0,7.5,6.545177419
1,3,2,3,1,0,5,6.541047847
1,3,2,3,1,0,2.5,6.541119981
1,3,2,3,1,1,7.5,6.80424039
1,3,2,3,1,1,5,6.792265934
1,3,2,3,1,1,2.5,6.776540092
1,3,2,3,1,2,7.5,7.193172595
1,3,2,3,1,2,5,7.175316322
1,3,2,3,1,2,2.5,7.146902325
1,3,2,3,1,3,7.5,7.632403366
1,3,2,3,1,3,5,7.601941195
1,3,2,3,1,3,2.5,7.557194155
1,3,2,3,2,0,7.5,6.893749818
1,3,2,3,2,0,5,6.896955323
1,3,2,3,2,0,2.5,6.894086073
1,3,2,3,2,1,7.5,7.179925705
1,3,2,3,2,1,5,7.159822883
1,3,2,3,2,1,2.5,7.129506183
1,3,2,3,2,2,7.5,7.588750712
1,3,2,3,2,2,5,7.55088546
1,3,2,3,2,2,2.5,7.499868417
1,3,2,3,2,3,7.5,8.034952005
1,3,2,3,2,3,5,7.979881152
1,3,2,3,2,3,2.5,7.910160247
1,3,2,3,3,0,7.5,7.284353371
1,3,2,3,3,0,5,7.271491565
1,3,2,3,3,0,2.5,7.247052164
1,3,2,3,3,1,7.5,7.573296007
1,3,2,3,3,1,5,7.534359125
1,3,2,3,3,1,2.5,7.482472275
1,3,2,3,3,2,7.5,7.98402391
1,3,2,3,3,2,5,7.925421702
1,3,2,3,3,2,2.5,7.852834509
1,3,2,3,3,3,7.5,8.430788272
1,3,2,3,3,3,5,8.354417394
1,3,2,3,3,3,2.5,8.263126338
1,3,3,0,0,0,7.5,5.588050725
1,3,3,0,0,0,5,5.597837763
1,3,3,0,0,0,2.5,5.603482716
1,3,3,0,0,1,7.5,5.74982407
1,3,3,0,0,1,5,5.769844626
1,3,3,0,0,1,2.5,5.789852413
1,3,3,0,0,2,7.5,6.060265201
1,3,3,0,0,2,5,6.09317241
1,3,3,0,0,2,2.5,6.126479116
1,3,3,0,0,3,7.5,6.464400287
1,3,3,0,0,3,5,6.497560176
1,3,3,0,0,3,2.5,6.526788547
1,3,3,0,1,0,7.5,5.794578784
1,3,3,0,1,0,5,5.83265826
1,3,3,0,1,0,2.5,5.878011899
1,3,3,0,1,1,7.5,6.053641755
1,3,3,0,1,1,5,6.083876346
1,3,3,0,1,1,2.5,6.113432009
1,3,3,0,1,2,7.5,6.44257396
1,3,3,0,1,2,5,6.466926735
1,3,3,0,1,2,2.5,6.483794243
1,3,3,0,1,3,7.5,6.881804731
1,3,3,0,1,3,5,6.893551608
1,3,3,0,1,3,2.5,6.894086073
1,3,3,0,2,0,7.5,6.143151183
1,3,3,0,2,0,5,6.188565736
1,3,3,0,2,0,2.5,6.230977991
1,3,3,0,2,1,7.5,6.42932707
1,3,3,0,2,1,5,6.451433296
1,3,3,0,2,1,2.5,6.466398101
1,3,3,0,2,2,7.5,6.838152078
1,3,3,0,2,2,5,6.842495872
1,3,3,0,2,2,2.5,6.836760335
1,3,3,0,2,3,7.5,7.284353371
1,3,3,0,2,3,5,7.271491565
1,3,3,0,2,3,2.5,7.247052164
1,3,3,0,3,0,7.5,6.533754736
1,3,3,0,3,0,5,6.563101978
1,3,3,0,3,0,2.5,6.583944082
1,3,3,0,3,1,7.5,6.822697372
1,3,3,0,3,1,5,6.825969537
1,3,3,0,3,1,2.5,6.819364193
1,3,3,0,3,2,7.5,7.233425275
1,3,3,0,3,2,5,7.217032114
1,3,3,0,3,2,2.5,7.189726427
1,3,3,0,3,3,7.5,7.680189637
1,3,3,0,3,3,5,7.646027807
1,3,3,0,3,3,2.5,7.600018256
1,3,3,1,0,0,7.5,5.876993362
1,3,3,1,0,0,5,5.860705323
1,3,3,1,0,0,2.5,5.838902827
1,3,3,1,0,1,7.5,6.038766707
1,3,3,1,0,1,5,6.032712186
1,3,3,1,0,1,2.5,6.025272523
1,3,3,1,0,2,7.5,6.349207837
1,3,3,1,0,2,5,6.35603997
1,3,3,1,0,2,2.5,6.361899227
1,3,3,1,0,3,7.5,6.753342923
1,3,3,1,0,3,5,6.760427735
1,3,3,1,0,3,2.5,6.762208657
1,3,3,1,1,0,7.5,6.083521421
1,3,3,1,1,0,5,6.09552582
1,3,3,1,1,0,2.5,6.113432009
1,3,3,1,1,1,7.5,6.342584392
1,3,3,1,1,1,5,6.346743906
1,3,3,1,1,1,2.5,6.34885212
1,3,3,1,1,2,7.5,6.731516597
1,3,3,1,1,2,5,6.729794294
1,3,3,1,1,2,2.5,6.719214354
1,3,3,1,1,3,7.5,7.170747368
1,3,3,1,1,3,5,7.156419167
1,3,3,1,1,3,2.5,7.129506183
1,3,3,1,2,0,7.5,6.43209382
1,3,3,1,2,0,5,6.451433296
1,3,3,1,2,0,2.5,6.466398101
1,3,3,1,2,1,7.5,6.718269706
1,3,3,1,2,1,5,6.714300855
1,3,3,1,2,1,2.5,6.701818212
1,3,3,1,2,2,7.5,7.127094714
1,3,3,1,2,2,5,7.105363432
1,3,3,1,2,2,2.5,7.072180446
1,3,3,1,2,3,7.5,7.573296007
1,3,3,1,2,3,5,7.534359125
1,3,3,1,2,3,2.5,7.482472275
1,3,3,1,3,0,7.5,6.822697372
1,3,3,1,3,0,5,6.825969537
1,3,3,1,3,0,2.5,6.819364193
1,3,3,1,3,1,7.5,7.111640008
1,3,3,1,3,1,5,7.088837097
1,3,3,1,3,1,2.5,7.054784303
1,3,3,1,3,2,7.5,7.522367911
1,3,3,1,3,2,5,7.479899674
1,3,3,1,3,2,2.5,7.425146537
1,3,3,1,3,3,7.5,7.969132274
1,3,3,1,3,3,5,7.908895366
1,3,3,1,3,3,2.5,7.835438367
1,3,3,2,0,0,7.5,6.287721264
1,3,3,2,0,0,5,6.2517679
1,3,3,2,0,0,2.5,6.209265061
1,3,3,2,0,1,7.5,6.449494609
1,3,3,2,0,1,5,6.423774763
1,3,3,2,0,1,2.5,6.395634757
1,3,3,2,0,2,7.5,6.75993574
1,3,3,2,0,2,5,6.747102546
1,3,3,2,0,2,2.5,6.73226146
1,3,3,2,0,3,7.5,7.164070826
1,3,3,2,0,3,5,7.151490312
1,3,3,2,0,3,2.5,7.132570891
1,3,3,2,1,0,7.5,6.494249323
1,3,3,2,1,0,5,6.486588397
1,3,3,2,1,0,2.5,6.483794243
1,3,3,2,1,1,7.5,6.753312294
1,3,3,2,1,1,5,6.737806483
1,3,3,2,1,1,2.5,6.719214354
1,3,3,2,1,2,7.5,7.142244499
1,3,3,2,1,2,5,7.120856871
1,3,3,2,1,2,2.5,7.089576588
1,3,3,2,1,3,7.5,7.58147527
1,3,3,2,1,3,5,7.547481744
1,3,3,2,1,3,2.5,7.499868417
1,3,3,2,2,0,7.5,6.842821722
1,3,3,2,2,0,5,6.842495872
1,3,3,2,2,0,2.5,6.836760335
1,3,3,2,2,1,7.5,7.128997609
1,3,3,2,2,1,5,7.105363432
1,3,3,2,2,1,2.5,7.072180446
1,3,3,2,2,2,7.5,7.537822617
1,3,3,2,2,2,5,7.496426009
1,3,3,2,2,2,2.5,7.442542679
1,3,3,2,2,3,7.5,7.98402391
1,3,3,2,2,3,5,7.925421702
1,3,3,2,2,3,2.5,7.852834509
1,3,3,2,3,0,7.5,7.233425275
1,3,3,2,3,0,5,7.217032114
1,3,3,2,3,0,2.5,7.189726427
1,3,3,2,3,1,7.5,7.522367911
1,3,3,2,3,1,5,7.479899674
1,3,3,2,3,1,2.5,7.425146537
1,3,3,2,3,2,7.5,7.933095814
1,3,3,2,3,2,5,7.870962251
1,3,3,2,3,2,2.5,7.795508771
1,3,3,2,3,3,7.5,8.379860176
1,3,3,2,3,3,5,8.299957943
1,3,3,2,3,3,2.5,8.205800601
1,3,3,3,0,0,7.5,6.734485627
1,3,3,3,0,0,5,6.680763592
1,3,3,3,0,0,2.5,6.61955689
1,3,3,3,0,1,7.5,6.896258972
1,3,3,3,0,1,5,6.852770456
1,3,3,3,0,1,2.5,6.805926587
1,3,3,3,0,2,7.5,7.206700102
1,3,3,3,0,2,5,7.176098239
1,3,3,3,0,2,2.5,7.14255329
1,3,3,3,0,3,7.5,7.610835189
1,3,3,3,0,3,5,7.580486005
1,3,3,3,0,3,2.5,7.54286272
1,3,3,3,1,0,7.5,6.941013686
1,3,3,3,1,0,5,6.915584089
1,3,3,3,1,0,2.5,6.894086073
1,3,3,3,1,1,7.5,7.200076657
1,3,3,3,1,1,5,7.166802176
1,3,3,3,1,1,2.5,7.129506183
1,3,3,3,1,2,7.5,7.589008862
1,3,3,3,1,2,5,7.549852564
1,3,3,3,1,2,2.5,7.499868417
1,3,3,3,1,3,7.5,8.028239633
1,3,3,3,1,3,5,7.976477437
1,3,3,3,1,3,2.5,7.910160247
1,3,3,3,2,0,7.5,7.289586085
1,3,3,3,2,0,5,7.271491565
1,3,3,3,2,0,2.5,7.247052164
1,3,3,3,2,1,7.5,7.575761971
1,3,3,3,2,1,5,7.534359125
1,3,3,3,2,1,2.5,7.482472275
1,3,3,3,2,2,7.5,7.984586979
1,3,3,3,2,2,5,7.925421702
1,3,3,3,2,2,2.5,7.852834509
1,3,3,3,2,3,7.5,8.430788272
1,3,3,3,2,3,5,8.354417394
1,3,3,3,2,3,2.5,8.263126338
1,3,3,3,3,0,7.5,7.680189637
1,3,3,3,3,0,5,7.646027807
1,3,3,3,3,0,2.5,7.600018256
1,3,3,3,3,1,7.5,7.969132274
1,3,3,3,3,1,5,7.908895366
1,3,3,3,3,1,2.5,7.835438367
1,3,3,3,3,2,7.5,8.379860176
1,3,3,3,3,2,5,8.299957943
1,3,3,3,3,2,2.5,8.205800601
1,3,3,3,3,3,7.5,8.826624539
1,3,3,3,3,3,5,8.728953636
1,3,3,3,3,3,2.5,8.61609243
2,0,0,0,0,0,7.5,4.032268895
2,0,0,0,0,0,5,4.041457903
2,0,0,0,0,0,2.5,4.023566782
2,0,0,0,0,1,7.5,4.214729473
2,0,0,0,0,1,5,4.218053236
2,0,0,0,0,1,2.5,4.213223951
2,0,0,0,0,2,7.5,4.529409708
2,0,0,0,0,2,5,4.544056242
2,0,0,0,0,2,2.5,4.550314035
2,0,0,0,0,3,7.5,4.934890143
2,0,0,0,0,3,5,4.948781788
2,0,0,0,0,3,2.5,4.950623466
2,0,0,0,1,0,7.5,4.255179749
2,0,0,0,1,0,5,4.2762784
2,0,0,0,1,0,2.5,4.298095964
2,0,0,0,1,1,7.5,4.521874974
2,0,0,0,1,1,5,4.53389295
2,0,0,0,1,1,2.5,4.537266929
2,0,0,0,1,2,7.5,4.913063817
2,0,0,0,1,2,5,4.918148347
2,0,0,0,1,2,2.5,4.907629163
2,0,0,0,1,3,7.5,5.352428895
2,0,0,0,1,3,5,5.34477322
2,0,0,0,1,3,2.5,5.317920992
2,0,0,0,2,0,7.5,4.603752148
2,0,0,0,2,0,5,4.632185876
2,0,0,0,2,0,2.5,4.651062056
2,0,0,0,2,1,7.5,4.898233651
2,0,0,0,2,1,5,4.901559953
2,0,0,0,2,1,2.5,4.890233021
2,0,0,0,2,2,7.5,5.308776242
2,0,0,0,2,2,5,5.293717485
2,0,0,0,2,2,2.5,5.260595254
2,0,0,0,2,3,7.5,5.754977535
2,0,0,0,2,3,5,5.722713177
2,0,0,0,2,3,2.5,5.670887084
2,0,0,0,3,0,7.5,4.994355701
2,0,0,0,3,0,5,5.006722117
2,0,0,0,3,0,2.5,5.004028147
2,0,0,0,3,1,7.5,5.291630091
2,0,0,0,3,1,5,5.276096194
2,0,0,0,3,1,2.5,5.243199112
2,0,0,0,3,2,7.5,5.704049439
2,0,0,0,3,2,5,5.668253727
2,0,0,0,3,2,2.5,5.613561346
2,0,0,0,3,3,7.5,6.150813802
2,0,0,0,3,3,5,6.097249419
2,0,0,0,3,3,2.5,6.023853176
2,0,0,1,0,0,7.5,4.214729473
2,0,0,1,0,0,5,4.218053236
2,0,0,1,0,0,2.5,4.213223951
2,0,0,1,0,1,7.5,4.398842315
2,0,0,1,0,1,5,4.410580623
2,0,0,1,0,1,2.5,4.409403587
2,0,0,1,0,2,7.5,4.721657203
2,0,0,1,0,2,5,4.740031178
2,0,0,1,0,2,2.5,4.752121298
2,0,0,1,0,3,7.5,5.128602909
2,0,0,1,0,3,5,5.146505059
2,0,0,1,0,3,2.5,5.153389579
2,0,0,1,1,0,7.5,4.439145173
2,0,0,1,1,0,5,4.467260987
2,0,0,1,1,0,2.5,4.487753133
2,0,0,1,1,1,7.5,4.713980961
2,0,0,1,1,1,5,4.729272064
2,0,0,1,1,1,2.5,4.736381554
2,0,0,1,1,2,7.5,5.106776582
2,0,0,1,1,2,5,5.115871618
2,0,0,1,1,2,2.5,5.110395276
2,0,0,1,1,3,7.5,5.546654687
2,0,0,1,1,3,5,5.542724218
2,0,0,1,1,3,2.5,5.520687105
2,0,0,1,2,0,7.5,4.794551517
2,0,0,1,2,0,5,4.823168463
2,0,0,1,2,0,2.5,4.840719225
2,0,0,1,2,1,7.5,5.091326301
2,0,0,1,2,1,5,5.097636127
2,0,0,1,2,1,2.5,5.089347646
2,0,0,1,2,2,7.5,5.503002033
2,0,0,1,2,2,5,5.491668483
2,0,0,1,2,2,2.5,5.463361368
2,0,0,1,2,3,7.5,5.949257411
2,0,0,1,2,3,5,5.920664176
2,0,0,1,2,3,2.5,5.873653197
2,0,0,1,3,0,7.5,5.18515507
2,0,0,1,3,0,5,5.197704705
2,0,0,1,3,0,2.5,5.193685317
2,0,0,1,3,1,7.5,5.484888293
2,0,0,1,3,1,5,5.472172368
2,0,0,1,3,1,2.5,5.442313738
2,0,0,1,3,2,7.5,5.898329316
2,0,0,1,3,2,5,5.866204725
2,0,0,1,3,2,2.5,5.816327459
2,0,0,1,3,3,7.5,6.345093678
2,0,0,1,3,3,5,6.295200417
2,0,0,1,3,3,2.5,6.226619289
2,0,0,2,0,0,7.5,4.529409708
2,0,0,2,0,0,5,4.544056242
2,0,0,2,0,0,2.5,4.550314035
2,0,0,2,0,1,7.5,4.721657203
2,0,0,2,0,1,5,4.740031178
2,0,0,2,0,1,2.5,4.752121298
2,0,0,2,0,2,7.5,5.047706396
2,0,0,2,0,2,5,5.073433858
2,0,0,2,0,2,2.5,5.09675671
2,0,0,2,0,3,7.5,5.456407521
2,0,0,2,0,3,5,5.48059092
2,0,0,2,0,3,2.5,5.498024991
2,0,0,2,1,0,7.5,4.759985424
2,0,0,2,1,0,5,4.792150321
2,0,0,2,1,0,2.5,4.824843218
2,0,0,2,1,1,7.5,5.039399664
2,0,0,2,1,1,5,5.061395742
2,0,0,2,1,1,2.5,5.080058116
2,0,0,2,1,2,7.5,5.434581194
2,0,0,2,1,2,5,5.449957479
2,0,0,2,1,2,2.5,5.455030688
2,0,0,2,1,3,7.5,5.87467564
2,0,0,2,1,3,5,5.876810079
2,0,0,2,1,3,2.5,5.865322517
2,0,0,2,2,0,7.5,5.114862774
2,0,0,2,2,0,5,5.148057796
2,0,0,2,2,0,2.5,5.17780931
2,0,0,2,2,1,7.5,5.417697304
2,0,0,2,2,1,5,5.429987531
2,0,0,2,2,1,2.5,5.433024208
2,0,0,2,2,2,7.5,5.831022986
2,0,0,2,2,2,5,5.825754344
2,0,0,2,2,2,2.5,5.80799678
2,0,0,2,2,3,7.5,6.277278364
2,0,0,2,2,3,5,6.254750037
2,0,0,2,2,3,2.5,6.218288609
2,0,0,2,3,0,7.5,5.505466327
2,0,0,2,3,0,5,5.522594038
2,0,0,2,3,0,2.5,5.530775401
2,0,0,2,3,1,7.5,5.811313381
2,0,0,2,3,1,5,5.804523773
2,0,0,2,3,1,2.5,5.785990299
2,0,0,2,3,2,7.5,6.226350268
2,0,0,2,3,2,5,6.200290586
2,0,0,2,3,2,2.5,6.160962871
2,0,0,2,3,3,7.5,6.673114631
2,0,0,2,3,3,5,6.629286278
2,0,0,2,3,3,2.5,6.571254701
2,0,0,3,0,0,7.5,4.934890143
2,0,0,3,0,0,5,4.948781788
2,0,0,3,0,0,2.5,4.950623466
2,0,0,3,0,1,7.5,5.128602909
2,0,0,3,0,1,5,5.146505059
2,0,0,3,0,1,2.5,5.153389579
2,0,0,3,0,2,7.5,5.456407521
2,0,0,3,0,2,5,5.48059092
2,0,0,3,0,2,2.5,5.498024991
2,0,0,3,0,3,7.5,5.865433156
2,0,0,3,0,3,5,5.887747983
2,0,0,3,0,3,2.5,5.899293272
2,0,0,3,1,0,7.5,5.164784983
2,0,0,3,1,0,5,5.19664814
2,0,0,3,1,0,2.5,5.225152648
2,0,0,3,1,1,7.5,5.447645144
2,0,0,3,1,1,5,5.468325077
2,0,0,3,1,1,2.5,5.481326397
2,0,0,3,1,2,7.5,5.843606829
2,0,0,3,1,2,5,5.857114542
2,0,0,3,1,2,2.5,5.856298969
2,0,0,3,1,3,7.5,6.283701275
2,0,0,3,1,3,5,6.283967142
2,0,0,3,1,3,2.5,6.266590799
2,0,0,3,2,0,7.5,5.519554163
2,0,0,3,2,0,5,5.552555615
2,0,0,3,2,0,2.5,5.57811874
2,0,0,3,2,1,7.5,5.82610504
2,0,0,3,2,1,5,5.836916866
2,0,0,3,2,1,2.5,5.834292489
2,0,0,3,2,2,7.5,6.240048621
2,0,0,3,2,2,5,6.232911407
2,0,0,3,2,2,2.5,6.209265061
2,0,0,3,2,3,7.5,6.686304
2,0,0,3,2,3,5,6.661907099
2,0,0,3,2,3,2.5,6.61955689
2,0,0,3,3,0,7.5,5.910157715
2,0,0,3,3,0,5,5.927091857
2,0,0,3,3,0,2.5,5.931084832
2,0,0,3,3,1,7.5,6.219721116
2,0,0,3,3,1,5,6.211453108
2,0,0,3,3,1,2.5,6.18725858
2,0,0,3,3,2,7.5,6.635375904
2,0,0,3,3,2,5,6.607447648
2,0,0,3,3,2,2.5,6.562231153
2,0,0,3,3,3,7.5,7.082140266
2,0,0,3,3,3,5,7.036443341
2,0,0,3,3,3,2.5,6.972522982
2,0,1,0,0,0,7.5,4.255179749
2,0,1,0,0,0,5,4.2762784
2,0,1,0,0,0,2.5,4.298095964
2,0,1,0,0,1,7.5,4.439145173
2,0,1,0,0,1,5,4.467260987
2,0,1,0,0,1,2.5,4.487753133
2,0,1,0,0,2,7.5,4.759985424
2,0,1,0,0,2,5,4.792150321
2,0,1,0,0,2,2.5,4.824843218
2,0,1,0,0,3,7.5,5.164784983
2,0,1,0,0,3,5,5.19664814
2,0,1,0,0,3,2.5,5.225152648
2,0,1,0,1,0,7.5,4.480309841
2,0,1,0,1,0,5,4.526467642
2,0,1,0,1,0,2.5,4.572625146
2,0,1,0,1,1,7.5,4.752950045
2,0,1,0,1,1,5,4.782854257
2,0,1,0,1,1,2.5,4.811796111
2,0,1,0,1,2,7.5,5.142958656
2,0,1,0,1,2,5,5.166014698
2,0,1,0,1,2,2.5,5.182158345
2,0,1,0,1,3,7.5,5.582215565
2,0,1,0,1,3,5,5.592639571
2,0,1,0,1,3,2.5,5.592450175
2,0,1,0,2,0,7.5,4.836182394
2,0,1,0,2,0,5,4.882375118
2,0,1,0,2,0,2.5,4.925591238
2,0,1,0,2,1,7.5,5.129191662
2,0,1,0,2,1,5,5.150521259
2,0,1,0,2,1,2.5,5.164762203
2,0,1,0,2,2,7.5,5.538562911
2,0,1,0,2,2,5,5.541583836
2,0,1,0,2,2,2.5,5.535124437
2,0,1,0,2,3,7.5,5.984764204
2,0,1,0,2,3,5,5.970579529
2,0,1,0,2,3,2.5,5.945416266
2,0,1,0,3,0,7.5,5.226785946
2,0,1,0,3,0,5,5.25691136
2,0,1,0,3,0,2.5,5.27855733
2,0,1,0,3,1,7.5,5.522588102
2,0,1,0,3,1,5,5.525057501
2,0,1,0,3,1,2.5,5.517728295
2,0,1,0,3,2,7.5,5.933836108
2,0,1,0,3,2,5,5.916120078
2,0,1,0,3,2,2.5,5.888090529
2,0,1,0,3,3,7.5,6.380600471
2,0,1,0,3,3,5,6.345115771
2,0,1,0,3,3,2.5,6.298382358
2,0,1,1,0,0,7.5,4.521874974
2,0,1,1,0,0,5,4.53389295
2,0,1,1,0,0,2.5,4.537266929
2,0,1,1,0,1,7.5,4.713980961
2,0,1,1,0,1,5,4.729272064
2,0,1,1,0,1,2.5,4.736381554
2,0,1,1,0,2,7.5,5.039399664
2,0,1,1,0,2,5,5.061395742
2,0,1,1,0,2,2.5,5.080058116
2,0,1,1,0,3,7.5,5.447645144
2,0,1,1,0,3,5,5.468325077
2,0,1,1,0,3,2.5,5.481326397
2,0,1,1,1,0,7.5,4.752950045
2,0,1,1,1,0,5,4.782854257
2,0,1,1,1,0,2.5,4.811796111
2,0,1,1,1,1,7.5,5.031092932
2,0,1,1,1,1,5,5.049357626
2,0,1,1,1,1,2.5,5.063359522
2,0,1,1,1,2,7.5,5.425818817
2,0,1,1,1,2,5,5.437691636
2,0,1,1,1,2,2.5,5.438332094
2,0,1,1,1,3,7.5,5.865859178
2,0,1,1,1,3,5,5.864544236
2,0,1,1,1,3,2.5,5.848623923
2,0,1,1,2,0,7.5,5.108239329
2,0,1,1,2,0,5,5.138761733
2,0,1,1,2,0,2.5,5.164762203
2,0,1,1,2,1,7.5,5.408934928
2,0,1,1,2,1,5,5.417721688
2,0,1,1,2,1,2.5,5.416325613
2,0,1,1,2,2,7.5,5.822206524
2,0,1,1,2,2,5,5.813488501
2,0,1,1,2,2,2.5,5.791298185
2,0,1,1,2,3,7.5,6.268461902
2,0,1,1,2,3,5,6.242484193
2,0,1,1,2,3,2.5,6.201590015
2,0,1,1,3,0,7.5,5.498842882
2,0,1,1,3,0,5,5.513297975
2,0,1,1,3,0,2.5,5.517728295
2,0,1,1,3,1,7.5,5.802496919
2,0,1,1,3,1,5,5.79225793
2,0,1,1,3,1,2.5,5.769291705
2,0,1,1,3,2,7.5,6.217533806
2,0,1,1,3,2,5,6.188024743
2,0,1,1,3,2,2.5,6.144264277
2,0,1,1,3,3,7.5,6.664298169
2,0,1,1,3,3,5,6.617020435
2,0,1,1,3,3,2.5,6.554556107
2,0,1,2,0,0,7.5,4.913063817
2,0,1,2,0,0,5,4.918148347
2,0,1,2,0,0,2.5,4.907629163
2,0,1,2,0,1,7.5,5.106776582
2,0,1,2,0,1,5,5.115871618
2,0,1,2,0,1,2.5,5.110395276
2,0,1,2,0,2,7.5,5.434581194
2,0,1,2,0,2,5,5.449957479
2,0,1,2,0,2,2.5,5.455030688
2,0,1,2,0,3,7.5,5.843606829
2,0,1,2,0,3,5,5.857114542
2,0,1,2,0,3,2.5,5.856298969
2,0,1,2,1,0,7.5,5.142958656
2,0,1,2,1,0,5,5.166014698
2,0,1,2,1,0,2.5,5.182158345
2,0,1,2,1,1,7.5,5.425818817
2,0,1,2,1,1,5,5.437691636
2,0,1,2,1,1,2.5,5.438332094
2,0,1,2,1,2,7.5,5.821780503
2,0,1,2,1,2,5,5.826481101
2,0,1,2,1,2,2.5,5.813304666
2,0,1,2,1,3,7.5,6.261874948
2,0,1,2,1,3,5,6.253333701
2,0,1,2,1,3,2.5,6.223596495
2,0,1,2,2,0,7.5,5.497727836
2,0,1,2,2,0,5,5.521922174
2,0,1,2,2,0,2.5,5.535124437
2,0,1,2,2,1,7.5,5.804278713
2,0,1,2,2,1,5,5.806283425
2,0,1,2,2,1,2.5,5.791298185
2,0,1,2,2,2,7.5,6.218222295
2,0,1,2,2,2,5,6.202277965
2,0,1,2,2,2,2.5,6.166270758
2,0,1,2,2,3,7.5,6.664477673
2,0,1,2,2,3,5,6.631273658
2,0,1,2,2,3,2.5,6.576562587
2,0,1,2,3,0,7.5,5.888331388
2,0,1,2,3,0,5,5.896458416
2,0,1,2,3,0,2.5,5.888090529
2,0,1,2,3,1,7.5,6.19789479
2,0,1,2,3,1,5,6.180819667
2,0,1,2,3,1,2.5,6.144264277
2,0,1,2,3,2,7.5,6.613549577
2,0,1,2,3,2,5,6.576814207
2,0,1,2,3,2,2.5,6.519236849
2,0,1,2,3,3,7.5,7.06031394
2,0,1,2,3,3,5,7.0058099
2,0,1,2,3,3,2.5,6.929528679
2,0,1,3,0,0,7.5,5.352428895
2,0,1,3,0,0,5,5.34477322
2,0,1,3,0,0,2.5,5.317920992
2,0,1,3,0,1,7.5,5.546654687
2,0,1,3,0,1,5,5.542724218
2,0,1,3,0,1,2.5,5.520687105
2,0,1,3,0,2,7.5,5.87467564
2,0,1,3,0,2,5,5.876810079
2,0,1,3,0,2,2.5,5.865322517
2,0,1,3,0,3,7.5,6.283701275
2,0,1,3,0,3,5,6.283967142
2,0,1,3,0,3,2.5,6.266590799
2,0,1,3,1,0,7.5,5.582215565
2,0,1,3,1,0,5,5.592639571
2,0,1,3,1,0,2.5,5.592450175
2,0,1,3,1,1,7.5,5.865859178
2,0,1,3,1,1,5,5.864544236
2,0,1,3,1,1,2.5,5.848623923
2,0,1,3,1,2,7.5,6.261874948
2,0,1,3,1,2,5,6.253333701
2,0,1,3,1,2,2.5,6.223596495
2,0,1,3,1,3,7.5,6.701969394
2,0,1,3,1,3,5,6.6801863
2,0,1,3,1,3,2.5,6.633888325
2,0,1,3,2,0,7.5,5.936984745
2,0,1,3,2,0,5,5.948547047
2,0,1,3,2,0,2.5,5.945416266
2,0,1,3,2,1,7.5,6.244319073
2,0,1,3,2,1,5,6.233136025
2,0,1,3,2,1,2.5,6.201590015
2,0,1,3,2,2,7.5,6.65831674
2,0,1,3,2,2,5,6.629130565
2,0,1,3,2,2,2.5,6.576562587
2,0,1,3,2,3,7.5,7.104572118
2,0,1,3,2,3,5,7.058126258
2,0,1,3,2,3,2.5,6.986854416
2,0,1,3,3,0,7.5,6.327588297
2,0,1,3,3,0,5,6.323083289
2,0,1,3,3,0,2.5,6.298382358
2,0,1,3,3,1,7.5,6.63793515
2,0,1,3,3,1,5,6.607672267
2,0,1,3,3,1,2.5,6.554556107
2,0,1,3,3,2,7.5,7.053644023
2,0,1,3,3,2,5,7.003666807
2,0,1,3,3,2,2.5,6.929528679
2,0,1,3,3,3,7.5,7.500408385
2,0,1,3,3,3,5,7.4326625
2,0,1,3,3,3,2.5,7.339820508
2,0,2,0,0,0,7.5,4.603752148
2,0,2,0,0,0,5,4.632185876
2,0,2,0,0,0,2.5,4.651062056
2,0,2,0,0,1,7.5,4.794551517
2,0,2,0,0,1,5,4.823168463
2,0,2,0,0,1,2.5,4.840719225
2,0,2,0,0,2,7.5,5.114862774
2,0,2,0,0,2,5,5.148057796
2,0,2,0,0,2,2.5,5.17780931
2,0,2,0,0,3,7.5,5.519554163
2,0,2,0,0,3,5,5.552555615
2,0,2,0,0,3,2.5,5.57811874
2,0,2,0,1,0,7.5,4.836182394
2,0,2,0,1,0,5,4.882375118
2,0,2,0,1,0,2.5,4.925591238
2,0,2,0,1,1,7.5,5.108239329
2,0,2,0,1,1,5,5.138761733
2,0,2,0,1,1,2.5,5.164762203
2,0,2,0,1,2,7.5,5.497727836
2,0,2,0,1,2,5,5.521922174
2,0,2,0,1,2,2.5,5.535124437
2,0,2,0,1,3,7.5,5.936984745
2,0,2,0,1,3,5,5.948547047
2,0,2,0,1,3,2.5,5.945416266
2,0,2,0,2,0,7.5,5.192054947
2,0,2,0,2,0,5,5.238282594
2,0,2,0,2,0,2.5,5.27855733
2,0,2,0,2,1,7.5,5.484480946
2,0,2,0,2,1,5,5.506428735
2,0,2,0,2,1,2.5,5.517728295
2,0,2,0,2,2,7.5,5.893332091
2,0,2,0,2,2,5,5.897491312
2,0,2,0,2,2,2.5,5.888090529
2,0,2,0,2,3,7.5,6.339533384
2,0,2,0,2,3,5,6.326487005
2,0,2,0,2,3,2.5,6.298382358
2,0,2,0,3,0,7.5,5.5826585
2,0,2,0,3,0,5,5.612818836
2,0,2,0,3,0,2.5,5.631523422
2,0,2,0,3,1,7.5,5.877877386
2,0,2,0,3,1,5,5.880964977
2,0,2,0,3,1,2.5,5.870694386
2,0,2,0,3,2,7.5,6.288605288
2,0,2,0,3,2,5,6.272027554
2,0,2,0,3,2,2.5,6.24105662
2,0,2,0,3,3,7.5,6.735369651
2,0,2,0,3,3,5,6.701023246
2,0,2,0,3,3,2.5,6.65134845
2,0,2,1,0,0,7.5,4.898233651
2,0,2,1,0,0,5,4.901559953
2,0,2,1,0,0,2.5,4.890233021
2,0,2,1,0,1,7.5,5.091326301
2,0,2,1,0,1,5,5.097636127
2,0,2,1,0,1,2.5,5.089347646
2,0,2,1,0,2,7.5,5.417697304
2,0,2,1,0,2,5,5.429987531
2,0,2,1,0,2,2.5,5.433024208
2,0,2,1,0,3,7.5,5.82610504
2,0,2,1,0,3,5,5.836916866
2,0,2,1,0,3,2.5,5.834292489
2,0,2,1,1,0,7.5,5.129191662
2,0,2,1,1,0,5,5.150521259
2,0,2,1,1,0,2.5,5.164762203
2,0,2,1,1,1,7.5,5.408934928
2,0,2,1,1,1,5,5.417721688
2,0,2,1,1,1,2.5,5.416325613
2,0,2,1,1,2,7.5,5.804278713
2,0,2,1,1,2,5,5.806283425
2,0,2,1,1,2,2.5,5.791298185
2,0,2,1,1,3,7.5,6.244319073
2,0,2,1,1,3,5,6.233136025
2,0,2,1,1,3,2.5,6.201590015
2,0,2,1,2,0,7.5,5.484480946
2,0,2,1,2,0,5,5.506428735
2,0,2,1,2,0,2.5,5.517728295
2,0,2,1,2,1,7.5,5.786776923
2,0,2,1,2,1,5,5.78608575
2,0,2,1,2,1,2.5,5.769291705
2,0,2,1,2,2,7.5,6.20066642
2,0,2,1,2,2,5,6.18208029
2,0,2,1,2,2,2.5,6.144264277
2,0,2,1,2,3,7.5,6.646921798
2,0,2,1,2,3,5,6.611075983
2,0,2,1,2,3,2.5,6.554556107
2,0,2,1,3,0,7.5,5.875084498
2,0,2,1,3,0,5,5.880964977
2,0,2,1,3,0,2.5,5.870694386
2,0,2,1,3,1,7.5,6.180338915
2,0,2,1,3,1,5,6.160621992
2,0,2,1,3,1,2.5,6.122257797
2,0,2,1,3,2,7.5,6.595993702
2,0,2,1,3,2,5,6.556616532
2,0,2,1,3,2,2.5,6.497230369
2,0,2,1,3,3,7.5,7.042758065
2,0,2,1,3,3,5,6.985612224
2,0,2,1,3,3,2.5,6.907522198
2,0,2,2,0,0,7.5,5.308776242
2,0,2,2,0,0,5,5.293717485
2,0,2,2,0,0,2.5,5.260595254
2,0,2,2,0,1,7.5,5.503002033
2,0,2,2,0,1,5,5.491668483
2,0,2,2,0,1,2.5,5.463361368
2,0,2,2,0,2,7.5,5.831022986
2,0,2,2,0,2,5,5.825754344
2,0,2,2,0,2,2.5,5.80799678
2,0,2,2,0,3,7.5,6.240048621
2,0,2,2,0,3,5,6.232911407
2,0,2,2,0,3,2.5,6.209265061
2,0,2,2,1,0,7.5,5.538562911
2,0,2,2,1,0,5,5.541583836
2,0,2,2,1,0,2.5,5.535124437
2,0,2,2,1,1,7.5,5.822206524
2,0,2,2,1,1,5,5.813488501
2,0,2,2,1,1,2.5,5.791298185
2,0,2,2,1,2,7.5,6.218222295
2,0,2,2,1,2,5,6.202277965
2,0,2,2,1,2,2.5,6.166270758
2,0,2,2,1,3,7.5,6.65831674
2,0,2,2,1,3,5,6.629130565
2,0,2,2,1,3,2.5,6.576562587
2,0,2,2,2,0,7.5,5.893332091
2,0,2,2,2,0,5,5.897491312
2,0,2,2,2,0,2.5,5.888090529
2,0,2,2,2,1,7.5,6.20066642
2,0,2,2,2,1,5,6.18208029
2,0,2,2,2,1,2.5,6.144264277
2,0,2,2,2,2,7.5,6.614664087
2,0,2,2,2,2,5,6.57807483
2,0,2,2,2,2,2.5,6.519236849
2,0,2,2,2,3,7.5,7.060919465
2,0,2,2,2,3,5,7.007070523
2,0,2,2,2,3,2.5,6.929528679
2,0,2,2,3,0,7.5,6.283935643
2,0,2,2,3,0,5,6.272027554
2,0,2,2,3,0,2.5,6.24105662
2,0,2,2,3,1,7.5,6.594282497
2,0,2,2,3,1,5,6.556616532
2,0,2,2,3,1,2.5,6.497230369
2,0,2,2,3,2,7.5,7.009991369
2,0,2,2,3,2,5,6.952611072
2,0,2,2,3,2,2.5,6.872202941
2,0,2,2,3,3,7.5,7.456755732
2,0,2,2,3,3,5,7.381606765
2,0,2,2,3,3,2.5,7.28249477
2,0,2,3,0,0,7.5,5.754977535
2,0,2,3,0,0,5,5.722713177
2,0,2,3,0,0,2.5,5.670887084
2,0,2,3,0,1,7.5,5.949257411
2,0,2,3,0,1,5,5.920664176
2,0,2,3,0,1,2.5,5.873653197
2,0,2,3,0,2,7.5,6.277278364
2,0,2,3,0,2,5,6.254750037
2,0,2,3,0,2,2.5,6.218288609
2,0,2,3,0,3,7.5,6.686304
2,0,2,3,0,3,5,6.661907099
2,0,2,3,0,3,2.5,6.61955689
2,0,2,3,1,0,7.5,5.984764204
2,0,2,3,1,0,5,5.970579529
2,0,2,3,1,0,2.5,5.945416266
2,0,2,3,1,1,7.5,6.268461902
2,0,2,3,1,1,5,6.242484193
2,0,2,3,1,1,2.5,6.201590015
2,0,2,3,1,2,7.5,6.664477673
2,0,2,3,1,2,5,6.631273658
2,0,2,3,1,2,2.5,6.576562587
2,0,2,3,1,3,7.5,7.104572118
2,0,2,3,1,3,5,7.058126258
2,0,2,3,1,3,2.5,6.986854416
2,0,2,3,2,0,7.5,6.339533384
2,0,2,3,2,0,5,6.326487005
2,0,2,3,2,0,2.5,6.298382358
2,0,2,3,2,1,7.5,6.646921798
2,0,2,3,2,1,5,6.611075983
2,0,2,3,2,1,2.5,6.554556107
2,0,2,3,2,2,7.5,7.060919465
2,0,2,3,2,2,5,7.007070523
2,0,2,3,2,2,2.5,6.929528679
2,0,2,3,2,3,7.5,7.507174843
2,0,2,3,2,3,5,7.436066215
2,0,2,3,2,3,2.5,7.339820508
2,0,2,3,3,0,7.5,6.730136936
2,0,2,3,3,0,5,6.701023246
2,0,2,3,3,0,2.5,6.65134845
2,0,2,3,3,1,7.5,7.040537875
2,0,2,3,3,1,5,6.985612224
2,0,2,3,3,1,2.5,6.907522198
2,0,2,3,3,2,7.5,7.456246747
2,0,2,3,3,2,5,7.381606765
2,0,2,3,3,2,2.5,7.28249477
2,0,2,3,3,3,7.5,7.90301111
2,0,2,3,3,3,5,7.810602457
2,0,2,3,3,3,2.5,7.6927866
2,0,3,0,0,0,7.5,4.994355701
2,0,3,0,0,0,5,5.006722117
2,0,3,0,0,0,2.5,5.004028147
2,0,3,0,0,1,7.5,5.18515507
2,0,3,0,0,1,5,5.197704705
2,0,3,0,0,1,2.5,5.193685317
2,0,3,0,0,2,7.5,5.505466327
2,0,3,0,0,2,5,5.522594038
2,0,3,0,0,2,2.5,5.530775401
2,0,3,0,0,3,7.5,5.910157715
2,0,3,0,0,3,5,5.927091857
2,0,3,0,0,3,2.5,5.931084832
2,0,3,0,1,0,7.5,5.226785946
2,0,3,0,1,0,5,5.25691136
2,0,3,0,1,0,2.5,5.27855733
2,0,3,0,1,1,7.5,5.498842882
2,0,3,0,1,1,5,5.513297975
2,0,3,0,1,1,2.5,5.517728295
2,0,3,0,1,2,7.5,5.888331388
2,0,3,0,1,2,5,5.896458416
2,0,3,0,1,2,2.5,5.888090529
2,0,3,0,1,3,7.5,6.327588297
2,0,3,0,1,3,5,6.323083289
2,0,3,0,1,3,2.5,6.298382358
2,0,3,0,2,0,7.5,5.5826585
2,0,3,0,2,0,5,5.612818836
2,0,3,0,2,0,2.5,5.631523422
2,0,3,0,2,1,7.5,5.875084498
2,0,3,0,2,1,5,5.880964977
2,0,3,0,2,1,2.5,5.870694386
2,0,3,0,2,2,7.5,6.283935643
2,0,3,0,2,2,5,6.272027554
2,0,3,0,2,2,2.5,6.24105662
2,0,3,0,2,3,7.5,6.730136936
2,0,3,0,2,3,5,6.701023246
2,0,3,0,2,3,2.5,6.65134845
2,0,3,0,3,0,7.5,5.973262052
2,0,3,0,3,0,5,5.987355078
2,0,3,0,3,0,2.5,5.984489513
2,0,3,0,3,1,7.5,6.268480938
2,0,3,0,3,1,5,6.255501219
2,0,3,0,3,1,2.5,6.223660478
2,0,3,0,3,2,7.5,6.679208841
2,0,3,0,3,2,5,6.646563796
2,0,3,0,3,2,2.5,6.594022712
2,0,3,0,3,3,7.5,7.125973203
2,0,3,0,3,3,5,7.075559488
2,0,3,0,3,3,2.5,7.004314542
2,0,3,1,0,0,7.5,5.291630091
2,0,3,1,0,0,5,5.276096194
2,0,3,1,0,0,2.5,5.243199112
2,0,3,1,0,1,7.5,5.484888293
2,0,3,1,0,1,5,5.472172368
2,0,3,1,0,1,2.5,5.442313738
2,0,3,1,0,2,7.5,5.811313381
2,0,3,1,0,2,5,5.804523773
2,0,3,1,0,2,2.5,5.785990299
2,0,3,1,0,3,7.5,6.219721116
2,0,3,1,0,3,5,6.211453108
2,0,3,1,0,3,2.5,6.18725858
2,0,3,1,1,0,7.5,5.522588102
2,0,3,1,1,0,5,5.525057501
2,0,3,1,1,0,2.5,5.517728295
2,0,3,1,1,1,7.5,5.802496919
2,0,3,1,1,1,5,5.79225793
2,0,3,1,1,1,2.5,5.769291705
2,0,3,1,1,2,7.5,6.19789479
2,0,3,1,1,2,5,6.180819667
2,0,3,1,1,2,2.5,6.144264277
2,0,3,1,1,3,7.5,6.63793515
2,0,3,1,1,3,5,6.607672267
2,0,3,1,1,3,2.5,6.554556107
2,0,3,1,2,0,7.5,5.877877386
2,0,3,1,2,0,5,5.880964977
2,0,3,1,2,0,2.5,5.870694386
2,0,3,1,2,1,7.5,6.180338915
2,0,3,1,2,1,5,6.160621992
2,0,3,1,2,1,2.5,6.122257797
2,0,3,1,2,2,7.5,6.594282497
2,0,3,1,2,2,5,6.556616532
2,0,3,1,2,2,2.5,6.497230369
2,0,3,1,2,3,7.5,7.040537875
2,0,3,1,2,3,5,6.985612224
2,0,3,1,2,3,2.5,6.907522198
2,0,3,1,3,0,7.5,6.268480938
2,0,3,1,3,0,5,6.255501219
2,0,3,1,3,0,2.5,6.223660478
2,0,3,1,3,1,7.5,6.573900906
2,0,3,1,3,1,5,6.535158234
2,0,3,1,3,1,2.5,6.475223889
2,0,3,1,3,2,7.5,6.989609779
2,0,3,1,3,2,5,6.931152774
2,0,3,1,3,2,2.5,6.850196461
2,0,3,1,3,3,7.5,7.436374141
2,0,3,1,3,3,5,7.360148466
2,0,3,1,3,3,2.5,7.26048829
2,0,3,2,0,0,7.5,5.704049439
2,0,3,2,0,0,5,5.668253727
2,0,3,2,0,0,2.5,5.613561346
2,0,3,2,0,1,7.5,5.898329316
2,0,3,2,0,1,5,5.866204725
2,0,3,2,0,1,2.5,5.816327459
2,0,3,2,0,2,7.5,6.226350268
2,0,3,2,0,2,5,6.200290586
2,0,3,2,0,2,2.5,6.160962871
2,0,3,2,0,3,7.5,6.635375904
2,0,3,2,0,3,5,6.607447648
2,0,3,2,0,3,2.5,6.562231153
2,0,3,2,1,0,7.5,5.933836108
2,0,3,2,1,0,5,5.916120078
2,0,3,2,1,0,2.5,5.888090529
2,0,3,2,1,1,7.5,6.217533806
2,0,3,2,1,1,5,6.188024743
2,0,3,2,1,1,2.5,6.144264277
2,0,3,2,1,2,7.5,6.613549577
2,0,3,2,1,2,5,6.576814207
2,0,3,2,1,2,2.5,6.519236849
2,0,3,2,1,3,7.5,7.053644023
2,0,3,2,1,3,5,7.003666807
2,0,3,2,1,3,2.5,6.929528679
2,0,3,2,2,0,7.5,6.288605288
2,0,3,2,2,0,5,6.272027554
2,0,3,2,2,0,2.5,6.24105662
2,0,3,2,2,1,7.5,6.595993702
2,0,3,2,2,1,5,6.556616532
2,0,3,2,2,1,2.5,6.497230369
2,0,3,2,2,2,7.5,7.009991369
2,0,3,2,2,2,5,6.952611072
2,0,3,2,2,2,2.5,6.872202941
2,0,3,2,2,3,7.5,7.456246747
2,0,3,2,2,3,5,7.381606765
2,0,3,2,2,3,2.5,7.28249477
2,0,3,2,3,0,7.5,6.679208841
2,0,3,2,3,0,5,6.646563796
2,0,3,2,3,0,2.5,6.594022712
2,0,3,2,3,1,7.5,6.989609779
2,0,3,2,3,1,5,6.931152774
2,0,3,2,3,1,2.5,6.850196461
2,0,3,2,3,2,7.5,7.405318651
2,0,3,2,3,2,5,7.327147314
2,0,3,2,3,2,2.5,7.225169033
2,0,3,2,3,3,7.5,7.852083014
2,0,3,2,3,3,5,7.756143006
2,0,3,2,3,3,2.5,7.635460862
2,0,3,3,0,0,7.5,6.150813802
2,0,3,3,0,0,5,6.097249419
2,0,3,3,0,0,2.5,6.023853176
2,0,3,3,0,1,7.5,6.345093678
2,0,3,3,0,1,5,6.295200417
2,0,3,3,0,1,2.5,6.226619289
2,0,3,3,0,2,7.5,6.673114631
2,0,3,3,0,2,5,6.629286278
2,0,3,3,0,2,2.5,6.571254701
2,0,3,3,0,3,7.5,7.082140266
2,0,3,3,0,3,5,7.036443341
2,0,3,3,0,3,2.5,6.972522982
2,0,3,3,1,0,7.5,6.380600471
2,0,3,3,1,0,5,6.345115771
2,0,3,3,1,0,2.5,6.298382358
2,0,3,3,1,1,7.5,6.664298169
2,0,3,3,1,1,5,6.617020435
2,0,3,3,1,1,2.5,6.554556107
2,0,3,3,1,2,7.5,7.06031394
2,0,3,3,1,2,5,7.0058099
2,0,3,3,1,2,2.5,6.929528679
2,0,3,3,1,3,7.5,7.500408385
2,0,3,3,1,3,5,7.4326625
2,0,3,3,1,3,2.5,7.339820508
2,0,3,3,2,0,7.5,6.735369651
2,0,3,3,2,0,5,6.701023246
2,0,3,3,2,0,2.5,6.65134845
2,0,3,3,2,1,7.5,7.042758065
2,0,3,3,2,1,5,6.985612224
2,0,3,3,2,1,2.5,6.907522198
2,0,3,3,2,2,7.5,7.456755732
2,0,3,3,2,2,5,7.381606765
2,0,3,3,2,2,2.5,7.28249477
2,0,3,3,2,3,7.5,7.90301111
2,0,3,3,2,3,5,7.810602457
2,0,3,3,2,3,2.5,7.6927866
2,0,3,3,3,0,7.5,7.125973203
2,0,3,3,3,0,5,7.075559488
2,0,3,3,3,0,2.5,7.004314542
2,0,3,3,3,1,7.5,7.436374141
2,0,3,3,3,1,5,7.360148466
2,0,3,3,3,1,2.5,7.26048829
2,0,3,3,3,2,7.5,7.852083014
2,0,3,3,3,2,5,7.756143006
2,0,3,3,3,2,2.5,7.635460862
2,0,3,3,3,3,7.5,8.298847376
2,0,3,3,3,3,5,8.185138699
2,0,3,3,3,3,2.5,8.045752692
2,1,0,0,0,0,7.5,4.325478459
2,1,0,0,0,0,5,4.334162233
2,1,0,0,0,0,2.5,4.341174656
2,1,0,0,0,1,7.5,4.511955953
2,1,0,0,0,1,5,4.524066228
2,1,0,0,0,1,2.5,4.540289281
2,1,0,0,0,2,7.5,4.835395171
2,1,0,0,0,2,5,4.856417632
2,1,0,0,0,2,2.5,4.883965843
2,1,0,0,0,3,7.5,5.243802906
2,1,0,0,0,3,5,5.263346967
2,1,0,0,0,3,2.5,5.285234124
2,1,0,0,1,0,7.5,4.549821314
2,1,0,0,1,0,5,4.57695136
2,1,0,0,1,0,2.5,4.615703838
2,1,0,0,1,1,7.5,4.826632795
2,1,0,0,1,1,5,4.844151789
2,1,0,0,1,1,2.5,4.867267248
2,1,0,0,1,2,7.5,5.22197658
2,1,0,0,1,2,5,5.232713526
2,1,0,0,1,2,2.5,5.242239821
2,1,0,0,1,3,7.5,5.66201694
2,1,0,0,1,3,5,5.659566126
2,1,0,0,1,3,2.5,5.65253165
2,1,0,0,2,0,7.5,4.902178813
2,1,0,0,2,0,5,4.932858836
2,1,0,0,2,0,2.5,4.96866993
2,1,0,0,2,1,7.5,5.20447479
2,1,0,0,2,1,5,5.212515851
2,1,0,0,2,1,2.5,5.22023334
2,1,0,0,2,2,7.5,5.618364287
2,1,0,0,2,2,5,5.608510391
2,1,0,0,2,2,2.5,5.595205912
2,1,0,0,2,3,7.5,6.064619665
2,1,0,0,2,3,5,6.037506084
2,1,0,0,2,3,2.5,6.005497742
2,1,0,0,3,0,7.5,5.292782365
2,1,0,0,3,0,5,5.307395078
2,1,0,0,3,0,2.5,5.321636022
2,1,0,0,3,1,7.5,5.598036782
2,1,0,0,3,1,5,5.587052093
2,1,0,0,3,1,2.5,5.573199432
2,1,0,0,3,2,7.5,6.013691569
2,1,0,0,3,2,5,5.983046633
2,1,0,0,3,2,2.5,5.948172004
2,1,0,0,3,3,7.5,6.460455932
2,1,0,0,3,3,5,6.412042325
2,1,0,0,3,3,2.5,6.358463833
2,1,0,1,0,0,7.5,4.511955953
2,1,0,1,0,0,5,4.524066228
2,1,0,1,0,0,2.5,4.540289281
2,1,0,1,0,1,7.5,4.760309903
2,1,0,1,0,1,5,4.77941239
2,1,0,1,0,1,2.5,4.799963769
2,1,0,1,0,2,7.5,5.097609313
2,1,0,1,0,2,5,5.125521692
2,1,0,1,0,2,2.5,5.146006232
2,1,0,1,0,3,7.5,5.508984213
2,1,0,1,0,3,5,5.533196976
2,1,0,1,0,3,2.5,5.548049449
2,1,0,1,1,0,7.5,4.799640725
2,1,0,1,1,0,5,4.834203107
2,1,0,1,1,0,2.5,4.875396375
2,1,0,1,1,1,7.5,5.089683392
2,1,0,1,1,1,5,5.114123077
2,1,0,1,1,1,2.5,5.129491552
2,1,0,1,1,2,7.5,5.487157886
2,1,0,1,1,2,5,5.502563535
2,1,0,1,1,2,2.5,5.505055146
2,1,0,1,1,3,7.5,5.92741912
2,1,0,1,1,3,5,5.929600182
2,1,0,1,1,3,2.5,5.915346976
2,1,0,1,2,0,7.5,5.168026297
2,1,0,1,2,0,5,5.204497837
2,1,0,1,2,0,2.5,5.228362467
2,1,0,1,2,1,7.5,5.471056368
2,1,0,1,2,1,5,5.48309272
2,1,0,1,2,1,2.5,5.482457644
2,1,0,1,2,2,7.5,5.883766467
2,1,0,1,2,2,5,5.878544447
2,1,0,1,2,2,2.5,5.858021238
2,1,0,1,2,3,7.5,6.330065556
2,1,0,1,2,3,5,6.30754014
2,1,0,1,2,3,2.5,6.268313067
2,1,0,1,3,0,7.5,5.562046823
2,1,0,1,3,0,5,5.579034078
2,1,0,1,3,0,2.5,5.581328559
2,1,0,1,3,1,7.5,5.864762185
2,1,0,1,3,1,5,5.857628962
2,1,0,1,3,1,2.5,5.835423736
2,1,0,1,3,2,7.5,6.27913746
2,1,0,1,3,2,5,6.253080689
2,1,0,1,3,2,2.5,6.21098733
2,1,0,1,3,3,7.5,6.725901823
2,1,0,1,3,3,5,6.682076381
2,1,0,1,3,3,2.5,6.621279159
2,1,0,2,0,0,7.5,4.835395171
2,1,0,2,0,0,5,4.856417632
2,1,0,2,0,0,2.5,4.883965843
2,1,0,2,0,1,7.5,5.097609313
2,1,0,2,0,1,5,5.125521692
2,1,0,2,0,1,2.5,5.146006232
2,1,0,2,0,2,7.5,5.442616914
2,1,0,2,0,2,5,5.474401893
2,1,0,2,0,2,2.5,5.495516269
2,1,0,2,0,3,7.5,5.855359759
2,1,0,2,0,3,5,5.883084774
2,1,0,2,0,3,2.5,5.897559486
2,1,0,2,1,0,7.5,5.13696381
2,1,0,2,1,0,5,5.178104167
2,1,0,2,1,0,2.5,5.214383788
2,1,0,2,1,1,7.5,5.434516148
2,1,0,2,1,1,5,5.462223409
2,1,0,2,1,1,2.5,5.477267802
2,1,0,2,1,2,7.5,5.833533432
2,1,0,2,1,2,5,5.852451333
2,1,0,2,1,2,2.5,5.854565182
2,1,0,2,1,3,7.5,6.274077682
2,1,0,2,1,3,5,6.27948798
2,1,0,2,1,3,2.5,6.264857012
2,1,0,2,2,0,7.5,5.511277129
2,1,0,2,2,0,5,5.547285224
2,1,0,2,2,0,2.5,5.56734988
2,1,0,2,2,1,7.5,5.816701412
2,1,0,2,2,1,5,5.831604827
2,1,0,2,2,1,2.5,5.830233894
2,1,0,2,2,2,7.5,6.230425028
2,1,0,2,2,2,5,6.228432245
2,1,0,2,2,2,2.5,6.207531274
2,1,0,2,2,3,7.5,6.676724117
2,1,0,2,2,3,5,6.657427937
2,1,0,2,2,3,2.5,6.617823104
2,1,0,2,3,0,7.5,5.905033157
2,1,0,2,3,0,5,5.921821466
2,1,0,2,3,0,2.5,5.920315972
2,1,0,2,3,1,7.5,6.210505025
2,1,0,2,3,1,5,6.206141069
2,1,0,2,3,1,2.5,6.183199986
2,1,0,2,3,2,7.5,6.625796022
2,1,0,2,3,2,5,6.602968486
2,1,0,2,3,2,2.5,6.560497366
2,1,0,2,3,3,7.5,7.072560384
2,1,0,2,3,3,5,7.031964179
2,1,0,2,3,3,2.5,6.970789195
2,1,0,3,0,0,7.5,5.243802906
2,1,0,3,0,0,5,5.263346967
2,1,0,3,0,0,2.5,5.285234124
2,1,0,3,0,1,7.5,5.508984213
2,1,0,3,0,1,5,5.533196976
2,1,0,3,0,1,2.5,5.548049449
2,1,0,3,0,2,7.5,5.855359759
2,1,0,3,0,2,5,5.883084774
2,1,0,3,0,2,2.5,5.897559486
2,1,0,3,0,3,7.5,6.268581212
2,1,0,3,0,3,5,6.291767654
2,1,0,3,0,3,2.5,6.299602703
2,1,0,3,1,0,7.5,5.546995388
2,1,0,3,1,0,5,5.583280328
2,1,0,3,1,0,2.5,5.614693219
2,1,0,3,1,1,7.5,5.846878182
2,1,0,3,1,1,5,5.870494516
2,1,0,3,1,1,2.5,5.879311019
2,1,0,3,1,2,7.5,6.246754885
2,1,0,3,1,2,5,6.261134213
2,1,0,3,1,2,2.5,6.2566084
2,1,0,3,1,3,7.5,6.687299135
2,1,0,3,1,3,5,6.68817086
2,1,0,3,1,3,2.5,6.666900229
2,1,0,3,2,0,7.5,5.920573746
2,1,0,3,2,0,5,5.952233658
2,1,0,3,2,0,2.5,5.967659311
2,1,0,3,2,1,7.5,6.229302749
2,1,0,3,2,1,5,6.239875933
2,1,0,3,2,1,2.5,6.232277111
2,1,0,3,2,2,7.5,6.643646481
2,1,0,3,2,2,5,6.637115125
2,1,0,3,2,2,2.5,6.609574491
2,1,0,3,2,3,7.5,7.08994557
2,1,0,3,2,3,5,7.066110818
2,1,0,3,2,3,2.5,7.019866321
2,1,0,3,3,0,7.5,6.314275688
2,1,0,3,3,0,5,6.3267699
2,1,0,3,3,0,2.5,6.320625402
2,1,0,3,3,1,7.5,6.623106363
2,1,0,3,3,1,5,6.614412175
2,1,0,3,3,1,2.5,6.585243203
2,1,0,3,3,2,7.5,7.039017475
2,1,0,3,3,2,5,7.011651367
2,1,0,3,3,2,2.5,6.962540583
2,1,0,3,3,3,7.5,7.485781837
2,1,0,3,3,3,5,7.440647059
2,1,0,3,3,3,2.5,7.372832413
2,1,1,0,0,0,7.5,4.549821314
2,1,1,0,0,0,5,4.57695136
2,1,1,0,0,0,2.5,4.615703838
2,1,1,0,0,1,7.5,4.799640725
2,1,1,0,0,1,5,4.834203107
2,1,1,0,0,1,2.5,4.875396375
2,1,1,0,0,2,7.5,5.13696381
2,1,1,0,0,2,5,5.178104167
2,1,1,0,0,2,2.5,5.214383788
2,1,1,0,0,3,7.5,5.546995388
2,1,1,0,0,3,5,5.583280328
2,1,1,0,0,3,2.5,5.614693219
2,1,1,0,1,0,7.5,4.839263094
2,1,1,0,1,0,5,4.890096207
2,1,1,0,1,0,2.5,4.954943528
2,1,1,0,1,1,7.5,5.129429075
2,1,1,0,1,1,5,5.167940875
2,1,1,0,1,1,2.5,5.201336682
2,1,1,0,1,2,7.5,5.525169061
2,1,1,0,1,2,5,5.552646887
2,1,1,0,1,2,2.5,5.571698916
2,1,1,0,1,3,7.5,5.964641161
2,1,1,0,1,3,5,5.97927176
2,1,1,0,1,3,2.5,5.981990745
2,1,1,0,2,0,7.5,5.208848975
2,1,1,0,2,0,5,5.261372428
2,1,1,0,2,0,2.5,5.30790962
2,1,1,0,2,1,7.5,5.510338896
2,1,1,0,2,1,5,5.536058493
2,1,1,0,2,1,2.5,5.554302773
2,1,1,0,2,2,7.5,5.920988508
2,1,1,0,2,2,5,5.928216025
2,1,1,0,2,2,2.5,5.924665007
2,1,1,0,2,3,7.5,6.367189801
2,1,1,0,2,3,5,6.357211718
2,1,1,0,2,3,2.5,6.334956837
2,1,1,0,3,0,7.5,5.603102604
2,1,1,0,3,0,5,5.63590867
2,1,1,0,3,0,2.5,5.660875712
2,1,1,0,3,1,7.5,5.903842357
2,1,1,0,3,1,5,5.910594735
2,1,1,0,3,1,2.5,5.907268865
2,1,1,0,3,2,7.5,6.316261705
2,1,1,0,3,2,5,6.302752267
2,1,1,0,3,2,2.5,6.277631099
2,1,1,0,3,3,7.5,6.763026068
2,1,1,0,3,3,5,6.731747959
2,1,1,0,3,3,2.5,6.687922928
2,1,1,1,0,0,7.5,4.826632795
2,1,1,1,0,0,5,4.844151789
2,1,1,1,0,0,2.5,4.867267248
2,1,1,1,0,1,7.5,5.089683392
2,1,1,1,0,1,5,5.114123077
2,1,1,1,0,1,2.5,5.129491552
2,1,1,1,0,2,7.5,5.434516148
2,1,1,1,0,2,5,5.462223409
2,1,1,1,0,2,2.5,5.477267802
2,1,1,1,0,3,7.5,5.846878182
2,1,1,1,0,3,5,5.870494516
2,1,1,1,0,3,2.5,5.879311019
2,1,1,1,1,0,7.5,5.129429075
2,1,1,1,1,0,5,5.167940875
2,1,1,1,1,0,2.5,5.201336682
2,1,1,1,1,1,7.5,5.426415383
2,1,1,1,1,1,5,5.450044926
2,1,1,1,1,1,2.5,5.459019336
2,1,1,1,1,2,7.5,5.825051855
2,1,1,1,1,2,5,5.839861075
2,1,1,1,1,2,2.5,5.836316716
2,1,1,1,1,3,7.5,6.265498308
2,1,1,1,1,3,5,6.266897722
2,1,1,1,1,3,2.5,6.246608545
2,1,1,1,2,0,7.5,5.504447717
2,1,1,1,2,0,5,5.53798916
2,1,1,1,2,0,2.5,5.554302773
2,1,1,1,2,1,7.5,5.808219835
2,1,1,1,2,1,5,5.819014569
2,1,1,1,2,1,2.5,5.811985427
2,1,1,1,2,2,7.5,6.221845655
2,1,1,1,2,2,5,6.215841987
2,1,1,1,2,2,2.5,6.189282808
2,1,1,1,2,3,7.5,6.668144744
2,1,1,1,2,3,5,6.644837679
2,1,1,1,2,3,2.5,6.599574637
2,1,1,1,3,0,7.5,5.898409711
2,1,1,1,3,0,5,5.912525402
2,1,1,1,3,0,2.5,5.907268865
2,1,1,1,3,1,7.5,6.201925652
2,1,1,1,3,1,5,6.193550811
2,1,1,1,3,1,2.5,6.164951519
2,1,1,1,3,2,7.5,6.617216648
2,1,1,1,3,2,5,6.590378228
2,1,1,1,3,2,2.5,6.542248899
2,1,1,1,3,3,7.5,7.063981011
2,1,1,1,3,3,5,7.019373921
2,1,1,1,3,3,2.5,6.952540729
2,1,1,2,0,0,7.5,5.22197658
2,1,1,2,0,0,5,5.232713526
2,1,1,2,0,0,2.5,5.242239821
2,1,1,2,0,1,7.5,5.487157886
2,1,1,2,0,1,5,5.502563535
2,1,1,2,0,1,2.5,5.505055146
2,1,1,2,0,2,7.5,5.833533432
2,1,1,2,0,2,5,5.852451333
2,1,1,2,0,2,2.5,5.854565182
2,1,1,2,0,3,7.5,6.246754885
2,1,1,2,0,3,5,6.261134213
2,1,1,2,0,3,2.5,6.2566084
2,1,1,2,1,0,7.5,5.525169061
2,1,1,2,1,0,5,5.552646887
2,1,1,2,1,0,2.5,5.571698916
2,1,1,2,1,1,7.5,5.825051855
2,1,1,2,1,1,5,5.839861075
2,1,1,2,1,1,2.5,5.836316716
2,1,1,2,1,2,7.5,6.224928558
2,1,1,2,1,2,5,6.230500772
2,1,1,2,1,2,2.5,6.213614096
2,1,1,2,1,3,7.5,6.665472808
2,1,1,2,1,3,5,6.657537419
2,1,1,2,1,3,2.5,6.623905926
2,1,1,2,2,0,7.5,5.898747419
2,1,1,2,2,0,5,5.921600217
2,1,1,2,2,0,2.5,5.924665007
2,1,1,2,2,1,7.5,6.207476422
2,1,1,2,2,1,5,6.209242492
2,1,1,2,2,1,2.5,6.189282808
2,1,1,2,2,2,7.5,6.621820154
2,1,1,2,2,2,5,6.606481684
2,1,1,2,2,2,2.5,6.566580188
2,1,1,2,2,3,7.5,7.068119244
2,1,1,2,2,3,5,7.035477377
2,1,1,2,2,3,2.5,6.976872018
2,1,1,2,3,0,7.5,6.292449362
2,1,1,2,3,0,5,6.296136459
2,1,1,2,3,0,2.5,6.277631099
2,1,1,2,3,1,7.5,6.601280036
2,1,1,2,3,1,5,6.583778734
2,1,1,2,3,1,2.5,6.542248899
2,1,1,2,3,2,7.5,7.017191148
2,1,1,2,3,2,5,6.981017926
2,1,1,2,3,2,2.5,6.91954628
2,1,1,2,3,3,7.5,7.46395551
2,1,1,2,3,3,5,7.410013618
2,1,1,2,3,3,2.5,7.329838109
2,1,1,3,0,0,7.5,5.66201694
2,1,1,3,0,0,5,5.659566126
2,1,1,3,0,0,2.5,5.65253165
2,1,1,3,0,1,7.5,5.92741912
2,1,1,3,0,1,5,5.929600182
2,1,1,3,0,1,2.5,5.915346976
2,1,1,3,0,2,7.5,6.274077682
2,1,1,3,0,2,5,6.27948798
2,1,1,3,0,2,2.5,6.264857012
2,1,1,3,0,3,7.5,6.687299135
2,1,1,3,0,3,5,6.68817086
2,1,1,3,0,3,2.5,6.666900229
2,1,1,3,1,0,7.5,5.964641161
2,1,1,3,1,0,5,5.97927176
2,1,1,3,1,0,2.5,5.981990745
2,1,1,3,1,1,7.5,6.265498308
2,1,1,3,1,1,5,6.266897722
2,1,1,3,1,1,2.5,6.246608545
2,1,1,3,1,2,7.5,6.665472808
2,1,1,3,1,2,5,6.657537419
2,1,1,3,1,2,2.5,6.623905926
2,1,1,3,1,3,7.5,7.106017058
2,1,1,3,1,3,5,7.084574066
2,1,1,3,1,3,2.5,7.034197755
2,1,1,3,2,0,7.5,6.338111349
2,1,1,3,2,0,5,6.34822509
2,1,1,3,2,0,2.5,6.334956837
2,1,1,3,2,1,7.5,6.647922876
2,1,1,3,2,1,5,6.63627914
2,1,1,3,2,1,2.5,6.599574637
2,1,1,3,2,2,7.5,7.062364404
2,1,1,3,2,2,5,7.033518331
2,1,1,3,2,2,2.5,6.976872018
2,1,1,3,2,3,7.5,7.508663494
2,1,1,3,2,3,5,7.462514024
2,1,1,3,2,3,2.5,7.387163847
2,1,1,3,3,0,7.5,6.731813291
2,1,1,3,3,0,5,6.722761332
2,1,1,3,3,0,2.5,6.687922928
2,1,1,3,3,1,7.5,7.041726489
2,1,1,3,3,1,5,7.010815381
2,1,1,3,3,1,2.5,6.952540729
2,1,1,3,3,2,7.5,7.457735398
2,1,1,3,3,2,5,7.408054573
2,1,1,3,3,2,2.5,7.329838109
2,1,1,3,3,3,7.5,7.90449976
2,1,1,3,3,3,5,7.837050266
2,1,1,3,3,3,2.5,7.740129939
2,1,2,0,0,0,7.5,4.902178813
2,1,2,0,0,0,5,4.932858836
2,1,2,0,0,0,2.5,4.96866993
2,1,2,0,0,1,7.5,5.168026297
2,1,2,0,0,1,5,5.204497837
2,1,2,0,0,1,2.5,5.228362467
2,1,2,0,0,2,7.5,5.511277129
2,1,2,0,0,2,5,5.547285224
2,1,2,0,0,2,2.5,5.56734988
2,1,2,0,0,3,7.5,5.920573746
2,1,2,0,0,3,5,5.952233658
2,1,2,0,0,3,2.5,5.967659311
2,1,2,0,1,0,7.5,5.208848975
2,1,2,0,1,0,5,5.261372428
2,1,2,0,1,0,2.5,5.30790962
2,1,2,0,1,1,7.5,5.504447717
2,1,2,0,1,1,5,5.53798916
2,1,2,0,1,1,2.5,5.554302773
2,1,2,0,1,2,7.5,5.898747419
2,1,2,0,1,2,5,5.921600217
2,1,2,0,1,2,2.5,5.924665007
2,1,2,0,1,3,7.5,6.338111349
2,1,2,0,1,3,5,6.34822509
2,1,2,0,1,3,2.5,6.334956837
2,1,2,0,2,0,7.5,5.58573501
2,1,2,0,2,0,5,5.632648649
2,1,2,0,2,0,2.5,5.660875712
2,1,2,0,2,1,7.5,5.885240477
2,1,2,0,2,1,5,5.906106778
2,1,2,0,2,1,2.5,5.907268865
2,1,2,0,2,2,7.5,6.294458695
2,1,2,0,2,2,5,6.297169355
2,1,2,0,2,2,2.5,6.277631099
2,1,2,0,2,3,7.5,6.740659988
2,1,2,0,2,3,5,6.726165048
2,1,2,0,2,3,2.5,6.687922928
2,1,2,0,3,0,7.5,5.979988639
2,1,2,0,3,0,5,6.007184891
2,1,2,0,3,0,2.5,6.013841803
2,1,2,0,3,1,7.5,6.278743938
2,1,2,0,3,1,5,6.28064302
2,1,2,0,3,1,2.5,6.260234957
2,1,2,0,3,2,7.5,6.689731892
2,1,2,0,3,2,5,6.671705597
2,1,2,0,3,2,2.5,6.630597191
2,1,2,0,3,3,7.5,7.136496255
2,1,2,0,3,3,5,7.100701289
2,1,2,0,3,3,2.5,7.04088902
2,1,2,1,0,0,7.5,5.20447479
2,1,2,1,0,0,5,5.212515851
2,1,2,1,0,0,2.5,5.22023334
2,1,2,1,0,1,7.5,5.471056368
2,1,2,1,0,1,5,5.48309272
2,1,2,1,0,1,2.5,5.482457644
2,1,2,1,0,2,7.5,5.816701412
2,1,2,1,0,2,5,5.831604827
2,1,2,1,0,2,2.5,5.830233894
2,1,2,1,0,3,7.5,6.229302749
2,1,2,1,0,3,5,6.239875933
2,1,2,1,0,3,2.5,6.232277111
2,1,2,1,1,0,7.5,5.510338896
2,1,2,1,1,0,5,5.536058493
2,1,2,1,1,0,2.5,5.554302773
2,1,2,1,1,1,7.5,5.808219835
2,1,2,1,1,1,5,5.819014569
2,1,2,1,1,1,2.5,5.811985427
2,1,2,1,1,2,7.5,6.207476422
2,1,2,1,1,2,5,6.209242492
2,1,2,1,1,2,2.5,6.189282808
2,1,2,1,1,3,7.5,6.647922876
2,1,2,1,1,3,5,6.63627914
2,1,2,1,1,3,2.5,6.599574637
2,1,2,1,2,0,7.5,5.885240477
2,1,2,1,2,0,5,5.906106778
2,1,2,1,2,0,2.5,5.907268865
2,1,2,1,2,1,7.5,6.190024287
2,1,2,1,2,1,5,6.187984213
2,1,2,1,2,1,2.5,6.164951519
2,1,2,1,2,2,7.5,6.604270222
2,1,2,1,2,2,5,6.585223404
2,1,2,1,2,2,2.5,6.542248899
2,1,2,1,2,3,7.5,7.050569312
2,1,2,1,2,3,5,7.014219097
2,1,2,1,2,3,2.5,6.952540729
2,1,2,1,3,0,7.5,6.279202471
2,1,2,1,3,0,5,6.28064302
2,1,2,1,3,0,2.5,6.260234957
2,1,2,1,3,1,7.5,6.583730104
2,1,2,1,3,1,5,6.562520455
2,1,2,1,3,1,2.5,6.517917611
2,1,2,1,3,2,7.5,6.999641216
2,1,2,1,3,2,5,6.959759646
2,1,2,1,3,2,2.5,6.895214991
2,1,2,1,3,3,7.5,7.446405578
2,1,2,1,3,3,5,7.388755339
2,1,2,1,3,3,2.5,7.305506821
2,1,2,2,0,0,7.5,5.618364287
2,1,2,2,0,0,5,5.608510391
2,1,2,2,0,0,2.5,5.595205912
2,1,2,2,0,1,7.5,5.883766467
2,1,2,2,0,1,5,5.878544447
2,1,2,2,0,1,2.5,5.858021238
2,1,2,2,0,2,7.5,6.230425028
2,1,2,2,0,2,5,6.228432245
2,1,2,2,0,2,2.5,6.207531274
2,1,2,2,0,3,7.5,6.643646481
2,1,2,2,0,3,5,6.637115125
2,1,2,2,0,3,2.5,6.609574491
2,1,2,2,1,0,7.5,5.920988508
2,1,2,2,1,0,5,5.928216025
2,1,2,2,1,0,2.5,5.924665007
2,1,2,2,1,1,7.5,6.221845655
2,1,2,2,1,1,5,6.215841987
2,1,2,2,1,1,2.5,6.189282808
2,1,2,2,1,2,7.5,6.621820154
2,1,2,2,1,2,5,6.606481684
2,1,2,2,1,2,2.5,6.566580188
2,1,2,2,1,3,7.5,7.062364404
2,1,2,2,1,3,5,7.033518331
2,1,2,2,1,3,2.5,6.976872018
2,1,2,2,2,0,7.5,6.294458695
2,1,2,2,2,0,5,6.297169355
2,1,2,2,2,0,2.5,6.277631099
2,1,2,2,2,1,7.5,6.604270222
2,1,2,2,2,1,5,6.585223404
2,1,2,2,2,1,2.5,6.542248899
2,1,2,2,2,2,7.5,7.018711751
2,1,2,2,2,2,5,6.982462596
2,1,2,2,2,2,2.5,6.91954628
2,1,2,2,2,3,7.5,7.46501084
2,1,2,2,2,3,5,7.411458289
2,1,2,2,2,3,2.5,7.329838109
2,1,2,2,3,0,7.5,6.688160638
2,1,2,2,3,0,5,6.671705597
2,1,2,2,3,0,2.5,6.630597191
2,1,2,2,3,1,7.5,6.998073836
2,1,2,2,3,1,5,6.959759646
2,1,2,2,3,1,2.5,6.895214991
2,1,2,2,3,2,7.5,7.414082744
2,1,2,2,3,2,5,7.356998838
2,1,2,2,3,2,2.5,7.272512372
2,1,2,2,3,3,7.5,7.860847107
2,1,2,2,3,3,5,7.78599453
2,1,2,2,3,3,2.5,7.682804201
2,1,2,3,0,0,7.5,6.064619665
2,1,2,3,0,0,5,6.037506084
2,1,2,3,0,0,2.5,6.005497742
2,1,2,3,0,1,7.5,6.330065556
2,1,2,3,0,1,5,6.30754014
2,1,2,3,0,1,2.5,6.268313067
2,1,2,3,0,2,7.5,6.676724117
2,1,2,3,0,2,5,6.657427937
2,1,2,3,0,2,2.5,6.617823104
2,1,2,3,0,3,7.5,7.08994557
2,1,2,3,0,3,5,7.066110818
2,1,2,3,0,3,2.5,7.019866321
2,1,2,3,1,0,7.5,6.367189801
2,1,2,3,1,0,5,6.357211718
2,1,2,3,1,0,2.5,6.334956837
2,1,2,3,1,1,7.5,6.668144744
2,1,2,3,1,1,5,6.644837679
2,1,2,3,1,1,2.5,6.599574637
2,1,2,3,1,2,7.5,7.068119244
2,1,2,3,1,2,5,7.035477377
2,1,2,3,1,2,2.5,6.976872018
2,1,2,3,1,3,7.5,7.508663494
2,1,2,3,1,3,5,7.462514024
2,1,2,3,1,3,2.5,7.387163847
2,1,2,3,2,0,7.5,6.740659988
2,1,2,3,2,0,5,6.726165048
2,1,2,3,2,0,2.5,6.687922928
2,1,2,3,2,1,7.5,7.050569312
2,1,2,3,2,1,5,7.014219097
2,1,2,3,2,1,2.5,6.952540729
2,1,2,3,2,2,7.5,7.46501084
2,1,2,3,2,2,5,7.411458289
2,1,2,3,2,2,2.5,7.329838109
2,1,2,3,2,3,7.5,7.911309929
2,1,2,3,2,3,5,7.840453981
2,1,2,3,2,3,2.5,7.740129939
2,1,2,3,3,0,7.5,7.134361931
2,1,2,3,3,0,5,7.100701289
2,1,2,3,3,0,2.5,7.04088902
2,1,2,3,3,1,7.5,7.444372925
2,1,2,3,3,1,5,7.388755339
2,1,2,3,3,1,2.5,7.305506821
2,1,2,3,3,2,7.5,7.860381834
2,1,2,3,3,2,5,7.78599453
2,1,2,3,3,2,2.5,7.682804201
2,1,2,3,3,3,7.5,8.307146196
2,1,2,3,3,3,5,8.214990223
2,1,2,3,3,3,2.5,8.09309603
2,1,3,0,0,0,7.5,5.292782365
2,1,3,0,0,0,5,5.307395078
2,1,3,0,0,0,2.5,5.321636022
2,1,3,0,0,1,7.5,5.562046823
2,1,3,0,0,1,5,5.579034078
2,1,3,0,0,1,2.5,5.581328559
2,1,3,0,0,2,7.5,5.905033157
2,1,3,0,0,2,5,5.921821466
2,1,3,0,0,2,2.5,5.920315972
2,1,3,0,0,3,7.5,6.314275688
2,1,3,0,0,3,5,6.3267699
2,1,3,0,0,3,2.5,6.320625402
2,1,3,0,1,0,7.5,5.603102604
2,1,3,0,1,0,5,5.63590867
2,1,3,0,1,0,2.5,5.660875712
2,1,3,0,1,1,7.5,5.898409711
2,1,3,0,1,1,5,5.912525402
2,1,3,0,1,1,2.5,5.907268865
2,1,3,0,1,2,7.5,6.292449362
2,1,3,0,1,2,5,6.296136459
2,1,3,0,1,2,2.5,6.277631099
2,1,3,0,1,3,7.5,6.731813291
2,1,3,0,1,3,5,6.722761332
2,1,3,0,1,3,2.5,6.687922928
2,1,3,0,2,0,7.5,5.979988639
2,1,3,0,2,0,5,6.007184891
2,1,3,0,2,0,2.5,6.013841803
2,1,3,0,2,1,7.5,6.279202471
2,1,3,0,2,1,5,6.28064302
2,1,3,0,2,1,2.5,6.260234957
2,1,3,0,2,2,7.5,6.688160638
2,1,3,0,2,2,5,6.671705597
2,1,3,0,2,2,2.5,6.630597191
2,1,3,0,2,3,7.5,7.134361931
2,1,3,0,2,3,5,7.100701289
2,1,3,0,2,3,2.5,7.04088902
2,1,3,0,3,0,7.5,6.374242269
2,1,3,0,3,0,5,6.381721133
2,1,3,0,3,0,2.5,6.366807895
2,1,3,0,3,1,7.5,6.672705932
2,1,3,0,3,1,5,6.655179262
2,1,3,0,3,1,2.5,6.613201049
2,1,3,0,3,2,7.5,7.083433835
2,1,3,0,3,2,5,7.046241839
2,1,3,0,3,2,2.5,6.983563282
2,1,3,0,3,3,7.5,7.530198198
2,1,3,0,3,3,5,7.475237531
2,1,3,0,3,3,2.5,7.393855112
2,1,3,1,0,0,7.5,5.598036782
2,1,3,1,0,0,5,5.587052093
2,1,3,1,0,0,2.5,5.573199432
2,1,3,1,0,1,7.5,5.864762185
2,1,3,1,0,1,5,5.857628962
2,1,3,1,0,1,2.5,5.835423736
2,1,3,1,0,2,7.5,6.210505025
2,1,3,1,0,2,5,6.206141069
2,1,3,1,0,2,2.5,6.183199986
2,1,3,1,0,3,7.5,6.623106363
2,1,3,1,0,3,5,6.614412175
2,1,3,1,0,3,2.5,6.585243203
2,1,3,1,1,0,7.5,5.903842357
2,1,3,1,1,0,5,5.910594735
2,1,3,1,1,0,2.5,5.907268865
2,1,3,1,1,1,7.5,6.201925652
2,1,3,1,1,1,5,6.193550811
2,1,3,1,1,1,2.5,6.164951519
2,1,3,1,1,2,7.5,6.601280036
2,1,3,1,1,2,5,6.583778734
2,1,3,1,1,2,2.5,6.542248899
2,1,3,1,1,3,7.5,7.041726489
2,1,3,1,1,3,5,7.010815381
2,1,3,1,1,3,2.5,6.952540729
2,1,3,1,2,0,7.5,6.278743938
2,1,3,1,2,0,5,6.28064302
2,1,3,1,2,0,2.5,6.260234957
2,1,3,1,2,1,7.5,6.583730104
2,1,3,1,2,1,5,6.562520455
2,1,3,1,2,1,2.5,6.517917611
2,1,3,1,2,2,7.5,6.998073836
2,1,3,1,2,2,5,6.959759646
2,1,3,1,2,2,2.5,6.895214991
2,1,3,1,2,3,7.5,7.444372925
2,1,3,1,2,3,5,7.388755339
2,1,3,1,2,3,2.5,7.305506821
2,1,3,1,3,0,7.5,6.672705932
2,1,3,1,3,0,5,6.655179262
2,1,3,1,3,0,2.5,6.613201049
2,1,3,1,3,1,7.5,6.977435921
2,1,3,1,3,1,5,6.937056696
2,1,3,1,3,1,2.5,6.870883703
2,1,3,1,3,2,7.5,7.393444829
2,1,3,1,3,2,5,7.334295888
2,1,3,1,3,2,2.5,7.248181083
2,1,3,1,3,3,7.5,7.840209192
2,1,3,1,3,3,5,7.763291581
2,1,3,1,3,3,2.5,7.658472912
2,1,3,2,0,0,7.5,6.013691569
2,1,3,2,0,0,5,5.983046633
2,1,3,2,0,0,2.5,5.948172004
2,1,3,2,0,1,7.5,6.27913746
2,1,3,2,0,1,5,6.253080689
2,1,3,2,0,1,2.5,6.21098733
2,1,3,2,0,2,7.5,6.625796022
2,1,3,2,0,2,5,6.602968486
2,1,3,2,0,2,2.5,6.560497366
2,1,3,2,0,3,7.5,7.039017475
2,1,3,2,0,3,5,7.011651367
2,1,3,2,0,3,2.5,6.962540583
2,1,3,2,1,0,7.5,6.316261705
2,1,3,2,1,0,5,6.302752267
2,1,3,2,1,0,2.5,6.277631099
2,1,3,2,1,1,7.5,6.617216648
2,1,3,2,1,1,5,6.590378228
2,1,3,2,1,1,2.5,6.542248899
2,1,3,2,1,2,7.5,7.017191148
2,1,3,2,1,2,5,6.981017926
2,1,3,2,1,2,2.5,6.91954628
2,1,3,2,1,3,7.5,7.457735398
2,1,3,2,1,3,5,7.408054573
2,1,3,2,1,3,2.5,7.329838109
2,1,3,2,2,0,7.5,6.689731892
2,1,3,2,2,0,5,6.671705597
2,1,3,2,2,0,2.5,6.630597191
2,1,3,2,2,1,7.5,6.999641216
2,1,3,2,2,1,5,6.959759646
2,1,3,2,2,1,2.5,6.895214991
2,1,3,2,2,2,7.5,7.414082744
2,1,3,2,2,2,5,7.356998838
2,1,3,2,2,2,2.5,7.272512372
2,1,3,2,2,3,7.5,7.860381834
2,1,3,2,2,3,5,7.78599453
2,1,3,2,2,3,2.5,7.682804201
2,1,3,2,3,0,7.5,7.083433835
2,1,3,2,3,0,5,7.046241839
2,1,3,2,3,0,2.5,6.983563282
2,1,3,2,3,1,7.5,7.393444829
2,1,3,2,3,1,5,7.334295888
2,1,3,2,3,1,2.5,7.248181083
2,1,3,2,3,2,7.5,7.809453738
2,1,3,2,3,2,5,7.73153508
2,1,3,2,3,2,2.5,7.625478463
2,1,3,2,3,3,7.5,8.2562181
2,1,3,2,3,3,5,8.160530772
2,1,3,2,3,3,2.5,8.035770293
2,1,3,3,0,0,7.5,6.460455932
2,1,3,3,0,0,5,6.412042325
2,1,3,3,0,0,2.5,6.358463833
2,1,3,3,0,1,7.5,6.725901823
2,1,3,3,0,1,5,6.682076381
2,1,3,3,0,1,2.5,6.621279159
2,1,3,3,0,2,7.5,7.072560384
2,1,3,3,0,2,5,7.031964179
2,1,3,3,0,2,2.5,6.970789195
2,1,3,3,0,3,7.5,7.485781837
2,1,3,3,0,3,5,7.440647059
2,1,3,3,0,3,2.5,7.372832413
2,1,3,3,1,0,7.5,6.763026068
2,1,3,3,1,0,5,6.731747959
2,1,3,3,1,0,2.5,6.687922928
2,1,3,3,1,1,7.5,7.063981011
2,1,3,3,1,1,5,7.019373921
2,1,3,3,1,1,2.5,6.952540729
2,1,3,3,1,2,7.5,7.46395551
2,1,3,3,1,2,5,7.410013618
2,1,3,3,1,2,2.5,7.329838109
2,1,3,3,1,3,7.5,7.90449976
2,1,3,3,1,3,5,7.837050266
2,1,3,3,1,3,2.5,7.740129939
2,1,3,3,2,0,7.5,7.136496255
2,1,3,3,2,0,5,7.100701289
2,1,3,3,2,0,2.5,7.04088902
2,1,3,3,2,1,7.5,7.446405578
2,1,3,3,2,1,5,7.388755339
2,1,3,3,2,1,2.5,7.305506821
2,1,3,3,2,2,7.5,7.860847107
2,1,3,3,2,2,5,7.78599453
2,1,3,3,2,2,2.5,7.682804201
2,1,3,3,2,3,7.5,8.307146196
2,1,3,3,2,3,5,8.214990223
2,1,3,3,2,3,2.5,8.09309603
2,1,3,3,3,0,7.5,7.530198198
2,1,3,3,3,0,5,7.475237531
2,1,3,3,3,0,2.5,7.393855112
2,1,3,3,3,1,7.5,7.840209192
2,1,3,3,3,1,5,7.763291581
2,1,3,3,3,1,2.5,7.658472912
2,1,3,3,3,2,7.5,8.2562181
2,1,3,3,3,2,5,8.160530772
2,1,3,3,3,2,2.5,8.035770293
2,1,3,3,3,3,7.5,8.702982463
2,1,3,3,3,3,5,8.589526465
2,1,3,3,3,3,2.5,8.446062122
2,2,0,0,0,0,7.5,4.735706912
2,2,0,0,0,0,5,4.726092038
2,2,0,0,0,0,2.5,4.71153689
2,2,0,0,0,1,7.5,4.923523515
2,2,0,0,0,1,5,4.918098584
2,2,0,0,0,1,2.5,4.914303003
2,2,0,0,0,2,7.5,5.248720853
2,2,0,0,0,2,5,5.252184445
2,2,0,0,0,2,2.5,5.258938415
2,2,0,0,0,3,7.5,5.657746488
2,2,0,0,0,3,5,5.659341507
2,2,0,0,0,3,2.5,5.660206696
2,2,0,0,1,0,7.5,4.959084393
2,2,0,0,1,0,5,4.968013937
2,2,0,0,1,0,2.5,4.986066072
2,2,0,0,1,1,7.5,5.239904391
2,2,0,0,1,1,5,5.239918602
2,2,0,0,1,1,2.5,5.242239821
2,2,0,0,1,2,7.5,5.635920162
2,2,0,0,1,2,5,5.628708066
2,2,0,0,1,2,2.5,5.617212393
2,2,0,0,1,3,7.5,6.076014607
2,2,0,0,1,3,5,6.055560666
2,2,0,0,1,3,2.5,6.027504222
2,2,0,0,2,0,7.5,5.311029958
2,2,0,0,2,0,5,5.323921413
2,2,0,0,2,0,2.5,5.339032164
2,2,0,0,2,1,7.5,5.618364287
2,2,0,0,2,1,5,5.608510391
2,2,0,0,2,1,2.5,5.595205912
2,2,0,0,2,2,7.5,6.032361954
2,2,0,0,2,2,5,6.004504931
2,2,0,0,2,2,2.5,5.970178484
2,2,0,0,2,3,7.5,6.478617332
2,2,0,0,2,3,5,6.433500624
2,2,0,0,2,3,2.5,6.380470314
2,2,0,0,3,0,7.5,5.70163351
2,2,0,0,3,0,5,5.698457655
2,2,0,0,3,0,2.5,5.691998255
2,2,0,0,3,1,7.5,6.011980363
2,2,0,0,3,1,5,5.983046633
2,2,0,0,3,1,2.5,5.948172004
2,2,0,0,3,2,7.5,6.427689236
2,2,0,0,3,2,5,6.379041173
2,2,0,0,3,2,2.5,6.323144576
2,2,0,0,3,3,7.5,6.874453599
2,2,0,0,3,3,5,6.808036865
2,2,0,0,3,3,2.5,6.733436406
2,2,0,1,0,0,7.5,4.923523515
2,2,0,1,0,0,5,4.918098584
2,2,0,1,0,0,2.5,4.914303003
2,2,0,1,0,1,7.5,5.115067906
2,2,0,1,0,1,5,5.126618591
2,2,0,1,0,1,2.5,5.143118453
2,2,0,1,0,2,7.5,5.437771095
2,2,0,1,0,2,5,5.463390355
2,2,0,1,0,2,2.5,5.485896926
2,2,0,1,0,3,7.5,5.84620163
2,2,0,1,0,3,5,5.869878667
2,2,0,1,0,3,2.5,5.887940143
2,2,0,1,1,0,7.5,5.155851661
2,2,0,1,1,0,5,5.183564713
2,2,0,1,1,0,2.5,5.222969043
2,2,0,1,1,1,7.5,5.430344531
2,2,0,1,1,1,5,5.452815289
2,2,0,1,1,1,2.5,5.471116033
2,2,0,1,1,2,7.5,5.824375303
2,2,0,1,1,2,5,5.839245226
2,2,0,1,1,2,2.5,5.84494584
2,2,0,1,1,3,7.5,6.264256835
2,2,0,1,1,3,5,6.266281873
2,2,0,1,1,3,2.5,6.255237669
2,2,0,1,2,0,7.5,5.511702398
2,2,0,1,2,0,5,5.547579692
2,2,0,1,2,0,2.5,5.575935134
2,2,0,1,2,1,7.5,5.809414004
2,2,0,1,2,1,5,5.821421509
2,2,0,1,2,1,2.5,5.824082124
2,2,0,1,2,2,7.5,6.220604182
2,2,0,1,2,2,5,6.215226138
2,2,0,1,2,2,2.5,6.197911932
2,2,0,1,2,3,7.5,6.666903271
2,2,0,1,2,3,5,6.644221831
2,2,0,1,2,3,2.5,6.608203761
2,2,0,1,3,0,7.5,5.904231483
2,2,0,1,3,0,5,5.922115934
2,2,0,1,3,0,2.5,5.928901226
2,2,0,1,3,1,7.5,6.203033508
2,2,0,1,3,1,5,6.195957751
2,2,0,1,3,1,2.5,6.177048216
2,2,0,1,3,2,7.5,6.615975175
2,2,0,1,3,2,5,6.58976238
2,2,0,1,3,2,2.5,6.550878023
2,2,0,1,3,3,7.5,7.062739538
2,2,0,1,3,3,5,7.018758073
2,2,0,1,3,3,2.5,6.961169853
2,2,0,2,0,0,7.5,5.248720853
2,2,0,2,0,0,5,5.252184445
2,2,0,2,0,0,2.5,5.258938415
2,2,0,2,0,1,7.5,5.437771095
2,2,0,2,0,1,5,5.463390355
2,2,0,2,0,1,2.5,5.485896926
2,2,0,2,0,2,7.5,5.762200734
2,2,0,2,0,2,5,5.800103621
2,2,0,2,0,2,2.5,5.832142972
2,2,0,2,0,3,7.5,6.170751936
2,2,0,2,0,3,5,6.207599529
2,2,0,2,0,3,2.5,6.234186189
2,2,0,2,1,0,7.5,5.480067402
2,2,0,2,1,0,5,5.521720309
2,2,0,2,1,0,2.5,5.56348666
2,2,0,2,1,1,7.5,5.754980137
2,2,0,2,1,1,5,5.789572234
2,2,0,2,1,1,2.5,5.815628292
2,2,0,2,1,2,7.5,6.14892561
2,2,0,2,1,2,5,6.176966088
2,2,0,2,1,2,2.5,6.191191886
2,2,0,2,1,3,7.5,6.589090157
2,2,0,2,1,3,5,6.604002735
2,2,0,2,1,3,2.5,6.601483715
2,2,0,2,2,0,7.5,5.838810233
2,2,0,2,2,0,5,5.884757313
2,2,0,2,2,0,2.5,5.916452751
2,2,0,2,2,1,7.5,6.134147314
2,2,0,2,2,1,5,6.158590229
2,2,0,2,2,1,2.5,6.168594384
2,2,0,2,2,2,7.5,6.545437504
2,2,0,2,2,2,5,6.552947
2,2,0,2,2,2,2.5,6.544157977
2,2,0,2,2,3,7.5,6.991736593
2,2,0,2,2,3,5,6.981942693
2,2,0,2,2,3,2.5,6.954449807
2,2,0,2,3,0,7.5,6.231107048
2,2,0,2,3,0,5,6.259293554
2,2,0,2,3,0,2.5,6.269418843
2,2,0,2,3,1,7.5,6.527864615
2,2,0,2,3,1,5,6.533126471
2,2,0,2,3,1,2.5,6.521560475
2,2,0,2,3,2,7.5,6.940808497
2,2,0,2,3,2,5,6.927483242
2,2,0,2,3,2,2.5,6.897124069
2,2,0,2,3,3,7.5,7.38757286
2,2,0,2,3,3,5,7.356478935
2,2,0,2,3,3,2.5,7.307415898
2,2,0,3,0,0,7.5,5.657746488
2,2,0,3,0,0,5,5.659341507
2,2,0,3,0,0,2.5,5.660206696
2,2,0,3,0,1,7.5,5.84620163
2,2,0,3,0,1,5,5.869878667
2,2,0,3,0,1,2.5,5.887940143
2,2,0,3,0,2,7.5,6.170751936
2,2,0,3,0,2,5,6.207599529
2,2,0,3,0,2,2.5,6.234186189
2,2,0,3,0,3,7.5,6.579781747
2,2,0,3,0,3,5,6.615095438
2,2,0,3,0,3,2.5,6.636229406
2,2,0,3,1,0,7.5,5.888601273
2,2,0,3,1,0,5,5.927259894
2,2,0,3,1,0,2.5,5.96379609
2,2,0,3,1,1,7.5,6.163443916
2,2,0,3,1,1,5,6.196656369
2,2,0,3,1,1,2.5,6.217671509
2,2,0,3,1,2,7.5,6.55795542
2,2,0,3,1,2,5,6.584461997
2,2,0,3,1,2,2.5,6.593235103
2,2,0,3,1,3,7.5,6.998119967
2,2,0,3,1,3,5,7.011498644
2,2,0,3,1,3,2.5,7.003526932
2,2,0,3,2,0,7.5,6.246727684
2,2,0,3,2,0,5,6.29006917
2,2,0,3,2,0,2.5,6.316762182
2,2,0,3,2,1,7.5,6.542850398
2,2,0,3,2,1,5,6.565674363
2,2,0,3,2,1,2.5,6.570637601
2,2,0,3,2,2,7.5,6.954467314
2,2,0,3,2,2,5,6.960442909
2,2,0,3,2,2,2.5,6.946201194
2,2,0,3,2,3,7.5,7.400766403
2,2,0,3,2,3,5,7.389438601
2,2,0,3,2,3,2.5,7.356493024
2,2,0,3,3,0,7.5,6.638970414
2,2,0,3,3,0,5,6.664605412
2,2,0,3,3,0,2.5,6.669728274
2,2,0,3,3,1,7.5,6.936567698
2,2,0,3,3,1,5,6.940210605
2,2,0,3,3,1,2.5,6.923603692
2,2,0,3,3,2,7.5,7.349838307
2,2,0,3,3,2,5,7.33497915
2,2,0,3,3,2,2.5,7.299167286
2,2,0,3,3,3,7.5,7.79660267
2,2,0,3,3,3,5,7.763974843
2,2,0,3,3,3,2.5,7.709459116
2,2,1,0,0,0,7.5,4.959084393
2,2,1,0,0,0,5,4.968013937
2,2,1,0,0,0,2.5,4.986066072
2,2,1,0,0,1,7.5,5.155851661
2,2,1,0,0,1,5,5.183564713
2,2,1,0,0,1,2.5,5.222969043
2,2,1,0,0,2,7.5,5.480067402
2,2,1,0,0,2,5,5.521720309
2,2,1,0,0,2,2.5,5.56348666
2,2,1,0,0,3,7.5,5.888601273
2,2,1,0,0,3,5,5.927259894
2,2,1,0,0,3,2.5,5.96379609
2,2,1,0,1,0,7.5,5.196665146
2,2,1,0,1,0,5,5.240636014
2,2,1,0,1,0,2.5,5.303346701
2,2,1,0,1,1,7.5,5.472738634
2,2,1,0,1,1,5,5.511557018
2,2,1,0,1,1,2.5,5.550439553
2,2,1,0,1,2,7.5,5.866774947
2,2,1,0,1,2,5,5.896626453
2,2,1,0,1,2,2.5,5.920801787
2,2,1,0,1,3,7.5,6.30633336
2,2,1,0,1,3,5,6.323251326
2,2,1,0,1,3,2.5,6.331093616
2,2,1,0,2,0,7.5,5.55421542
2,2,1,0,2,0,5,5.606696958
2,2,1,0,2,0,2.5,5.656312793
2,2,1,0,2,1,7.5,5.852204833
2,2,1,0,2,1,5,5.880038059
2,2,1,0,2,1,2.5,5.903405645
2,2,1,0,2,2,7.5,6.262680706
2,2,1,0,2,2,5,6.272195591
2,2,1,0,2,2,2.5,6.273767879
2,2,1,0,2,3,7.5,6.708881999
2,2,1,0,2,3,5,6.701191284
2,2,1,0,2,3,2.5,6.684059708
2,2,1,0,3,0,7.5,5.947230422
2,2,1,0,3,0,5,5.9812332
2,2,1,0,3,0,2.5,6.009278884
2,2,1,0,3,1,7.5,6.245794608
2,2,1,0,3,1,5,6.254574301
2,2,1,0,3,1,2.5,6.256371736
2,2,1,0,3,2,7.5,6.657953903
2,2,1,0,3,2,5,6.646731833
2,2,1,0,3,2,2.5,6.62673397
2,2,1,0,3,3,7.5,7.104718266
2,2,1,0,3,3,5,7.075727525
2,2,1,0,3,3,2.5,7.0370258
2,2,1,1,0,0,7.5,5.239904391
2,2,1,1,0,0,5,5.239918602
2,2,1,1,0,0,2.5,5.242239821
2,2,1,1,0,1,7.5,5.430344531
2,2,1,1,0,1,5,5.452815289
2,2,1,1,0,1,2.5,5.471116033
2,2,1,1,0,2,7.5,5.754980137
2,2,1,1,0,2,5,5.789572234
2,2,1,1,0,2,2.5,5.815628292
2,2,1,1,0,3,7.5,6.163443916
2,2,1,1,0,3,5,6.196656369
2,2,1,1,0,3,2.5,6.217671509
2,2,1,1,1,0,7.5,5.472738634
2,2,1,1,1,0,5,5.511557018
2,2,1,1,1,0,2.5,5.550439553
2,2,1,1,1,1,7.5,5.747759539
2,2,1,1,1,1,5,5.779040848
2,2,1,1,1,1,2.5,5.799113612
2,2,1,1,1,2,7.5,6.14161759
2,2,1,1,1,2,5,6.166022927
2,2,1,1,1,2,2.5,6.174677206
2,2,1,1,1,3,7.5,6.581684341
2,2,1,1,1,3,5,6.593059575
2,2,1,1,1,3,2.5,6.584969035
2,2,1,1,2,0,7.5,5.831980821
2,2,1,1,2,0,5,5.875461249
2,2,1,1,2,0,2.5,5.903405645
2,2,1,1,2,1,7.5,6.126839294
2,2,1,1,2,1,5,6.147647068
2,2,1,1,2,1,2.5,6.152079704
2,2,1,1,2,2,7.5,6.538031687
2,2,1,1,2,2,5,6.542003839
2,2,1,1,2,2,2.5,6.527643297
2,2,1,1,2,3,7.5,6.984330776
2,2,1,1,2,3,5,6.970999532
2,2,1,1,2,3,2.5,6.937935127
2,2,1,1,3,0,7.5,6.224483603
2,2,1,1,3,0,5,6.249997491
2,2,1,1,3,0,2.5,6.256371736
2,2,1,1,3,1,7.5,6.520458798
2,2,1,1,3,1,5,6.52218331
2,2,1,1,3,1,2.5,6.505045795
2,2,1,1,3,2,7.5,6.933402681
2,2,1,1,3,2,5,6.916540081
2,2,1,1,3,2,2.5,6.880609389
2,2,1,1,3,3,7.5,7.380167043
2,2,1,1,3,3,5,7.345535774
2,2,1,1,3,3,2.5,7.290901219
2,2,1,2,0,0,7.5,5.635920162
2,2,1,2,0,0,5,5.628708066
2,2,1,2,0,0,2.5,5.617212393
2,2,1,2,0,1,7.5,5.824375303
2,2,1,2,0,1,5,5.839245226
2,2,1,2,0,1,2.5,5.84494584
2,2,1,2,0,2,7.5,6.14892561
2,2,1,2,0,2,5,6.176966088
2,2,1,2,0,2,2.5,6.191191886
2,2,1,2,0,3,7.5,6.55795542
2,2,1,2,0,3,5,6.584461997
2,2,1,2,0,3,2.5,6.593235103
2,2,1,2,1,0,7.5,5.866774947
2,2,1,2,1,0,5,5.896626453
2,2,1,2,1,0,2.5,5.920801787
2,2,1,2,1,1,7.5,6.14161759
2,2,1,2,1,1,5,6.166022927
2,2,1,2,1,1,2.5,6.174677206
2,2,1,2,1,2,7.5,6.536129093
2,2,1,2,1,2,5,6.553828555
2,2,1,2,1,2,2.5,6.550240799
2,2,1,2,1,3,7.5,6.976293641
2,2,1,2,1,3,5,6.980865203
2,2,1,2,1,3,2.5,6.960532629
2,2,1,2,2,0,7.5,6.224901357
2,2,1,2,2,0,5,6.259435729
2,2,1,2,2,0,2.5,6.273767879
2,2,1,2,2,1,7.5,6.521024071
2,2,1,2,2,1,5,6.535040922
2,2,1,2,2,1,2.5,6.527643297
2,2,1,2,2,2,7.5,6.932640987
2,2,1,2,2,2,5,6.929809468
2,2,1,2,2,2,2.5,6.903206891
2,2,1,2,2,3,7.5,7.378940076
2,2,1,2,2,3,5,7.35880516
2,2,1,2,2,3,2.5,7.313498721
2,2,1,2,3,0,7.5,6.617144087
2,2,1,2,3,0,5,6.633971971
2,2,1,2,3,0,2.5,6.62673397
2,2,1,2,3,1,7.5,6.914741372
2,2,1,2,3,1,5,6.909577164
2,2,1,2,3,1,2.5,6.880609389
2,2,1,2,3,2,7.5,7.328011981
2,2,1,2,3,2,5,7.304345709
2,2,1,2,3,2,2.5,7.256172983
2,2,1,2,3,3,7.5,7.774776343
2,2,1,2,3,3,5,7.733341402
2,2,1,2,3,3,2.5,7.666464812
2,2,1,3,0,0,7.5,6.076014607
2,2,1,3,0,0,5,6.055560666
2,2,1,3,0,0,2.5,6.027504222
2,2,1,3,0,1,7.5,6.264256835
2,2,1,3,0,1,5,6.266281873
2,2,1,3,0,1,2.5,6.255237669
2,2,1,3,0,2,7.5,6.589090157
2,2,1,3,0,2,5,6.604002735
2,2,1,3,0,2,2.5,6.601483715
2,2,1,3,0,3,7.5,6.998119967
2,2,1,3,0,3,5,7.011498644
2,2,1,3,0,3,2.5,7.003526932
2,2,1,3,1,0,7.5,6.30633336
2,2,1,3,1,0,5,6.323251326
2,2,1,3,1,0,2.5,6.331093616
2,2,1,3,1,1,7.5,6.581684341
2,2,1,3,1,1,5,6.593059575
2,2,1,3,1,1,2.5,6.584969035
2,2,1,3,1,2,7.5,6.976293641
2,2,1,3,1,2,5,6.980865203
2,2,1,3,1,2,2.5,6.960532629
2,2,1,3,1,3,7.5,7.416458188
2,2,1,3,1,3,5,7.40790185
2,2,1,3,1,3,2.5,7.370824458
2,2,1,3,2,0,7.5,6.6643516
2,2,1,3,2,0,5,6.686060602
2,2,1,3,2,0,2.5,6.684059708
2,2,1,3,2,1,7.5,6.961090822
2,2,1,3,2,1,5,6.962077569
2,2,1,3,2,1,2.5,6.937935127
2,2,1,3,2,2,7.5,7.372805535
2,2,1,3,2,2,5,7.356846115
2,2,1,3,2,2,2.5,7.313498721
2,2,1,3,2,3,7.5,7.819104624
2,2,1,3,2,3,5,7.785841807
2,2,1,3,2,3,2.5,7.72379055
2,2,1,3,3,0,7.5,7.05659433
2,2,1,3,3,0,5,7.060596844
2,2,1,3,3,0,2.5,7.0370258
2,2,1,3,3,1,7.5,7.354808123
2,2,1,3,3,1,5,7.336613811
2,2,1,3,3,1,2.5,7.290901219
2,2,1,3,3,2,7.5,7.768176528
2,2,1,3,3,2,5,7.731382356
2,2,1,3,3,2,2.5,7.666464812
2,2,1,3,3,3,7.5,8.214940891
2,2,1,3,3,3,5,8.160378049
2,2,1,3,3,3,2.5,8.076756642
2,2,2,0,0,0,7.5,5.311029958
2,2,2,0,0,0,5,5.323921413
2,2,2,0,0,0,2.5,5.339032164
2,2,2,0,0,1,7.5,5.511702398
2,2,2,0,0,1,5,5.547579692
2,2,2,0,0,1,2.5,5.575935134
2,2,2,0,0,2,7.5,5.838810233
2,2,2,0,0,2,5,5.884757313
2,2,2,0,0,2,2.5,5.916452751
2,2,2,0,0,3,7.5,6.246727684
2,2,2,0,0,3,5,6.29006917
2,2,2,0,0,3,2.5,6.316762182
2,2,2,0,1,0,7.5,5.55421542
2,2,2,0,1,0,5,5.606696958
2,2,2,0,1,0,2.5,5.656312793
2,2,2,0,1,1,7.5,5.831980821
2,2,2,0,1,1,5,5.875461249
2,2,2,0,1,1,2.5,5.903405645
2,2,2,0,1,2,7.5,6.224901357
2,2,2,0,1,2,5,6.259435729
2,2,2,0,1,2,2.5,6.273767879
2,2,2,0,1,3,7.5,6.6643516
2,2,2,0,1,3,5,6.686060602
2,2,2,0,1,3,2.5,6.684059708
2,2,2,0,2,0,7.5,5.916588592
2,2,2,0,2,0,5,5.972757902
2,2,2,0,2,0,2.5,6.009278884
2,2,2,0,2,1,7.5,6.211394415
2,2,2,0,2,1,5,6.24394229
2,2,2,0,2,1,2.5,6.256371736
2,2,2,0,2,2,7.5,6.620698947
2,2,2,0,2,2,5,6.635004867
2,2,2,0,2,2,2.5,6.62673397
2,2,2,0,2,3,7.5,7.06690024
2,2,2,0,2,3,5,7.06400056
2,2,2,0,2,3,2.5,7.0370258
2,2,2,0,3,0,7.5,6.309603594
2,2,2,0,3,0,5,6.347294144
2,2,2,0,3,0,2.5,6.362244976
2,2,2,0,3,1,7.5,6.604984189
2,2,2,0,3,1,5,6.618478532
2,2,2,0,3,1,2.5,6.609337828
2,2,2,0,3,2,7.5,7.015972144
2,2,2,0,3,2,5,7.009541109
2,2,2,0,3,2,2.5,6.979700062
2,2,2,0,3,3,7.5,7.462736506
2,2,2,0,3,3,5,7.438536801
2,2,2,0,3,3,2.5,7.389991891
2,2,2,1,0,0,7.5,5.618364287
2,2,2,1,0,0,5,5.608510391
2,2,2,1,0,0,2.5,5.595205912
2,2,2,1,0,1,7.5,5.809414004
2,2,2,1,0,1,5,5.821421509
2,2,2,1,0,1,2.5,5.824082124
2,2,2,1,0,2,7.5,6.134147314
2,2,2,1,0,2,5,6.158590229
2,2,2,1,0,2,2.5,6.168594384
2,2,2,1,0,3,7.5,6.542850398
2,2,2,1,0,3,5,6.565674363
2,2,2,1,0,3,2.5,6.570637601
2,2,2,1,1,0,7.5,5.852204833
2,2,2,1,1,0,5,5.880038059
2,2,2,1,1,0,2.5,5.903405645
2,2,2,1,1,1,7.5,6.126839294
2,2,2,1,1,1,5,6.147647068
2,2,2,1,1,1,2.5,6.152079704
2,2,2,1,1,2,7.5,6.521024071
2,2,2,1,1,2,5,6.535040922
2,2,2,1,1,2,2.5,6.527643297
2,2,2,1,1,3,7.5,6.961090822
2,2,2,1,1,3,5,6.962077569
2,2,2,1,1,3,2.5,6.937935127
2,2,2,1,2,0,7.5,6.211394415
2,2,2,1,2,0,5,6.24394229
2,2,2,1,2,0,2.5,6.256371736
2,2,2,1,2,1,7.5,6.505919049
2,2,2,1,2,1,5,6.516253288
2,2,2,1,2,1,2.5,6.505045795
2,2,2,1,2,2,7.5,6.917438169
2,2,2,1,2,2,5,6.911021834
2,2,2,1,2,2,2.5,6.880609389
2,2,2,1,2,3,7.5,7.363737258
2,2,2,1,2,3,5,7.340017526
2,2,2,1,2,3,2.5,7.290901219
2,2,2,1,3,0,7.5,6.603897197
2,2,2,1,3,0,5,6.618478532
2,2,2,1,3,0,2.5,6.609337828
2,2,2,1,3,1,7.5,6.899538553
2,2,2,1,3,1,5,6.89078953
2,2,2,1,3,1,2.5,6.858011887
2,2,2,1,3,2,7.5,7.312809162
2,2,2,1,3,2,5,7.285558076
2,2,2,1,3,2,2.5,7.233575481
2,2,2,1,3,3,7.5,7.759573525
2,2,2,1,3,3,5,7.714553768
2,2,2,1,3,3,2.5,7.64386731
2,2,2,2,0,0,7.5,6.032361954
2,2,2,2,0,0,5,6.004504931
2,2,2,2,0,0,2.5,5.970178484
2,2,2,2,0,1,7.5,6.220604182
2,2,2,2,0,1,5,6.215226138
2,2,2,2,0,1,2.5,6.197911932
2,2,2,2,0,2,7.5,6.545437504
2,2,2,2,0,2,5,6.552947
2,2,2,2,0,2,2.5,6.544157977
2,2,2,2,0,3,7.5,6.954467314
2,2,2,2,0,3,5,6.960442909
2,2,2,2,0,3,2.5,6.946201194
2,2,2,2,1,0,7.5,6.262680706
2,2,2,2,1,0,5,6.272195591
2,2,2,2,1,0,2.5,6.273767879
2,2,2,2,1,1,7.5,6.538031687
2,2,2,2,1,1,5,6.542003839
2,2,2,2,1,1,2.5,6.527643297
2,2,2,2,1,2,7.5,6.932640987
2,2,2,2,1,2,5,6.929809468
2,2,2,2,1,2,2.5,6.903206891
2,2,2,2,1,3,7.5,7.372805535
2,2,2,2,1,3,5,7.356846115
2,2,2,2,1,3,2.5,7.313498721
2,2,2,2,2,0,7.5,6.620698947
2,2,2,2,2,0,5,6.635004867
2,2,2,2,2,0,2.5,6.62673397
2,2,2,2,2,1,7.5,6.917438169
2,2,2,2,2,1,5,6.911021834
2,2,2,2,2,1,2.5,6.880609389
2,2,2,2,2,2,7.5,7.329152881
2,2,2,2,2,2,5,7.30579038
2,2,2,2,2,2,2.5,7.256172983
2,2,2,2,2,3,7.5,7.77545197
2,2,2,2,2,3,5,7.734786072
2,2,2,2,2,3,2.5,7.666464812
2,2,2,2,3,0,7.5,7.012941677
2,2,2,2,3,0,5,7.009541109
2,2,2,2,3,0,2.5,6.979700062
2,2,2,2,3,1,7.5,7.311155469
2,2,2,2,3,1,5,7.285558076
2,2,2,2,3,1,2.5,7.233575481
2,2,2,2,3,2,7.5,7.724523875
2,2,2,2,3,2,5,7.680326621
2,2,2,2,3,2,2.5,7.609139075
2,2,2,2,3,3,7.5,8.171288237
2,2,2,2,3,3,5,8.109322314
2,2,2,2,3,3,2.5,8.019430904
2,2,2,3,0,0,7.5,6.478617332
2,2,2,3,0,0,5,6.433500624
2,2,2,3,0,0,2.5,6.380470314
2,2,2,3,0,1,7.5,6.666903271
2,2,2,3,0,1,5,6.644221831
2,2,2,3,0,1,2.5,6.608203761
2,2,2,3,0,2,7.5,6.991736593
2,2,2,3,0,2,5,6.981942693
2,2,2,3,0,2,2.5,6.954449807
2,2,2,3,0,3,7.5,7.400766403
2,2,2,3,0,3,5,7.389438601
2,2,2,3,0,3,2.5,7.356493024
2,2,2,3,1,0,7.5,6.708881999
2,2,2,3,1,0,5,6.701191284
2,2,2,3,1,0,2.5,6.684059708
2,2,2,3,1,1,7.5,6.984330776
2,2,2,3,1,1,5,6.970999532
2,2,2,3,1,1,2.5,6.937935127
2,2,2,3,1,2,7.5,7.378940076
2,2,2,3,1,2,5,7.35880516
2,2,2,3,1,2,2.5,7.313498721
2,2,2,3,1,3,7.5,7.819104624
2,2,2,3,1,3,5,7.785841807
2,2,2,3,1,3,2.5,7.72379055
2,2,2,3,2,0,7.5,7.06690024
2,2,2,3,2,0,5,7.06400056
2,2,2,3,2,0,2.5,7.0370258
2,2,2,3,2,1,7.5,7.363737258
2,2,2,3,2,1,5,7.340017526
2,2,2,3,2,1,2.5,7.290901219
2,2,2,3,2,2,7.5,7.77545197
2,2,2,3,2,2,5,7.734786072
2,2,2,3,2,2,2.5,7.666464812
2,2,2,3,2,3,7.5,8.22175106
2,2,2,3,2,3,5,8.163781765
2,2,2,3,2,3,2.5,8.076756642
2,2,2,3,3,0,7.5,7.45914297
2,2,2,3,3,0,5,7.438536801
2,2,2,3,3,0,2.5,7.389991891
2,2,2,3,3,1,7.5,7.757454558
2,2,2,3,3,1,5,7.714553768
2,2,2,3,3,1,2.5,7.64386731
2,2,2,3,3,2,7.5,8.170822964
2,2,2,3,3,2,5,8.109322314
2,2,2,3,3,2,2.5,8.019430904
2,2,2,3,3,3,7.5,8.617587327
2,2,2,3,3,3,5,8.538318007
2,2,2,3,3,3,2.5,8.429722733
2,2,3,0,0,0,7.5,5.70163351
2,2,3,0,0,0,5,5.698457655
2,2,3,0,0,0,2.5,5.691998255
2,2,3,0,0,1,7.5,5.904231483
2,2,3,0,0,1,5,5.922115934
2,2,3,0,0,1,2.5,5.928901226
2,2,3,0,0,2,7.5,6.231107048
2,2,3,0,0,2,5,6.259293554
2,2,3,0,0,2,2.5,6.269418843
2,2,3,0,0,3,7.5,6.638970414
2,2,3,0,0,3,5,6.664605412
2,2,3,0,0,3,2.5,6.669728274
2,2,3,0,1,0,7.5,5.947230422
2,2,3,0,1,0,5,5.9812332
2,2,3,0,1,0,2.5,6.009278884
2,2,3,0,1,1,7.5,6.224483603
2,2,3,0,1,1,5,6.249997491
2,2,3,0,1,1,2.5,6.256371736
2,2,3,0,1,2,7.5,6.617144087
2,2,3,0,1,2,5,6.633971971
2,2,3,0,1,2,2.5,6.62673397
2,2,3,0,1,3,7.5,7.05659433
2,2,3,0,1,3,5,7.060596844
2,2,3,0,1,3,2.5,7.0370258
2,2,3,0,2,0,7.5,6.309603594
2,2,3,0,2,0,5,6.347294144
2,2,3,0,2,0,2.5,6.362244976
2,2,3,0,2,1,7.5,6.603897197
2,2,3,0,2,1,5,6.618478532
2,2,3,0,2,1,2.5,6.609337828
2,2,3,0,2,2,7.5,7.012941677
2,2,3,0,2,2,5,7.009541109
2,2,3,0,2,2,2.5,6.979700062
2,2,3,0,2,3,7.5,7.45914297
2,2,3,0,2,3,5,7.438536801
2,2,3,0,2,3,2.5,7.389991891
2,2,3,0,3,0,7.5,6.702618595
2,2,3,0,3,0,5,6.721830386
2,2,3,0,3,0,2.5,6.715211068
2,2,3,0,3,1,7.5,6.997486971
2,2,3,0,3,1,5,6.993014774
2,2,3,0,3,1,2.5,6.96230392
2,2,3,0,3,2,7.5,7.408214874
2,2,3,0,3,2,5,7.384077351
2,2,3,0,3,2,2.5,7.332666154
2,2,3,0,3,3,7.5,7.854979236
2,2,3,0,3,3,5,7.813073043
2,2,3,0,3,3,2.5,7.742957983
2,2,3,1,0,0,7.5,6.011980363
2,2,3,1,0,0,5,5.983046633
2,2,3,1,0,0,2.5,5.948172004
2,2,3,1,0,1,7.5,6.203033508
2,2,3,1,0,1,5,6.195957751
2,2,3,1,0,1,2.5,6.177048216
2,2,3,1,0,2,7.5,6.527864615
2,2,3,1,0,2,5,6.533126471
2,2,3,1,0,2,2.5,6.521560475
2,2,3,1,0,3,7.5,6.936567698
2,2,3,1,0,3,5,6.940210605
2,2,3,1,0,3,2.5,6.923603692
2,2,3,1,1,0,7.5,6.245794608
2,2,3,1,1,0,5,6.254574301
2,2,3,1,1,0,2.5,6.256371736
2,2,3,1,1,1,7.5,6.520458798
2,2,3,1,1,1,5,6.52218331
2,2,3,1,1,1,2.5,6.505045795
2,2,3,1,1,2,7.5,6.914741372
2,2,3,1,1,2,5,6.909577164
2,2,3,1,1,2,2.5,6.880609389
2,2,3,1,1,3,7.5,7.354808123
2,2,3,1,1,3,5,7.336613811
2,2,3,1,1,3,2.5,7.290901219
2,2,3,1,2,0,7.5,6.604984189
2,2,3,1,2,0,5,6.618478532
2,2,3,1,2,0,2.5,6.609337828
2,2,3,1,2,1,7.5,6.899538553
2,2,3,1,2,1,5,6.89078953
2,2,3,1,2,1,2.5,6.858011887
2,2,3,1,2,2,7.5,7.311155469
2,2,3,1,2,2,5,7.285558076
2,2,3,1,2,2,2.5,7.233575481
2,2,3,1,2,3,7.5,7.757454558
2,2,3,1,2,3,5,7.714553768
2,2,3,1,2,3,2.5,7.64386731
2,2,3,1,3,0,7.5,6.997486971
2,2,3,1,3,0,5,6.993014774
2,2,3,1,3,0,2.5,6.96230392
2,2,3,1,3,1,7.5,7.293158057
2,2,3,1,3,1,5,7.265325772
2,2,3,1,3,1,2.5,7.210977979
2,2,3,1,3,2,7.5,7.706526463
2,2,3,1,3,2,5,7.660094317
2,2,3,1,3,2,2.5,7.586541573
2,2,3,1,3,3,7.5,8.153290825
2,2,3,1,3,3,5,8.08909001
2,2,3,1,3,3,2.5,7.996833402
2,2,3,2,0,0,7.5,6.427689236
2,2,3,2,0,0,5,6.379041173
2,2,3,2,0,0,2.5,6.323144576
2,2,3,2,0,1,7.5,6.615975175
2,2,3,2,0,1,5,6.58976238
2,2,3,2,0,1,2.5,6.550878023
2,2,3,2,0,2,7.5,6.940808497
2,2,3,2,0,2,5,6.927483242
2,2,3,2,0,2,2.5,6.897124069
2,2,3,2,0,3,7.5,7.349838307
2,2,3,2,0,3,5,7.33497915
2,2,3,2,0,3,2.5,7.299167286
2,2,3,2,1,0,7.5,6.657953903
2,2,3,2,1,0,5,6.646731833
2,2,3,2,1,0,2.5,6.62673397
2,2,3,2,1,1,7.5,6.933402681
2,2,3,2,1,1,5,6.916540081
2,2,3,2,1,1,2.5,6.880609389
2,2,3,2,1,2,7.5,7.328011981
2,2,3,2,1,2,5,7.304345709
2,2,3,2,1,2,2.5,7.256172983
2,2,3,2,1,3,7.5,7.768176528
2,2,3,2,1,3,5,7.731382356
2,2,3,2,1,3,2.5,7.666464812
2,2,3,2,2,0,7.5,7.015972144
2,2,3,2,2,0,5,7.009541109
2,2,3,2,2,0,2.5,6.979700062
2,2,3,2,2,1,7.5,7.312809162
2,2,3,2,2,1,5,7.285558076
2,2,3,2,2,1,2.5,7.233575481
2,2,3,2,2,2,7.5,7.724523875
2,2,3,2,2,2,5,7.680326621
2,2,3,2,2,2,2.5,7.609139075
2,2,3,2,2,3,7.5,8.170822964
2,2,3,2,2,3,5,8.109322314
2,2,3,2,2,3,2.5,8.019430904
2,2,3,2,3,0,7.5,7.408214874
2,2,3,2,3,0,5,7.384077351
2,2,3,2,3,0,2.5,7.332666154
2,2,3,2,3,1,7.5,7.706526463
2,2,3,2,3,1,5,7.660094317
2,2,3,2,3,1,2.5,7.586541573
2,2,3,2,3,2,7.5,8.119894868
2,2,3,2,3,2,5,8.054862863
2,2,3,2,3,2,2.5,7.962105166
2,2,3,2,3,3,7.5,8.566659231
2,2,3,2,3,3,5,8.483858556
2,2,3,2,3,3,2.5,8.372396996
2,2,3,3,0,0,7.5,6.874453599
2,2,3,3,0,0,5,6.808036865
2,2,3,3,0,0,2.5,6.733436406
2,2,3,3,0,1,7.5,7.062739538
2,2,3,3,0,1,5,7.018758073
2,2,3,3,0,1,2.5,6.961169853
2,2,3,3,0,2,7.5,7.38757286
2,2,3,3,0,2,5,7.356478935
2,2,3,3,0,2,2.5,7.307415898
2,2,3,3,0,3,7.5,7.79660267
2,2,3,3,0,3,5,7.763974843
2,2,3,3,0,3,2.5,7.709459116
2,2,3,3,1,0,7.5,7.104718266
2,2,3,3,1,0,5,7.075727525
2,2,3,3,1,0,2.5,7.0370258
2,2,3,3,1,1,7.5,7.380167043
2,2,3,3,1,1,5,7.345535774
2,2,3,3,1,1,2.5,7.290901219
2,2,3,3,1,2,7.5,7.774776343
2,2,3,3,1,2,5,7.733341402
2,2,3,3,1,2,2.5,7.666464812
2,2,3,3,1,3,7.5,8.214940891
2,2,3,3,1,3,5,8.160378049
2,2,3,3,1,3,2.5,8.076756642
2,2,3,3,2,0,7.5,7.462736506
2,2,3,3,2,0,5,7.438536801
2,2,3,3,2,0,2.5,7.389991891
2,2,3,3,2,1,7.5,7.759573525
2,2,3,3,2,1,5,7.714553768
2,2,3,3,2,1,2.5,7.64386731
2,2,3,3,2,2,7.5,8.171288237
2,2,3,3,2,2,5,8.109322314
2,2,3,3,2,2,2.5,8.019430904
2,2,3,3,2,3,7.5,8.617587327
2,2,3,3,2,3,5,8.538318007
2,2,3,3,2,3,2.5,8.429722733
2,2,3,3,3,0,7.5,7.854979236
2,2,3,3,3,0,5,7.813073043
2,2,3,3,3,0,2.5,7.742957983
2,2,3,3,3,1,7.5,8.153290825
2,2,3,3,3,1,5,8.08909001
2,2,3,3,3,1,2.5,7.996833402
2,2,3,3,3,2,7.5,8.566659231
2,2,3,3,3,2,5,8.483858556
2,2,3,3,3,2,2.5,8.372396996
2,2,3,3,3,3,7.5,9.013423593
2,2,3,3,3,3,5,8.912854248
2,2,3,3,3,3,2.5,8.782688825
2,3,0,0,0,0,7.5,4.990919114
2,3,0,0,0,0,5,4.988481024
2,3,0,0,0,0,2.5,4.975987442
2,3,0,0,0,1,7.5,5.152692459
2,3,0,0,0,1,5,5.160487888
2,3,0,0,0,1,2.5,5.162357139
2,3,0,0,0,2,7.5,5.463133589
2,3,0,0,0,2,5,5.483815671
2,3,0,0,0,2,2.5,5.498983842
2,3,0,0,0,3,7.5,5.867268676
2,3,0,0,0,3,5,5.888203437
2,3,0,0,0,3,2.5,5.899293272
2,3,0,0,1,0,7.5,5.197447173
2,3,0,0,1,0,5,5.223301521
2,3,0,0,1,0,2.5,5.250516625
2,3,0,0,1,1,7.5,5.456510144
2,3,0,0,1,1,5,5.474519608
2,3,0,0,1,1,2.5,5.485936735
2,3,0,0,1,2,7.5,5.845442349
2,3,0,0,1,2,5,5.857569996
2,3,0,0,1,2,2.5,5.856298969
2,3,0,0,1,3,7.5,6.28467312
2,3,0,0,1,3,5,6.284194869
2,3,0,0,1,3,2.5,6.266590799
2,3,0,0,2,0,7.5,5.546019572
2,3,0,0,2,0,5,5.579208997
2,3,0,0,2,0,2.5,5.603482716
2,3,0,0,2,1,7.5,5.832195459
2,3,0,0,2,1,5,5.842076557
2,3,0,0,2,1,2.5,5.838902827
2,3,0,0,2,2,7.5,6.241020466
2,3,0,0,2,2,5,6.233139134
2,3,0,0,2,2,2.5,6.209265061
2,3,0,0,2,3,7.5,6.687221759
2,3,0,0,2,3,5,6.662134826
2,3,0,0,2,3,2.5,6.61955689
2,3,0,0,3,0,7.5,5.936623125
2,3,0,0,3,0,5,5.953745239
2,3,0,0,3,0,2.5,5.956448808
2,3,0,0,3,1,7.5,6.225565761
2,3,0,0,3,1,5,6.216612798
2,3,0,0,3,1,2.5,6.191868919
2,3,0,0,3,2,7.5,6.636293664
2,3,0,0,3,2,5,6.607675375
2,3,0,0,3,2,2.5,6.562231153
2,3,0,0,3,3,7.5,7.083058026
2,3,0,0,3,3,5,7.036671068
2,3,0,0,3,3,2.5,6.972522982
2,3,0,1,0,0,7.5,5.152692459
2,3,0,1,0,0,5,5.160487888
2,3,0,1,0,0,2.5,5.162357139
2,3,0,1,0,1,7.5,5.314465804
2,3,0,1,0,1,5,5.332494751
2,3,0,1,0,1,2.5,5.348726835
2,3,0,1,0,2,7.5,5.624906934
2,3,0,1,0,2,5,5.655822534
2,3,0,1,0,2,2.5,5.685353538
2,3,0,1,0,3,7.5,6.029042021
2,3,0,1,0,3,5,6.0602103
2,3,0,1,0,3,2.5,6.085662969
2,3,0,1,1,0,7.5,5.359220518
2,3,0,1,1,0,5,5.395308385
2,3,0,1,1,0,2.5,5.436886321
2,3,0,1,1,1,7.5,5.618283489
2,3,0,1,1,1,5,5.646526471
2,3,0,1,1,1,2.5,5.672306432
2,3,0,1,1,2,7.5,6.007215694
2,3,0,1,1,2,5,6.029576859
2,3,0,1,1,2,2.5,6.042668666
2,3,0,1,1,3,7.5,6.446446465
2,3,0,1,1,3,5,6.456201732
2,3,0,1,1,3,2.5,6.452960495
2,3,0,1,2,0,7.5,5.707792917
2,3,0,1,2,0,5,5.75121586
2,3,0,1,2,0,2.5,5.789852413
2,3,0,1,2,1,7.5,5.993968803
2,3,0,1,2,1,5,6.01408342
2,3,0,1,2,1,2.5,6.025272523
2,3,0,1,2,2,7.5,6.402793811
2,3,0,1,2,2,5,6.405145997
2,3,0,1,2,2,2.5,6.395634757
2,3,0,1,2,3,7.5,6.848995104
2,3,0,1,2,3,5,6.83414169
2,3,0,1,2,3,2.5,6.805926587
2,3,0,1,3,0,7.5,6.098396469
2,3,0,1,3,0,5,6.125752102
2,3,0,1,3,0,2.5,6.142818505
2,3,0,1,3,1,7.5,6.387339106
2,3,0,1,3,1,5,6.388619662
2,3,0,1,3,1,2.5,6.378238615
2,3,0,1,3,2,7.5,6.798067008
2,3,0,1,3,2,5,6.779682239
2,3,0,1,3,2,2.5,6.748600849
2,3,0,1,3,3,7.5,7.244831371
2,3,0,1,3,3,5,7.208677931
2,3,0,1,3,3,2.5,7.158892679
2,3,0,2,0,0,7.5,5.463133589
2,3,0,2,0,0,5,5.483815671
2,3,0,2,0,0,2.5,5.498983842
2,3,0,2,0,1,7.5,5.624906934
2,3,0,2,0,1,5,5.655822534
2,3,0,2,0,1,2.5,5.685353538
2,3,0,2,0,2,7.5,5.935348065
2,3,0,2,0,2,5,5.979150318
2,3,0,2,0,2,2.5,6.021980241
2,3,0,2,0,3,7.5,6.339483151
2,3,0,2,0,3,5,6.383538084
2,3,0,2,0,3,2.5,6.422289672
2,3,0,2,1,0,7.5,5.669661648
2,3,0,2,1,0,5,5.718636168
2,3,0,2,1,0,2.5,5.773513024
2,3,0,2,1,1,7.5,5.928724619
2,3,0,2,1,1,5,5.969854255
2,3,0,2,1,1,2.5,6.008933135
2,3,0,2,1,2,7.5,6.317656824
2,3,0,2,1,2,5,6.352904643
2,3,0,2,1,2,2.5,6.379295369
2,3,0,2,1,3,7.5,6.756887595
2,3,0,2,1,3,5,6.779529516
2,3,0,2,1,3,2.5,6.789587198
2,3,0,2,2,0,7.5,6.018234048
2,3,0,2,2,0,5,6.074543644
2,3,0,2,2,0,2.5,6.126479116
2,3,0,2,2,1,7.5,6.304409934
2,3,0,2,2,1,5,6.337411204
2,3,0,2,2,1,2.5,6.361899227
2,3,0,2,2,2,7.5,6.713234942
2,3,0,2,2,2,5,6.72847378
2,3,0,2,2,2,2.5,6.73226146
2,3,0,2,2,3,7.5,7.159436235
2,3,0,2,2,3,5,7.157469473
2,3,0,2,2,3,2.5,7.14255329
2,3,0,2,3,0,7.5,6.4088376
2,3,0,2,3,0,5,6.449079886
2,3,0,2,3,0,2.5,6.479445208
2,3,0,2,3,1,7.5,6.697780236
2,3,0,2,3,1,5,6.711947445
2,3,0,2,3,1,2.5,6.714865318
2,3,0,2,3,2,7.5,7.108508139
2,3,0,2,3,2,5,7.103010022
2,3,0,2,3,2,2.5,7.085227552
2,3,0,2,3,3,7.5,7.555272501
2,3,0,2,3,3,5,7.532005715
2,3,0,2,3,3,2.5,7.495519382
2,3,0,3,0,0,7.5,5.867268676
2,3,0,3,0,0,5,5.888203437
2,3,0,3,0,0,2.5,5.899293272
2,3,0,3,0,1,7.5,6.029042021
2,3,0,3,0,1,5,6.0602103
2,3,0,3,0,1,2.5,6.085662969
2,3,0,3,0,2,7.5,6.339483151
2,3,0,3,0,2,5,6.383538084
2,3,0,3,0,2,2.5,6.422289672
2,3,0,3,0,3,7.5,6.743618238
2,3,0,3,0,3,5,6.78792585
2,3,0,3,0,3,2.5,6.822599103
2,3,0,3,1,0,7.5,6.073796735
2,3,0,3,1,0,5,6.123023934
2,3,0,3,1,0,2.5,6.173822455
2,3,0,3,1,1,7.5,6.332859706
2,3,0,3,1,1,5,6.37424202
2,3,0,3,1,1,2.5,6.409242565
2,3,0,3,1,2,7.5,6.721791911
2,3,0,3,1,2,5,6.757292409
2,3,0,3,1,2,2.5,6.779604799
2,3,0,3,1,3,7.5,7.161022682
2,3,0,3,1,3,5,7.183917281
2,3,0,3,1,3,2.5,7.189896629
2,3,0,3,2,0,7.5,6.422369134
2,3,0,3,2,0,5,6.47893141
2,3,0,3,2,0,2.5,6.526788547
2,3,0,3,2,1,7.5,6.70854502
2,3,0,3,2,1,5,6.74179897
2,3,0,3,2,1,2.5,6.762208657
2,3,0,3,2,2,7.5,7.117370028
2,3,0,3,2,2,5,7.132861546
2,3,0,3,2,2,2.5,7.132570891
2,3,0,3,2,3,7.5,7.563571321
2,3,0,3,2,3,5,7.561857239
2,3,0,3,2,3,2.5,7.54286272
2,3,0,3,3,0,7.5,6.812972686
2,3,0,3,3,0,5,6.853467652
2,3,0,3,3,0,2.5,6.879754638
2,3,0,3,3,1,7.5,7.101915323
2,3,0,3,3,1,5,7.116335211
2,3,0,3,3,1,2.5,7.115174749
2,3,0,3,3,2,7.5,7.512643225
2,3,0,3,3,2,5,7.507397788
2,3,0,3,3,2,2.5,7.485536983
2,3,0,3,3,3,7.5,7.959407588
2,3,0,3,3,3,5,7.936393481
2,3,0,3,3,3,2.5,7.895828812
2,3,1,0,0,0,7.5,5.197447173
2,3,1,0,0,0,5,5.223301521
2,3,1,0,0,0,2.5,5.250516625
2,3,1,0,0,1,7.5,5.359220518
2,3,1,0,0,1,5,5.395308385
2,3,1,0,0,1,2.5,5.436886321
2,3,1,0,0,2,7.5,5.669661648
2,3,1,0,0,2,5,5.718636168
2,3,1,0,0,2,2.5,5.773513024
2,3,1,0,0,3,7.5,6.073796735
2,3,1,0,0,3,5,6.123023934
2,3,1,0,0,3,2.5,6.173822455
2,3,1,0,1,0,7.5,5.403975232
2,3,1,0,1,0,5,5.458122018
2,3,1,0,1,0,2.5,5.525045807
2,3,1,0,1,1,7.5,5.663038203
2,3,1,0,1,1,5,5.709340105
2,3,1,0,1,1,2.5,5.760465918
2,3,1,0,1,2,7.5,6.051970408
2,3,1,0,1,2,5,6.092390493
2,3,1,0,1,2,2.5,6.130828152
2,3,1,0,1,3,7.5,6.491201179
2,3,1,0,1,3,5,6.519015366
2,3,1,0,1,3,2.5,6.541119981
2,3,1,0,2,0,7.5,5.752547631
2,3,1,0,2,0,5,5.814029494
2,3,1,0,2,0,2.5,5.878011899
2,3,1,0,2,1,7.5,6.038723517
2,3,1,0,2,1,5,6.076897054
2,3,1,0,2,1,2.5,6.113432009
2,3,1,0,2,2,7.5,6.447548525
2,3,1,0,2,2,5,6.467959631
2,3,1,0,2,2,2.5,6.483794243
2,3,1,0,2,3,7.5,6.893749818
2,3,1,0,2,3,5,6.896955323
2,3,1,0,2,3,2.5,6.894086073
2,3,1,0,3,0,7.5,6.143151183
2,3,1,0,3,0,5,6.188565736
2,3,1,0,3,0,2.5,6.230977991
2,3,1,0,3,1,7.5,6.43209382
2,3,1,0,3,1,5,6.451433296
2,3,1,0,3,1,2.5,6.466398101
2,3,1,0,3,2,7.5,6.842821722
2,3,1,0,3,2,5,6.842495872
2,3,1,0,3,2,2.5,6.836760335
2,3,1,0,3,3,7.5,7.289586085
2,3,1,0,3,3,5,7.271491565
2,3,1,0,3,3,2.5,7.247052164
2,3,1,1,0,0,7.5,5.456510144
2,3,1,1,0,0,5,5.474519608
2,3,1,1,0,0,2.5,5.485936735
2,3,1,1,0,1,7.5,5.618283489
2,3,1,1,0,1,5,5.646526471
2,3,1,1,0,1,2.5,5.672306432
2,3,1,1,0,2,7.5,5.928724619
2,3,1,1,0,2,5,5.969854255
2,3,1,1,0,2,2.5,6.008933135
2,3,1,1,0,3,7.5,6.332859706
2,3,1,1,0,3,5,6.37424202
2,3,1,1,0,3,2.5,6.409242565
2,3,1,1,1,0,7.5,5.663038203
2,3,1,1,1,0,5,5.709340105
2,3,1,1,1,0,2.5,5.760465918
2,3,1,1,1,1,7.5,5.922101174
2,3,1,1,1,1,5,5.960558191
2,3,1,1,1,1,2.5,5.995886028
2,3,1,1,1,2,7.5,6.311033379
2,3,1,1,1,2,5,6.343608579
2,3,1,1,1,2,2.5,6.366248262
2,3,1,1,1,3,7.5,6.75026415
2,3,1,1,1,3,5,6.770233452
2,3,1,1,1,3,2.5,6.776540092
2,3,1,1,2,0,7.5,6.011610602
2,3,1,1,2,0,5,6.065247581
2,3,1,1,2,0,2.5,6.113432009
2,3,1,1,2,1,7.5,6.297786489
2,3,1,1,2,1,5,6.32811514
2,3,1,1,2,1,2.5,6.34885212
2,3,1,1,2,2,7.5,6.706611497
2,3,1,1,2,2,5,6.719177717
2,3,1,1,2,2,2.5,6.719214354
2,3,1,1,2,3,7.5,7.152812789
2,3,1,1,2,3,5,7.14817341
2,3,1,1,2,3,2.5,7.129506183
2,3,1,1,3,0,7.5,6.402214155
2,3,1,1,3,0,5,6.439783822
2,3,1,1,3,0,2.5,6.466398101
2,3,1,1,3,1,7.5,6.691156791
2,3,1,1,3,1,5,6.702651382
2,3,1,1,3,1,2.5,6.701818212
2,3,1,1,3,2,7.5,7.101884694
2,3,1,1,3,2,5,7.093713959
2,3,1,1,3,2,2.5,7.072180446
2,3,1,1,3,3,7.5,7.548649056
2,3,1,1,3,3,5,7.522709651
2,3,1,1,3,3,2.5,7.482472275
2,3,1,2,0,0,7.5,5.845442349
2,3,1,2,0,0,5,5.857569996
2,3,1,2,0,0,2.5,5.856298969
2,3,1,2,0,1,7.5,6.007215694
2,3,1,2,0,1,5,6.029576859
2,3,1,2,0,1,2.5,6.042668666
2,3,1,2,0,2,7.5,6.317656824
2,3,1,2,0,2,5,6.352904643
2,3,1,2,0,2,2.5,6.379295369
2,3,1,2,0,3,7.5,6.721791911
2,3,1,2,0,3,5,6.757292409
2,3,1,2,0,3,2.5,6.779604799
2,3,1,2,1,0,7.5,6.051970408
2,3,1,2,1,0,5,6.092390493
2,3,1,2,1,0,2.5,6.130828152
2,3,1,2,1,1,7.5,6.311033379
2,3,1,2,1,1,5,6.343608579
2,3,1,2,1,1,2.5,6.366248262
2,3,1,2,1,2,7.5,6.699965584
2,3,1,2,1,2,5,6.726658968
2,3,1,2,1,2,2.5,6.736610496
2,3,1,2,1,3,7.5,7.139196355
2,3,1,2,1,3,5,7.15328384
2,3,1,2,1,3,2.5,7.146902325
2,3,1,2,2,0,7.5,6.400542807
2,3,1,2,2,0,5,6.448297969
2,3,1,2,2,0,2.5,6.483794243
2,3,1,2,2,1,7.5,6.686718694
2,3,1,2,2,1,5,6.711165528
2,3,1,2,2,1,2.5,6.719214354
2,3,1,2,2,2,7.5,7.095543701
2,3,1,2,2,2,5,7.102228105
2,3,1,2,2,2,2.5,7.089576588
2,3,1,2,2,3,7.5,7.541744994
2,3,1,2,2,3,5,7.531223798
2,3,1,2,2,3,2.5,7.499868417
2,3,1,2,3,0,7.5,6.79114636
2,3,1,2,3,0,5,6.822834211
2,3,1,2,3,0,2.5,6.836760335
2,3,1,2,3,1,7.5,7.080088996
2,3,1,2,3,1,5,7.08570177
2,3,1,2,3,1,2.5,7.072180446
2,3,1,2,3,2,7.5,7.490816898
2,3,1,2,3,2,5,7.476764347
2,3,1,2,3,2,2.5,7.442542679
2,3,1,2,3,3,7.5,7.937581261
2,3,1,2,3,3,5,7.90576004
2,3,1,2,3,3,2.5,7.852834509
2,3,1,3,0,0,7.5,6.28467312
2,3,1,3,0,0,5,6.284194869
2,3,1,3,0,0,2.5,6.266590799
2,3,1,3,0,1,7.5,6.446446465
2,3,1,3,0,1,5,6.456201732
2,3,1,3,0,1,2.5,6.452960495
2,3,1,3,0,2,7.5,6.756887595
2,3,1,3,0,2,5,6.779529516
2,3,1,3,0,2,2.5,6.789587198
2,3,1,3,0,3,7.5,7.161022682
2,3,1,3,0,3,5,7.183917281
2,3,1,3,0,3,2.5,7.189896629
2,3,1,3,1,0,7.5,6.491201179
2,3,1,3,1,0,5,6.519015366
2,3,1,3,1,0,2.5,6.541119981
2,3,1,3,1,1,7.5,6.75026415
2,3,1,3,1,1,5,6.770233452
2,3,1,3,1,1,2.5,6.776540092
2,3,1,3,1,2,7.5,7.139196355
2,3,1,3,1,2,5,7.15328384
2,3,1,3,1,2,2.5,7.146902325
2,3,1,3,1,3,7.5,7.578427126
2,3,1,3,1,3,5,7.579908713
2,3,1,3,1,3,2.5,7.557194155
2,3,1,3,2,0,7.5,6.839773578
2,3,1,3,2,0,5,6.874922842
2,3,1,3,2,0,2.5,6.894086073
2,3,1,3,2,1,7.5,7.125949464
2,3,1,3,2,1,5,7.137790401
2,3,1,3,2,1,2.5,7.129506183
2,3,1,3,2,2,7.5,7.534774472
2,3,1,3,2,2,5,7.528852978
2,3,1,3,2,2,2.5,7.499868417
2,3,1,3,2,3,7.5,7.980975765
2,3,1,3,2,3,5,7.957848671
2,3,1,3,2,3,2.5,7.910160247
2,3,1,3,3,0,7.5,7.23037713
2,3,1,3,3,0,5,7.249459083
2,3,1,3,3,0,2.5,7.247052164
2,3,1,3,3,1,7.5,7.519319767
2,3,1,3,3,1,5,7.512326643
2,3,1,3,3,1,2.5,7.482472275
2,3,1,3,3,2,7.5,7.930047669
2,3,1,3,3,2,5,7.90338922
2,3,1,3,3,2,2.5,7.852834509
2,3,1,3,3,3,7.5,8.376812032
2,3,1,3,3,3,5,8.332384912
2,3,1,3,3,3,2.5,8.263126338
2,3,2,0,0,0,7.5,5.546019572
2,3,2,0,0,0,5,5.579208997
2,3,2,0,0,0,2.5,5.603482716
2,3,2,0,0,1,7.5,5.707792917
2,3,2,0,0,1,5,5.75121586
2,3,2,0,0,1,2.5,5.789852413
2,3,2,0,0,2,7.5,6.018234048
2,3,2,0,0,2,5,6.074543644
2,3,2,0,0,2,2.5,6.126479116
2,3,2,0,0,3,7.5,6.422369134
2,3,2,0,0,3,5,6.47893141
2,3,2,0,0,3,2.5,6.526788547
2,3,2,0,1,0,7.5,5.752547631
2,3,2,0,1,0,5,5.814029494
2,3,2,0,1,0,2.5,5.878011899
2,3,2,0,1,1,7.5,6.011610602
2,3,2,0,1,1,5,6.065247581
2,3,2,0,1,1,2.5,6.113432009
2,3,2,0,1,2,7.5,6.400542807
2,3,2,0,1,2,5,6.448297969
2,3,2,0,1,2,2.5,6.483794243
2,3,2,0,1,3,7.5,6.839773578
2,3,2,0,1,3,5,6.874922842
2,3,2,0,1,3,2.5,6.894086073
2,3,2,0,2,0,7.5,6.10112003
2,3,2,0,2,0,5,6.16993697
2,3,2,0,2,0,2.5,6.230977991
2,3,2,0,2,1,7.5,6.387295917
2,3,2,0,2,1,5,6.43280453
2,3,2,0,2,1,2.5,6.466398101
2,3,2,0,2,2,7.5,6.796120925
2,3,2,0,2,2,5,6.823867107
2,3,2,0,2,2,2.5,6.836760335
2,3,2,0,2,3,7.5,7.242322217
2,3,2,0,2,3,5,7.252862799
2,3,2,0,2,3,2.5,7.247052164
2,3,2,0,3,0,7.5,6.491723583
2,3,2,0,3,0,5,6.544473212
2,3,2,0,3,0,2.5,6.583944082
2,3,2,0,3,1,7.5,6.780666219
2,3,2,0,3,1,5,6.807340771
2,3,2,0,3,1,2.5,6.819364193
2,3,2,0,3,2,7.5,7.191394122
2,3,2,0,3,2,5,7.198403348
2,3,2,0,3,2,2.5,7.189726427
2,3,2,0,3,3,7.5,7.638158484
2,3,2,0,3,3,5,7.627399041
2,3,2,0,3,3,2.5,7.600018256
2,3,2,1,0,0,7.5,5.832195459
2,3,2,1,0,0,5,5.842076557
2,3,2,1,0,0,2.5,5.838902827
2,3,2,1,0,1,7.5,5.993968803
2,3,2,1,0,1,5,6.01408342
2,3,2,1,0,1,2.5,6.025272523
2,3,2,1,0,2,7.5,6.304409934
2,3,2,1,0,2,5,6.337411204
2,3,2,1,0,2,2.5,6.361899227
2,3,2,1,0,3,7.5,6.70854502
2,3,2,1,0,3,5,6.74179897
2,3,2,1,0,3,2.5,6.762208657
2,3,2,1,1,0,7.5,6.038723517
2,3,2,1,1,0,5,6.076897054
2,3,2,1,1,0,2.5,6.113432009
2,3,2,1,1,1,7.5,6.297786489
2,3,2,1,1,1,5,6.32811514
2,3,2,1,1,1,2.5,6.34885212
2,3,2,1,1,2,7.5,6.686718694
2,3,2,1,1,2,5,6.711165528
2,3,2,1,1,2,2.5,6.719214354
2,3,2,1,1,3,7.5,7.125949464
2,3,2,1,1,3,5,7.137790401
2,3,2,1,1,3,2.5,7.129506183
2,3,2,1,2,0,7.5,6.387295917
2,3,2,1,2,0,5,6.43280453
2,3,2,1,2,0,2.5,6.466398101
2,3,2,1,2,1,7.5,6.673471803
2,3,2,1,2,1,5,6.695672089
2,3,2,1,2,1,2.5,6.701818212
2,3,2,1,2,2,7.5,7.082296811
2,3,2,1,2,2,5,7.086734666
2,3,2,1,2,2,2.5,7.072180446
2,3,2,1,2,3,7.5,7.528498104
2,3,2,1,2,3,5,7.515730359
2,3,2,1,2,3,2.5,7.482472275
2,3,2,1,3,0,7.5,6.777899469
2,3,2,1,3,0,5,6.807340771
2,3,2,1,3,0,2.5,6.819364193
2,3,2,1,3,1,7.5,7.066842105
2,3,2,1,3,1,5,7.070208331
2,3,2,1,3,1,2.5,7.054784303
2,3,2,1,3,2,7.5,7.477570008
2,3,2,1,3,2,5,7.461270908
2,3,2,1,3,2,2.5,7.425146537
2,3,2,1,3,3,7.5,7.924334371
2,3,2,1,3,3,5,7.890266601
2,3,2,1,3,3,2.5,7.835438367
2,3,2,2,0,0,7.5,6.241020466
2,3,2,2,0,0,5,6.233139134
2,3,2,2,0,0,2.5,6.209265061
2,3,2,2,0,1,7.5,6.402793811
2,3,2,2,0,1,5,6.405145997
2,3,2,2,0,1,2.5,6.395634757
2,3,2,2,0,2,7.5,6.713234942
2,3,2,2,0,2,5,6.72847378
2,3,2,2,0,2,2.5,6.73226146
2,3,2,2,0,3,7.5,7.117370028
2,3,2,2,0,3,5,7.132861546
2,3,2,2,0,3,2.5,7.132570891
2,3,2,2,1,0,7.5,6.447548525
2,3,2,2,1,0,5,6.467959631
2,3,2,2,1,0,2.5,6.483794243
2,3,2,2,1,1,7.5,6.706611497
2,3,2,2,1,1,5,6.719177717
2,3,2,2,1,1,2.5,6.719214354
2,3,2,2,1,2,7.5,7.095543701
2,3,2,2,1,2,5,7.102228105
2,3,2,2,1,2,2.5,7.089576588
2,3,2,2,1,3,7.5,7.534774472
2,3,2,2,1,3,5,7.528852978
2,3,2,2,1,3,2.5,7.499868417
2,3,2,2,2,0,7.5,6.796120925
2,3,2,2,2,0,5,6.823867107
2,3,2,2,2,0,2.5,6.836760335
2,3,2,2,2,1,7.5,7.082296811
2,3,2,2,2,1,5,7.086734666
2,3,2,2,2,1,2.5,7.072180446
2,3,2,2,2,2,7.5,7.491121819
2,3,2,2,2,2,5,7.477797243
2,3,2,2,2,2,2.5,7.442542679
2,3,2,2,2,3,7.5,7.937323112
2,3,2,2,2,3,5,7.906792936
2,3,2,2,2,3,2.5,7.852834509
2,3,2,2,3,0,7.5,7.186724477
2,3,2,2,3,0,5,7.198403348
2,3,2,2,3,0,2.5,7.189726427
2,3,2,2,3,1,7.5,7.475667113
2,3,2,2,3,1,5,7.461270908
2,3,2,2,3,1,2.5,7.425146537
2,3,2,2,3,2,7.5,7.886395016
2,3,2,2,3,2,5,7.852333485
2,3,2,2,3,2,2.5,7.795508771
2,3,2,2,3,3,7.5,8.333159378
2,3,2,2,3,3,5,8.281329177
2,3,2,2,3,3,2.5,8.205800601
2,3,2,3,0,0,7.5,6.687221759
2,3,2,3,0,0,5,6.662134826
2,3,2,3,0,0,2.5,6.61955689
2,3,2,3,0,1,7.5,6.848995104
2,3,2,3,0,1,5,6.83414169
2,3,2,3,0,1,2.5,6.805926587
2,3,2,3,0,2,7.5,7.159436235
2,3,2,3,0,2,5,7.157469473
2,3,2,3,0,2,2.5,7.14255329
2,3,2,3,0,3,7.5,7.563571321
2,3,2,3,0,3,5,7.561857239
2,3,2,3,0,3,2.5,7.54286272
2,3,2,3,1,0,7.5,6.893749818
2,3,2,3,1,0,5,6.896955323
2,3,2,3,1,0,2.5,6.894086073
2,3,2,3,1,1,7.5,7.152812789
2,3,2,3,1,1,5,7.14817341
2,3,2,3,1,1,2.5,7.129506183
2,3,2,3,1,2,7.5,7.541744994
2,3,2,3,1,2,5,7.531223798
2,3,2,3,1,2,2.5,7.499868417
2,3,2,3,1,3,7.5,7.980975765
2,3,2,3,1,3,5,7.957848671
2,3,2,3,1,3,2.5,7.910160247
2,3,2,3,2,0,7.5,7.242322217
2,3,2,3,2,0,5,7.252862799
2,3,2,3,2,0,2.5,7.247052164
2,3,2,3,2,1,7.5,7.528498104
2,3,2,3,2,1,5,7.515730359
2,3,2,3,2,1,2.5,7.482472275
2,3,2,3,2,2,7.5,7.937323112
2,3,2,3,2,2,5,7.906792936
2,3,2,3,2,2,2.5,7.852834509
2,3,2,3,2,3,7.5,8.383524405
2,3,2,3,2,3,5,8.335788628
2,3,2,3,2,3,2.5,8.263126338
2,3,2,3,3,0,7.5,7.63292577
2,3,2,3,3,0,5,7.627399041
2,3,2,3,3,0,2.5,7.600018256
2,3,2,3,3,1,7.5,7.921868406
2,3,2,3,3,1,5,7.890266601
2,3,2,3,3,1,2.5,7.835438367
2,3,2,3,3,2,7.5,8.332596309
2,3,2,3,3,2,5,8.281329177
2,3,2,3,3,2,2.5,8.205800601
2,3,2,3,3,3,7.5,8.779360671
2,3,2,3,3,3,5,8.71032487
2,3,2,3,3,3,2.5,8.61609243
2,3,3,0,0,0,7.5,5.936623125
2,3,3,0,0,0,5,5.953745239
2,3,3,0,0,0,2.5,5.956448808
2,3,3,0,0,1,7.5,6.098396469
2,3,3,0,0,1,5,6.125752102
2,3,3,0,0,1,2.5,6.142818505
2,3,3,0,0,2,7.5,6.4088376
2,3,3,0,0,2,5,6.449079886
2,3,3,0,0,2,2.5,6.479445208
2,3,3,0,0,3,7.5,6.812972686
2,3,3,0,0,3,5,6.853467652
2,3,3,0,0,3,2.5,6.879754638
2,3,3,0,1,0,7.5,6.143151183
2,3,3,0,1,0,5,6.188565736
2,3,3,0,1,0,2.5,6.230977991
2,3,3,0,1,1,7.5,6.402214155
2,3,3,0,1,1,5,6.439783822
2,3,3,0,1,1,2.5,6.466398101
2,3,3,0,1,2,7.5,6.79114636
2,3,3,0,1,2,5,6.822834211
2,3,3,0,1,2,2.5,6.836760335
2,3,3,0,1,3,7.5,7.23037713
2,3,3,0,1,3,5,7.249459083
2,3,3,0,1,3,2.5,7.247052164
2,3,3,0,2,0,7.5,6.491723583
2,3,3,0,2,0,5,6.544473212
2,3,3,0,2,0,2.5,6.583944082
2,3,3,0,2,1,7.5,6.777899469
2,3,3,0,2,1,5,6.807340771
2,3,3,0,2,1,2.5,6.819364193
2,3,3,0,2,2,7.5,7.186724477
2,3,3,0,2,2,5,7.198403348
2,3,3,0,2,2,2.5,7.189726427
2,3,3,0,2,3,7.5,7.63292577
2,3,3,0,2,3,5,7.627399041
2,3,3,0,2,3,2.5,7.600018256
2,3,3,0,3,0,7.5,6.882327135
2,3,3,0,3,0,5,6.919009454
2,3,3,0,3,0,2.5,6.936910174
2,3,3,0,3,1,7.5,7.171269771
2,3,3,0,3,1,5,7.181877013
2,3,3,0,3,1,2.5,7.172330285
2,3,3,0,3,2,7.5,7.581997674
2,3,3,0,3,2,5,7.57293959
2,3,3,0,3,2,2.5,7.542692518
2,3,3,0,3,3,7.5,8.028762037
2,3,3,0,3,3,5,8.001935283
2,3,3,0,3,3,2.5,7.952984348
2,3,3,1,0,0,7.5,6.225565761
2,3,3,1,0,0,5,6.216612798
2,3,3,1,0,0,2.5,6.191868919
2,3,3,1,0,1,7.5,6.387339106
2,3,3,1,0,1,5,6.388619662
2,3,3,1,0,1,2.5,6.378238615
2,3,3,1,0,2,7.5,6.697780236
2,3,3,1,0,2,5,6.711947445
2,3,3,1,0,2,2.5,6.714865318
2,3,3,1,0,3,7.5,7.101915323
2,3,3,1,0,3,5,7.116335211
2,3,3,1,0,3,2.5,7.115174749
2,3,3,1,1,0,7.5,6.43209382
2,3,3,1,1,0,5,6.451433296
2,3,3,1,1,0,2.5,6.466398101
2,3,3,1,1,1,7.5,6.691156791
2,3,3,1,1,1,5,6.702651382
2,3,3,1,1,1,2.5,6.701818212
2,3,3,1,1,2,7.5,7.080088996
2,3,3,1,1,2,5,7.08570177
2,3,3,1,1,2,2.5,7.072180446
2,3,3,1,1,3,7.5,7.519319767
2,3,3,1,1,3,5,7.512326643
2,3,3,1,1,3,2.5,7.482472275
2,3,3,1,2,0,7.5,6.780666219
2,3,3,1,2,0,5,6.807340771
2,3,3,1,2,0,2.5,6.819364193
2,3,3,1,2,1,7.5,7.066842105
2,3,3,1,2,1,5,7.070208331
2,3,3,1,2,1,2.5,7.054784303
2,3,3,1,2,2,7.5,7.475667113
2,3,3,1,2,2,5,7.461270908
2,3,3,1,2,2,2.5,7.425146537
2,3,3,1,2,3,7.5,7.921868406
2,3,3,1,2,3,5,7.890266601
2,3,3,1,2,3,2.5,7.835438367
2,3,3,1,3,0,7.5,7.171269771
2,3,3,1,3,0,5,7.181877013
2,3,3,1,3,0,2.5,7.172330285
2,3,3,1,3,1,7.5,7.460212408
2,3,3,1,3,1,5,7.444744573
2,3,3,1,3,1,2.5,7.407750395
2,3,3,1,3,2,7.5,7.87094031
2,3,3,1,3,2,5,7.83580715
2,3,3,1,3,2,2.5,7.778112629
2,3,3,1,3,3,7.5,8.317704673
2,3,3,1,3,3,5,8.264802842
2,3,3,1,3,3,2.5,8.188404458
2,3,3,2,0,0,7.5,6.636293664
2,3,3,2,0,0,5,6.607675375
2,3,3,2,0,0,2.5,6.562231153
2,3,3,2,0,1,7.5,6.798067008
2,3,3,2,0,1,5,6.779682239
2,3,3,2,0,1,2.5,6.748600849
2,3,3,2,0,2,7.5,7.108508139
2,3,3,2,0,2,5,7.103010022
2,3,3,2,0,2,2.5,7.085227552
2,3,3,2,0,3,7.5,7.512643225
2,3,3,2,0,3,5,7.507397788
2,3,3,2,0,3,2.5,7.485536983
2,3,3,2,1,0,7.5,6.842821722
2,3,3,2,1,0,5,6.842495872
2,3,3,2,1,0,2.5,6.836760335
2,3,3,2,1,1,7.5,7.101884694
2,3,3,2,1,1,5,7.093713959
2,3,3,2,1,1,2.5,7.072180446
2,3,3,2,1,2,7.5,7.490816898
2,3,3,2,1,2,5,7.476764347
2,3,3,2,1,2,2.5,7.442542679
2,3,3,2,1,3,7.5,7.930047669
2,3,3,2,1,3,5,7.90338922
2,3,3,2,1,3,2.5,7.852834509
2,3,3,2,2,0,7.5,7.191394122
2,3,3,2,2,0,5,7.198403348
2,3,3,2,2,0,2.5,7.189726427
2,3,3,2,2,1,7.5,7.477570008
2,3,3,2,2,1,5,7.461270908
2,3,3,2,2,1,2.5,7.425146537
2,3,3,2,2,2,7.5,7.886395016
2,3,3,2,2,2,5,7.852333485
2,3,3,2,2,2,2.5,7.795508771
2,3,3,2,2,3,7.5,8.332596309
2,3,3,2,2,3,5,8.281329177
2,3,3,2,2,3,2.5,8.205800601
2,3,3,2,3,0,7.5,7.581997674
2,3,3,2,3,0,5,7.57293959
2,3,3,2,3,0,2.5,7.542692518
2,3,3,2,3,1,7.5,7.87094031
2,3,3,2,3,1,5,7.83580715
2,3,3,2,3,1,2.5,7.778112629
2,3,3,2,3,2,7.5,8.281668213
2,3,3,2,3,2,5,8.226869727
2,3,3,2,3,2,2.5,8.148474863
2,3,3,2,3,3,7.5,8.728432576
2,3,3,2,3,3,5,8.655865419
2,3,3,2,3,3,2.5,8.558766692
2,3,3,3,0,0,7.5,7.083058026
2,3,3,3,0,0,5,7.036671068
2,3,3,3,0,0,2.5,6.972522982
2,3,3,3,0,1,7.5,7.244831371
2,3,3,3,0,1,5,7.208677931
2,3,3,3,0,1,2.5,7.158892679
2,3,3,3,0,2,7.5,7.555272501
2,3,3,3,0,2,5,7.532005715
2,3,3,3,0,2,2.5,7.495519382
2,3,3,3,0,3,7.5,7.959407588
2,3,3,3,0,3,5,7.936393481
2,3,3,3,0,3,2.5,7.895828812
2,3,3,3,1,0,7.5,7.289586085
2,3,3,3,1,0,5,7.271491565
2,3,3,3,1,0,2.5,7.247052164
2,3,3,3,1,1,7.5,7.548649056
2,3,3,3,1,1,5,7.522709651
2,3,3,3,1,1,2.5,7.482472275
2,3,3,3,1,2,7.5,7.937581261
2,3,3,3,1,2,5,7.90576004
2,3,3,3,1,2,2.5,7.852834509
2,3,3,3,1,3,7.5,8.376812032
2,3,3,3,1,3,5,8.332384912
2,3,3,3,1,3,2.5,8.263126338
2,3,3,3,2,0,7.5,7.638158484
2,3,3,3,2,0,5,7.627399041
2,3,3,3,2,0,2.5,7.600018256
2,3,3,3,2,1,7.5,7.924334371
2,3,3,3,2,1,5,7.890266601
2,3,3,3,2,1,2.5,7.835438367
2,3,3,3,2,2,7.5,8.333159378
2,3,3,3,2,2,5,8.281329177
2,3,3,3,2,2,2.5,8.205800601
2,3,3,3,2,3,7.5,8.779360671
2,3,3,3,2,3,5,8.71032487
2,3,3,3,2,3,2.5,8.61609243
2,3,3,3,3,0,7.5,8.028762037
2,3,3,3,3,0,5,8.001935283
2,3,3,3,3,0,2.5,7.952984348
2,3,3,3,3,1,7.5,8.317704673
2,3,3,3,3,1,5,8.264802842
2,3,3,3,3,1,2.5,8.188404458
2,3,3,3,3,2,7.5,8.728432576
2,3,3,3,3,2,5,8.655865419
2,3,3,3,3,2,2.5,8.558766692
2,3,3,3,3,3,7.5,9.175196938
2,3,3,3,3,3,5,9.084861112
2,3,3,3,3,3,2.5,8.969058522
3,0,0,0,0,0,7.5,4.28838209
3,0,0,0,0,0,5,4.291647145
3,0,0,0,0,0,2.5,4.298095964
3,0,0,0,0,1,7.5,4.453279272
3,0,0,0,0,1,5,4.467260987
3,0,0,0,0,1,2.5,4.487753133
3,0,0,0,0,2,7.5,4.766290375
3,0,0,0,0,2,5,4.792150321
3,0,0,0,0,2,2.5,4.824843218
3,0,0,0,0,3,7.5,5.170981764
3,0,0,0,0,3,5,5.19664814
3,0,0,0,0,3,2.5,5.225152648
3,0,0,0,1,0,7.5,4.494910149
3,0,0,0,1,0,5,4.526467642
3,0,0,0,1,0,2.5,4.572625146
3,0,0,0,1,1,7.5,4.75966693
3,0,0,0,1,1,5,4.782854257
3,0,0,0,1,1,2.5,4.811796111
3,0,0,0,1,2,7.5,5.149155437
3,0,0,0,1,2,5,5.166014698
3,0,0,0,1,2,2.5,5.182158345
3,0,0,0,1,3,7.5,5.588412345
3,0,0,0,1,3,5,5.592639571
3,0,0,0,1,3,2.5,5.592450175
3,0,0,0,2,0,7.5,4.843482548
3,0,0,0,2,0,5,4.882375118
3,0,0,0,2,0,2.5,4.925591238
3,0,0,0,2,1,7.5,5.135908546
3,0,0,0,2,1,5,5.150521259
3,0,0,0,2,1,2.5,5.164762203
3,0,0,0,2,2,7.5,5.544759692
3,0,0,0,2,2,5,5.541583836
3,0,0,0,2,2,2.5,5.535124437
3,0,0,0,2,3,7.5,5.990960985
3,0,0,0,2,3,5,5.970579529
3,0,0,0,2,3,2.5,5.945416266
3,0,0,0,3,0,7.5,5.234086101
3,0,0,0,3,0,5,5.25691136
3,0,0,0,3,0,2.5,5.27855733
3,0,0,0,3,1,7.5,5.529304986
3,0,0,0,3,1,5,5.525057501
3,0,0,0,3,1,2.5,5.517728295
3,0,0,0,3,2,7.5,5.940032889
3,0,0,0,3,2,5,5.916120078
3,0,0,0,3,2,2.5,5.888090529
3,0,0,0,3,3,7.5,6.386797252
3,0,0,0,3,3,5,6.345115771
3,0,0,0,3,3,2.5,6.298382358
3,0,0,1,0,0,7.5,4.453279272
3,0,0,1,0,0,5,4.467260987
3,0,0,1,0,0,2.5,4.487753133
3,0,0,1,0,1,7.5,4.619038265
3,0,0,1,0,1,5,4.64540112
3,0,0,1,0,1,2.5,4.683932769
3,0,0,1,0,2,7.5,4.934490213
3,0,0,1,0,2,5,4.974851675
3,0,0,1,0,2,2.5,5.02665048
3,0,0,1,0,3,7.5,5.341327748
3,0,0,1,0,3,5,5.381325557
3,0,0,1,0,3,2.5,5.427918762
3,0,0,1,1,0,7.5,4.659807331
3,0,0,1,1,0,5,4.702081485
3,0,0,1,1,0,2.5,4.762282316
3,0,0,1,1,1,7.5,4.927225904
3,0,0,1,1,1,5,4.964092561
3,0,0,1,1,1,2.5,5.010910737
3,0,0,1,1,2,7.5,5.319501422
3,0,0,1,1,2,5,5.350692115
3,0,0,1,1,2,2.5,5.384924458
3,0,0,1,1,3,7.5,5.759379527
3,0,0,1,1,3,5,5.777544715
3,0,0,1,1,3,2.5,5.795216288
3,0,0,1,2,0,7.5,5.00837973
3,0,0,1,2,0,5,5.05798896
3,0,0,1,2,0,2.5,5.115248408
3,0,0,1,2,1,7.5,5.304571244
3,0,0,1,2,1,5,5.332456624
3,0,0,1,2,1,2.5,5.363876828
3,0,0,1,2,2,7.5,5.715726873
3,0,0,1,2,2,5,5.72648898
3,0,0,1,2,2,2.5,5.73789055
3,0,0,1,2,3,7.5,6.161982251
3,0,0,1,2,3,5,6.155484673
3,0,0,1,2,3,2.5,6.148182379
3,0,0,1,3,0,7.5,5.398983283
3,0,0,1,3,0,5,5.432525202
3,0,0,1,3,0,2.5,5.468214499
3,0,0,1,3,1,7.5,5.698133236
3,0,0,1,3,1,5,5.706992865
3,0,0,1,3,1,2.5,5.71684292
3,0,0,1,3,2,7.5,6.111054155
3,0,0,1,3,2,5,6.101025222
3,0,0,1,3,2,2.5,6.090856642
3,0,0,1,3,3,7.5,6.557818518
3,0,0,1,3,3,5,6.530020914
3,0,0,1,3,3,2.5,6.501148471
3,0,0,2,0,0,7.5,4.766290375
3,0,0,2,0,0,5,4.792150321
3,0,0,2,0,0,2.5,4.824843218
3,0,0,2,0,1,7.5,4.934490213
3,0,0,2,0,1,5,4.974851675
3,0,0,2,0,1,2.5,5.02665048
3,0,0,2,0,2,7.5,5.254234455
3,0,0,2,0,2,5,5.308254355
3,0,0,2,0,2,2.5,5.371285893
3,0,0,2,0,3,7.5,5.662935579
3,0,0,2,0,3,5,5.715411417
3,0,0,2,0,3,2.5,5.772554174
3,0,0,2,1,0,7.5,4.972818434
3,0,0,2,1,0,5,5.026970818
3,0,0,2,1,0,2.5,5.0993724
3,0,0,2,1,1,7.5,5.245927723
3,0,0,2,1,1,5,5.296216239
3,0,0,2,1,1,2.5,5.354587298
3,0,0,2,1,2,7.5,5.641109253
3,0,0,2,1,2,5,5.684777976
3,0,0,2,1,2,2.5,5.72955987
3,0,0,2,1,3,7.5,6.081203698
3,0,0,2,1,3,5,6.111630576
3,0,0,2,1,3,2.5,6.1398517
3,0,0,2,2,0,7.5,5.321390833
3,0,0,2,2,0,5,5.382878294
3,0,0,2,2,0,2.5,5.452338492
3,0,0,2,2,1,7.5,5.624225363
3,0,0,2,2,1,5,5.664808028
3,0,0,2,2,1,2.5,5.70755339
3,0,0,2,2,2,7.5,6.037551045
3,0,0,2,2,2,5,6.060574841
3,0,0,2,2,2,2.5,6.082525962
3,0,0,2,2,3,7.5,6.483806423
3,0,0,2,2,3,5,6.489570534
3,0,0,2,2,3,2.5,6.492817792
3,0,0,2,3,0,7.5,5.711994386
3,0,0,2,3,0,5,5.757414535
3,0,0,2,3,0,2.5,5.805304584
3,0,0,2,3,1,7.5,6.01784144
3,0,0,2,3,1,5,6.03934427
3,0,0,2,3,1,2.5,6.060519482
3,0,0,2,3,2,7.5,6.432878327
3,0,0,2,3,2,5,6.435111083
3,0,0,2,3,2,2.5,6.435492054
3,0,0,2,3,3,7.5,6.87964269
3,0,0,2,3,3,5,6.864106775
3,0,0,2,3,3,2.5,6.845783883
3,0,0,3,0,0,7.5,5.170981764
3,0,0,3,0,0,5,5.19664814
3,0,0,3,0,0,2.5,5.225152648
3,0,0,3,0,1,7.5,5.341327748
3,0,0,3,0,1,5,5.381325557
3,0,0,3,0,1,2.5,5.427918762
3,0,0,3,0,2,7.5,5.662935579
3,0,0,3,0,2,5,5.715411417
3,0,0,3,0,2,2.5,5.772554174
3,0,0,3,0,3,7.5,6.071961215
3,0,0,3,0,3,5,6.12256848
3,0,0,3,0,3,2.5,6.173822455
3,0,0,3,1,0,7.5,5.377509822
3,0,0,3,1,0,5,5.431468637
3,0,0,3,1,0,2.5,5.499681831
3,0,0,3,1,1,7.5,5.654173203
3,0,0,3,1,1,5,5.703145574
3,0,0,3,1,1,2.5,5.755855579
3,0,0,3,1,2,7.5,6.050134888
3,0,0,3,1,2,5,6.091935039
3,0,0,3,1,2,2.5,6.130828152
3,0,0,3,1,3,7.5,6.490229334
3,0,0,3,1,3,5,6.518787639
3,0,0,3,1,3,2.5,6.541119981
3,0,0,3,2,0,7.5,5.726082222
3,0,0,3,2,0,5,5.787376113
3,0,0,3,2,0,2.5,5.852647923
3,0,0,3,2,1,7.5,6.032633098
3,0,0,3,2,1,5,6.071737364
3,0,0,3,2,1,2.5,6.108821671
3,0,0,3,2,2,7.5,6.44657668
3,0,0,3,2,2,5,6.467731904
3,0,0,3,2,2,2.5,6.483794243
3,0,0,3,2,3,7.5,6.892832058
3,0,0,3,2,3,5,6.896727596
3,0,0,3,2,3,2.5,6.894086073
3,0,0,3,3,0,7.5,6.116685774
3,0,0,3,3,0,5,6.161912354
3,0,0,3,3,0,2.5,6.205614014
3,0,0,3,3,1,7.5,6.426249175
3,0,0,3,3,1,5,6.446273605
3,0,0,3,3,1,2.5,6.461787763
3,0,0,3,3,2,7.5,6.841903963
3,0,0,3,3,2,5,6.842268145
3,0,0,3,3,2,2.5,6.836760335
3,0,0,3,3,3,7.5,7.288668325
3,0,0,3,3,3,5,7.271263838
3,0,0,3,3,3,2.5,7.247052164
3,0,1,0,0,0,7.5,4.494910149
3,0,1,0,0,0,5,4.526467642
3,0,1,0,0,0,2.5,4.572625146
3,0,1,0,0,1,7.5,4.659807331
3,0,1,0,0,1,5,4.702081485
3,0,1,0,0,1,2.5,4.762282316
3,0,1,0,0,2,7.5,4.972818434
3,0,1,0,0,2,5,5.026970818
3,0,1,0,0,2,2.5,5.0993724
3,0,1,0,0,3,7.5,5.377509822
3,0,1,0,0,3,5,5.431468637
3,0,1,0,0,3,2.5,5.499681831
3,0,1,0,1,0,7.5,4.701438208
3,0,1,0,1,0,5,4.76128814
3,0,1,0,1,0,2.5,4.847154329
3,0,1,0,1,1,7.5,4.966194989
3,0,1,0,1,1,5,5.017674754
3,0,1,0,1,1,2.5,5.086325294
3,0,1,0,1,2,7.5,5.355683496
3,0,1,0,1,2,5,5.400835196
3,0,1,0,1,2,2.5,5.456687528
3,0,1,0,1,3,7.5,5.794940404
3,0,1,0,1,3,5,5.827460068
3,0,1,0,1,3,2.5,5.866979357
3,0,1,0,2,0,7.5,5.050010607
3,0,1,0,2,0,5,5.117195615
3,0,1,0,2,0,2.5,5.200120421
3,0,1,0,2,1,7.5,5.342436605
3,0,1,0,2,1,5,5.385341756
3,0,1,0,2,1,2.5,5.439291385
3,0,1,0,2,2,7.5,5.751287751
3,0,1,0,2,2,5,5.776404333
3,0,1,0,2,2,2.5,5.809653619
3,0,1,0,2,3,7.5,6.197489044
3,0,1,0,2,3,5,6.205400026
3,0,1,0,2,3,2.5,6.219945449
3,0,1,0,3,0,7.5,5.440614159
3,0,1,0,3,0,5,5.491731857
3,0,1,0,3,0,2.5,5.553086512
3,0,1,0,3,1,7.5,5.735833045
3,0,1,0,3,1,5,5.759877998
3,0,1,0,3,1,2.5,5.792257477
3,0,1,0,3,2,7.5,6.146560948
3,0,1,0,3,2,5,6.150940575
3,0,1,0,3,2,2.5,6.162619711
3,0,1,0,3,3,7.5,6.59332531
3,0,1,0,3,3,5,6.579936268
3,0,1,0,3,3,2.5,6.572911541
3,0,1,1,0,0,7.5,4.75966693
3,0,1,1,0,0,5,4.782854257
3,0,1,1,0,0,2.5,4.811796111
3,0,1,1,0,1,7.5,4.927225904
3,0,1,1,0,1,5,4.964092561
3,0,1,1,0,1,2.5,5.010910737
3,0,1,1,0,2,7.5,5.245927723
3,0,1,1,0,2,5,5.296216239
3,0,1,1,0,2,2.5,5.354587298
3,0,1,1,0,3,7.5,5.654173203
3,0,1,1,0,3,5,5.703145574
3,0,1,1,0,3,2.5,5.755855579
3,0,1,1,1,0,7.5,4.966194989
3,0,1,1,1,0,5,5.017674754
3,0,1,1,1,0,2.5,5.086325294
3,0,1,1,1,1,7.5,5.237620991
3,0,1,1,1,1,5,5.284178123
3,0,1,1,1,1,2.5,5.337888704
3,0,1,1,1,2,7.5,5.632346876
3,0,1,1,1,2,5,5.672512133
3,0,1,1,1,2,2.5,5.712861276
3,0,1,1,1,3,7.5,6.072387237
3,0,1,1,1,3,5,6.099364733
3,0,1,1,1,3,2.5,6.123153106
3,0,1,1,2,0,7.5,5.314767388
3,0,1,1,2,0,5,5.37358223
3,0,1,1,2,0,2.5,5.439291385
3,0,1,1,2,1,7.5,5.615462987
3,0,1,1,2,1,5,5.652542185
3,0,1,1,2,1,2.5,5.690854796
3,0,1,1,2,2,7.5,6.028734583
3,0,1,1,2,2,5,6.048308998
3,0,1,1,2,2,2.5,6.065827368
3,0,1,1,2,3,7.5,6.474989961
3,0,1,1,2,3,5,6.477304691
3,0,1,1,2,3,2.5,6.476119197
3,0,1,1,3,0,7.5,5.70537094
3,0,1,1,3,0,5,5.748118472
3,0,1,1,3,0,2.5,5.792257477
3,0,1,1,3,1,7.5,6.009024978
3,0,1,1,3,1,5,6.027078427
3,0,1,1,3,1,2.5,6.043820888
3,0,1,1,3,2,7.5,6.424061865
3,0,1,1,3,2,5,6.42284524
3,0,1,1,3,2,2.5,6.41879346
3,0,1,1,3,3,7.5,6.870826228
3,0,1,1,3,3,5,6.851840932
3,0,1,1,3,3,2.5,6.829085289
3,0,1,2,0,0,7.5,5.149155437
3,0,1,2,0,0,5,5.166014698
3,0,1,2,0,0,2.5,5.182158345
3,0,1,2,0,1,7.5,5.319501422
3,0,1,2,0,1,5,5.350692115
3,0,1,2,0,1,2.5,5.384924458
3,0,1,2,0,2,7.5,5.641109253
3,0,1,2,0,2,5,5.684777976
3,0,1,2,0,2,2.5,5.72955987
3,0,1,2,0,3,7.5,6.050134888
3,0,1,2,0,3,5,6.091935039
3,0,1,2,0,3,2.5,6.130828152
3,0,1,2,1,0,7.5,5.355683496
3,0,1,2,1,0,5,5.400835196
3,0,1,2,1,0,2.5,5.456687528
3,0,1,2,1,1,7.5,5.632346876
3,0,1,2,1,1,5,5.672512133
3,0,1,2,1,1,2.5,5.712861276
3,0,1,2,1,2,7.5,6.028308561
3,0,1,2,1,2,5,6.061301598
3,0,1,2,1,2,2.5,6.087833848
3,0,1,2,1,3,7.5,6.468403007
3,0,1,2,1,3,5,6.488154198
3,0,1,2,1,3,2.5,6.498125678
3,0,1,2,2,0,7.5,5.704255895
3,0,1,2,2,0,5,5.756742671
3,0,1,2,2,0,2.5,5.809653619
3,0,1,2,2,1,7.5,6.010806772
3,0,1,2,2,1,5,6.041103923
3,0,1,2,2,1,2.5,6.065827368
3,0,1,2,2,2,7.5,6.424750354
3,0,1,2,2,2,5,6.437098463
3,0,1,2,2,2,2.5,6.44079994
3,0,1,2,2,3,7.5,6.871005732
3,0,1,2,2,3,5,6.866094155
3,0,1,2,2,3,2.5,6.851091769
3,0,1,2,3,0,7.5,6.094859447
3,0,1,2,3,0,5,6.131278913
3,0,1,2,3,0,2.5,6.162619711
3,0,1,2,3,1,7.5,6.404422848
3,0,1,2,3,1,5,6.415640164
3,0,1,2,3,1,2.5,6.41879346
3,0,1,2,3,2,7.5,6.820077636
3,0,1,2,3,2,5,6.811634704
3,0,1,2,3,2,2.5,6.793766032
3,0,1,2,3,3,7.5,7.266841998
3,0,1,2,3,3,5,7.240630397
3,0,1,2,3,3,2.5,7.204057861
3,0,1,3,0,0,7.5,5.588412345
3,0,1,3,0,0,5,5.592639571
3,0,1,3,0,0,2.5,5.592450175
3,0,1,3,0,1,7.5,5.759379527
3,0,1,3,0,1,5,5.777544715
3,0,1,3,0,1,2.5,5.795216288
3,0,1,3,0,2,7.5,6.081203698
3,0,1,3,0,2,5,6.111630576
3,0,1,3,0,2,2.5,6.1398517
3,0,1,3,0,3,7.5,6.490229334
3,0,1,3,0,3,5,6.518787639
3,0,1,3,0,3,2.5,6.541119981
3,0,1,3,1,0,7.5,5.794940404
3,0,1,3,1,0,5,5.827460068
3,0,1,3,1,0,2.5,5.866979357
3,0,1,3,1,1,7.5,6.072387237
3,0,1,3,1,1,5,6.099364733
3,0,1,3,1,1,2.5,6.123153106
3,0,1,3,1,2,7.5,6.468403007
3,0,1,3,1,2,5,6.488154198
3,0,1,3,1,2,2.5,6.498125678
3,0,1,3,1,3,7.5,6.908497453
3,0,1,3,1,3,5,6.915006798
3,0,1,3,1,3,2.5,6.908417507
3,0,1,3,2,0,7.5,6.143512803
3,0,1,3,2,0,5,6.183367544
3,0,1,3,2,0,2.5,6.219945449
3,0,1,3,2,1,7.5,6.450847132
3,0,1,3,2,1,5,6.467956522
3,0,1,3,2,1,2.5,6.476119197
3,0,1,3,2,2,7.5,6.864844799
3,0,1,3,2,2,5,6.863951062
3,0,1,3,2,2,2.5,6.851091769
3,0,1,3,2,3,7.5,7.311100177
3,0,1,3,2,3,5,7.292946755
3,0,1,3,2,3,2.5,7.261383599
3,0,1,3,3,0,7.5,6.534116356
3,0,1,3,3,0,5,6.557903786
3,0,1,3,3,0,2.5,6.572911541
3,0,1,3,3,1,7.5,6.844463209
3,0,1,3,3,1,5,6.842492764
3,0,1,3,3,1,2.5,6.829085289
3,0,1,3,3,2,7.5,7.260172081
3,0,1,3,3,2,5,7.238487304
3,0,1,3,3,2,2.5,7.204057861
3,0,1,3,3,3,7.5,7.706936444
3,0,1,3,3,3,5,7.667482997
3,0,1,3,3,3,2.5,7.614349691
3,0,2,0,0,0,7.5,4.843482548
3,0,2,0,0,0,5,4.882375118
3,0,2,0,0,0,2.5,4.925591238
3,0,2,0,0,1,7.5,5.00837973
3,0,2,0,0,1,5,5.05798896
3,0,2,0,0,1,2.5,5.115248408
3,0,2,0,0,2,7.5,5.321390833
3,0,2,0,0,2,5,5.382878294
3,0,2,0,0,2,2.5,5.452338492
3,0,2,0,0,3,7.5,5.726082222
3,0,2,0,0,3,5,5.787376113
3,0,2,0,0,3,2.5,5.852647923
3,0,2,0,1,0,7.5,5.050010607
3,0,2,0,1,0,5,5.117195615
3,0,2,0,1,0,2.5,5.200120421
3,0,2,0,1,1,7.5,5.314767388
3,0,2,0,1,1,5,5.37358223
3,0,2,0,1,1,2.5,5.439291385
3,0,2,0,1,2,7.5,5.704255895
3,0,2,0,1,2,5,5.756742671
3,0,2,0,1,2,2.5,5.809653619
3,0,2,0,1,3,7.5,6.143512803
3,0,2,0,1,3,5,6.183367544
3,0,2,0,1,3,2.5,6.219945449
3,0,2,0,2,0,7.5,5.398583006
3,0,2,0,2,0,5,5.473103091
3,0,2,0,2,0,2.5,5.553086512
3,0,2,0,2,1,7.5,5.691009004
3,0,2,0,2,1,5,5.741249232
3,0,2,0,2,1,2.5,5.792257477
3,0,2,0,2,2,7.5,6.09986015
3,0,2,0,2,2,5,6.132311809
3,0,2,0,2,2,2.5,6.162619711
3,0,2,0,2,3,7.5,6.546061443
3,0,2,0,2,3,5,6.561307502
3,0,2,0,2,3,2.5,6.572911541
3,0,2,0,3,0,7.5,5.789186559
3,0,2,0,3,0,5,5.847639333
3,0,2,0,3,0,2.5,5.906052604
3,0,2,0,3,1,7.5,6.084405444
3,0,2,0,3,1,5,6.115785474
3,0,2,0,3,1,2.5,6.145223569
3,0,2,0,3,2,7.5,6.495133347
3,0,2,0,3,2,5,6.506848051
3,0,2,0,3,2,2.5,6.515585803
3,0,2,0,3,3,7.5,6.94189771
3,0,2,0,3,3,5,6.935843744
3,0,2,0,3,3,2.5,6.925877632
3,0,2,1,0,0,7.5,5.135908546
3,0,2,1,0,0,5,5.150521259
3,0,2,1,0,0,2.5,5.164762203
3,0,2,1,0,1,7.5,5.304571244
3,0,2,1,0,1,5,5.332456624
3,0,2,1,0,1,2.5,5.363876828
3,0,2,1,0,2,7.5,5.624225363
3,0,2,1,0,2,5,5.664808028
3,0,2,1,0,2,2.5,5.70755339
3,0,2,1,0,3,7.5,6.032633098
3,0,2,1,0,3,5,6.071737364
3,0,2,1,0,3,2.5,6.108821671
3,0,2,1,1,0,7.5,5.342436605
3,0,2,1,1,0,5,5.385341756
3,0,2,1,1,0,2.5,5.439291385
3,0,2,1,1,1,7.5,5.615462987
3,0,2,1,1,1,5,5.652542185
3,0,2,1,1,1,2.5,5.690854796
3,0,2,1,1,2,7.5,6.010806772
3,0,2,1,1,2,5,6.041103923
3,0,2,1,1,2,2.5,6.065827368
3,0,2,1,1,3,7.5,6.450847132
3,0,2,1,1,3,5,6.467956522
3,0,2,1,1,3,2.5,6.476119197
3,0,2,1,2,0,7.5,5.691009004
3,0,2,1,2,0,5,5.741249232
3,0,2,1,2,0,2.5,5.792257477
3,0,2,1,2,1,7.5,5.993304982
3,0,2,1,2,1,5,6.020906247
3,0,2,1,2,1,2.5,6.043820888
3,0,2,1,2,2,7.5,6.407194479
3,0,2,1,2,2,5,6.416900787
3,0,2,1,2,2,2.5,6.41879346
3,0,2,1,2,3,7.5,6.853449857
3,0,2,1,2,3,5,6.84589648
3,0,2,1,2,3,2.5,6.829085289
3,0,2,1,3,0,7.5,6.081612557
3,0,2,1,3,0,5,6.115785474
3,0,2,1,3,0,2.5,6.145223569
3,0,2,1,3,1,7.5,6.386866974
3,0,2,1,3,1,5,6.395442489
3,0,2,1,3,1,2.5,6.396786979
3,0,2,1,3,2,7.5,6.802521761
3,0,2,1,3,2,5,6.791437029
3,0,2,1,3,2,2.5,6.771759551
3,0,2,1,3,3,7.5,7.249286123
3,0,2,1,3,3,5,7.220432722
3,0,2,1,3,3,2.5,7.182051381
3,0,2,2,0,0,7.5,5.544759692
3,0,2,2,0,0,5,5.541583836
3,0,2,2,0,0,2.5,5.535124437
3,0,2,2,0,1,7.5,5.715726873
3,0,2,2,0,1,5,5.72648898
3,0,2,2,0,1,2.5,5.73789055
3,0,2,2,0,2,7.5,6.037551045
3,0,2,2,0,2,5,6.060574841
3,0,2,2,0,2,2.5,6.082525962
3,0,2,2,0,3,7.5,6.44657668
3,0,2,2,0,3,5,6.467731904
3,0,2,2,0,3,2.5,6.483794243
3,0,2,2,1,0,7.5,5.751287751
3,0,2,2,1,0,5,5.776404333
3,0,2,2,1,0,2.5,5.809653619
3,0,2,2,1,1,7.5,6.028734583
3,0,2,2,1,1,5,6.048308998
3,0,2,2,1,1,2.5,6.065827368
3,0,2,2,1,2,7.5,6.424750354
3,0,2,2,1,2,5,6.437098463
3,0,2,2,1,2,2.5,6.44079994
3,0,2,2,1,3,7.5,6.864844799
3,0,2,2,1,3,5,6.863951062
3,0,2,2,1,3,2.5,6.851091769
3,0,2,2,2,0,7.5,6.09986015
3,0,2,2,2,0,5,6.132311809
3,0,2,2,2,0,2.5,6.162619711
3,0,2,2,2,1,7.5,6.407194479
3,0,2,2,2,1,5,6.416900787
3,0,2,2,2,1,2.5,6.41879346
3,0,2,2,2,2,7.5,6.821192146
3,0,2,2,2,2,5,6.812895327
3,0,2,2,2,2,2.5,6.793766032
3,0,2,2,2,3,7.5,7.267447524
3,0,2,2,2,3,5,7.24189102
3,0,2,2,2,3,2.5,7.204057861
3,0,2,2,3,0,7.5,6.490463702
3,0,2,2,3,0,5,6.506848051
3,0,2,2,3,0,2.5,6.515585803
3,0,2,2,3,1,7.5,6.800810555
3,0,2,2,3,1,5,6.791437029
3,0,2,2,3,1,2.5,6.771759551
3,0,2,2,3,2,7.5,7.216519428
3,0,2,2,3,2,5,7.187431569
3,0,2,2,3,2,2.5,7.146732123
3,0,2,2,3,3,7.5,7.66328379
3,0,2,2,3,3,5,7.616427262
3,0,2,2,3,3,2.5,7.557023953
3,0,2,3,0,0,7.5,5.990960985
3,0,2,3,0,0,5,5.970579529
3,0,2,3,0,0,2.5,5.945416266
3,0,2,3,0,1,7.5,6.161982251
3,0,2,3,0,1,5,6.155484673
3,0,2,3,0,1,2.5,6.148182379
3,0,2,3,0,2,7.5,6.483806423
3,0,2,3,0,2,5,6.489570534
3,0,2,3,0,2,2.5,6.492817792
3,0,2,3,0,3,7.5,6.892832058
3,0,2,3,0,3,5,6.896727596
3,0,2,3,0,3,2.5,6.894086073
3,0,2,3,1,0,7.5,6.197489044
3,0,2,3,1,0,5,6.205400026
3,0,2,3,1,0,2.5,6.219945449
3,0,2,3,1,1,7.5,6.474989961
3,0,2,3,1,1,5,6.477304691
3,0,2,3,1,1,2.5,6.476119197
3,0,2,3,1,2,7.5,6.871005732
3,0,2,3,1,2,5,6.866094155
3,0,2,3,1,2,2.5,6.851091769
3,0,2,3,1,3,7.5,7.311100177
3,0,2,3,1,3,5,7.292946755
3,0,2,3,1,3,2.5,7.261383599
3,0,2,3,2,0,7.5,6.546061443
3,0,2,3,2,0,5,6.561307502
3,0,2,3,2,0,2.5,6.572911541
3,0,2,3,2,1,7.5,6.853449857
3,0,2,3,2,1,5,6.84589648
3,0,2,3,2,1,2.5,6.829085289
3,0,2,3,2,2,7.5,7.267447524
3,0,2,3,2,2,5,7.24189102
3,0,2,3,2,2,2.5,7.204057861
3,0,2,3,2,3,7.5,7.713702902
3,0,2,3,2,3,5,7.670886712
3,0,2,3,2,3,2.5,7.614349691
3,0,2,3,3,0,7.5,6.936664995
3,0,2,3,3,0,5,6.935843744
3,0,2,3,3,0,2.5,6.925877632
3,0,2,3,3,1,7.5,7.247065933
3,0,2,3,3,1,5,7.220432722
3,0,2,3,3,1,2.5,7.182051381
3,0,2,3,3,2,7.5,7.662774806
3,0,2,3,3,2,5,7.616427262
3,0,2,3,3,2,2.5,7.557023953
3,0,2,3,3,3,7.5,8.109539169
3,0,2,3,3,3,5,8.045422954
3,0,2,3,3,3,2.5,7.967315782
3,0,3,0,0,0,7.5,5.234086101
3,0,3,0,0,0,5,5.25691136
3,0,3,0,0,0,2.5,5.27855733
3,0,3,0,0,1,7.5,5.398983283
3,0,3,0,0,1,5,5.432525202
3,0,3,0,0,1,2.5,5.468214499
3,0,3,0,0,2,7.5,5.711994386
3,0,3,0,0,2,5,5.757414535
3,0,3,0,0,2,2.5,5.805304584
3,0,3,0,0,3,7.5,6.116685774
3,0,3,0,0,3,5,6.161912354
3,0,3,0,0,3,2.5,6.205614014
3,0,3,0,1,0,7.5,5.440614159
3,0,3,0,1,0,5,5.491731857
3,0,3,0,1,0,2.5,5.553086512
3,0,3,0,1,1,7.5,5.70537094
3,0,3,0,1,1,5,5.748118472
3,0,3,0,1,1,2.5,5.792257477
3,0,3,0,1,2,7.5,6.094859447
3,0,3,0,1,2,5,6.131278913
3,0,3,0,1,2,2.5,6.162619711
3,0,3,0,1,3,7.5,6.534116356
3,0,3,0,1,3,5,6.557903786
3,0,3,0,1,3,2.5,6.572911541
3,0,3,0,2,0,7.5,5.789186559
3,0,3,0,2,0,5,5.847639333
3,0,3,0,2,0,2.5,5.906052604
3,0,3,0,2,1,7.5,6.081612557
3,0,3,0,2,1,5,6.115785474
3,0,3,0,2,1,2.5,6.145223569
3,0,3,0,2,2,7.5,6.490463702
3,0,3,0,2,2,5,6.506848051
3,0,3,0,2,2,2.5,6.515585803
3,0,3,0,2,3,7.5,6.936664995
3,0,3,0,2,3,5,6.935843744
3,0,3,0,2,3,2.5,6.925877632
3,0,3,0,3,0,7.5,6.179790111
3,0,3,0,3,0,5,6.222175575
3,0,3,0,3,0,2.5,6.259018696
3,0,3,0,3,1,7.5,6.475008997
3,0,3,0,3,1,5,6.490321716
3,0,3,0,3,1,2.5,6.498189661
3,0,3,0,3,2,7.5,6.885736899
3,0,3,0,3,2,5,6.881384293
3,0,3,0,3,2,2.5,6.868551895
3,0,3,0,3,3,7.5,7.332501262
3,0,3,0,3,3,5,7.310379985
3,0,3,0,3,3,2.5,7.278843724
3,0,3,1,0,0,7.5,5.529304986
3,0,3,1,0,0,5,5.525057501
3,0,3,1,0,0,2.5,5.517728295
3,0,3,1,0,1,7.5,5.698133236
3,0,3,1,0,1,5,5.706992865
3,0,3,1,0,1,2.5,5.71684292
3,0,3,1,0,2,7.5,6.01784144
3,0,3,1,0,2,5,6.03934427
3,0,3,1,0,2,2.5,6.060519482
3,0,3,1,0,3,7.5,6.426249175
3,0,3,1,0,3,5,6.446273605
3,0,3,1,0,3,2.5,6.461787763
3,0,3,1,1,0,7.5,5.735833045
3,0,3,1,1,0,5,5.759877998
3,0,3,1,1,0,2.5,5.792257477
3,0,3,1,1,1,7.5,6.009024978
3,0,3,1,1,1,5,6.027078427
3,0,3,1,1,1,2.5,6.043820888
3,0,3,1,1,2,7.5,6.404422848
3,0,3,1,1,2,5,6.415640164
3,0,3,1,1,2,2.5,6.41879346
3,0,3,1,1,3,7.5,6.844463209
3,0,3,1,1,3,5,6.842492764
3,0,3,1,1,3,2.5,6.829085289
3,0,3,1,2,0,7.5,6.084405444
3,0,3,1,2,0,5,6.115785474
3,0,3,1,2,0,2.5,6.145223569
3,0,3,1,2,1,7.5,6.386866974
3,0,3,1,2,1,5,6.395442489
3,0,3,1,2,1,2.5,6.396786979
3,0,3,1,2,2,7.5,6.800810555
3,0,3,1,2,2,5,6.791437029
3,0,3,1,2,2,2.5,6.771759551
3,0,3,1,2,3,7.5,7.247065933
3,0,3,1,2,3,5,7.220432722
3,0,3,1,2,3,2.5,7.182051381
3,0,3,1,3,0,7.5,6.475008997
3,0,3,1,3,0,5,6.490321716
3,0,3,1,3,0,2.5,6.498189661
3,0,3,1,3,1,7.5,6.780428965
3,0,3,1,3,1,5,6.769978731
3,0,3,1,3,1,2.5,6.749753071
3,0,3,1,3,2,7.5,7.196137838
3,0,3,1,3,2,5,7.165973271
3,0,3,1,3,2,2.5,7.124725643
3,0,3,1,3,3,7.5,7.6429022
3,0,3,1,3,3,5,7.594968963
3,0,3,1,3,3,2.5,7.535017473
3,0,3,2,0,0,7.5,5.940032889
3,0,3,2,0,0,5,5.916120078
3,0,3,2,0,0,2.5,5.888090529
3,0,3,2,0,1,7.5,6.111054155
3,0,3,2,0,1,5,6.101025222
3,0,3,2,0,1,2.5,6.090856642
3,0,3,2,0,2,7.5,6.432878327
3,0,3,2,0,2,5,6.435111083
3,0,3,2,0,2,2.5,6.435492054
3,0,3,2,0,3,7.5,6.841903963
3,0,3,2,0,3,5,6.842268145
3,0,3,2,0,3,2.5,6.836760335
3,0,3,2,1,0,7.5,6.146560948
3,0,3,2,1,0,5,6.150940575
3,0,3,2,1,0,2.5,6.162619711
3,0,3,2,1,1,7.5,6.424061865
3,0,3,2,1,1,5,6.42284524
3,0,3,2,1,1,2.5,6.41879346
3,0,3,2,1,2,7.5,6.820077636
3,0,3,2,1,2,5,6.811634704
3,0,3,2,1,2,2.5,6.793766032
3,0,3,2,1,3,7.5,7.260172081
3,0,3,2,1,3,5,7.238487304
3,0,3,2,1,3,2.5,7.204057861
3,0,3,2,2,0,7.5,6.495133347
3,0,3,2,2,0,5,6.506848051
3,0,3,2,2,0,2.5,6.515585803
3,0,3,2,2,1,7.5,6.802521761
3,0,3,2,2,1,5,6.791437029
3,0,3,2,2,1,2.5,6.771759551
3,0,3,2,2,2,7.5,7.216519428
3,0,3,2,2,2,5,7.187431569
3,0,3,2,2,2,2.5,7.146732123
3,0,3,2,2,3,7.5,7.662774806
3,0,3,2,2,3,5,7.616427262
3,0,3,2,2,3,2.5,7.557023953
3,0,3,2,3,0,7.5,6.885736899
3,0,3,2,3,0,5,6.881384293
3,0,3,2,3,0,2.5,6.868551895
3,0,3,2,3,1,7.5,7.196137838
3,0,3,2,3,1,5,7.165973271
3,0,3,2,3,1,2.5,7.124725643
3,0,3,2,3,2,7.5,7.61184671
3,0,3,2,3,2,5,7.561967811
3,0,3,2,3,2,2.5,7.499698215
3,0,3,2,3,3,7.5,8.058611073
3,0,3,2,3,3,5,7.990963503
3,0,3,2,3,3,2.5,7.909990045
3,0,3,3,0,0,7.5,6.386797252
3,0,3,3,0,0,5,6.345115771
3,0,3,3,0,0,2.5,6.298382358
3,0,3,3,0,1,7.5,6.557818518
3,0,3,3,0,1,5,6.530020914
3,0,3,3,0,1,2.5,6.501148471
3,0,3,3,0,2,7.5,6.87964269
3,0,3,3,0,2,5,6.864106775
3,0,3,3,0,2,2.5,6.845783883
3,0,3,3,0,3,7.5,7.288668325
3,0,3,3,0,3,5,7.271263838
3,0,3,3,0,3,2.5,7.247052164
3,0,3,3,1,0,7.5,6.59332531
3,0,3,3,1,0,5,6.579936268
3,0,3,3,1,0,2.5,6.572911541
3,0,3,3,1,1,7.5,6.870826228
3,0,3,3,1,1,5,6.851840932
3,0,3,3,1,1,2.5,6.829085289
3,0,3,3,1,2,7.5,7.266841998
3,0,3,3,1,2,5,7.240630397
3,0,3,3,1,2,2.5,7.204057861
3,0,3,3,1,3,7.5,7.706936444
3,0,3,3,1,3,5,7.667482997
3,0,3,3,1,3,2.5,7.614349691
3,0,3,3,2,0,7.5,6.94189771
3,0,3,3,2,0,5,6.935843744
3,0,3,3,2,0,2.5,6.925877632
3,0,3,3,2,1,7.5,7.249286123
3,0,3,3,2,1,5,7.220432722
3,0,3,3,2,1,2.5,7.182051381
3,0,3,3,2,2,7.5,7.66328379
3,0,3,3,2,2,5,7.616427262
3,0,3,3,2,2,2.5,7.557023953
3,0,3,3,2,3,7.5,8.109539169
3,0,3,3,2,3,5,8.045422954
3,0,3,3,2,3,2.5,7.967315782
3,0,3,3,3,0,7.5,7.332501262
3,0,3,3,3,0,5,7.310379985
3,0,3,3,3,0,2.5,7.278843724
3,0,3,3,3,1,7.5,7.6429022
3,0,3,3,3,1,5,7.594968963
3,0,3,3,3,1,2.5,7.535017473
3,0,3,3,3,2,7.5,8.058611073
3,0,3,3,3,2,5,7.990963503
3,0,3,3,3,2,2.5,7.909990045
3,0,3,3,3,3,7.5,8.505375435
3,0,3,3,3,3,5,8.419959196
3,0,3,3,3,3,2.5,8.320281874
3,1,0,0,0,0,7.5,4.689362307
3,1,0,0,0,0,5,4.686013201
3,1,0,0,0,0,2.5,4.680414346
3,1,0,0,0,1,7.5,4.854834584
3,1,0,0,0,1,5,4.863959106
3,1,0,0,0,1,2.5,4.875396375
3,1,0,0,0,2,7.5,5.169507282
3,1,0,0,0,2,5,5.191377748
3,1,0,0,0,2,2.5,5.214383788
3,1,0,0,0,3,7.5,5.575099737
3,1,0,0,0,3,5,5.596326183
3,1,0,0,0,3,2.5,5.614693219
3,1,0,0,1,0,7.5,4.895890365
3,1,0,0,1,0,5,4.920833698
3,1,0,0,1,0,2.5,4.954943528
3,1,0,0,1,1,7.5,5.162883837
3,1,0,0,1,1,5,5.182081685
3,1,0,0,1,1,2.5,5.201336682
3,1,0,0,1,2,7.5,5.55327341
3,1,0,0,1,2,5,5.565692741
3,1,0,0,1,2,2.5,5.571698916
3,1,0,0,1,3,7.5,5.99263734
3,1,0,0,1,3,5,5.992317614
3,1,0,0,1,3,2.5,5.981990745
3,1,0,0,2,0,7.5,5.244462765
3,1,0,0,2,0,5,5.276741173
3,1,0,0,2,0,2.5,5.30790962
3,1,0,0,2,1,7.5,5.54002652
3,1,0,0,2,1,5,5.550199302
3,1,0,0,2,1,2.5,5.554302773
3,1,0,0,2,2,7.5,5.948984686
3,1,0,0,2,2,5,5.941261879
3,1,0,0,2,2,2.5,5.924665007
3,1,0,0,2,3,7.5,6.395185979
3,1,0,0,2,3,5,6.370257572
3,1,0,0,2,3,2.5,6.334956837
3,1,0,0,3,0,7.5,5.635066317
3,1,0,0,3,0,5,5.651277415
3,1,0,0,3,0,2.5,5.660875712
3,1,0,0,3,1,7.5,5.933529981
3,1,0,0,3,1,5,5.924735544
3,1,0,0,3,1,2.5,5.907268865
3,1,0,0,3,2,7.5,6.344257883
3,1,0,0,3,2,5,6.315798121
3,1,0,0,3,2,2.5,6.277631099
3,1,0,0,3,3,7.5,6.791022246
3,1,0,0,3,3,5,6.744793813
3,1,0,0,3,3,2.5,6.687922928
3,1,0,1,0,0,7.5,4.854834584
3,1,0,1,0,0,5,4.863959106
3,1,0,1,0,0,2.5,4.875396375
3,1,0,1,0,1,7.5,5.020598407
3,1,0,1,0,1,5,5.043007396
3,1,0,1,0,1,2.5,5.074492951
3,1,0,1,0,2,7.5,5.33644774
3,1,0,1,0,2,5,5.37361577
3,1,0,1,0,2,2.5,5.420535415
3,1,0,1,0,3,7.5,5.74361662
3,1,0,1,0,3,5,5.781063327
3,1,0,1,0,3,2.5,5.822578632
3,1,0,1,1,0,7.5,5.061362643
3,1,0,1,1,0,5,5.098779603
3,1,0,1,1,0,2.5,5.149925558
3,1,0,1,1,1,7.5,5.329433109
3,1,0,1,1,1,5,5.363084383
3,1,0,1,1,1,2.5,5.404020735
3,1,0,1,1,2,7.5,5.721790293
3,1,0,1,1,2,5,5.750429886
3,1,0,1,1,2,2.5,5.779584329
3,1,0,1,1,3,7.5,6.161943358
3,1,0,1,1,3,5,6.177466534
3,1,0,1,1,3,2.5,6.189876158
3,1,0,1,2,0,7.5,5.409935042
3,1,0,1,2,0,5,5.454687079
3,1,0,1,2,0,2.5,5.50289165
3,1,0,1,2,1,7.5,5.70727205
3,1,0,1,2,1,5,5.732054027
3,1,0,1,2,1,2.5,5.756986827
3,1,0,1,2,2,7.5,6.118290704
3,1,0,1,2,2,5,6.126410798
3,1,0,1,2,2,2.5,6.13255042
3,1,0,1,2,3,7.5,6.564589793
3,1,0,1,2,3,5,6.555406491
3,1,0,1,2,3,2.5,6.54284225
3,1,0,1,3,0,7.5,5.800538594
3,1,0,1,3,0,5,5.829223321
3,1,0,1,3,0,2.5,5.855857741
3,1,0,1,3,1,7.5,6.100977867
3,1,0,1,3,1,5,6.106590269
3,1,0,1,3,1,2.5,6.109952918
3,1,0,1,3,2,7.5,6.513661698
3,1,0,1,3,2,5,6.50094704
3,1,0,1,3,2,2.5,6.485516512
3,1,0,1,3,3,7.5,6.96042606
3,1,0,1,3,3,5,6.929942733
3,1,0,1,3,3,2.5,6.895808341
3,1,0,2,0,0,7.5,5.169507282
3,1,0,2,0,0,5,5.191377748
3,1,0,2,0,0,2.5,5.214383788
3,1,0,2,0,1,7.5,5.33644774
3,1,0,2,0,1,5,5.37361577
3,1,0,2,0,1,2.5,5.420535415
3,1,0,2,0,2,7.5,5.655449923
3,1,0,2,0,2,5,5.70922239
3,1,0,2,0,2,2.5,5.770045451
3,1,0,2,0,3,7.5,6.064986208
3,1,0,2,0,3,5,6.117905271
3,1,0,2,0,3,2.5,6.172088668
3,1,0,2,1,0,7.5,5.376035341
3,1,0,2,1,0,5,5.426198245
3,1,0,2,1,0,2.5,5.488912971
3,1,0,2,1,1,7.5,5.647555125
3,1,0,2,1,1,5,5.697043907
3,1,0,2,1,1,2.5,5.751796985
3,1,0,2,1,2,7.5,6.043159881
3,1,0,2,1,2,5,6.08727183
3,1,0,2,1,2,2.5,6.129094365
3,1,0,2,1,3,7.5,6.483704131
3,1,0,2,1,3,5,6.514308477
3,1,0,2,1,3,2.5,6.539386194
3,1,0,2,2,0,7.5,5.72460774
3,1,0,2,2,0,5,5.782105721
3,1,0,2,2,0,2.5,5.841879062
3,1,0,2,2,1,7.5,6.026587913
3,1,0,2,2,1,5,6.066425324
3,1,0,2,2,1,2.5,6.104763076
3,1,0,2,2,2,7.5,6.440051477
3,1,0,2,2,2,5,6.463252742
3,1,0,2,2,2,2.5,6.482060457
3,1,0,2,2,3,7.5,6.886350567
3,1,0,2,2,3,5,6.892248434
3,1,0,2,2,3,2.5,6.892352286
3,1,0,2,3,0,7.5,6.115211293
3,1,0,2,3,0,5,6.156641963
3,1,0,2,3,0,2.5,6.194845154
3,1,0,2,3,1,7.5,6.420391527
3,1,0,2,3,1,5,6.440961566
3,1,0,2,3,1,2.5,6.457729168
3,1,0,2,3,2,7.5,6.835422471
3,1,0,2,3,2,5,6.837788984
3,1,0,2,3,2,2.5,6.835026548
3,1,0,2,3,3,7.5,7.282186833
3,1,0,2,3,3,5,7.266784676
3,1,0,2,3,3,2.5,7.245318378
3,1,0,3,0,0,7.5,5.575099737
3,1,0,3,0,0,5,5.596326183
3,1,0,3,0,0,2.5,5.614693219
3,1,0,3,0,1,7.5,5.74361662
3,1,0,3,0,1,5,5.781063327
3,1,0,3,0,1,2.5,5.822578632
3,1,0,3,0,2,7.5,6.064986208
3,1,0,3,0,2,5,6.117905271
3,1,0,3,0,2,2.5,6.172088668
3,1,0,3,0,3,7.5,6.47510927
3,1,0,3,0,3,5,6.526588151
3,1,0,3,0,3,2.5,6.574131885
3,1,0,3,1,0,7.5,5.781627796
3,1,0,3,1,0,5,5.83114668
3,1,0,3,1,0,2.5,5.889222401
3,1,0,3,1,1,7.5,6.056504631
3,1,0,3,1,1,5,6.105315013
3,1,0,3,1,1,2.5,6.153840202
3,1,0,3,1,2,7.5,6.453282944
3,1,0,3,1,2,5,6.49595471
3,1,0,3,1,2,2.5,6.531137582
3,1,0,3,1,3,7.5,6.893827194
3,1,0,3,1,3,5,6.922991357
3,1,0,3,1,3,2.5,6.941429412
3,1,0,3,2,0,7.5,6.130200195
3,1,0,3,2,0,5,6.187054155
3,1,0,3,2,0,2.5,6.242188493
3,1,0,3,2,1,7.5,6.435830808
3,1,0,3,2,1,5,6.474696431
3,1,0,3,2,1,2.5,6.506806293
3,1,0,3,2,2,7.5,6.85017454
3,1,0,3,2,2,5,6.871935622
3,1,0,3,2,2,2.5,6.884103674
3,1,0,3,2,3,7.5,7.296473629
3,1,0,3,2,3,5,7.300931315
3,1,0,3,2,3,2.5,7.294395503
3,1,0,3,3,0,7.5,6.520803747
3,1,0,3,3,0,5,6.561590397
3,1,0,3,3,0,2.5,6.595154585
3,1,0,3,3,1,7.5,6.829634422
3,1,0,3,3,1,5,6.849232672
3,1,0,3,3,1,2.5,6.859772385
3,1,0,3,3,2,7.5,7.245545533
3,1,0,3,3,2,5,7.246471864
3,1,0,3,3,2,2.5,7.237069766
3,1,0,3,3,3,7.5,7.692309896
3,1,0,3,3,3,5,7.675467557
3,1,0,3,3,3,2.5,7.647361595
3,1,1,0,0,0,7.5,4.895890365
3,1,1,0,0,0,5,4.920833698
3,1,1,0,0,0,2.5,4.954943528
3,1,1,0,0,1,7.5,5.061362643
3,1,1,0,0,1,5,5.098779603
3,1,1,0,0,1,2.5,5.149925558
3,1,1,0,0,2,7.5,5.376035341
3,1,1,0,0,2,5,5.426198245
3,1,1,0,0,2,2.5,5.488912971
3,1,1,0,0,3,7.5,5.781627796
3,1,1,0,0,3,5,5.83114668
3,1,1,0,0,3,2.5,5.889222401
3,1,1,0,1,0,7.5,5.102418424
3,1,1,0,1,0,5,5.155654195
3,1,1,0,1,0,2.5,5.229472711
3,1,1,0,1,1,7.5,5.369411896
3,1,1,0,1,1,5,5.416902182
3,1,1,0,1,1,2.5,5.475865864
3,1,1,0,1,2,7.5,5.759801469
3,1,1,0,1,2,5,5.800513239
3,1,1,0,1,2,2.5,5.846228098
3,1,1,0,1,3,7.5,6.199165399
3,1,1,0,1,3,5,6.227138111
3,1,1,0,1,3,2.5,6.256519927
3,1,1,0,2,0,7.5,5.450990824
3,1,1,0,2,0,5,5.511561671
3,1,1,0,2,0,2.5,5.582438802
3,1,1,0,2,1,7.5,5.746554578
3,1,1,0,2,1,5,5.785019799
3,1,1,0,2,1,2.5,5.828831956
3,1,1,0,2,2,7.5,6.155512745
3,1,1,0,2,2,5,6.176082376
3,1,1,0,2,2,2.5,6.19919419
3,1,1,0,2,3,7.5,6.601714038
3,1,1,0,2,3,5,6.605078069
3,1,1,0,2,3,2.5,6.609486019
3,1,1,0,3,0,7.5,5.841594376
3,1,1,0,3,0,5,5.886097912
3,1,1,0,3,0,2.5,5.935404894
3,1,1,0,3,1,7.5,6.140058039
3,1,1,0,3,1,5,6.159556041
3,1,1,0,3,1,2.5,6.181798048
3,1,1,0,3,2,7.5,6.550785942
3,1,1,0,3,2,5,6.550618618
3,1,1,0,3,2,2.5,6.552160281
3,1,1,0,3,3,7.5,6.997550305
3,1,1,0,3,3,5,6.979614311
3,1,1,0,3,3,2.5,6.962452111
3,1,1,1,0,0,7.5,5.162883837
3,1,1,1,0,0,5,5.182081685
3,1,1,1,0,0,2.5,5.201336682
3,1,1,1,0,1,7.5,5.329433109
3,1,1,1,0,1,5,5.363084383
3,1,1,1,0,1,2.5,5.404020735
3,1,1,1,0,2,7.5,5.647555125
3,1,1,1,0,2,5,5.697043907
3,1,1,1,0,2,2.5,5.751796985
3,1,1,1,0,3,7.5,6.056504631
3,1,1,1,0,3,5,6.105315013
3,1,1,1,0,3,2.5,6.153840202
3,1,1,1,1,0,7.5,5.369411896
3,1,1,1,1,0,5,5.416902182
3,1,1,1,1,0,2.5,5.475865864
3,1,1,1,1,1,7.5,5.639660327
3,1,1,1,1,1,5,5.684865423
3,1,1,1,1,1,2.5,5.733548518
3,1,1,1,1,2,7.5,6.034678304
3,1,1,1,1,2,5,6.074681572
3,1,1,1,1,2,2.5,6.110845898
3,1,1,1,1,3,7.5,6.475124758
3,1,1,1,1,3,5,6.501718219
3,1,1,1,1,3,2.5,6.521137728
3,1,1,1,2,0,7.5,5.717984295
3,1,1,1,2,0,5,5.772809658
3,1,1,1,2,0,2.5,5.828831956
3,1,1,1,2,1,7.5,6.018106336
3,1,1,1,2,1,5,6.053835066
3,1,1,1,2,1,2.5,6.08651461
3,1,1,1,2,2,7.5,6.431472104
3,1,1,1,2,2,5,6.450662484
3,1,1,1,2,2,2.5,6.46381199
3,1,1,1,2,3,7.5,6.877771193
3,1,1,1,2,3,5,6.879658176
3,1,1,1,2,3,2.5,6.87410382
3,1,1,1,3,0,7.5,6.108587847
3,1,1,1,3,0,5,6.147345899
3,1,1,1,3,0,2.5,6.181798048
3,1,1,1,3,1,7.5,6.411812153
3,1,1,1,3,1,5,6.428371308
3,1,1,1,3,1,2.5,6.439480702
3,1,1,1,3,2,7.5,6.826843098
3,1,1,1,3,2,5,6.825198725
3,1,1,1,3,2,2.5,6.816778082
3,1,1,1,3,3,7.5,7.27360746
3,1,1,1,3,3,5,7.254194418
3,1,1,1,3,3,2.5,7.227069911
3,1,1,2,0,0,7.5,5.55327341
3,1,1,2,0,0,5,5.565692741
3,1,1,2,0,0,2.5,5.571698916
3,1,1,2,0,1,7.5,5.721790293
3,1,1,2,0,1,5,5.750429886
3,1,1,2,0,1,2.5,5.779584329
3,1,1,2,0,2,7.5,6.043159881
3,1,1,2,0,2,5,6.08727183
3,1,1,2,0,2,2.5,6.129094365
3,1,1,2,0,3,7.5,6.453282944
3,1,1,2,0,3,5,6.49595471
3,1,1,2,0,3,2.5,6.531137582
3,1,1,2,1,0,7.5,5.759801469
3,1,1,2,1,0,5,5.800513239
3,1,1,2,1,0,2.5,5.846228098
3,1,1,2,1,1,7.5,6.034678304
3,1,1,2,1,1,5,6.074681572
3,1,1,2,1,1,2.5,6.110845898
3,1,1,2,1,2,7.5,6.431456617
3,1,1,2,1,2,5,6.465321269
3,1,1,2,1,2,2.5,6.488143279
3,1,1,2,1,3,7.5,6.872000867
3,1,1,2,1,3,5,6.892357916
3,1,1,2,1,3,2.5,6.898435108
3,1,1,2,2,0,7.5,6.108373868
3,1,1,2,2,0,5,6.156420714
3,1,1,2,2,0,2.5,6.19919419
3,1,1,2,2,1,7.5,6.414004481
3,1,1,2,2,1,5,6.44406299
3,1,1,2,2,1,2.5,6.46381199
3,1,1,2,2,2,7.5,6.828348213
3,1,1,2,2,2,5,6.841302181
3,1,1,2,2,2,2.5,6.841109371
3,1,1,2,2,3,7.5,7.274647303
3,1,1,2,2,3,5,7.270297874
3,1,1,2,2,3,2.5,7.2514012
3,1,1,2,3,0,7.5,6.49897742
3,1,1,2,3,0,5,6.530956956
3,1,1,2,3,0,2.5,6.552160281
3,1,1,2,3,1,7.5,6.807808095
3,1,1,2,3,1,5,6.818599231
3,1,1,2,3,1,2.5,6.816778082
3,1,1,2,3,2,7.5,7.223719207
3,1,1,2,3,2,5,7.215838423
3,1,1,2,3,2,2.5,7.194075462
3,1,1,2,3,3,7.5,7.670483569
3,1,1,2,3,3,5,7.644834116
3,1,1,2,3,3,2.5,7.604367292
3,1,1,3,0,0,7.5,5.99263734
3,1,1,3,0,0,5,5.992317614
3,1,1,3,0,0,2.5,5.981990745
3,1,1,3,0,1,7.5,6.161943358
3,1,1,3,0,1,5,6.177466534
3,1,1,3,0,1,2.5,6.189876158
3,1,1,3,0,2,7.5,6.483704131
3,1,1,3,0,2,5,6.514308477
3,1,1,3,0,2,2.5,6.539386194
3,1,1,3,0,3,7.5,6.893827194
3,1,1,3,0,3,5,6.922991357
3,1,1,3,0,3,2.5,6.941429412
3,1,1,3,1,0,7.5,6.199165399
3,1,1,3,1,0,5,6.227138111
3,1,1,3,1,0,2.5,6.256519927
3,1,1,3,1,1,7.5,6.475124758
3,1,1,3,1,1,5,6.501718219
3,1,1,3,1,1,2.5,6.521137728
3,1,1,3,1,2,7.5,6.872000867
3,1,1,3,1,2,5,6.892357916
3,1,1,3,1,2,2.5,6.898435108
3,1,1,3,1,3,7.5,7.312545117
3,1,1,3,1,3,5,7.319394563
3,1,1,3,1,3,2.5,7.308726938
3,1,1,3,2,0,7.5,6.547737798
3,1,1,3,2,0,5,6.583045587
3,1,1,3,2,0,2.5,6.609486019
3,1,1,3,2,1,7.5,6.854450935
3,1,1,3,2,1,5,6.871099637
3,1,1,3,2,1,2.5,6.87410382
3,1,1,3,2,2,7.5,7.268892463
3,1,1,3,2,2,5,7.268338828
3,1,1,3,2,2,2.5,7.2514012
3,1,1,3,2,3,7.5,7.715191552
3,1,1,3,2,3,5,7.697334521
3,1,1,3,2,3,2.5,7.661693029
3,1,1,3,3,0,7.5,6.93834135
3,1,1,3,3,0,5,6.957581829
3,1,1,3,3,0,2.5,6.962452111
3,1,1,3,3,1,7.5,7.248254548
3,1,1,3,3,1,5,7.245635878
3,1,1,3,3,1,2.5,7.227069911
3,1,1,3,3,2,7.5,7.664263457
3,1,1,3,3,2,5,7.64287507
3,1,1,3,3,2,2.5,7.604367292
3,1,1,3,3,3,7.5,8.111027819
3,1,1,3,3,3,5,8.071870763
3,1,1,3,3,3,2.5,8.014659121
3,1,2,0,0,0,7.5,5.244462765
3,1,2,0,0,0,5,5.276741173
3,1,2,0,0,0,2.5,5.30790962
3,1,2,0,0,1,7.5,5.409935042
3,1,2,0,0,1,5,5.454687079
3,1,2,0,0,1,2.5,5.50289165
3,1,2,0,0,2,7.5,5.72460774
3,1,2,0,0,2,5,5.782105721
3,1,2,0,0,2,2.5,5.841879062
3,1,2,0,0,3,7.5,6.130200195
3,1,2,0,0,3,5,6.187054155
3,1,2,0,0,3,2.5,6.242188493
3,1,2,0,1,0,7.5,5.450990824
3,1,2,0,1,0,5,5.511561671
3,1,2,0,1,0,2.5,5.582438802
3,1,2,0,1,1,7.5,5.717984295
3,1,2,0,1,1,5,5.772809658
3,1,2,0,1,1,2.5,5.828831956
3,1,2,0,1,2,7.5,6.108373868
3,1,2,0,1,2,5,6.156420714
3,1,2,0,1,2,2.5,6.19919419
3,1,2,0,1,3,7.5,6.547737798
3,1,2,0,1,3,5,6.583045587
3,1,2,0,1,3,2.5,6.609486019
3,1,2,0,2,0,7.5,5.799563223
3,1,2,0,2,0,5,5.867469146
3,1,2,0,2,0,2.5,5.935404894
3,1,2,0,2,1,7.5,6.095126978
3,1,2,0,2,1,5,6.140927275
3,1,2,0,2,1,2.5,6.181798048
3,1,2,0,2,2,7.5,6.504085144
3,1,2,0,2,2,5,6.531989852
3,1,2,0,2,2,2.5,6.552160281
3,1,2,0,2,3,7.5,6.950286437
3,1,2,0,2,3,5,6.960985545
3,1,2,0,2,3,2.5,6.962452111
3,1,2,0,3,0,7.5,6.190166775
3,1,2,0,3,0,5,6.242005388
3,1,2,0,3,0,2.5,6.288370986
3,1,2,0,3,1,7.5,6.488630439
3,1,2,0,3,1,5,6.515463517
3,1,2,0,3,1,2.5,6.534764139
3,1,2,0,3,2,7.5,6.899358341
3,1,2,0,3,2,5,6.906526094
3,1,2,0,3,2,2.5,6.905126373
3,1,2,0,3,3,7.5,7.346122704
3,1,2,0,3,3,5,7.335521786
3,1,2,0,3,3,2.5,7.315418203
3,1,2,1,0,0,7.5,5.54002652
3,1,2,1,0,0,5,5.550199302
3,1,2,1,0,0,2.5,5.554302773
3,1,2,1,0,1,7.5,5.70727205
3,1,2,1,0,1,5,5.732054027
3,1,2,1,0,1,2.5,5.756986827
3,1,2,1,0,2,7.5,6.026587913
3,1,2,1,0,2,5,6.066425324
3,1,2,1,0,2,2.5,6.104763076
3,1,2,1,0,3,7.5,6.435830808
3,1,2,1,0,3,5,6.474696431
3,1,2,1,0,3,2.5,6.506806293
3,1,2,1,1,0,7.5,5.746554578
3,1,2,1,1,0,5,5.785019799
3,1,2,1,1,0,2.5,5.828831956
3,1,2,1,1,1,7.5,6.018106336
3,1,2,1,1,1,5,6.053835066
3,1,2,1,1,1,2.5,6.08651461
3,1,2,1,1,2,7.5,6.414004481
3,1,2,1,1,2,5,6.44406299
3,1,2,1,1,2,2.5,6.46381199
3,1,2,1,1,3,7.5,6.854450935
3,1,2,1,1,3,5,6.871099637
3,1,2,1,1,3,2.5,6.87410382
3,1,2,1,2,0,7.5,6.095126978
3,1,2,1,2,0,5,6.140927275
3,1,2,1,2,0,2.5,6.181798048
3,1,2,1,2,1,7.5,6.396552346
3,1,2,1,2,1,5,6.42280471
3,1,2,1,2,1,2.5,6.439480702
3,1,2,1,2,2,7.5,6.810798281
3,1,2,1,2,2,5,6.820043902
3,1,2,1,2,2,2.5,6.816778082
3,1,2,1,2,3,7.5,7.25709737
3,1,2,1,2,3,5,7.249039594
3,1,2,1,2,3,2.5,7.227069911
3,1,2,1,3,0,7.5,6.48573053
3,1,2,1,3,0,5,6.515463517
3,1,2,1,3,0,2.5,6.534764139
3,1,2,1,3,1,7.5,6.790258163
3,1,2,1,3,1,5,6.797340952
3,1,2,1,3,1,2.5,6.792446793
3,1,2,1,3,2,7.5,7.206169275
3,1,2,1,3,2,5,7.194580143
3,1,2,1,3,2,2.5,7.169744174
3,1,2,1,3,3,7.5,7.652933637
3,1,2,1,3,3,5,7.623575836
3,1,2,1,3,3,2.5,7.580036003
3,1,2,2,0,0,7.5,5.948984686
3,1,2,2,0,0,5,5.941261879
3,1,2,2,0,0,2.5,5.924665007
3,1,2,2,0,1,7.5,6.118290704
3,1,2,2,0,1,5,6.126410798
3,1,2,2,0,1,2.5,6.13255042
3,1,2,2,0,2,7.5,6.440051477
3,1,2,2,0,2,5,6.463252742
3,1,2,2,0,2,2.5,6.482060457
3,1,2,2,0,3,7.5,6.85017454
3,1,2,2,0,3,5,6.871935622
3,1,2,2,0,3,2.5,6.884103674
3,1,2,2,1,0,7.5,6.155512745
3,1,2,2,1,0,5,6.176082376
3,1,2,2,1,0,2.5,6.19919419
3,1,2,2,1,1,7.5,6.431472104
3,1,2,2,1,1,5,6.450662484
3,1,2,2,1,1,2.5,6.46381199
3,1,2,2,1,2,7.5,6.828348213
3,1,2,2,1,2,5,6.841302181
3,1,2,2,1,2,2.5,6.841109371
3,1,2,2,1,3,7.5,7.268892463
3,1,2,2,1,3,5,7.268338828
3,1,2,2,1,3,2.5,7.2514012
3,1,2,2,2,0,7.5,6.504085144
3,1,2,2,2,0,5,6.531989852
3,1,2,2,2,0,2.5,6.552160281
3,1,2,2,2,1,7.5,6.810798281
3,1,2,2,2,1,5,6.820043902
3,1,2,2,2,1,2.5,6.816778082
3,1,2,2,2,2,7.5,7.22523981
3,1,2,2,2,2,5,7.217283093
3,1,2,2,2,2,2.5,7.194075462
3,1,2,2,2,3,7.5,7.671538899
3,1,2,2,2,3,5,7.646278786
3,1,2,2,2,3,2.5,7.604367292
3,1,2,2,3,0,7.5,6.894688697
3,1,2,2,3,0,5,6.906526094
3,1,2,2,3,0,2.5,6.905126373
3,1,2,2,3,1,7.5,7.204601895
3,1,2,2,3,1,5,7.194580143
3,1,2,2,3,1,2.5,7.169744174
3,1,2,2,3,2,7.5,7.620610803
3,1,2,2,3,2,5,7.591819335
3,1,2,2,3,2,2.5,7.547041554
3,1,2,2,3,3,7.5,8.067375166
3,1,2,2,3,3,5,8.020815028
3,1,2,2,3,3,2.5,7.957333383
3,1,2,3,0,0,7.5,6.395185979
3,1,2,3,0,0,5,6.370257572
3,1,2,3,0,0,2.5,6.334956837
3,1,2,3,0,1,7.5,6.564589793
3,1,2,3,0,1,5,6.555406491
3,1,2,3,0,1,2.5,6.54284225
3,1,2,3,0,2,7.5,6.886350567
3,1,2,3,0,2,5,6.892248434
3,1,2,3,0,2,2.5,6.892352286
3,1,2,3,0,3,7.5,7.296473629
3,1,2,3,0,3,5,7.300931315
3,1,2,3,0,3,2.5,7.294395503
3,1,2,3,1,0,7.5,6.601714038
3,1,2,3,1,0,5,6.605078069
3,1,2,3,1,0,2.5,6.609486019
3,1,2,3,1,1,7.5,6.877771193
3,1,2,3,1,1,5,6.879658176
3,1,2,3,1,1,2.5,6.87410382
3,1,2,3,1,2,7.5,7.274647303
3,1,2,3,1,2,5,7.270297874
3,1,2,3,1,2,2.5,7.2514012
3,1,2,3,1,3,7.5,7.715191552
3,1,2,3,1,3,5,7.697334521
3,1,2,3,1,3,2.5,7.661693029
3,1,2,3,2,0,7.5,6.950286437
3,1,2,3,2,0,5,6.960985545
3,1,2,3,2,0,2.5,6.962452111
3,1,2,3,2,1,7.5,7.25709737
3,1,2,3,2,1,5,7.249039594
3,1,2,3,2,1,2.5,7.227069911
3,1,2,3,2,2,7.5,7.671538899
3,1,2,3,2,2,5,7.646278786
3,1,2,3,2,2,2.5,7.604367292
3,1,2,3,2,3,7.5,8.117837988
3,1,2,3,2,3,5,8.075274478
3,1,2,3,2,3,2.5,8.014659121
3,1,2,3,3,0,7.5,7.34088999
3,1,2,3,3,0,5,7.335521786
3,1,2,3,3,0,2.5,7.315418203
3,1,2,3,3,1,7.5,7.650900984
3,1,2,3,3,1,5,7.623575836
3,1,2,3,3,1,2.5,7.580036003
3,1,2,3,3,2,7.5,8.066909892
3,1,2,3,3,2,5,8.020815028
3,1,2,3,3,2,2.5,7.957333383
3,1,2,3,3,3,7.5,8.513674255
3,1,2,3,3,3,5,8.44981072
3,1,2,3,3,3,2.5,8.367625213
3,1,3,0,0,0,7.5,5.635066317
3,1,3,0,0,0,5,5.651277415
3,1,3,0,0,0,2.5,5.660875712
3,1,3,0,0,1,7.5,5.800538594
3,1,3,0,0,1,5,5.829223321
3,1,3,0,0,1,2.5,5.855857741
3,1,3,0,0,2,7.5,6.115211293
3,1,3,0,0,2,5,6.156641963
3,1,3,0,0,2,2.5,6.194845154
3,1,3,0,0,3,7.5,6.520803747
3,1,3,0,0,3,5,6.561590397
3,1,3,0,0,3,2.5,6.595154585
3,1,3,0,1,0,7.5,5.841594376
3,1,3,0,1,0,5,5.886097912
3,1,3,0,1,0,2.5,5.935404894
3,1,3,0,1,1,7.5,6.108587847
3,1,3,0,1,1,5,6.147345899
3,1,3,0,1,1,2.5,6.181798048
3,1,3,0,1,2,7.5,6.49897742
3,1,3,0,1,2,5,6.530956956
3,1,3,0,1,2,2.5,6.552160281
3,1,3,0,1,3,7.5,6.93834135
3,1,3,0,1,3,5,6.957581829
3,1,3,0,1,3,2.5,6.962452111
3,1,3,0,2,0,7.5,6.190166775
3,1,3,0,2,0,5,6.242005388
3,1,3,0,2,0,2.5,6.288370986
3,1,3,0,2,1,7.5,6.48573053
3,1,3,0,2,1,5,6.515463517
3,1,3,0,2,1,2.5,6.534764139
3,1,3,0,2,2,7.5,6.894688697
3,1,3,0,2,2,5,6.906526094
3,1,3,0,2,2,2.5,6.905126373
3,1,3,0,2,3,7.5,7.34088999
3,1,3,0,2,3,5,7.335521786
3,1,3,0,2,3,2.5,7.315418203
3,1,3,0,3,0,7.5,6.580770328
3,1,3,0,3,0,5,6.61654163
3,1,3,0,3,0,2.5,6.641337077
3,1,3,0,3,1,7.5,6.879233991
3,1,3,0,3,1,5,6.889999759
3,1,3,0,3,1,2.5,6.887730231
3,1,3,0,3,2,7.5,7.289961894
3,1,3,0,3,2,5,7.281062336
3,1,3,0,3,2,2.5,7.258092465
3,1,3,0,3,3,7.5,7.736726256
3,1,3,0,3,3,5,7.710058028
3,1,3,0,3,3,2.5,7.668384294
3,1,3,1,0,0,7.5,5.933529981
3,1,3,1,0,0,5,5.924735544
3,1,3,1,0,0,2.5,5.907268865
3,1,3,1,0,1,7.5,6.100977867
3,1,3,1,0,1,5,6.106590269
3,1,3,1,0,1,2.5,6.109952918
3,1,3,1,0,2,7.5,6.420391527
3,1,3,1,0,2,5,6.440961566
3,1,3,1,0,2,2.5,6.457729168
3,1,3,1,0,3,7.5,6.829634422
3,1,3,1,0,3,5,6.849232672
3,1,3,1,0,3,2.5,6.859772385
3,1,3,1,1,0,7.5,6.140058039
3,1,3,1,1,0,5,6.159556041
3,1,3,1,1,0,2.5,6.181798048
3,1,3,1,1,1,7.5,6.411812153
3,1,3,1,1,1,5,6.428371308
3,1,3,1,1,1,2.5,6.439480702
3,1,3,1,1,2,7.5,6.807808095
3,1,3,1,1,2,5,6.818599231
3,1,3,1,1,2,2.5,6.816778082
3,1,3,1,1,3,7.5,7.248254548
3,1,3,1,1,3,5,7.245635878
3,1,3,1,1,3,2.5,7.227069911
3,1,3,1,2,0,7.5,6.488630439
3,1,3,1,2,0,5,6.515463517
3,1,3,1,2,0,2.5,6.534764139
3,1,3,1,2,1,7.5,6.790258163
3,1,3,1,2,1,5,6.797340952
3,1,3,1,2,1,2.5,6.792446793
3,1,3,1,2,2,7.5,7.204601895
3,1,3,1,2,2,5,7.194580143
3,1,3,1,2,2,2.5,7.169744174
3,1,3,1,2,3,7.5,7.650900984
3,1,3,1,2,3,5,7.623575836
3,1,3,1,2,3,2.5,7.580036003
3,1,3,1,3,0,7.5,6.879233991
3,1,3,1,3,0,5,6.889999759
3,1,3,1,3,0,2.5,6.887730231
3,1,3,1,3,1,7.5,7.18396398
3,1,3,1,3,1,5,7.171877193
3,1,3,1,3,1,2.5,7.145412885
3,1,3,1,3,2,7.5,7.599972888
3,1,3,1,3,2,5,7.569116385
3,1,3,1,3,2,2.5,7.522710265
3,1,3,1,3,3,7.5,8.046737251
3,1,3,1,3,3,5,7.998112078
3,1,3,1,3,3,2.5,7.933002095
3,1,3,2,0,0,7.5,6.344257883
3,1,3,2,0,0,5,6.315798121
3,1,3,2,0,0,2.5,6.277631099
3,1,3,2,0,1,7.5,6.513661698
3,1,3,2,0,1,5,6.50094704
3,1,3,2,0,1,2.5,6.485516512
3,1,3,2,0,2,7.5,6.835422471
3,1,3,2,0,2,5,6.837788984
3,1,3,2,0,2,2.5,6.835026548
3,1,3,2,0,3,7.5,7.245545533
3,1,3,2,0,3,5,7.246471864
3,1,3,2,0,3,2.5,7.237069766
3,1,3,2,1,0,7.5,6.550785942
3,1,3,2,1,0,5,6.550618618
3,1,3,2,1,0,2.5,6.552160281
3,1,3,2,1,1,7.5,6.826843098
3,1,3,2,1,1,5,6.825198725
3,1,3,2,1,1,2.5,6.816778082
3,1,3,2,1,2,7.5,7.223719207
3,1,3,2,1,2,5,7.215838423
3,1,3,2,1,2,2.5,7.194075462
3,1,3,2,1,3,7.5,7.664263457
3,1,3,2,1,3,5,7.64287507
3,1,3,2,1,3,2.5,7.604367292
3,1,3,2,2,0,7.5,6.899358341
3,1,3,2,2,0,5,6.906526094
3,1,3,2,2,0,2.5,6.905126373
3,1,3,2,2,1,7.5,7.206169275
3,1,3,2,2,1,5,7.194580143
3,1,3,2,2,1,2.5,7.169744174
3,1,3,2,2,2,7.5,7.620610803
3,1,3,2,2,2,5,7.591819335
3,1,3,2,2,2,2.5,7.547041554
3,1,3,2,2,3,7.5,8.066909892
3,1,3,2,2,3,5,8.020815028
3,1,3,2,2,3,2.5,7.957333383
3,1,3,2,3,0,7.5,7.289961894
3,1,3,2,3,0,5,7.281062336
3,1,3,2,3,0,2.5,7.258092465
3,1,3,2,3,1,7.5,7.599972888
3,1,3,2,3,1,5,7.569116385
3,1,3,2,3,1,2.5,7.522710265
3,1,3,2,3,2,7.5,8.015981797
3,1,3,2,3,2,5,7.966355577
3,1,3,2,3,2,2.5,7.900007646
3,1,3,2,3,3,7.5,8.462746159
3,1,3,2,3,3,5,8.395351269
3,1,3,2,3,3,2.5,8.310299475
3,1,3,3,0,0,7.5,6.791022246
3,1,3,3,0,0,5,6.744793813
3,1,3,3,0,0,2.5,6.687922928
3,1,3,3,0,1,7.5,6.96042606
3,1,3,3,0,1,5,6.929942733
3,1,3,3,0,1,2.5,6.895808341
3,1,3,3,0,2,7.5,7.282186833
3,1,3,3,0,2,5,7.266784676
3,1,3,3,0,2,2.5,7.245318378
3,1,3,3,0,3,7.5,7.692309896
3,1,3,3,0,3,5,7.675467557
3,1,3,3,0,3,2.5,7.647361595
3,1,3,3,1,0,7.5,6.997550305
3,1,3,3,1,0,5,6.979614311
3,1,3,3,1,0,2.5,6.962452111
3,1,3,3,1,1,7.5,7.27360746
3,1,3,3,1,1,5,7.254194418
3,1,3,3,1,1,2.5,7.227069911
3,1,3,3,1,2,7.5,7.670483569
3,1,3,3,1,2,5,7.644834116
3,1,3,3,1,2,2.5,7.604367292
3,1,3,3,1,3,7.5,8.111027819
3,1,3,3,1,3,5,8.071870763
3,1,3,3,1,3,2.5,8.014659121
3,1,3,3,2,0,7.5,7.346122704
3,1,3,3,2,0,5,7.335521786
3,1,3,3,2,0,2.5,7.315418203
3,1,3,3,2,1,7.5,7.652933637
3,1,3,3,2,1,5,7.623575836
3,1,3,3,2,1,2.5,7.580036003
3,1,3,3,2,2,7.5,8.067375166
3,1,3,3,2,2,5,8.020815028
3,1,3,3,2,2,2.5,7.957333383
3,1,3,3,2,3,7.5,8.513674255
3,1,3,3,2,3,5,8.44981072
3,1,3,3,2,3,2.5,8.367625213
3,1,3,3,3,0,7.5,7.736726256
3,1,3,3,3,0,5,7.710058028
3,1,3,3,3,0,2.5,7.668384294
3,1,3,3,3,1,7.5,8.046737251
3,1,3,3,3,1,5,7.998112078
3,1,3,3,3,1,2.5,7.933002095
3,1,3,3,3,2,7.5,8.462746159
3,1,3,3,3,2,5,8.395351269
3,1,3,3,3,2,2.5,8.310299475
3,1,3,3,3,3,7.5,8.909510522
3,1,3,3,3,3,5,8.824346962
3,1,3,3,3,3,2.5,8.720591305
3,2,0,0,0,0,7.5,5.017738633
3,2,0,0,0,0,5,5.026122454
3,2,0,0,0,0,2.5,5.028817519
3,2,0,0,0,1,7.5,5.181267752
3,2,0,0,0,1,5,5.201825685
3,2,0,0,0,1,2.5,5.222969043
3,2,0,0,0,2,7.5,5.494342545
3,2,0,0,0,2,5,5.528849837
3,2,0,0,0,2,2.5,5.56348666
3,2,0,0,0,3,7.5,5.899794463
3,2,0,0,0,3,5,5.934161695
3,2,0,0,0,3,2.5,5.96379609
3,2,0,0,1,0,7.5,5.224266691
3,2,0,0,1,0,5,5.260942951
3,2,0,0,1,0,2.5,5.303346701
3,2,0,0,1,1,7.5,5.4877191
3,2,0,0,1,1,5,5.519553773
3,2,0,0,1,1,2.5,5.550439553
3,2,0,0,1,2,7.5,5.877968136
3,2,0,0,1,2,5,5.903528254
3,2,0,0,1,2,2.5,5.920801787
3,2,0,0,1,3,7.5,6.317418379
3,2,0,0,1,3,5,6.330153126
3,2,0,0,1,3,2.5,6.331093616
3,2,0,0,2,0,7.5,5.572839091
3,2,0,0,2,0,5,5.616850426
3,2,0,0,2,0,2.5,5.656312793
3,2,0,0,2,1,7.5,5.864721245
3,2,0,0,2,1,5,5.888034814
3,2,0,0,2,1,2.5,5.903405645
3,2,0,0,2,2,7.5,6.273765725
3,2,0,0,2,2,5,6.279097391
3,2,0,0,2,2,2.5,6.273767879
3,2,0,0,2,3,7.5,6.719967018
3,2,0,0,2,3,5,6.708093084
3,2,0,0,2,3,2.5,6.684059708
3,2,0,0,3,0,7.5,5.963442643
3,2,0,0,3,0,5,5.991386668
3,2,0,0,3,0,2.5,6.009278884
3,2,0,0,3,1,7.5,6.25831102
3,2,0,0,3,1,5,6.262571056
3,2,0,0,3,1,2.5,6.256371736
3,2,0,0,3,2,7.5,6.669038922
3,2,0,0,3,2,5,6.653633633
3,2,0,0,3,2,2.5,6.62673397
3,2,0,0,3,3,7.5,7.115803285
3,2,0,0,3,3,5,7.082629326
3,2,0,0,3,3,2.5,7.0370258
3,2,0,1,0,0,7.5,5.181267752
3,2,0,1,0,0,5,5.201825685
3,2,0,1,0,0,2.5,5.222969043
3,2,0,1,0,1,7.5,5.344826602
3,2,0,1,0,1,5,5.377654096
3,2,0,1,0,1,2.5,5.417647636
3,2,0,1,0,2,7.5,5.658088381
3,2,0,1,0,2,5,5.705340379
3,2,0,1,0,2,2.5,5.760426108
3,2,0,1,0,3,7.5,6.063922878
3,2,0,1,0,3,5,6.111600965
3,2,0,1,0,3,2.5,6.162469326
3,2,0,1,1,0,7.5,5.387795811
3,2,0,1,1,0,5,5.436646182
3,2,0,1,1,0,2.5,5.497498225
3,2,0,1,1,1,7.5,5.651367139
3,2,0,1,1,1,5,5.695632541
3,2,0,1,1,1,2.5,5.745645215
3,2,0,1,1,2,7.5,6.042096551
3,2,0,1,1,2,5,6.080967524
3,2,0,1,1,2,2.5,6.119475022
3,2,0,1,1,3,7.5,6.481869913
3,2,0,1,1,3,5,6.508004171
3,2,0,1,1,3,2.5,6.529766852
3,2,0,1,2,0,7.5,5.73636821
3,2,0,1,2,0,5,5.792553658
3,2,0,1,2,0,2.5,5.850464317
3,2,0,1,2,1,7.5,6.028458475
3,2,0,1,2,1,5,6.064238761
3,2,0,1,2,1,2.5,6.098611307
3,2,0,1,2,2,7.5,6.438217259
3,2,0,1,2,2,5,6.456948436
3,2,0,1,2,2,2.5,6.472441114
3,2,0,1,2,3,7.5,6.884516349
3,2,0,1,2,3,5,6.885944128
3,2,0,1,2,3,2.5,6.882732943
3,2,0,1,3,0,7.5,6.126971763
3,2,0,1,3,0,5,6.1670899
3,2,0,1,3,0,2.5,6.203430409
3,2,0,1,3,1,7.5,6.422077979
3,2,0,1,3,1,5,6.438775003
3,2,0,1,3,1,2.5,6.451577399
3,2,0,1,3,2,7.5,6.833588253
3,2,0,1,3,2,5,6.831484677
3,2,0,1,3,2,2.5,6.825407206
3,2,0,1,3,3,7.5,7.280352616
3,2,0,1,3,3,5,7.26048037
3,2,0,1,3,3,2.5,7.235699035
3,2,0,2,0,0,7.5,5.494342545
3,2,0,2,0,0,5,5.528849837
3,2,0,2,0,0,2.5,5.56348666
3,2,0,2,0,1,7.5,5.658088381
3,2,0,2,0,1,5,5.705340379
3,2,0,2,0,1,2.5,5.760426108
3,2,0,2,0,2,7.5,5.972115318
3,2,0,2,0,2,5,6.034924118
3,2,0,2,0,2,2.5,6.106672154
3,2,0,2,0,3,7.5,6.378919173
3,2,0,2,0,3,5,6.442420026
3,2,0,2,0,3,2.5,6.508715371
3,2,0,2,1,0,7.5,5.700870604
3,2,0,2,1,0,5,5.763670334
3,2,0,2,1,0,2.5,5.838015842
3,2,0,2,1,1,7.5,5.965100688
3,2,0,2,1,1,5,6.024392732
3,2,0,2,1,1,2.5,6.090157474
3,2,0,2,1,2,7.5,6.357092846
3,2,0,2,1,2,5,6.411786585
3,2,0,2,1,2,2.5,6.465721068
3,2,0,2,1,3,7.5,6.797257394
3,2,0,2,1,3,5,6.838823232
3,2,0,2,1,3,2.5,6.876012897
3,2,0,2,2,0,7.5,6.049443003
3,2,0,2,2,0,5,6.11957781
3,2,0,2,2,0,2.5,6.190981934
3,2,0,2,2,1,7.5,6.342574602
3,2,0,2,2,1,5,6.393410726
3,2,0,2,2,1,2.5,6.443123566
3,2,0,2,2,2,7.5,6.75360474
3,2,0,2,2,2,5,6.787767497
3,2,0,2,2,2,2.5,6.81868716
3,2,0,2,2,3,7.5,7.199903829
3,2,0,2,2,3,5,7.21676319
3,2,0,2,2,3,2.5,7.228978989
3,2,0,2,3,0,7.5,6.440046556
3,2,0,2,3,0,5,6.494114051
3,2,0,2,3,0,2.5,6.543948026
3,2,0,2,3,1,7.5,6.736291903
3,2,0,2,3,1,5,6.767946968
3,2,0,2,3,1,2.5,6.796089658
3,2,0,2,3,2,7.5,7.148975734
3,2,0,2,3,2,5,7.162303739
3,2,0,2,3,2,2.5,7.171653251
3,2,0,2,3,3,7.5,7.595740096
3,2,0,2,3,3,5,7.591299432
3,2,0,2,3,3,2.5,7.581945081
3,2,0,3,0,0,7.5,5.899794463
3,2,0,3,0,0,5,5.934161695
3,2,0,3,0,0,2.5,5.96379609
3,2,0,3,0,1,7.5,6.063922878
3,2,0,3,0,1,5,6.111600965
3,2,0,3,0,1,2.5,6.162469326
3,2,0,3,0,2,7.5,6.378919173
3,2,0,3,0,2,5,6.442420026
3,2,0,3,0,2,2.5,6.508715371
3,2,0,3,0,3,7.5,6.786309805
3,2,0,3,0,3,5,6.849915935
3,2,0,3,0,3,2.5,6.910758588
3,2,0,3,1,0,7.5,6.106322521
3,2,0,3,1,0,5,6.168982192
3,2,0,3,1,0,2.5,6.238325273
3,2,0,3,1,1,7.5,6.371611153
3,2,0,3,1,1,5,6.431476866
3,2,0,3,1,1,2.5,6.492200691
3,2,0,3,1,2,7.5,6.764483479
3,2,0,3,1,2,5,6.819282494
3,2,0,3,1,2,2.5,6.867764285
3,2,0,3,1,3,7.5,7.204648026
3,2,0,3,1,3,5,7.246319141
3,2,0,3,1,3,2.5,7.278056115
3,2,0,3,2,0,7.5,6.454894921
3,2,0,3,2,0,5,6.524889668
3,2,0,3,2,0,2.5,6.591291364
3,2,0,3,2,1,7.5,6.749378457
3,2,0,3,2,1,5,6.80049486
3,2,0,3,2,1,2.5,6.845166783
3,2,0,3,2,2,7.5,7.160995373
3,2,0,3,2,2,5,7.195263406
3,2,0,3,2,2,2.5,7.220730377
3,2,0,3,2,3,7.5,7.607294462
3,2,0,3,2,3,5,7.624259098
3,2,0,3,2,3,2.5,7.631022206
3,2,0,3,3,0,7.5,6.845498473
3,2,0,3,3,0,5,6.899425909
3,2,0,3,3,0,2.5,6.944257456
3,2,0,3,3,1,7.5,7.143095757
3,2,0,3,3,1,5,7.175031102
3,2,0,3,3,1,2.5,7.198132875
3,2,0,3,3,2,7.5,7.556366366
3,2,0,3,3,2,5,7.569799648
3,2,0,3,3,2,2.5,7.573696469
3,2,0,3,3,3,7.5,8.003130729
3,2,0,3,3,3,5,7.99879534
3,2,0,3,3,3,2.5,7.983988298
3,2,1,0,0,0,7.5,5.224266691
3,2,1,0,0,0,5,5.260942951
3,2,1,0,0,0,2.5,5.303346701
3,2,1,0,0,1,7.5,5.387795811
3,2,1,0,0,1,5,5.436646182
3,2,1,0,0,1,2.5,5.497498225
3,2,1,0,0,2,7.5,5.700870604
3,2,1,0,0,2,5,5.763670334
3,2,1,0,0,2,2.5,5.838015842
3,2,1,0,0,3,7.5,6.106322521
3,2,1,0,0,3,5,6.168982192
3,2,1,0,0,3,2.5,6.238325273
3,2,1,0,1,0,7.5,5.43079475
3,2,1,0,1,0,5,5.495763448
3,2,1,0,1,0,2.5,5.577875883
3,2,1,0,1,1,7.5,5.694247159
3,2,1,0,1,1,5,5.75437427
3,2,1,0,1,1,2.5,5.824968735
3,2,1,0,1,2,7.5,6.084496195
3,2,1,0,1,2,5,6.138348751
3,2,1,0,1,2,2.5,6.195330969
3,2,1,0,1,3,7.5,6.523946437
3,2,1,0,1,3,5,6.564973623
3,2,1,0,1,3,2.5,6.605622799
3,2,1,0,2,0,7.5,5.77936715
3,2,1,0,2,0,5,5.851670924
3,2,1,0,2,0,2.5,5.930841975
3,2,1,0,2,1,7.5,6.071249304
3,2,1,0,2,1,5,6.122855312
3,2,1,0,2,1,2.5,6.177934827
3,2,1,0,2,2,7.5,6.480293784
3,2,1,0,2,2,5,6.513917888
3,2,1,0,2,2,2.5,6.548297061
3,2,1,0,2,3,7.5,6.926495077
3,2,1,0,2,3,5,6.942913581
3,2,1,0,2,3,2.5,6.95858889
3,2,1,0,3,0,7.5,6.169970702
3,2,1,0,3,0,5,6.226207165
3,2,1,0,3,0,2.5,6.283808067
3,2,1,0,3,1,7.5,6.464839078
3,2,1,0,3,1,5,6.497391553
3,2,1,0,3,1,2.5,6.530900919
3,2,1,0,3,2,7.5,6.875566981
3,2,1,0,3,2,5,6.88845413
3,2,1,0,3,2,2.5,6.901263153
3,2,1,0,3,3,7.5,7.322331344
3,2,1,0,3,3,5,7.317449823
3,2,1,0,3,3,2.5,7.311554982
3,2,1,1,0,0,7.5,5.4877191
3,2,1,1,0,0,5,5.519553773
3,2,1,1,0,0,2.5,5.550439553
3,2,1,1,0,1,7.5,5.651367139
3,2,1,1,0,1,5,5.695632541
3,2,1,1,0,1,2.5,5.745645215
3,2,1,1,0,2,7.5,5.965100688
3,2,1,1,0,2,5,6.024392732
3,2,1,1,0,2,2.5,6.090157474
3,2,1,1,0,3,7.5,6.371611153
3,2,1,1,0,3,5,6.431476866
3,2,1,1,0,3,2.5,6.492200691
3,2,1,1,1,0,7.5,5.694247159
3,2,1,1,1,0,5,5.75437427
3,2,1,1,1,0,2.5,5.824968735
3,2,1,1,1,1,7.5,5.958086057
3,2,1,1,1,1,5,6.013861345
3,2,1,1,1,1,2.5,6.073642794
3,2,1,1,1,2,7.5,6.349784826
3,2,1,1,1,2,5,6.400843425
3,2,1,1,1,2,2.5,6.449206388
3,2,1,1,1,3,7.5,6.789851577
3,2,1,1,1,3,5,6.827880072
3,2,1,1,1,3,2.5,6.859498218
3,2,1,1,2,0,7.5,6.042819558
3,2,1,1,2,0,5,6.110281746
3,2,1,1,2,0,2.5,6.177934827
3,2,1,1,2,1,7.5,6.335266582
3,2,1,1,2,1,5,6.382467565
3,2,1,1,2,1,2.5,6.426608886
3,2,1,1,2,2,7.5,6.746198924
3,2,1,1,2,2,5,6.776824337
3,2,1,1,2,2,2.5,6.80217248
3,2,1,1,2,3,7.5,7.192498013
3,2,1,1,2,3,5,7.205820029
3,2,1,1,2,3,2.5,7.212464309
3,2,1,1,3,0,7.5,6.43342311
3,2,1,1,3,0,5,6.484817988
3,2,1,1,3,0,2.5,6.530900919
3,2,1,1,3,1,7.5,6.728886086
3,2,1,1,3,1,5,6.757003807
3,2,1,1,3,1,2.5,6.779574978
3,2,1,1,3,2,7.5,7.141569917
3,2,1,1,3,2,5,7.151360578
3,2,1,1,3,2,2.5,7.155138572
3,2,1,1,3,3,7.5,7.58833428
3,2,1,1,3,3,5,7.580356271
3,2,1,1,3,3,2.5,7.565430401
3,2,1,2,0,0,7.5,5.877968136
3,2,1,2,0,0,5,5.903528254
3,2,1,2,0,0,2.5,5.920801787
3,2,1,2,0,1,7.5,6.042096551
3,2,1,2,0,1,5,6.080967524
3,2,1,2,0,1,2.5,6.119475022
3,2,1,2,0,2,7.5,6.357092846
3,2,1,2,0,2,5,6.411786585
3,2,1,2,0,2,2.5,6.465721068
3,2,1,2,0,3,7.5,6.764483479
3,2,1,2,0,3,5,6.819282494
3,2,1,2,0,3,2.5,6.867764285
3,2,1,2,1,0,7.5,6.084496195
3,2,1,2,1,0,5,6.138348751
3,2,1,2,1,0,2.5,6.195330969
3,2,1,2,1,1,7.5,6.349784826
3,2,1,2,1,1,5,6.400843425
3,2,1,2,1,1,2.5,6.449206388
3,2,1,2,1,2,7.5,6.742657152
3,2,1,2,1,2,5,6.788649053
3,2,1,2,1,2,2.5,6.824769982
3,2,1,2,1,3,7.5,7.182821699
3,2,1,2,1,3,5,7.2156857
3,2,1,2,1,3,2.5,7.235061811
3,2,1,2,2,0,7.5,6.433068594
3,2,1,2,2,0,5,6.494256226
3,2,1,2,2,0,2.5,6.548297061
3,2,1,2,2,1,7.5,6.72755213
3,2,1,2,2,1,5,6.769861419
3,2,1,2,2,1,2.5,6.80217248
3,2,1,2,2,2,7.5,7.139169046
3,2,1,2,2,2,5,7.164629965
3,2,1,2,2,2,2.5,7.177736074
3,2,1,2,2,3,7.5,7.585468135
3,2,1,2,2,3,5,7.593625657
3,2,1,2,2,3,2.5,7.588027903
3,2,1,2,3,0,7.5,6.823672146
3,2,1,2,3,0,5,6.868792468
3,2,1,2,3,0,2.5,6.901263153
3,2,1,2,3,1,7.5,7.12126943
3,2,1,2,3,1,5,7.144397661
3,2,1,2,3,1,2.5,7.155138572
3,2,1,2,3,2,7.5,7.534540039
3,2,1,2,3,2,5,7.539166206
3,2,1,2,3,2,2.5,7.530702165
3,2,1,2,3,3,7.5,7.981304402
3,2,1,2,3,3,5,7.968161899
3,2,1,2,3,3,2.5,7.940993995
3,2,1,3,0,0,7.5,6.317418379
3,2,1,3,0,0,5,6.330153126
3,2,1,3,0,0,2.5,6.331093616
3,2,1,3,0,1,7.5,6.481869913
3,2,1,3,0,1,5,6.508004171
3,2,1,3,0,1,2.5,6.529766852
3,2,1,3,0,2,7.5,6.797257394
3,2,1,3,0,2,5,6.838823232
3,2,1,3,0,2,2.5,6.876012897
3,2,1,3,0,3,7.5,7.204648026
3,2,1,3,0,3,5,7.246319141
3,2,1,3,0,3,2.5,7.278056115
3,2,1,3,1,0,7.5,6.523946437
3,2,1,3,1,0,5,6.564973623
3,2,1,3,1,0,2.5,6.605622799
3,2,1,3,1,1,7.5,6.789851577
3,2,1,3,1,1,5,6.827880072
3,2,1,3,1,1,2.5,6.859498218
3,2,1,3,1,2,7.5,7.182821699
3,2,1,3,1,2,5,7.2156857
3,2,1,3,1,2,2.5,7.235061811
3,2,1,3,1,3,7.5,7.622986247
3,2,1,3,1,3,5,7.642722347
3,2,1,3,1,3,2.5,7.645353641
3,2,1,3,2,0,7.5,6.872518837
3,2,1,3,2,0,5,6.920881099
3,2,1,3,2,0,2.5,6.95858889
3,2,1,3,2,1,7.5,7.167618881
3,2,1,3,2,1,5,7.196898066
3,2,1,3,2,1,2.5,7.212464309
3,2,1,3,2,2,7.5,7.579333594
3,2,1,3,2,2,5,7.591666612
3,2,1,3,2,2,2.5,7.588027903
3,2,1,3,2,3,7.5,8.025632683
3,2,1,3,2,3,5,8.020662304
3,2,1,3,2,3,2.5,7.998319732
3,2,1,3,3,0,7.5,7.263122389
3,2,1,3,3,0,5,7.295417341
3,2,1,3,3,0,2.5,7.311554982
3,2,1,3,3,1,7.5,7.561336182
3,2,1,3,3,1,5,7.571434308
3,2,1,3,3,1,2.5,7.565430401
3,2,1,3,3,2,7.5,7.974704587
3,2,1,3,3,2,5,7.966202854
3,2,1,3,3,2,2.5,7.940993995
3,2,1,3,3,3,7.5,8.42146895
3,2,1,3,3,3,5,8.395198546
3,2,1,3,3,3,2.5,8.351285824
3,2,2,0,0,0,7.5,5.572839091
3,2,2,0,0,0,5,5.616850426
3,2,2,0,0,0,2.5,5.656312793
3,2,2,0,0,1,7.5,5.73636821
3,2,2,0,0,1,5,5.792553658
3,2,2,0,0,1,2.5,5.850464317
3,2,2,0,0,2,7.5,6.049443003
3,2,2,0,0,2,5,6.11957781
3,2,2,0,0,2,2.5,6.190981934
3,2,2,0,0,3,7.5,6.454894921
3,2,2,0,0,3,5,6.524889668
3,2,2,0,0,3,2.5,6.591291364
3,2,2,0,1,0,7.5,5.77936715
3,2,2,0,1,0,5,5.851670924
3,2,2,0,1,0,2.5,5.930841975
3,2,2,0,1,1,7.5,6.042819558
3,2,2,0,1,1,5,6.110281746
3,2,2,0,1,1,2.5,6.177934827
3,2,2,0,1,2,7.5,6.433068594
3,2,2,0,1,2,5,6.494256226
3,2,2,0,1,2,2.5,6.548297061
3,2,2,0,1,3,7.5,6.872518837
3,2,2,0,1,3,5,6.920881099
3,2,2,0,1,3,2.5,6.95858889
3,2,2,0,2,0,7.5,6.127939549
3,2,2,0,2,0,5,6.207578399
3,2,2,0,2,0,2.5,6.283808067
3,2,2,0,2,1,7.5,6.419821703
3,2,2,0,2,1,5,6.478762787
3,2,2,0,2,1,2.5,6.530900919
3,2,2,0,2,2,7.5,6.828866183
3,2,2,0,2,2,5,6.869825364
3,2,2,0,2,2,2.5,6.901263153
3,2,2,0,2,3,7.5,7.275067476
3,2,2,0,2,3,5,7.298821057
3,2,2,0,2,3,2.5,7.311554982
3,2,2,0,3,0,7.5,6.518543101
3,2,2,0,3,0,5,6.582114641
3,2,2,0,3,0,2.5,6.636774159
3,2,2,0,3,1,7.5,6.813411478
3,2,2,0,3,1,5,6.853299029
3,2,2,0,3,1,2.5,6.883867011
3,2,2,0,3,2,7.5,7.22413938
3,2,2,0,3,2,5,7.244361606
3,2,2,0,3,2,2.5,7.254229245
3,2,2,0,3,3,7.5,7.670903743
3,2,2,0,3,3,5,7.673357299
3,2,2,0,3,3,2.5,7.664521074
3,2,2,1,0,0,7.5,5.864721245
3,2,2,1,0,0,5,5.888034814
3,2,2,1,0,0,2.5,5.903405645
3,2,2,1,0,1,7.5,6.028458475
3,2,2,1,0,1,5,6.064238761
3,2,2,1,0,1,2.5,6.098611307
3,2,2,1,0,2,7.5,6.342574602
3,2,2,1,0,2,5,6.393410726
3,2,2,1,0,2,2.5,6.443123566
3,2,2,1,0,3,7.5,6.749378457
3,2,2,1,0,3,5,6.80049486
3,2,2,1,0,3,2.5,6.845166783
3,2,2,1,1,0,7.5,6.071249304
3,2,2,1,1,0,5,6.122855312
3,2,2,1,1,0,2.5,6.177934827
3,2,2,1,1,1,7.5,6.335266582
3,2,2,1,1,1,5,6.382467565
3,2,2,1,1,1,2.5,6.426608886
3,2,2,1,1,2,7.5,6.72755213
3,2,2,1,1,2,5,6.769861419
3,2,2,1,1,2,2.5,6.80217248
3,2,2,1,1,3,7.5,7.167618881
3,2,2,1,1,3,5,7.196898066
3,2,2,1,1,3,2.5,7.212464309
3,2,2,1,2,0,7.5,6.419821703
3,2,2,1,2,0,5,6.478762787
3,2,2,1,2,0,2.5,6.530900919
3,2,2,1,2,1,7.5,6.712447108
3,2,2,1,2,1,5,6.751073785
3,2,2,1,2,1,2.5,6.779574978
3,2,2,1,2,2,7.5,7.123966227
3,2,2,1,2,2,5,7.145842331
3,2,2,1,2,2,2.5,7.155138572
3,2,2,1,2,3,7.5,7.570265317
3,2,2,1,2,3,5,7.574838024
3,2,2,1,2,3,2.5,7.565430401
3,2,2,1,3,0,7.5,6.810425256
3,2,2,1,3,0,5,6.853299029
3,2,2,1,3,0,2.5,6.883867011
3,2,2,1,3,1,7.5,7.106066612
3,2,2,1,3,1,5,7.125610027
3,2,2,1,3,1,2.5,7.13254107
3,2,2,1,3,2,7.5,7.519337221
3,2,2,1,3,2,5,7.520378573
3,2,2,1,3,2,2.5,7.508104663
3,2,2,1,3,3,7.5,7.966101584
3,2,2,1,3,3,5,7.949374265
3,2,2,1,3,3,2.5,7.918396493
3,2,2,2,0,0,7.5,6.273765725
3,2,2,2,0,0,5,6.279097391
3,2,2,2,0,0,2.5,6.273767879
3,2,2,2,0,1,7.5,6.438217259
3,2,2,2,0,1,5,6.456948436
3,2,2,2,0,1,2.5,6.472441114
3,2,2,2,0,2,7.5,6.75360474
3,2,2,2,0,2,5,6.787767497
3,2,2,2,0,2,2.5,6.81868716
3,2,2,2,0,3,7.5,7.160995373
3,2,2,2,0,3,5,7.195263406
3,2,2,2,0,3,2.5,7.220730377
3,2,2,2,1,0,7.5,6.480293784
3,2,2,2,1,0,5,6.513917888
3,2,2,2,1,0,2.5,6.548297061
3,2,2,2,1,1,7.5,6.746198924
3,2,2,2,1,1,5,6.776824337
3,2,2,2,1,1,2.5,6.80217248
3,2,2,2,1,2,7.5,7.139169046
3,2,2,2,1,2,5,7.164629965
3,2,2,2,1,2,2.5,7.177736074
3,2,2,2,1,3,7.5,7.579333594
3,2,2,2,1,3,5,7.591666612
3,2,2,2,1,3,2.5,7.588027903
3,2,2,2,2,0,7.5,6.828866183
3,2,2,2,2,0,5,6.869825364
3,2,2,2,2,0,2.5,6.901263153
3,2,2,2,2,1,7.5,7.123966227
3,2,2,2,2,1,5,7.145842331
3,2,2,2,2,1,2.5,7.155138572
3,2,2,2,2,2,7.5,7.53568094
3,2,2,2,2,2,5,7.540610877
3,2,2,2,2,2,2.5,7.530702165
3,2,2,2,2,3,7.5,7.981980029
3,2,2,2,2,3,5,7.969606569
3,2,2,2,2,3,2.5,7.940993995
3,2,2,2,3,0,7.5,7.219469736
3,2,2,2,3,0,5,7.244361606
3,2,2,2,3,0,2.5,7.254229245
3,2,2,2,3,1,7.5,7.517683528
3,2,2,2,3,1,5,7.520378573
3,2,2,2,3,1,2.5,7.508104663
3,2,2,2,3,2,7.5,7.931051933
3,2,2,2,3,2,5,7.915147118
3,2,2,2,3,2,2.5,7.883668257
3,2,2,2,3,3,7.5,8.377816296
3,2,2,2,3,3,5,8.344142811
3,2,2,2,3,3,2.5,8.293960086
3,2,2,3,0,0,7.5,6.719967018
3,2,2,3,0,0,5,6.708093084
3,2,2,3,0,0,2.5,6.684059708
3,2,2,3,0,1,7.5,6.884516349
3,2,2,3,0,1,5,6.885944128
3,2,2,3,0,1,2.5,6.882732943
3,2,2,3,0,2,7.5,7.199903829
3,2,2,3,0,2,5,7.21676319
3,2,2,3,0,2,2.5,7.228978989
3,2,2,3,0,3,7.5,7.607294462
3,2,2,3,0,3,5,7.624259098
3,2,2,3,0,3,2.5,7.631022206
3,2,2,3,1,0,7.5,6.926495077
3,2,2,3,1,0,5,6.942913581
3,2,2,3,1,0,2.5,6.95858889
3,2,2,3,1,1,7.5,7.192498013
3,2,2,3,1,1,5,7.205820029
3,2,2,3,1,1,2.5,7.212464309
3,2,2,3,1,2,7.5,7.585468135
3,2,2,3,1,2,5,7.593625657
3,2,2,3,1,2,2.5,7.588027903
3,2,2,3,1,3,7.5,8.025632683
3,2,2,3,1,3,5,8.020662304
3,2,2,3,1,3,2.5,7.998319732
3,2,2,3,2,0,7.5,7.275067476
3,2,2,3,2,0,5,7.298821057
3,2,2,3,2,0,2.5,7.311554982
3,2,2,3,2,1,7.5,7.570265317
3,2,2,3,2,1,5,7.574838024
3,2,2,3,2,1,2.5,7.565430401
3,2,2,3,2,2,7.5,7.981980029
3,2,2,3,2,2,5,7.969606569
3,2,2,3,2,2,2.5,7.940993995
3,2,2,3,2,3,7.5,8.428279119
3,2,2,3,2,3,5,8.398602262
3,2,2,3,2,3,2.5,8.351285824
3,2,2,3,3,0,7.5,7.665671028
3,2,2,3,3,0,5,7.673357299
3,2,2,3,3,0,2.5,7.664521074
3,2,2,3,3,1,7.5,7.963982617
3,2,2,3,3,1,5,7.949374265
3,2,2,3,3,1,2.5,7.918396493
3,2,2,3,3,2,7.5,8.377351023
3,2,2,3,3,2,5,8.344142811
3,2,2,3,3,2,2.5,8.293960086
3,2,2,3,3,3,7.5,8.824115385
3,2,2,3,3,3,5,8.773138504
3,2,2,3,3,3,2.5,8.704251916
3,2,3,0,0,0,7.5,5.963442643
3,2,3,0,0,0,5,5.991386668
3,2,3,0,0,0,2.5,6.009278884
3,2,3,0,0,1,7.5,6.126971763
3,2,3,0,0,1,5,6.1670899
3,2,3,0,0,1,2.5,6.203430409
3,2,3,0,0,2,7.5,6.440046556
3,2,3,0,0,2,5,6.494114051
3,2,3,0,0,2,2.5,6.543948026
3,2,3,0,0,3,7.5,6.845498473
3,2,3,0,0,3,5,6.899425909
3,2,3,0,0,3,2.5,6.944257456
3,2,3,0,1,0,7.5,6.169970702
3,2,3,0,1,0,5,6.226207165
3,2,3,0,1,0,2.5,6.283808067
3,2,3,0,1,1,7.5,6.43342311
3,2,3,0,1,1,5,6.484817988
3,2,3,0,1,1,2.5,6.530900919
3,2,3,0,1,2,7.5,6.823672146
3,2,3,0,1,2,5,6.868792468
3,2,3,0,1,2,2.5,6.901263153
3,2,3,0,1,3,7.5,7.263122389
3,2,3,0,1,3,5,7.295417341
3,2,3,0,1,3,2.5,7.311554982
3,2,3,0,2,0,7.5,6.518543101
3,2,3,0,2,0,5,6.582114641
3,2,3,0,2,0,2.5,6.636774159
3,2,3,0,2,1,7.5,6.810425256
3,2,3,0,2,1,5,6.853299029
3,2,3,0,2,1,2.5,6.883867011
3,2,3,0,2,2,7.5,7.219469736
3,2,3,0,2,2,5,7.244361606
3,2,3,0,2,2,2.5,7.254229245
3,2,3,0,2,3,7.5,7.665671028
3,2,3,0,2,3,5,7.673357299
3,2,3,0,2,3,2.5,7.664521074
3,2,3,0,3,0,7.5,6.909146654
3,2,3,0,3,0,5,6.956650883
3,2,3,0,3,0,2.5,6.98974025
3,2,3,0,3,1,7.5,7.20401503
3,2,3,0,3,1,5,7.227835271
3,2,3,0,3,1,2.5,7.236833102
3,2,3,0,3,2,7.5,7.614742933
3,2,3,0,3,2,5,7.618897848
3,2,3,0,3,2,2.5,7.607195336
3,2,3,0,3,3,7.5,8.061507295
3,2,3,0,3,3,5,8.04789354
3,2,3,0,3,3,2.5,8.017487166
3,2,3,1,0,0,7.5,6.25831102
3,2,3,1,0,0,5,6.262571056
3,2,3,1,0,0,2.5,6.256371736
3,2,3,1,0,1,7.5,6.422077979
3,2,3,1,0,1,5,6.438775003
3,2,3,1,0,1,2.5,6.451577399
3,2,3,1,0,2,7.5,6.736291903
3,2,3,1,0,2,5,6.767946968
3,2,3,1,0,2,2.5,6.796089658
3,2,3,1,0,3,7.5,7.143095757
3,2,3,1,0,3,5,7.175031102
3,2,3,1,0,3,2.5,7.198132875
3,2,3,1,1,0,7.5,6.464839078
3,2,3,1,1,0,5,6.497391553
3,2,3,1,1,0,2.5,6.530900919
3,2,3,1,1,1,7.5,6.728886086
3,2,3,1,1,1,5,6.757003807
3,2,3,1,1,1,2.5,6.779574978
3,2,3,1,1,2,7.5,7.12126943
3,2,3,1,1,2,5,7.144397661
3,2,3,1,1,2,2.5,7.155138572
3,2,3,1,1,3,7.5,7.561336182
3,2,3,1,1,3,5,7.571434308
3,2,3,1,1,3,2.5,7.565430401
3,2,3,1,2,0,7.5,6.813411478
3,2,3,1,2,0,5,6.853299029
3,2,3,1,2,0,2.5,6.883867011
3,2,3,1,2,1,7.5,7.106066612
3,2,3,1,2,1,5,7.125610027
3,2,3,1,2,1,2.5,7.13254107
3,2,3,1,2,2,7.5,7.517683528
3,2,3,1,2,2,5,7.520378573
3,2,3,1,2,2,2.5,7.508104663
3,2,3,1,2,3,7.5,7.963982617
3,2,3,1,2,3,5,7.949374265
3,2,3,1,2,3,2.5,7.918396493
3,2,3,1,3,0,7.5,7.20401503
3,2,3,1,3,0,5,7.227835271
3,2,3,1,3,0,2.5,7.236833102
3,2,3,1,3,1,7.5,7.499686116
3,2,3,1,3,1,5,7.500146269
3,2,3,1,3,1,2.5,7.485507161
3,2,3,1,3,2,7.5,7.913054522
3,2,3,1,3,2,5,7.894914815
3,2,3,1,3,2,2.5,7.861070755
3,2,3,1,3,3,7.5,8.359818884
3,2,3,1,3,3,5,8.323910507
3,2,3,1,3,3,2.5,8.271362584
3,2,3,2,0,0,7.5,6.669038922
3,2,3,2,0,0,5,6.653633633
3,2,3,2,0,0,2.5,6.62673397
3,2,3,2,0,1,7.5,6.833588253
3,2,3,2,0,1,5,6.831484677
3,2,3,2,0,1,2.5,6.825407206
3,2,3,2,0,2,7.5,7.148975734
3,2,3,2,0,2,5,7.162303739
3,2,3,2,0,2,2.5,7.171653251
3,2,3,2,0,3,7.5,7.556366366
3,2,3,2,0,3,5,7.569799648
3,2,3,2,0,3,2.5,7.573696469
3,2,3,2,1,0,7.5,6.875566981
3,2,3,2,1,0,5,6.88845413
3,2,3,2,1,0,2.5,6.901263153
3,2,3,2,1,1,7.5,7.141569917
3,2,3,2,1,1,5,7.151360578
3,2,3,2,1,1,2.5,7.155138572
3,2,3,2,1,2,7.5,7.534540039
3,2,3,2,1,2,5,7.539166206
3,2,3,2,1,2,2.5,7.530702165
3,2,3,2,1,3,7.5,7.974704587
3,2,3,2,1,3,5,7.966202854
3,2,3,2,1,3,2.5,7.940993995
3,2,3,2,2,0,7.5,7.22413938
3,2,3,2,2,0,5,7.244361606
3,2,3,2,2,0,2.5,7.254229245
3,2,3,2,2,1,7.5,7.519337221
3,2,3,2,2,1,5,7.520378573
3,2,3,2,2,1,2.5,7.508104663
3,2,3,2,2,2,7.5,7.931051933
3,2,3,2,2,2,5,7.915147118
3,2,3,2,2,2,2.5,7.883668257
3,2,3,2,2,3,7.5,8.377351023
3,2,3,2,2,3,5,8.344142811
3,2,3,2,2,3,2.5,8.293960086
3,2,3,2,3,0,7.5,7.614742933
3,2,3,2,3,0,5,7.618897848
3,2,3,2,3,0,2.5,7.607195336
3,2,3,2,3,1,7.5,7.913054522
3,2,3,2,3,1,5,7.894914815
3,2,3,2,3,1,2.5,7.861070755
3,2,3,2,3,2,7.5,8.326422927
3,2,3,2,3,2,5,8.28968336
3,2,3,2,3,2,2.5,8.236634349
3,2,3,2,3,3,7.5,8.77318729
3,2,3,2,3,3,5,8.718679053
3,2,3,2,3,3,2.5,8.646926178
3,2,3,3,0,0,7.5,7.115803285
3,2,3,3,0,0,5,7.082629326
3,2,3,3,0,0,2.5,7.0370258
3,2,3,3,0,1,7.5,7.280352616
3,2,3,3,0,1,5,7.26048037
3,2,3,3,0,1,2.5,7.235699035
3,2,3,3,0,2,7.5,7.595740096
3,2,3,3,0,2,5,7.591299432
3,2,3,3,0,2,2.5,7.581945081
3,2,3,3,0,3,7.5,8.003130729
3,2,3,3,0,3,5,7.99879534
3,2,3,3,0,3,2.5,7.983988298
3,2,3,3,1,0,7.5,7.322331344
3,2,3,3,1,0,5,7.317449823
3,2,3,3,1,0,2.5,7.311554982
3,2,3,3,1,1,7.5,7.58833428
3,2,3,3,1,1,5,7.580356271
3,2,3,3,1,1,2.5,7.565430401
3,2,3,3,1,2,7.5,7.981304402
3,2,3,3,1,2,5,7.968161899
3,2,3,3,1,2,2.5,7.940993995
3,2,3,3,1,3,7.5,8.42146895
3,2,3,3,1,3,5,8.395198546
3,2,3,3,1,3,2.5,8.351285824
3,2,3,3,2,0,7.5,7.670903743
3,2,3,3,2,0,5,7.673357299
3,2,3,3,2,0,2.5,7.664521074
3,2,3,3,2,1,7.5,7.966101584
3,2,3,3,2,1,5,7.949374265
3,2,3,3,2,1,2.5,7.918396493
3,2,3,3,2,2,7.5,8.377816296
3,2,3,3,2,2,5,8.344142811
3,2,3,3,2,2,2.5,8.293960086
3,2,3,3,2,3,7.5,8.824115385
3,2,3,3,2,3,5,8.773138504
3,2,3,3,2,3,2.5,8.704251916
3,2,3,3,3,0,7.5,8.061507295
3,2,3,3,3,0,5,8.04789354
3,2,3,3,3,0,2.5,8.017487166
3,2,3,3,3,1,7.5,8.359818884
3,2,3,3,3,1,5,8.323910507
3,2,3,3,3,1,2.5,8.271362584
3,2,3,3,3,2,7.5,8.77318729
3,2,3,3,3,2,5,8.718679053
3,2,3,3,3,2,2.5,8.646926178
3,2,3,3,3,3,7.5,9.219951652
3,2,3,3,3,3,5,9.147674745
3,2,3,3,3,3,2.5,9.057218008
3,3,0,0,0,0,7.5,5.197447173
3,3,0,0,0,0,5,5.223301521
3,3,0,0,0,0,2.5,5.250516625
3,3,0,0,0,1,7.5,5.359220518
3,3,0,0,0,1,5,5.395308385
3,3,0,0,0,1,2.5,5.436886321
3,3,0,0,0,2,7.5,5.669661648
3,3,0,0,0,2,5,5.718636168
3,3,0,0,0,2,2.5,5.773513024
3,3,0,0,0,3,7.5,6.073796735
3,3,0,0,0,3,5,6.123023934
3,3,0,0,0,3,2.5,6.173822455
3,3,0,0,1,0,7.5,5.403975232
3,3,0,0,1,0,5,5.458122018
3,3,0,0,1,0,2.5,5.525045807
3,3,0,0,1,1,7.5,5.663038203
3,3,0,0,1,1,5,5.709340105
3,3,0,0,1,1,2.5,5.760465918
3,3,0,0,1,2,7.5,6.051970408
3,3,0,0,1,2,5,6.092390493
3,3,0,0,1,2,2.5,6.130828152
3,3,0,0,1,3,7.5,6.491201179
3,3,0,0,1,3,5,6.519015366
3,3,0,0,1,3,2.5,6.541119981
3,3,0,0,2,0,7.5,5.752547631
3,3,0,0,2,0,5,5.814029494
3,3,0,0,2,0,2.5,5.878011899
3,3,0,0,2,1,7.5,6.038723517
3,3,0,0,2,1,5,6.076897054
3,3,0,0,2,1,2.5,6.113432009
3,3,0,0,2,2,7.5,6.447548525
3,3,0,0,2,2,5,6.467959631
3,3,0,0,2,2,2.5,6.483794243
3,3,0,0,2,3,7.5,6.893749818
3,3,0,0,2,3,5,6.896955323
3,3,0,0,2,3,2.5,6.894086073
3,3,0,0,3,0,7.5,6.143151183
3,3,0,0,3,0,5,6.188565736
3,3,0,0,3,0,2.5,6.230977991
3,3,0,0,3,1,7.5,6.43209382
3,3,0,0,3,1,5,6.451433296
3,3,0,0,3,1,2.5,6.466398101
3,3,0,0,3,2,7.5,6.842821722
3,3,0,0,3,2,5,6.842495872
3,3,0,0,3,2,2.5,6.836760335
3,3,0,0,3,3,7.5,7.289586085
3,3,0,0,3,3,5,7.271491565
3,3,0,0,3,3,2.5,7.247052164
3,3,0,1,0,0,7.5,5.359220518
3,3,0,1,0,0,5,5.395308385
3,3,0,1,0,0,2.5,5.436886321
3,3,0,1,0,1,7.5,5.520993863
3,3,0,1,0,1,5,5.567315248
3,3,0,1,0,1,2.5,5.623256018
3,3,0,1,0,2,7.5,5.831434993
3,3,0,1,0,2,5,5.890643032
3,3,0,1,0,2,2.5,5.959882721
3,3,0,1,0,3,7.5,6.23557008
3,3,0,1,0,3,5,6.295030797
3,3,0,1,0,3,2.5,6.360192151
3,3,0,1,1,0,7.5,5.565748577
3,3,0,1,1,0,5,5.630128882
3,3,0,1,1,0,2.5,5.711415504
3,3,0,1,1,1,7.5,5.824811548
3,3,0,1,1,1,5,5.881346968
3,3,0,1,1,1,2.5,5.946835614
3,3,0,1,1,2,7.5,6.213743753
3,3,0,1,1,2,5,6.264397356
3,3,0,1,1,2,2.5,6.317197848
3,3,0,1,1,3,7.5,6.652974524
3,3,0,1,1,3,5,6.691022229
3,3,0,1,1,3,2.5,6.727489678
3,3,0,1,2,0,7.5,5.914320976
3,3,0,1,2,0,5,5.986036358
3,3,0,1,2,0,2.5,6.064381595
3,3,0,1,2,1,7.5,6.200496862
3,3,0,1,2,1,5,6.248903917
3,3,0,1,2,1,2.5,6.299801706
3,3,0,1,2,2,7.5,6.60932187
3,3,0,1,2,2,5,6.639966494
3,3,0,1,2,2,2.5,6.67016394
3,3,0,1,2,3,7.5,7.055523163
3,3,0,1,2,3,5,7.068962187
3,3,0,1,2,3,2.5,7.080455769
3,3,0,1,3,0,7.5,6.304924528
3,3,0,1,3,0,5,6.360572599
3,3,0,1,3,0,2.5,6.417347687
3,3,0,1,3,1,7.5,6.593867165
3,3,0,1,3,1,5,6.623440159
3,3,0,1,3,1,2.5,6.652767798
3,3,0,1,3,2,7.5,7.004595067
3,3,0,1,3,2,5,7.014502736
3,3,0,1,3,2,2.5,7.023130032
3,3,0,1,3,3,7.5,7.45135943
3,3,0,1,3,3,5,7.443498428
3,3,0,1,3,3,2.5,7.433421861
3,3,0,2,0,0,7.5,5.669661648
3,3,0,2,0,0,5,5.718636168
3,3,0,2,0,0,2.5,5.773513024
3,3,0,2,0,1,7.5,5.831434993
3,3,0,2,0,1,5,5.890643032
3,3,0,2,0,1,2.5,5.959882721
3,3,0,2,0,2,7.5,6.141876124
3,3,0,2,0,2,5,6.213970815
3,3,0,2,0,2,2.5,6.296509424
3,3,0,2,0,3,7.5,6.54601121
3,3,0,2,0,3,5,6.618358581
3,3,0,2,0,3,2.5,6.696818854
3,3,0,2,1,0,7.5,5.876189707
3,3,0,2,1,0,5,5.953456665
3,3,0,2,1,0,2.5,6.048042207
3,3,0,2,1,1,7.5,6.135252678
3,3,0,2,1,1,5,6.204674752
3,3,0,2,1,1,2.5,6.283462317
3,3,0,2,1,2,7.5,6.524184883
3,3,0,2,1,2,5,6.58772514
3,3,0,2,1,2,2.5,6.653824551
3,3,0,2,1,3,7.5,6.963415654
3,3,0,2,1,3,5,7.014350013
3,3,0,2,1,3,2.5,7.064116381
3,3,0,2,2,0,7.5,6.224762106
3,3,0,2,2,0,5,6.309364141
3,3,0,2,2,0,2.5,6.401008298
3,3,0,2,2,1,7.5,6.510937993
3,3,0,2,2,1,5,6.572231701
3,3,0,2,2,1,2.5,6.636428409
3,3,0,2,2,2,7.5,6.919763001
3,3,0,2,2,2,5,6.963294278
3,3,0,2,2,2,2.5,7.006790643
3,3,0,2,2,3,7.5,7.365964293
3,3,0,2,2,3,5,7.39228997
3,3,0,2,2,3,2.5,7.417082472
3,3,0,2,3,0,7.5,6.615365659
3,3,0,2,3,0,5,6.683900383
3,3,0,2,3,0,2.5,6.75397439
3,3,0,2,3,1,7.5,6.904308295
3,3,0,2,3,1,5,6.946767943
3,3,0,2,3,1,2.5,6.989394501
3,3,0,2,3,2,7.5,7.315036198
3,3,0,2,3,2,5,7.337830519
3,3,0,2,3,2,2.5,7.359756735
3,3,0,2,3,3,7.5,7.76180056
3,3,0,2,3,3,5,7.766826212
3,3,0,2,3,3,2.5,7.770048564
3,3,0,3,0,0,7.5,6.073796735
3,3,0,3,0,0,5,6.123023934
3,3,0,3,0,0,2.5,6.173822455
3,3,0,3,0,1,7.5,6.23557008
3,3,0,3,0,1,5,6.295030797
3,3,0,3,0,1,2.5,6.360192151
3,3,0,3,0,2,7.5,6.54601121
3,3,0,3,0,2,5,6.618358581
3,3,0,3,0,2,2.5,6.696818854
3,3,0,3,0,3,7.5,6.950146296
3,3,0,3,0,3,5,7.022746347
3,3,0,3,0,3,2.5,7.097128285
3,3,0,3,1,0,7.5,6.280324794
3,3,0,3,1,0,5,6.357844431
3,3,0,3,1,0,2.5,6.448351637
3,3,0,3,1,1,7.5,6.539387765
3,3,0,3,1,1,5,6.609062518
3,3,0,3,1,1,2.5,6.683771748
3,3,0,3,1,2,7.5,6.92831997
3,3,0,3,1,2,5,6.992112906
3,3,0,3,1,2,2.5,7.054133982
3,3,0,3,1,3,7.5,7.367550741
3,3,0,3,1,3,5,7.418737779
3,3,0,3,1,3,2.5,7.464425811
3,3,0,3,2,0,7.5,6.628897193
3,3,0,3,2,0,5,6.713751907
3,3,0,3,2,0,2.5,6.801317729
3,3,0,3,2,1,7.5,6.915073079
3,3,0,3,2,1,5,6.976619467
3,3,0,3,2,1,2.5,7.03673784
3,3,0,3,2,2,7.5,7.323898087
3,3,0,3,2,2,5,7.367682043
3,3,0,3,2,2,2.5,7.407100073
3,3,0,3,2,3,7.5,7.77009938
3,3,0,3,2,3,5,7.796677736
3,3,0,3,2,3,2.5,7.817391903
3,3,0,3,3,0,7.5,7.019500745
3,3,0,3,3,0,5,7.088288149
3,3,0,3,3,0,2.5,7.154283821
3,3,0,3,3,1,7.5,7.308443381
3,3,0,3,3,1,5,7.351155708
3,3,0,3,3,1,2.5,7.389703931
3,3,0,3,3,2,7.5,7.719171284
3,3,0,3,3,2,5,7.742218285
3,3,0,3,3,2,2.5,7.760066165
3,3,0,3,3,3,7.5,8.165935647
3,3,0,3,3,3,5,8.171213978
3,3,0,3,3,3,2.5,8.170357995
3,3,1,0,0,0,7.5,5.403975232
3,3,1,0,0,0,5,5.458122018
3,3,1,0,0,0,2.5,5.525045807
3,3,1,0,0,1,7.5,5.565748577
3,3,1,0,0,1,5,5.630128882
3,3,1,0,0,1,2.5,5.711415504
3,3,1,0,0,2,7.5,5.876189707
3,3,1,0,0,2,5,5.953456665
3,3,1,0,0,2,2.5,6.048042207
3,3,1,0,0,3,7.5,6.280324794
3,3,1,0,0,3,5,6.357844431
3,3,1,0,0,3,2.5,6.448351637
3,3,1,0,1,0,7.5,5.610503291
3,3,1,0,1,0,5,5.692942516
3,3,1,0,1,0,2.5,5.79957499
3,3,1,0,1,1,7.5,5.869566262
3,3,1,0,1,1,5,5.944160602
3,3,1,0,1,1,2.5,6.0349951
3,3,1,0,1,2,7.5,6.258498467
3,3,1,0,1,2,5,6.32721099
3,3,1,0,1,2,2.5,6.405357334
3,3,1,0,1,3,7.5,6.697729238
3,3,1,0,1,3,5,6.753835863
3,3,1,0,1,3,2.5,6.815649163
3,3,1,0,2,0,7.5,5.95907569
3,3,1,0,2,0,5,6.048849991
3,3,1,0,2,0,2.5,6.152541081
3,3,1,0,2,1,7.5,6.245251576
3,3,1,0,2,1,5,6.311717551
3,3,1,0,2,1,2.5,6.387961192
3,3,1,0,2,2,7.5,6.654076584
3,3,1,0,2,2,5,6.702780128
3,3,1,0,2,2,2.5,6.758323426
3,3,1,0,2,3,7.5,7.100277877
3,3,1,0,2,3,5,7.13177582
3,3,1,0,2,3,2.5,7.168615255
3,3,1,0,3,0,7.5,6.349679242
3,3,1,0,3,0,5,6.423386233
3,3,1,0,3,0,2.5,6.505507173
3,3,1,0,3,1,7.5,6.638621879
3,3,1,0,3,1,5,6.686253793
3,3,1,0,3,1,2.5,6.740927284
3,3,1,0,3,2,7.5,7.049349781
3,3,1,0,3,2,5,7.07731637
3,3,1,0,3,2,2.5,7.111289517
3,3,1,0,3,3,7.5,7.496114144
3,3,1,0,3,3,5,7.506312062
3,3,1,0,3,3,2.5,7.521581347
3,3,1,1,0,0,7.5,5.663038203
3,3,1,1,0,0,5,5.709340105
3,3,1,1,0,0,2.5,5.760465918
3,3,1,1,0,1,7.5,5.824811548
3,3,1,1,0,1,5,5.881346968
3,3,1,1,0,1,2.5,5.946835614
3,3,1,1,0,2,7.5,6.135252678
3,3,1,1,0,2,5,6.204674752
3,3,1,1,0,2,2.5,6.283462317
3,3,1,1,0,3,7.5,6.539387765
3,3,1,1,0,3,5,6.609062518
3,3,1,1,0,3,2.5,6.683771748
3,3,1,1,1,0,7.5,5.869566262
3,3,1,1,1,0,5,5.944160602
3,3,1,1,1,0,2.5,6.0349951
3,3,1,1,1,1,7.5,6.128629233
3,3,1,1,1,1,5,6.195378688
3,3,1,1,1,1,2.5,6.270415211
3,3,1,1,1,2,7.5,6.517561438
3,3,1,1,1,2,5,6.578429076
3,3,1,1,1,2,2.5,6.640777445
3,3,1,1,1,3,7.5,6.956792209
3,3,1,1,1,3,5,7.005053949
3,3,1,1,1,3,2.5,7.051069274
3,3,1,1,2,0,7.5,6.218138661
3,3,1,1,2,0,5,6.300068078
3,3,1,1,2,0,2.5,6.387961192
3,3,1,1,2,1,7.5,6.504314548
3,3,1,1,2,1,5,6.562935637
3,3,1,1,2,1,2.5,6.623381302
3,3,1,1,2,2,7.5,6.913139555
3,3,1,1,2,2,5,6.953998214
3,3,1,1,2,2,2.5,6.993743536
3,3,1,1,2,3,7.5,7.359340848
3,3,1,1,2,3,5,7.382993907
3,3,1,1,2,3,2.5,7.404035366
3,3,1,1,3,0,7.5,6.608742214
3,3,1,1,3,0,5,6.674604319
3,3,1,1,3,0,2.5,6.740927284
3,3,1,1,3,1,7.5,6.89768485
3,3,1,1,3,1,5,6.937471879
3,3,1,1,3,1,2.5,6.976347394
3,3,1,1,3,2,7.5,7.308412752
3,3,1,1,3,2,5,7.328534456
3,3,1,1,3,2,2.5,7.346709628
3,3,1,1,3,3,7.5,7.755177115
3,3,1,1,3,3,5,7.757530149
3,3,1,1,3,3,2.5,7.757001457
3,3,1,2,0,0,7.5,6.051970408
3,3,1,2,0,0,5,6.092390493
3,3,1,2,0,0,2.5,6.130828152
3,3,1,2,0,1,7.5,6.213743753
3,3,1,2,0,1,5,6.264397356
3,3,1,2,0,1,2.5,6.317197848
3,3,1,2,0,2,7.5,6.524184883
3,3,1,2,0,2,5,6.58772514
3,3,1,2,0,2,2.5,6.653824551
3,3,1,2,0,3,7.5,6.92831997
3,3,1,2,0,3,5,6.992112906
3,3,1,2,0,3,2.5,7.054133982
3,3,1,2,1,0,7.5,6.258498467
3,3,1,2,1,0,5,6.32721099
3,3,1,2,1,0,2.5,6.405357334
3,3,1,2,1,1,7.5,6.517561438
3,3,1,2,1,1,5,6.578429076
3,3,1,2,1,1,2.5,6.640777445
3,3,1,2,1,2,7.5,6.906493643
3,3,1,2,1,2,5,6.961479465
3,3,1,2,1,2,2.5,7.011139678
3,3,1,2,1,3,7.5,7.345724414
3,3,1,2,1,3,5,7.388104338
3,3,1,2,1,3,2.5,7.421431508
3,3,1,2,2,0,7.5,6.607070866
3,3,1,2,2,0,5,6.683118466
3,3,1,2,2,0,2.5,6.758323426
3,3,1,2,2,1,7.5,6.893246752
3,3,1,2,2,1,5,6.945986026
3,3,1,2,2,1,2.5,6.993743536
3,3,1,2,2,2,7.5,7.30207176
3,3,1,2,2,2,5,7.337048602
3,3,1,2,2,2,2.5,7.36410577
3,3,1,2,2,3,7.5,7.748273053
3,3,1,2,2,3,5,7.766044295
3,3,1,2,2,3,2.5,7.7743976
3,3,1,2,3,0,7.5,6.997674418
3,3,1,2,3,0,5,7.057654708
3,3,1,2,3,0,2.5,7.111289517
3,3,1,2,3,1,7.5,7.286617055
3,3,1,2,3,1,5,7.320522267
3,3,1,2,3,1,2.5,7.346709628
3,3,1,2,3,2,7.5,7.697344957
3,3,1,2,3,2,5,7.711584844
3,3,1,2,3,2,2.5,7.717071862
3,3,1,2,3,3,7.5,8.14410932
3,3,1,2,3,3,5,8.140580537
3,3,1,2,3,3,2.5,8.127363691
3,3,1,3,0,0,7.5,6.491201179
3,3,1,3,0,0,5,6.519015366
3,3,1,3,0,0,2.5,6.541119981
3,3,1,3,0,1,7.5,6.652974524
3,3,1,3,0,1,5,6.691022229
3,3,1,3,0,1,2.5,6.727489678
3,3,1,3,0,2,7.5,6.963415654
3,3,1,3,0,2,5,7.014350013
3,3,1,3,0,2,2.5,7.064116381
3,3,1,3,0,3,7.5,7.367550741
3,3,1,3,0,3,5,7.418737779
3,3,1,3,0,3,2.5,7.464425811
3,3,1,3,1,0,7.5,6.697729238
3,3,1,3,1,0,5,6.753835863
3,3,1,3,1,0,2.5,6.815649163
3,3,1,3,1,1,7.5,6.956792209
3,3,1,3,1,1,5,7.005053949
3,3,1,3,1,1,2.5,7.051069274
3,3,1,3,1,2,7.5,7.345724414
3,3,1,3,1,2,5,7.388104338
3,3,1,3,1,2,2.5,7.421431508
3,3,1,3,1,3,7.5,7.784955185
3,3,1,3,1,3,5,7.81472921
3,3,1,3,1,3,2.5,7.831723337
3,3,1,3,2,0,7.5,7.046301637
3,3,1,3,2,0,5,7.109743339
3,3,1,3,2,0,2.5,7.168615255
3,3,1,3,2,1,7.5,7.332477523
3,3,1,3,2,1,5,7.372610898
3,3,1,3,2,1,2.5,7.404035366
3,3,1,3,2,2,7.5,7.741302531
3,3,1,3,2,2,5,7.763673475
3,3,1,3,2,2,2.5,7.7743976
3,3,1,3,2,3,7.5,8.187503824
3,3,1,3,2,3,5,8.192669168
3,3,1,3,2,3,2.5,8.184689429
3,3,1,3,3,0,7.5,7.436905189
3,3,1,3,3,0,5,7.484279581
3,3,1,3,3,0,2.5,7.521581347
3,3,1,3,3,1,7.5,7.725847826
3,3,1,3,3,1,5,7.74714714
3,3,1,3,3,1,2.5,7.757001457
3,3,1,3,3,2,7.5,8.136575728
3,3,1,3,3,2,5,8.138209717
3,3,1,3,3,2,2.5,8.127363691
3,3,1,3,3,3,7.5,8.583340091
3,3,1,3,3,3,5,8.56720541
3,3,1,3,3,3,2.5,8.537655521
3,3,2,0,0,0,7.5,5.752547631
3,3,2,0,0,0,5,5.814029494
3,3,2,0,0,0,2.5,5.878011899
3,3,2,0,0,1,7.5,5.914320976
3,3,2,0,0,1,5,5.986036358
3,3,2,0,0,1,2.5,6.064381595
3,3,2,0,0,2,7.5,6.224762106
3,3,2,0,0,2,5,6.309364141
3,3,2,0,0,2,2.5,6.401008298
3,3,2,0,0,3,7.5,6.628897193
3,3,2,0,0,3,5,6.713751907
3,3,2,0,0,3,2.5,6.801317729
3,3,2,0,1,0,7.5,5.95907569
3,3,2,0,1,0,5,6.048849991
3,3,2,0,1,0,2.5,6.152541081
3,3,2,0,1,1,7.5,6.218138661
3,3,2,0,1,1,5,6.300068078
3,3,2,0,1,1,2.5,6.387961192
3,3,2,0,1,2,7.5,6.607070866
3,3,2,0,1,2,5,6.683118466
3,3,2,0,1,2,2.5,6.758323426
3,3,2,0,1,3,7.5,7.046301637
3,3,2,0,1,3,5,7.109743339
3,3,2,0,1,3,2.5,7.168615255
3,3,2,0,2,0,7.5,6.307648089
3,3,2,0,2,0,5,6.404757467
3,3,2,0,2,0,2.5,6.505507173
3,3,2,0,2,1,7.5,6.593823976
3,3,2,0,2,1,5,6.667625027
3,3,2,0,2,1,2.5,6.740927284
3,3,2,0,2,2,7.5,7.002648983
3,3,2,0,2,2,5,7.058687604
3,3,2,0,2,2,2.5,7.111289517
3,3,2,0,2,3,7.5,7.448850276
3,3,2,0,2,3,5,7.487683296
3,3,2,0,2,3,2.5,7.521581347
3,3,2,0,3,0,7.5,6.698251642
3,3,2,0,3,0,5,6.779293709
3,3,2,0,3,0,2.5,6.858473265
3,3,2,0,3,1,7.5,6.987194278
3,3,2,0,3,1,5,7.042161269
3,3,2,0,3,1,2.5,7.093893375
3,3,2,0,3,2,7.5,7.39792218
3,3,2,0,3,2,5,7.433223845
3,3,2,0,3,2,2.5,7.464255609
3,3,2,0,3,3,7.5,7.844686543
3,3,2,0,3,3,5,7.862219538
3,3,2,0,3,3,2.5,7.874547439
3,3,2,1,0,0,7.5,6.038723517
3,3,2,1,0,0,5,6.076897054
3,3,2,1,0,0,2.5,6.113432009
3,3,2,1,0,1,7.5,6.200496862
3,3,2,1,0,1,5,6.248903917
3,3,2,1,0,1,2.5,6.299801706
3,3,2,1,0,2,7.5,6.510937993
3,3,2,1,0,2,5,6.572231701
3,3,2,1,0,2,2.5,6.636428409
3,3,2,1,0,3,7.5,6.915073079
3,3,2,1,0,3,5,6.976619467
3,3,2,1,0,3,2.5,7.03673784
3,3,2,1,1,0,7.5,6.245251576
3,3,2,1,1,0,5,6.311717551
3,3,2,1,1,0,2.5,6.387961192
3,3,2,1,1,1,7.5,6.504314548
3,3,2,1,1,1,5,6.562935637
3,3,2,1,1,1,2.5,6.623381302
3,3,2,1,1,2,7.5,6.893246752
3,3,2,1,1,2,5,6.945986026
3,3,2,1,1,2,2.5,6.993743536
3,3,2,1,1,3,7.5,7.332477523
3,3,2,1,1,3,5,7.372610898
3,3,2,1,1,3,2.5,7.404035366
3,3,2,1,2,0,7.5,6.593823976
3,3,2,1,2,0,5,6.667625027
3,3,2,1,2,0,2.5,6.740927284
3,3,2,1,2,1,7.5,6.879999862
3,3,2,1,2,1,5,6.930492586
3,3,2,1,2,1,2.5,6.976347394
3,3,2,1,2,2,7.5,7.28882487
3,3,2,1,2,2,5,7.321555163
3,3,2,1,2,2,2.5,7.346709628
3,3,2,1,2,3,7.5,7.735026163
3,3,2,1,2,3,5,7.750550856
3,3,2,1,2,3,2.5,7.757001457
3,3,2,1,3,0,7.5,6.984427528
3,3,2,1,3,0,5,7.042161269
3,3,2,1,3,0,2.5,7.093893375
3,3,2,1,3,1,7.5,7.273370164
3,3,2,1,3,1,5,7.305028828
3,3,2,1,3,1,2.5,7.329313486
3,3,2,1,3,2,7.5,7.684098067
3,3,2,1,3,2,5,7.696091405
3,3,2,1,3,2,2.5,7.69967572
3,3,2,1,3,3,7.5,8.130862429
3,3,2,1,3,3,5,8.125087098
3,3,2,1,3,3,2.5,8.109967549
3,3,2,2,0,0,7.5,6.447548525
3,3,2,2,0,0,5,6.467959631
3,3,2,2,0,0,2.5,6.483794243
3,3,2,2,0,1,7.5,6.60932187
3,3,2,2,0,1,5,6.639966494
3,3,2,2,0,1,2.5,6.67016394
3,3,2,2,0,2,7.5,6.919763001
3,3,2,2,0,2,5,6.963294278
3,3,2,2,0,2,2.5,7.006790643
3,3,2,2,0,3,7.5,7.323898087
3,3,2,2,0,3,5,7.367682043
3,3,2,2,0,3,2.5,7.407100073
3,3,2,2,1,0,7.5,6.654076584
3,3,2,2,1,0,5,6.702780128
3,3,2,2,1,0,2.5,6.758323426
3,3,2,2,1,1,7.5,6.913139555
3,3,2,2,1,1,5,6.953998214
3,3,2,2,1,1,2.5,6.993743536
3,3,2,2,1,2,7.5,7.30207176
3,3,2,2,1,2,5,7.337048602
3,3,2,2,1,2,2.5,7.36410577
3,3,2,2,1,3,7.5,7.741302531
3,3,2,2,1,3,5,7.763673475
3,3,2,2,1,3,2.5,7.7743976
3,3,2,2,2,0,7.5,7.002648983
3,3,2,2,2,0,5,7.058687604
3,3,2,2,2,0,2.5,7.111289517
3,3,2,2,2,1,7.5,7.28882487
3,3,2,2,2,1,5,7.321555163
3,3,2,2,2,1,2.5,7.346709628
3,3,2,2,2,2,7.5,7.697649878
3,3,2,2,2,2,5,7.71261774
3,3,2,2,2,2,2.5,7.717071862
3,3,2,2,2,3,7.5,8.143851171
3,3,2,2,2,3,5,8.141613433
3,3,2,2,2,3,2.5,8.127363691
3,3,2,2,3,0,7.5,7.393252536
3,3,2,2,3,0,5,7.433223845
3,3,2,2,3,0,2.5,7.464255609
3,3,2,2,3,1,7.5,7.682195172
3,3,2,2,3,1,5,7.696091405
3,3,2,2,3,1,2.5,7.69967572
3,3,2,2,3,2,7.5,8.092923075
3,3,2,2,3,2,5,8.087153982
3,3,2,2,3,2,2.5,8.070037954
3,3,2,2,3,3,7.5,8.539687437
3,3,2,2,3,3,5,8.516149674
3,3,2,2,3,3,2.5,8.480329783
3,3,2,3,0,0,7.5,6.893749818
3,3,2,3,0,0,5,6.896955323
3,3,2,3,0,0,2.5,6.894086073
3,3,2,3,0,1,7.5,7.055523163
3,3,2,3,0,1,5,7.068962187
3,3,2,3,0,1,2.5,7.080455769
3,3,2,3,0,2,7.5,7.365964293
3,3,2,3,0,2,5,7.39228997
3,3,2,3,0,2,2.5,7.417082472
3,3,2,3,0,3,7.5,7.77009938
3,3,2,3,0,3,5,7.796677736
3,3,2,3,0,3,2.5,7.817391903
3,3,2,3,1,0,7.5,7.100277877
3,3,2,3,1,0,5,7.13177582
3,3,2,3,1,0,2.5,7.168615255
3,3,2,3,1,1,7.5,7.359340848
3,3,2,3,1,1,5,7.382993907
3,3,2,3,1,1,2.5,7.404035366
3,3,2,3,1,2,7.5,7.748273053
3,3,2,3,1,2,5,7.766044295
3,3,2,3,1,2,2.5,7.7743976
3,3,2,3,1,3,7.5,8.187503824
3,3,2,3,1,3,5,8.192669168
3,3,2,3,1,3,2.5,8.184689429
3,3,2,3,2,0,7.5,7.448850276
3,3,2,3,2,0,5,7.487683296
3,3,2,3,2,0,2.5,7.521581347
3,3,2,3,2,1,7.5,7.735026163
3,3,2,3,2,1,5,7.750550856
3,3,2,3,2,1,2.5,7.757001457
3,3,2,3,2,2,7.5,8.143851171
3,3,2,3,2,2,5,8.141613433
3,3,2,3,2,2,2.5,8.127363691
3,3,2,3,2,3,7.5,8.590052463
3,3,2,3,2,3,5,8.570609125
3,3,2,3,2,3,2.5,8.537655521
3,3,2,3,3,0,7.5,7.839453829
3,3,2,3,3,0,5,7.862219538
3,3,2,3,3,0,2.5,7.874547439
3,3,2,3,3,1,7.5,8.128396465
3,3,2,3,3,1,5,8.125087098
3,3,2,3,3,1,2.5,8.109967549
3,3,2,3,3,2,7.5,8.539124368
3,3,2,3,3,2,5,8.516149674
3,3,2,3,3,2,2.5,8.480329783
3,3,2,3,3,3,7.5,8.98588873
3,3,2,3,3,3,5,8.945145367
3,3,2,3,3,3,2.5,8.890621612
3,3,3,0,0,0,7.5,6.143151183
3,3,3,0,0,0,5,6.188565736
3,3,3,0,0,0,2.5,6.230977991
3,3,3,0,0,1,7.5,6.304924528
3,3,3,0,0,1,5,6.360572599
3,3,3,0,0,1,2.5,6.417347687
3,3,3,0,0,2,7.5,6.615365659
3,3,3,0,0,2,5,6.683900383
3,3,3,0,0,2,2.5,6.75397439
3,3,3,0,0,3,7.5,7.019500745
3,3,3,0,0,3,5,7.088288149
3,3,3,0,0,3,2.5,7.154283821
3,3,3,0,1,0,7.5,6.349679242
3,3,3,0,1,0,5,6.423386233
3,3,3,0,1,0,2.5,6.505507173
3,3,3,0,1,1,7.5,6.608742214
3,3,3,0,1,1,5,6.674604319
3,3,3,0,1,1,2.5,6.740927284
3,3,3,0,1,2,7.5,6.997674418
3,3,3,0,1,2,5,7.057654708
3,3,3,0,1,2,2.5,7.111289517
3,3,3,0,1,3,7.5,7.436905189
3,3,3,0,1,3,5,7.484279581
3,3,3,0,1,3,2.5,7.521581347
3,3,3,0,2,0,7.5,6.698251642
3,3,3,0,2,0,5,6.779293709
3,3,3,0,2,0,2.5,6.858473265
3,3,3,0,2,1,7.5,6.984427528
3,3,3,0,2,1,5,7.042161269
3,3,3,0,2,1,2.5,7.093893375
3,3,3,0,2,2,7.5,7.393252536
3,3,3,0,2,2,5,7.433223845
3,3,3,0,2,2,2.5,7.464255609
3,3,3,0,2,3,7.5,7.839453829
3,3,3,0,2,3,5,7.862219538
3,3,3,0,2,3,2.5,7.874547439
3,3,3,0,3,0,7.5,7.088855194
3,3,3,0,3,0,5,7.153829951
3,3,3,0,3,0,2.5,7.211439356
3,3,3,0,3,1,7.5,7.37779783
3,3,3,0,3,1,5,7.41669751
3,3,3,0,3,1,2.5,7.446859467
3,3,3,0,3,2,7.5,7.788525733
3,3,3,0,3,2,5,7.807760087
3,3,3,0,3,2,2.5,7.817221701
3,3,3,0,3,3,7.5,8.235290095
3,3,3,0,3,3,5,8.23675578
3,3,3,0,3,3,2.5,8.22751353
3,3,3,1,0,0,7.5,6.43209382
3,3,3,1,0,0,5,6.451433296
3,3,3,1,0,0,2.5,6.466398101
3,3,3,1,0,1,7.5,6.593867165
3,3,3,1,0,1,5,6.623440159
3,3,3,1,0,1,2.5,6.652767798
3,3,3,1,0,2,7.5,6.904308295
3,3,3,1,0,2,5,6.946767943
3,3,3,1,0,2,2.5,6.989394501
3,3,3,1,0,3,7.5,7.308443381
3,3,3,1,0,3,5,7.351155708
3,3,3,1,0,3,2.5,7.389703931
3,3,3,1,1,0,7.5,6.638621879
3,3,3,1,1,0,5,6.686253793
3,3,3,1,1,0,2.5,6.740927284
3,3,3,1,1,1,7.5,6.89768485
3,3,3,1,1,1,5,6.937471879
3,3,3,1,1,1,2.5,6.976347394
3,3,3,1,1,2,7.5,7.286617055
3,3,3,1,1,2,5,7.320522267
3,3,3,1,1,2,2.5,7.346709628
3,3,3,1,1,3,7.5,7.725847826
3,3,3,1,1,3,5,7.74714714
3,3,3,1,1,3,2.5,7.757001457
3,3,3,1,2,0,7.5,6.987194278
3,3,3,1,2,0,5,7.042161269
3,3,3,1,2,0,2.5,7.093893375
3,3,3,1,2,1,7.5,7.273370164
3,3,3,1,2,1,5,7.305028828
3,3,3,1,2,1,2.5,7.329313486
3,3,3,1,2,2,7.5,7.682195172
3,3,3,1,2,2,5,7.696091405
3,3,3,1,2,2,2.5,7.69967572
3,3,3,1,2,3,7.5,8.128396465
3,3,3,1,2,3,5,8.125087098
3,3,3,1,2,3,2.5,8.109967549
3,3,3,1,3,0,7.5,7.37779783
3,3,3,1,3,0,5,7.41669751
3,3,3,1,3,0,2.5,7.446859467
3,3,3,1,3,1,7.5,7.666740467
3,3,3,1,3,1,5,7.67956507
3,3,3,1,3,1,2.5,7.682279578
3,3,3,1,3,2,7.5,8.077468369
3,3,3,1,3,2,5,8.070627647
3,3,3,1,3,2,2.5,8.052641811
3,3,3,1,3,3,7.5,8.524232732
3,3,3,1,3,3,5,8.499623339
3,3,3,1,3,3,2.5,8.462933641
3,3,3,2,0,0,7.5,6.842821722
3,3,3,2,0,0,5,6.842495872
3,3,3,2,0,0,2.5,6.836760335
3,3,3,2,0,1,7.5,7.004595067
3,3,3,2,0,1,5,7.014502736
3,3,3,2,0,1,2.5,7.023130032
3,3,3,2,0,2,7.5,7.315036198
3,3,3,2,0,2,5,7.337830519
3,3,3,2,0,2,2.5,7.359756735
3,3,3,2,0,3,7.5,7.719171284
3,3,3,2,0,3,5,7.742218285
3,3,3,2,0,3,2.5,7.760066165
3,3,3,2,1,0,7.5,7.049349781
3,3,3,2,1,0,5,7.07731637
3,3,3,2,1,0,2.5,7.111289517
3,3,3,2,1,1,7.5,7.308412752
3,3,3,2,1,1,5,7.328534456
3,3,3,2,1,1,2.5,7.346709628
3,3,3,2,1,2,7.5,7.697344957
3,3,3,2,1,2,5,7.711584844
3,3,3,2,1,2,2.5,7.717071862
3,3,3,2,1,3,7.5,8.136575728
3,3,3,2,1,3,5,8.138209717
3,3,3,2,1,3,2.5,8.127363691
3,3,3,2,2,0,7.5,7.39792218
3,3,3,2,2,0,5,7.433223845
3,3,3,2,2,0,2.5,7.464255609
3,3,3,2,2,1,7.5,7.684098067
3,3,3,2,2,1,5,7.696091405
3,3,3,2,2,1,2.5,7.69967572
3,3,3,2,2,2,7.5,8.092923075
3,3,3,2,2,2,5,8.087153982
3,3,3,2,2,2,2.5,8.070037954
3,3,3,2,2,3,7.5,8.539124368
3,3,3,2,2,3,5,8.516149674
3,3,3,2,2,3,2.5,8.480329783
3,3,3,2,3,0,7.5,7.788525733
3,3,3,2,3,0,5,7.807760087
3,3,3,2,3,0,2.5,7.817221701
3,3,3,2,3,1,7.5,8.077468369
3,3,3,2,3,1,5,8.070627647
3,3,3,2,3,1,2.5,8.052641811
3,3,3,2,3,2,7.5,8.488196272
3,3,3,2,3,2,5,8.461690224
3,3,3,2,3,2,2.5,8.423004045
3,3,3,2,3,3,7.5,8.934960634
3,3,3,2,3,3,5,8.890685916
3,3,3,2,3,3,2.5,8.833295875
3,3,3,3,0,0,7.5,7.289586085
3,3,3,3,0,0,5,7.271491565
3,3,3,3,0,0,2.5,7.247052164
3,3,3,3,0,1,7.5,7.45135943
3,3,3,3,0,1,5,7.443498428
3,3,3,3,0,1,2.5,7.433421861
3,3,3,3,0,2,7.5,7.76180056
3,3,3,3,0,2,5,7.766826212
3,3,3,3,0,2,2.5,7.770048564
3,3,3,3,0,3,7.5,8.165935647
3,3,3,3,0,3,5,8.171213978
3,3,3,3,0,3,2.5,8.170357995
3,3,3,3,1,0,7.5,7.496114144
3,3,3,3,1,0,5,7.506312062
3,3,3,3,1,0,2.5,7.521581347
3,3,3,3,1,1,7.5,7.755177115
3,3,3,3,1,1,5,7.757530149
3,3,3,3,1,1,2.5,7.757001457
3,3,3,3,1,2,7.5,8.14410932
3,3,3,3,1,2,5,8.140580537
3,3,3,3,1,2,2.5,8.127363691
3,3,3,3,1,3,7.5,8.583340091
3,3,3,3,1,3,5,8.56720541
3,3,3,3,1,3,2.5,8.537655521
3,3,3,3,2,0,7.5,7.844686543
3,3,3,3,2,0,5,7.862219538
3,3,3,3,2,0,2.5,7.874547439
3,3,3,3,2,1,7.5,8.130862429
3,3,3,3,2,1,5,8.125087098
3,3,3,3,2,1,2.5,8.109967549
3,3,3,3,2,2,7.5,8.539687437
3,3,3,3,2,2,5,8.516149674
3,3,3,3,2,2,2.5,8.480329783
3,3,3,3,2,3,7.5,8.98588873
3,3,3,3,2,3,5,8.945145367
3,3,3,3,2,3,2.5,8.890621612
3,3,3,3,3,0,7.5,8.235290095
3,3,3,3,3,0,5,8.23675578
3,3,3,3,3,0,2.5,8.22751353
3,3,3,3,3,1,7.5,8.524232732
3,3,3,3,3,1,5,8.499623339
3,3,3,3,3,1,2.5,8.462933641
3,3,3,3,3,2,7.5,8.934960634
3,3,3,3,3,2,5,8.890685916
3,3,3,3,3,2,2.5,8.833295875
3,3,3,3,3,3,7.5,9.381724997
3,3,3,3,3,3,5,9.319681609
3,3,3,3,3,3,2.5,9.243587704
